issue_type,issue_detail,columns_involved,CUSTOMER_ID,FIRST_NAME,LAST_NAME,EMAIL,PHONE,GENDER,DOB,CITY,SALARY
outliers,"Outliers detected in numeric column PHONE using IQR method (IQR multiplier=1.5, lower=9876494688.5, upper=9876515102.5)",PHONE,1026,Arjun,Gupta,user25@example.com,123,,1986-06-11,Hyderabad,54573
outliers,"Outliers detected in numeric column PHONE using IQR method (IQR multiplier=1.5, lower=9876494688.5, upper=9876515102.5)",PHONE,1076,Anjali,Singh,user75@example.com,123,Female,1970-02-23,Bangalore,1000
outliers,"Outliers detected in numeric column PHONE using IQR method (IQR multiplier=1.5, lower=9876494688.5, upper=9876515102.5)",PHONE,1126,Neha,Mehta,user125@example.com,123,Male,1997-11-04,Bangalore,61432
outliers,"Outliers detected in numeric column PHONE using IQR method (IQR multiplier=1.5, lower=9876494688.5, upper=9876515102.5)",PHONE,1176,Arjun,Reddy,user175@example.com,123,,1978-12-18,Mumbai,38294
outliers,"Outliers detected in numeric column PHONE using IQR method (IQR multiplier=1.5, lower=9876494688.5, upper=9876515102.5)",PHONE,1226,Anjali,Verma,user225@example.com,123,,1976-09-01,Hyderabad,1000
outliers,"Outliers detected in numeric column PHONE using IQR method (IQR multiplier=1.5, lower=9876494688.5, upper=9876515102.5)",PHONE,1276,Arjun,Reddy,user275@example.com,123,,1995-12-23,Mumbai,69140
outliers,"Outliers detected in numeric column PHONE using IQR method (IQR multiplier=1.5, lower=9876494688.5, upper=9876515102.5)",PHONE,1326,Anjali,Reddy,user325@example.com,123,Female,1973-11-16,Pune,41467
outliers,"Outliers detected in numeric column PHONE using IQR method (IQR multiplier=1.5, lower=9876494688.5, upper=9876515102.5)",PHONE,1376,Sneha,Singh,user375@example.com,123,Male,1975-06-05,Mumbai,1000
outliers,"Outliers detected in numeric column PHONE using IQR method (IQR multiplier=1.5, lower=9876494688.5, upper=9876515102.5)",PHONE,1426,Anjali,Kumar,user425@example.com,123,Female,2003-09-14,Chennai,58606
outliers,"Outliers detected in numeric column PHONE using IQR method (IQR multiplier=1.5, lower=9876494688.5, upper=9876515102.5)",PHONE,1476,Sneha,Mehta,user475@example.com,123,,1989-12-27,Hyderabad,26650
outliers,"Outliers detected in numeric column PHONE using IQR method (IQR multiplier=1.5, lower=9876494688.5, upper=9876515102.5)",PHONE,1526,Vijay,Gupta,user525@example.com,123,Female,1987-03-31,Hyderabad,1000
outliers,"Outliers detected in numeric column PHONE using IQR method (IQR multiplier=1.5, lower=9876494688.5, upper=9876515102.5)",PHONE,1576,Amit,Verma,user575@example.com,123,,2018-12-01,Bangalore,68324
outliers,"Outliers detected in numeric column PHONE using IQR method (IQR multiplier=1.5, lower=9876494688.5, upper=9876515102.5)",PHONE,1626,Rakesh,Singh,user625@example.com,123,,1998-05-08,Bangalore,62120
outliers,"Outliers detected in numeric column PHONE using IQR method (IQR multiplier=1.5, lower=9876494688.5, upper=9876515102.5)",PHONE,1676,Sameer,Joshi,user675@example.com,123,Other,1995-07-30,Hyderabad,1000
outliers,"Outliers detected in numeric column PHONE using IQR method (IQR multiplier=1.5, lower=9876494688.5, upper=9876515102.5)",PHONE,1726,Neha,Gupta,user725@example.com,123,Other,1995-03-31,Kolkata,105432
outliers,"Outliers detected in numeric column PHONE using IQR method (IQR multiplier=1.5, lower=9876494688.5, upper=9876515102.5)",PHONE,1776,Sameer,Mehta,user775@example.com,123,Other,2017-08-04,Bangalore,36422
outliers,"Outliers detected in numeric column PHONE using IQR method (IQR multiplier=1.5, lower=9876494688.5, upper=9876515102.5)",PHONE,1826,Anjali,Verma,user825@example.com,123,Male,1990-04-26,Hyderabad,1000
outliers,"Outliers detected in numeric column PHONE using IQR method (IQR multiplier=1.5, lower=9876494688.5, upper=9876515102.5)",PHONE,1876,Anjali,Verma,user875@example.com,123,Female,2014-09-24,Bangalore,51988
outliers,"Outliers detected in numeric column PHONE using IQR method (IQR multiplier=1.5, lower=9876494688.5, upper=9876515102.5)",PHONE,1926,Vijay,Verma,user925@example.com,123,Female,1986-05-29,Bangalore,74923
outliers,"Outliers detected in numeric column PHONE using IQR method (IQR multiplier=1.5, lower=9876494688.5, upper=9876515102.5)",PHONE,1976,Sneha,Singh,user975@example.com,123,,2015-05-10,Hyderabad,1000
outliers,"Outliers detected in numeric column PHONE using IQR method (IQR multiplier=1.5, lower=9876494688.5, upper=9876515102.5)",PHONE,2026,Vijay,Sharma,user1025@example.com,123,Male,1973-07-04,Mumbai,58254
outliers,"Outliers detected in numeric column PHONE using IQR method (IQR multiplier=1.5, lower=9876494688.5, upper=9876515102.5)",PHONE,2076,Sneha,Gupta,user1075@example.com,123,Male,2011-04-27,Delhi,40427
outliers,"Outliers detected in numeric column PHONE using IQR method (IQR multiplier=1.5, lower=9876494688.5, upper=9876515102.5)",PHONE,2126,Sneha,Sharma,user1125@example.com,123,,1993-11-25,Chennai,1000
outliers,"Outliers detected in numeric column PHONE using IQR method (IQR multiplier=1.5, lower=9876494688.5, upper=9876515102.5)",PHONE,2176,Arjun,Kumar,user1175@example.com,123,,1972-03-05,Kolkata,71476
outliers,"Outliers detected in numeric column PHONE using IQR method (IQR multiplier=1.5, lower=9876494688.5, upper=9876515102.5)",PHONE,2226,Neha,Joshi,user1225@example.com,123,Female,1980-02-29,Mumbai,75072
outliers,"Outliers detected in numeric column PHONE using IQR method (IQR multiplier=1.5, lower=9876494688.5, upper=9876515102.5)",PHONE,2276,Arjun,Kumar,user1275@example.com,123,Female,1985-03-22,Kolkata,1000
outliers,"Outliers detected in numeric column PHONE using IQR method (IQR multiplier=1.5, lower=9876494688.5, upper=9876515102.5)",PHONE,2326,Rakesh,Reddy,user1325@example.com,123,Female,1978-08-05,Mumbai,51776
outliers,"Outliers detected in numeric column PHONE using IQR method (IQR multiplier=1.5, lower=9876494688.5, upper=9876515102.5)",PHONE,2376,Anjali,Sharma,user1375@example.com,123,Male,2011-01-15,Ahmedabad,82843
outliers,"Outliers detected in numeric column PHONE using IQR method (IQR multiplier=1.5, lower=9876494688.5, upper=9876515102.5)",PHONE,2426,Rakesh,Mehta,user1425@example.com,123,Female,1972-12-22,Hyderabad,1000
outliers,"Outliers detected in numeric column PHONE using IQR method (IQR multiplier=1.5, lower=9876494688.5, upper=9876515102.5)",PHONE,2476,Sameer,Sharma,user1475@example.com,123,Female,1994-03-31,Pune,49493
outliers,"Outliers detected in numeric column PHONE using IQR method (IQR multiplier=1.5, lower=9876494688.5, upper=9876515102.5)",PHONE,2526,Amit,Gupta,user1525@example.com,123,Male,1972-08-14,Delhi,75910
outliers,"Outliers detected in numeric column PHONE using IQR method (IQR multiplier=1.5, lower=9876494688.5, upper=9876515102.5)",PHONE,2576,Arjun,Gupta,user1575@example.com,123,,1999-11-11,Hyderabad,1000
outliers,"Outliers detected in numeric column PHONE using IQR method (IQR multiplier=1.5, lower=9876494688.5, upper=9876515102.5)",PHONE,2626,Anjali,Mehta,user1625@example.com,123,,2015-03-02,Chennai,69111
outliers,"Outliers detected in numeric column PHONE using IQR method (IQR multiplier=1.5, lower=9876494688.5, upper=9876515102.5)",PHONE,2676,Sneha,Gupta,user1675@example.com,123,,2015-01-22,Delhi,57628
outliers,"Outliers detected in numeric column PHONE using IQR method (IQR multiplier=1.5, lower=9876494688.5, upper=9876515102.5)",PHONE,2726,Rakesh,Singh,user1725@example.com,123,,1970-12-15,Mumbai,1000
outliers,"Outliers detected in numeric column PHONE using IQR method (IQR multiplier=1.5, lower=9876494688.5, upper=9876515102.5)",PHONE,2776,Vijay,Singh,user1775@example.com,123,Male,1984-08-02,Mumbai,55576
outliers,"Outliers detected in numeric column PHONE using IQR method (IQR multiplier=1.5, lower=9876494688.5, upper=9876515102.5)",PHONE,2826,Kavya,Mehta,user1825@example.com,123,Male,invalid,Mumbai,85370
outliers,"Outliers detected in numeric column PHONE using IQR method (IQR multiplier=1.5, lower=9876494688.5, upper=9876515102.5)",PHONE,2876,Arjun,Verma,user1875@example.com,123,Female,2015-08-19,Bangalore,1000
outliers,"Outliers detected in numeric column PHONE using IQR method (IQR multiplier=1.5, lower=9876494688.5, upper=9876515102.5)",PHONE,2926,Anjali,Reddy,user1925@example.com,123,Male,1982-10-13,Bangalore,34530
outliers,"Outliers detected in numeric column PHONE using IQR method (IQR multiplier=1.5, lower=9876494688.5, upper=9876515102.5)",PHONE,2976,Arjun,Sharma,user1975@example.com,123,,1977-09-13,Ahmedabad,37780
outliers,"Outliers detected in numeric column PHONE using IQR method (IQR multiplier=1.5, lower=9876494688.5, upper=9876515102.5)",PHONE,3026,Neha,Gupta,user2025@example.com,123,Male,1978-11-22,Hyderabad,1000
outliers,"Outliers detected in numeric column PHONE using IQR method (IQR multiplier=1.5, lower=9876494688.5, upper=9876515102.5)",PHONE,3076,Priya,Singh,user2075@example.com,123,Other,1992-09-20,Mumbai,54839
outliers,"Outliers detected in numeric column PHONE using IQR method (IQR multiplier=1.5, lower=9876494688.5, upper=9876515102.5)",PHONE,3126,Kavya,Patel,user2125@example.com,123,Male,1989-03-21,Pune,31600
outliers,"Outliers detected in numeric column PHONE using IQR method (IQR multiplier=1.5, lower=9876494688.5, upper=9876515102.5)",PHONE,3176,Sameer,Singh,user2175@example.com,123,,1982-01-22,Ahmedabad,1000
outliers,"Outliers detected in numeric column PHONE using IQR method (IQR multiplier=1.5, lower=9876494688.5, upper=9876515102.5)",PHONE,3226,Neha,Singh,user2225@example.com,123,,2002-10-21,Kolkata,98552
outliers,"Outliers detected in numeric column PHONE using IQR method (IQR multiplier=1.5, lower=9876494688.5, upper=9876515102.5)",PHONE,3276,Sneha,Rao,user2275@example.com,123,Other,1979-10-15,Delhi,38637
outliers,"Outliers detected in numeric column PHONE using IQR method (IQR multiplier=1.5, lower=9876494688.5, upper=9876515102.5)",PHONE,3326,Kavya,Kumar,user2325@example.com,123,Male,2015-08-09,Mumbai,1000
outliers,"Outliers detected in numeric column PHONE using IQR method (IQR multiplier=1.5, lower=9876494688.5, upper=9876515102.5)",PHONE,3376,Vijay,Sharma,user2375@example.com,123,,1979-05-04,Mumbai,78473
outliers,"Outliers detected in numeric column PHONE using IQR method (IQR multiplier=1.5, lower=9876494688.5, upper=9876515102.5)",PHONE,3426,Rakesh,Reddy,user2425@example.com,123,Female,1976-04-04,Pune,53536
outliers,"Outliers detected in numeric column PHONE using IQR method (IQR multiplier=1.5, lower=9876494688.5, upper=9876515102.5)",PHONE,3476,Priya,Joshi,user2475@example.com,123,Female,1996-04-05,Chennai,1000
outliers,"Outliers detected in numeric column PHONE using IQR method (IQR multiplier=1.5, lower=9876494688.5, upper=9876515102.5)",PHONE,3526,Neha,Kumar,user2525@example.com,123,Male,2012-05-17,Delhi,71946
outliers,"Outliers detected in numeric column PHONE using IQR method (IQR multiplier=1.5, lower=9876494688.5, upper=9876515102.5)",PHONE,3576,Vijay,Patel,user2575@example.com,123,,2012-07-06,Chennai,66127
outliers,"Outliers detected in numeric column PHONE using IQR method (IQR multiplier=1.5, lower=9876494688.5, upper=9876515102.5)",PHONE,3626,Anjali,Mehta,user2625@example.com,123,Female,1985-07-19,Bangalore,1000
outliers,"Outliers detected in numeric column PHONE using IQR method (IQR multiplier=1.5, lower=9876494688.5, upper=9876515102.5)",PHONE,3676,Sameer,Gupta,user2675@example.com,123,,1995-06-10,Delhi,80081
outliers,"Outliers detected in numeric column PHONE using IQR method (IQR multiplier=1.5, lower=9876494688.5, upper=9876515102.5)",PHONE,3726,Sameer,Patel,user2725@example.com,123,Male,1983-05-20,Ahmedabad,72384
outliers,"Outliers detected in numeric column PHONE using IQR method (IQR multiplier=1.5, lower=9876494688.5, upper=9876515102.5)",PHONE,3776,Sameer,Sharma,user2775@example.com,123,Male,1997-10-03,Chennai,1000
outliers,"Outliers detected in numeric column PHONE using IQR method (IQR multiplier=1.5, lower=9876494688.5, upper=9876515102.5)",PHONE,3826,Vijay,Gupta,user2825@example.com,123,Male,1997-12-22,Pune,44665
outliers,"Outliers detected in numeric column PHONE using IQR method (IQR multiplier=1.5, lower=9876494688.5, upper=9876515102.5)",PHONE,3876,Priya,Verma,user2875@example.com,123,,2010-05-12,Kolkata,87564
outliers,"Outliers detected in numeric column PHONE using IQR method (IQR multiplier=1.5, lower=9876494688.5, upper=9876515102.5)",PHONE,3926,Arjun,Gupta,user2925@example.com,123,Other,1974-12-15,Ahmedabad,1000
outliers,"Outliers detected in numeric column PHONE using IQR method (IQR multiplier=1.5, lower=9876494688.5, upper=9876515102.5)",PHONE,3976,Sameer,Reddy,user2975@example.com,123,Male,1972-12-21,Chennai,61718
outliers,"Outliers detected in numeric column PHONE using IQR method (IQR multiplier=1.5, lower=9876494688.5, upper=9876515102.5)",PHONE,4026,Amit,Rao,user3025@example.com,123,,1983-12-28,Delhi,70463
outliers,"Outliers detected in numeric column PHONE using IQR method (IQR multiplier=1.5, lower=9876494688.5, upper=9876515102.5)",PHONE,4076,Kavya,Sharma,user3075@example.com,123,Other,1970-08-21,Pune,1000
outliers,"Outliers detected in numeric column PHONE using IQR method (IQR multiplier=1.5, lower=9876494688.5, upper=9876515102.5)",PHONE,4126,Priya,Singh,user3125@example.com,123,Male,2008-10-15,Chennai,66875
outliers,"Outliers detected in numeric column PHONE using IQR method (IQR multiplier=1.5, lower=9876494688.5, upper=9876515102.5)",PHONE,4176,Sameer,Kumar,user3175@example.com,123,,2003-02-23,Ahmedabad,52682
outliers,"Outliers detected in numeric column PHONE using IQR method (IQR multiplier=1.5, lower=9876494688.5, upper=9876515102.5)",PHONE,4226,Kavya,Reddy,user3225@example.com,123,,2009-07-16,Delhi,1000
outliers,"Outliers detected in numeric column PHONE using IQR method (IQR multiplier=1.5, lower=9876494688.5, upper=9876515102.5)",PHONE,4276,Sneha,Rao,user3275@example.com,123,,1978-07-04,Kolkata,90199
outliers,"Outliers detected in numeric column PHONE using IQR method (IQR multiplier=1.5, lower=9876494688.5, upper=9876515102.5)",PHONE,4326,Sneha,Kumar,user3325@example.com,123,Male,1974-02-24,Pune,80284
outliers,"Outliers detected in numeric column PHONE using IQR method (IQR multiplier=1.5, lower=9876494688.5, upper=9876515102.5)",PHONE,4376,Sameer,Kumar,user3375@example.com,123,Male,2003-08-16,Chennai,1000
outliers,"Outliers detected in numeric column PHONE using IQR method (IQR multiplier=1.5, lower=9876494688.5, upper=9876515102.5)",PHONE,4426,Rakesh,Joshi,user3425@example.com,123,Male,1997-10-08,Bangalore,53754
outliers,"Outliers detected in numeric column PHONE using IQR method (IQR multiplier=1.5, lower=9876494688.5, upper=9876515102.5)",PHONE,4476,Anjali,Verma,user3475@example.com,123,Male,1994-12-13,Bangalore,60124
outliers,"Outliers detected in numeric column PHONE using IQR method (IQR multiplier=1.5, lower=9876494688.5, upper=9876515102.5)",PHONE,4526,Vijay,Singh,user3525@example.com,123,Male,2009-04-22,Kolkata,1000
outliers,"Outliers detected in numeric column PHONE using IQR method (IQR multiplier=1.5, lower=9876494688.5, upper=9876515102.5)",PHONE,4576,Priya,Rao,user3575@example.com,123,Female,1974-04-03,Hyderabad,75715
outliers,"Outliers detected in numeric column PHONE using IQR method (IQR multiplier=1.5, lower=9876494688.5, upper=9876515102.5)",PHONE,4626,Anjali,Joshi,user3625@example.com,123,Other,1993-10-06,Kolkata,49162
outliers,"Outliers detected in numeric column PHONE using IQR method (IQR multiplier=1.5, lower=9876494688.5, upper=9876515102.5)",PHONE,4676,Priya,Reddy,user3675@example.com,123,,2003-12-06,Ahmedabad,1000
outliers,"Outliers detected in numeric column PHONE using IQR method (IQR multiplier=1.5, lower=9876494688.5, upper=9876515102.5)",PHONE,4726,Rakesh,Patel,user3725@example.com,123,Other,1997-01-10,Ahmedabad,90386
outliers,"Outliers detected in numeric column PHONE using IQR method (IQR multiplier=1.5, lower=9876494688.5, upper=9876515102.5)",PHONE,4776,Sameer,Patel,user3775@example.com,123,Other,1975-09-22,Ahmedabad,35764
outliers,"Outliers detected in numeric column PHONE using IQR method (IQR multiplier=1.5, lower=9876494688.5, upper=9876515102.5)",PHONE,4826,Kavya,Gupta,user3825@example.com,123,,1999-10-08,Pune,1000
outliers,"Outliers detected in numeric column PHONE using IQR method (IQR multiplier=1.5, lower=9876494688.5, upper=9876515102.5)",PHONE,4876,Anjali,Patel,user3875@example.com,123,Other,2002-11-30,Hyderabad,87706
outliers,"Outliers detected in numeric column PHONE using IQR method (IQR multiplier=1.5, lower=9876494688.5, upper=9876515102.5)",PHONE,4926,Vijay,Patel,user3925@example.com,123,Male,1983-08-15,Kolkata,51040
outliers,"Outliers detected in numeric column PHONE using IQR method (IQR multiplier=1.5, lower=9876494688.5, upper=9876515102.5)",PHONE,4976,Arjun,Kumar,user3975@example.com,123,Other,2000-06-21,Bangalore,1000
outliers,"Outliers detected in numeric column PHONE using IQR method (IQR multiplier=1.5, lower=9876494688.5, upper=9876515102.5)",PHONE,5026,Anjali,Kumar,user4025@example.com,123,Female,2004-07-02,Ahmedabad,82000
outliers,"Outliers detected in numeric column PHONE using IQR method (IQR multiplier=1.5, lower=9876494688.5, upper=9876515102.5)",PHONE,5076,Rakesh,Mehta,user4075@example.com,123,Male,1976-06-25,Ahmedabad,67290
outliers,"Outliers detected in numeric column PHONE using IQR method (IQR multiplier=1.5, lower=9876494688.5, upper=9876515102.5)",PHONE,5126,Sneha,Sharma,user4125@example.com,123,Female,2010-10-09,Pune,1000
outliers,"Outliers detected in numeric column PHONE using IQR method (IQR multiplier=1.5, lower=9876494688.5, upper=9876515102.5)",PHONE,5176,Neha,Kumar,user4175@example.com,123,Other,2019-01-04,Bangalore,73613
outliers,"Outliers detected in numeric column PHONE using IQR method (IQR multiplier=1.5, lower=9876494688.5, upper=9876515102.5)",PHONE,5226,Priya,Reddy,user4225@example.com,123,Female,1975-02-09,Kolkata,50080
outliers,"Outliers detected in numeric column PHONE using IQR method (IQR multiplier=1.5, lower=9876494688.5, upper=9876515102.5)",PHONE,5276,Rakesh,Joshi,user4275@example.com,123,,1987-06-30,Bangalore,1000
outliers,"Outliers detected in numeric column PHONE using IQR method (IQR multiplier=1.5, lower=9876494688.5, upper=9876515102.5)",PHONE,5326,Sameer,Singh,user4325@example.com,123,Male,1983-07-18,Chennai,93878
outliers,"Outliers detected in numeric column PHONE using IQR method (IQR multiplier=1.5, lower=9876494688.5, upper=9876515102.5)",PHONE,5376,Priya,Gupta,user4375@example.com,123,Male,1983-08-06,Mumbai,62891
outliers,"Outliers detected in numeric column PHONE using IQR method (IQR multiplier=1.5, lower=9876494688.5, upper=9876515102.5)",PHONE,5426,Anjali,Reddy,user4425@example.com,123,Male,1995-09-09,Hyderabad,1000
outliers,"Outliers detected in numeric column PHONE using IQR method (IQR multiplier=1.5, lower=9876494688.5, upper=9876515102.5)",PHONE,5476,Amit,Kumar,user4475@example.com,123,Female,2000-05-03,Mumbai,64883
outliers,"Outliers detected in numeric column PHONE using IQR method (IQR multiplier=1.5, lower=9876494688.5, upper=9876515102.5)",PHONE,5526,Sameer,Verma,user4525@example.com,123,Female,2000-10-22,Mumbai,85404
outliers,"Outliers detected in numeric column PHONE using IQR method (IQR multiplier=1.5, lower=9876494688.5, upper=9876515102.5)",PHONE,5576,Priya,Joshi,user4575@example.com,123,,2015-01-13,Delhi,1000
outliers,"Outliers detected in numeric column PHONE using IQR method (IQR multiplier=1.5, lower=9876494688.5, upper=9876515102.5)",PHONE,5626,Rakesh,Singh,user4625@example.com,123,Other,invalid,Pune,47386
outliers,"Outliers detected in numeric column PHONE using IQR method (IQR multiplier=1.5, lower=9876494688.5, upper=9876515102.5)",PHONE,5676,Sneha,Verma,user4675@example.com,123,,1980-08-31,Ahmedabad,81313
outliers,"Outliers detected in numeric column PHONE using IQR method (IQR multiplier=1.5, lower=9876494688.5, upper=9876515102.5)",PHONE,5726,Priya,Patel,user4725@example.com,123,,1970-01-14,Delhi,1000
outliers,"Outliers detected in numeric column PHONE using IQR method (IQR multiplier=1.5, lower=9876494688.5, upper=9876515102.5)",PHONE,5776,Anjali,Patel,user4775@example.com,123,Female,1991-07-15,Pune,28360
outliers,"Outliers detected in numeric column PHONE using IQR method (IQR multiplier=1.5, lower=9876494688.5, upper=9876515102.5)",PHONE,5826,Anjali,Patel,user4825@example.com,123,,1984-02-04,Chennai,55399
outliers,"Outliers detected in numeric column PHONE using IQR method (IQR multiplier=1.5, lower=9876494688.5, upper=9876515102.5)",PHONE,5876,Anjali,Kumar,user4875@example.com,123,Other,2004-03-17,Hyderabad,1000
outliers,"Outliers detected in numeric column PHONE using IQR method (IQR multiplier=1.5, lower=9876494688.5, upper=9876515102.5)",PHONE,5926,Amit,Sharma,user4925@example.com,123,,1976-05-07,Mumbai,70193
outliers,"Outliers detected in numeric column PHONE using IQR method (IQR multiplier=1.5, lower=9876494688.5, upper=9876515102.5)",PHONE,5976,Priya,Rao,user4975@example.com,123,,1993-06-28,Bangalore,63270
outliers,"Outliers detected in numeric column PHONE using IQR method (IQR multiplier=1.5, lower=9876494688.5, upper=9876515102.5)",PHONE,6026,Neha,Reddy,user5025@example.com,123,,2010-10-07,Kolkata,1000
outliers,"Outliers detected in numeric column PHONE using IQR method (IQR multiplier=1.5, lower=9876494688.5, upper=9876515102.5)",PHONE,6076,Kavya,Reddy,user5075@example.com,123,Other,2006-11-11,Delhi,83263
outliers,"Outliers detected in numeric column PHONE using IQR method (IQR multiplier=1.5, lower=9876494688.5, upper=9876515102.5)",PHONE,6126,Anjali,Kumar,user5125@example.com,123,Male,1988-08-04,Ahmedabad,89701
outliers,"Outliers detected in numeric column PHONE using IQR method (IQR multiplier=1.5, lower=9876494688.5, upper=9876515102.5)",PHONE,6176,Amit,Patel,user5175@example.com,123,Female,2002-09-05,Ahmedabad,1000
outliers,"Outliers detected in numeric column PHONE using IQR method (IQR multiplier=1.5, lower=9876494688.5, upper=9876515102.5)",PHONE,6226,Arjun,Kumar,user5225@example.com,123,Male,1981-03-11,Bangalore,37636
outliers,"Outliers detected in numeric column PHONE using IQR method (IQR multiplier=1.5, lower=9876494688.5, upper=9876515102.5)",PHONE,6276,Sneha,Mehta,user5275@example.com,123,,1970-07-01,Hyderabad,48678
outliers,"Outliers detected in numeric column PHONE using IQR method (IQR multiplier=1.5, lower=9876494688.5, upper=9876515102.5)",PHONE,6326,Vijay,Patel,user5325@example.com,123,Other,1981-02-19,Kolkata,1000
outliers,"Outliers detected in numeric column PHONE using IQR method (IQR multiplier=1.5, lower=9876494688.5, upper=9876515102.5)",PHONE,6376,Kavya,Sharma,user5375@example.com,123,,1992-03-28,Ahmedabad,69666
outliers,"Outliers detected in numeric column PHONE using IQR method (IQR multiplier=1.5, lower=9876494688.5, upper=9876515102.5)",PHONE,6426,Sneha,Verma,user5425@example.com,123,,1986-03-14,Hyderabad,79553
outliers,"Outliers detected in numeric column PHONE using IQR method (IQR multiplier=1.5, lower=9876494688.5, upper=9876515102.5)",PHONE,6476,Amit,Rao,user5475@example.com,123,,1984-02-24,Bangalore,1000
outliers,"Outliers detected in numeric column PHONE using IQR method (IQR multiplier=1.5, lower=9876494688.5, upper=9876515102.5)",PHONE,6526,Anjali,Gupta,user5525@example.com,123,Male,2001-07-20,Kolkata,54165
outliers,"Outliers detected in numeric column PHONE using IQR method (IQR multiplier=1.5, lower=9876494688.5, upper=9876515102.5)",PHONE,6576,Priya,Sharma,user5575@example.com,123,Female,2000-08-29,Hyderabad,74755
outliers,"Outliers detected in numeric column PHONE using IQR method (IQR multiplier=1.5, lower=9876494688.5, upper=9876515102.5)",PHONE,6626,Sameer,Kumar,user5625@example.com,123,Female,1984-10-22,Chennai,1000
outliers,"Outliers detected in numeric column PHONE using IQR method (IQR multiplier=1.5, lower=9876494688.5, upper=9876515102.5)",PHONE,6676,Vijay,Verma,user5675@example.com,123,Female,1983-08-24,Pune,69609
outliers,"Outliers detected in numeric column PHONE using IQR method (IQR multiplier=1.5, lower=9876494688.5, upper=9876515102.5)",PHONE,6726,Kavya,Gupta,user5725@example.com,123,Female,2002-06-11,Pune,59876
outliers,"Outliers detected in numeric column PHONE using IQR method (IQR multiplier=1.5, lower=9876494688.5, upper=9876515102.5)",PHONE,6776,Priya,Sharma,user5775@example.com,123,Female,1974-09-16,Mumbai,1000
outliers,"Outliers detected in numeric column PHONE using IQR method (IQR multiplier=1.5, lower=9876494688.5, upper=9876515102.5)",PHONE,6826,Neha,Patel,user5825@example.com,123,Other,1997-03-18,Delhi,69779
outliers,"Outliers detected in numeric column PHONE using IQR method (IQR multiplier=1.5, lower=9876494688.5, upper=9876515102.5)",PHONE,6876,Kavya,Patel,user5875@example.com,123,Other,1993-09-26,Mumbai,58189
outliers,"Outliers detected in numeric column PHONE using IQR method (IQR multiplier=1.5, lower=9876494688.5, upper=9876515102.5)",PHONE,6926,Sneha,Reddy,user5925@example.com,123,Male,2006-01-12,Ahmedabad,1000
outliers,"Outliers detected in numeric column PHONE using IQR method (IQR multiplier=1.5, lower=9876494688.5, upper=9876515102.5)",PHONE,6976,Amit,Mehta,user5975@example.com,123,,2017-12-17,Kolkata,84942
outliers,"Outliers detected in numeric column PHONE using IQR method (IQR multiplier=1.5, lower=9876494688.5, upper=9876515102.5)",PHONE,7026,Rakesh,Verma,user6025@example.com,123,,1978-10-30,Mumbai,101897
outliers,"Outliers detected in numeric column PHONE using IQR method (IQR multiplier=1.5, lower=9876494688.5, upper=9876515102.5)",PHONE,7076,Amit,Verma,user6075@example.com,123,Other,1973-07-11,Hyderabad,1000
outliers,"Outliers detected in numeric column PHONE using IQR method (IQR multiplier=1.5, lower=9876494688.5, upper=9876515102.5)",PHONE,7126,Kavya,Singh,user6125@example.com,123,,1975-11-29,Chennai,87265
outliers,"Outliers detected in numeric column PHONE using IQR method (IQR multiplier=1.5, lower=9876494688.5, upper=9876515102.5)",PHONE,7176,Arjun,Joshi,user6175@example.com,123,Female,2005-09-20,Kolkata,66043
outliers,"Outliers detected in numeric column PHONE using IQR method (IQR multiplier=1.5, lower=9876494688.5, upper=9876515102.5)",PHONE,7226,Kavya,Gupta,user6225@example.com,123,Other,2002-07-30,Ahmedabad,1000
outliers,"Outliers detected in numeric column PHONE using IQR method (IQR multiplier=1.5, lower=9876494688.5, upper=9876515102.5)",PHONE,7276,Anjali,Kumar,user6275@example.com,123,Male,2003-02-09,Ahmedabad,38114
outliers,"Outliers detected in numeric column PHONE using IQR method (IQR multiplier=1.5, lower=9876494688.5, upper=9876515102.5)",PHONE,7326,Kavya,Verma,user6325@example.com,123,Male,1999-12-12,Hyderabad,47932
outliers,"Outliers detected in numeric column PHONE using IQR method (IQR multiplier=1.5, lower=9876494688.5, upper=9876515102.5)",PHONE,7376,Amit,Gupta,user6375@example.com,123,Other,2017-06-10,Kolkata,1000
outliers,"Outliers detected in numeric column PHONE using IQR method (IQR multiplier=1.5, lower=9876494688.5, upper=9876515102.5)",PHONE,7426,Kavya,Mehta,user6425@example.com,123,Female,2012-06-25,Pune,79433
outliers,"Outliers detected in numeric column PHONE using IQR method (IQR multiplier=1.5, lower=9876494688.5, upper=9876515102.5)",PHONE,7476,Sneha,Kumar,user6475@example.com,123,Female,2018-09-11,Kolkata,88290
outliers,"Outliers detected in numeric column PHONE using IQR method (IQR multiplier=1.5, lower=9876494688.5, upper=9876515102.5)",PHONE,7526,Vijay,Gupta,user6525@example.com,123,,1995-06-10,Kolkata,1000
outliers,"Outliers detected in numeric column PHONE using IQR method (IQR multiplier=1.5, lower=9876494688.5, upper=9876515102.5)",PHONE,7576,Neha,Sharma,user6575@example.com,123,Other,1987-10-11,Pune,68299
outliers,"Outliers detected in numeric column PHONE using IQR method (IQR multiplier=1.5, lower=9876494688.5, upper=9876515102.5)",PHONE,7626,Rakesh,Kumar,user6625@example.com,123,Female,2003-06-16,Bangalore,79579
outliers,"Outliers detected in numeric column PHONE using IQR method (IQR multiplier=1.5, lower=9876494688.5, upper=9876515102.5)",PHONE,7676,Rakesh,Singh,user6675@example.com,123,Male,2014-07-31,Mumbai,1000
outliers,"Outliers detected in numeric column PHONE using IQR method (IQR multiplier=1.5, lower=9876494688.5, upper=9876515102.5)",PHONE,7726,Rakesh,Reddy,user6725@example.com,123,,1994-01-10,Delhi,64067
outliers,"Outliers detected in numeric column PHONE using IQR method (IQR multiplier=1.5, lower=9876494688.5, upper=9876515102.5)",PHONE,7776,Rakesh,Rao,user6775@example.com,123,Other,1978-06-26,Ahmedabad,64206
outliers,"Outliers detected in numeric column PHONE using IQR method (IQR multiplier=1.5, lower=9876494688.5, upper=9876515102.5)",PHONE,7826,Anjali,Verma,user6825@example.com,123,Male,1981-08-24,Pune,1000
outliers,"Outliers detected in numeric column PHONE using IQR method (IQR multiplier=1.5, lower=9876494688.5, upper=9876515102.5)",PHONE,7876,Priya,Singh,user6875@example.com,123,,2007-02-18,Bangalore,70485
outliers,"Outliers detected in numeric column PHONE using IQR method (IQR multiplier=1.5, lower=9876494688.5, upper=9876515102.5)",PHONE,7926,Priya,Singh,user6925@example.com,123,Other,1989-07-15,Kolkata,69395
outliers,"Outliers detected in numeric column PHONE using IQR method (IQR multiplier=1.5, lower=9876494688.5, upper=9876515102.5)",PHONE,7976,Anjali,Reddy,user6975@example.com,123,Female,2009-06-02,Ahmedabad,1000
outliers,"Outliers detected in numeric column PHONE using IQR method (IQR multiplier=1.5, lower=9876494688.5, upper=9876515102.5)",PHONE,8026,Anjali,Joshi,user7025@example.com,123,Other,1973-10-19,Delhi,58945
outliers,"Outliers detected in numeric column PHONE using IQR method (IQR multiplier=1.5, lower=9876494688.5, upper=9876515102.5)",PHONE,8076,Arjun,Sharma,user7075@example.com,123,Female,1997-12-28,Hyderabad,85961
outliers,"Outliers detected in numeric column PHONE using IQR method (IQR multiplier=1.5, lower=9876494688.5, upper=9876515102.5)",PHONE,8126,Neha,Joshi,user7125@example.com,123,Female,1980-05-09,Ahmedabad,1000
outliers,"Outliers detected in numeric column PHONE using IQR method (IQR multiplier=1.5, lower=9876494688.5, upper=9876515102.5)",PHONE,8176,Sneha,Mehta,user7175@example.com,123,,2001-04-09,Chennai,68814
outliers,"Outliers detected in numeric column PHONE using IQR method (IQR multiplier=1.5, lower=9876494688.5, upper=9876515102.5)",PHONE,8226,Kavya,Sharma,user7225@example.com,123,,1975-07-09,Pune,69505
outliers,"Outliers detected in numeric column PHONE using IQR method (IQR multiplier=1.5, lower=9876494688.5, upper=9876515102.5)",PHONE,8276,Neha,Singh,user7275@example.com,123,Male,1980-10-25,Pune,1000
outliers,"Outliers detected in numeric column PHONE using IQR method (IQR multiplier=1.5, lower=9876494688.5, upper=9876515102.5)",PHONE,8326,Vijay,Joshi,user7325@example.com,123,,1987-11-09,Ahmedabad,73916
outliers,"Outliers detected in numeric column PHONE using IQR method (IQR multiplier=1.5, lower=9876494688.5, upper=9876515102.5)",PHONE,8376,Rakesh,Reddy,user7375@example.com,123,,1979-10-04,Hyderabad,65922
outliers,"Outliers detected in numeric column PHONE using IQR method (IQR multiplier=1.5, lower=9876494688.5, upper=9876515102.5)",PHONE,8426,Vijay,Singh,user7425@example.com,123,Male,2009-04-19,Ahmedabad,1000
outliers,"Outliers detected in numeric column PHONE using IQR method (IQR multiplier=1.5, lower=9876494688.5, upper=9876515102.5)",PHONE,8476,Sneha,Sharma,user7475@example.com,123,Other,2007-07-19,Delhi,67570
outliers,"Outliers detected in numeric column PHONE using IQR method (IQR multiplier=1.5, lower=9876494688.5, upper=9876515102.5)",PHONE,8526,Vijay,Verma,user7525@example.com,123,Male,1989-12-02,Ahmedabad,68778
outliers,"Outliers detected in numeric column PHONE using IQR method (IQR multiplier=1.5, lower=9876494688.5, upper=9876515102.5)",PHONE,8576,Kavya,Reddy,user7575@example.com,123,,1980-10-12,Chennai,1000
outliers,"Outliers detected in numeric column PHONE using IQR method (IQR multiplier=1.5, lower=9876494688.5, upper=9876515102.5)",PHONE,8626,Arjun,Sharma,user7625@example.com,123,,1977-07-17,Mumbai,41689
outliers,"Outliers detected in numeric column PHONE using IQR method (IQR multiplier=1.5, lower=9876494688.5, upper=9876515102.5)",PHONE,8676,Priya,Singh,user7675@example.com,123,,2018-08-06,Delhi,52407
outliers,"Outliers detected in numeric column PHONE using IQR method (IQR multiplier=1.5, lower=9876494688.5, upper=9876515102.5)",PHONE,8726,Sameer,Reddy,user7725@example.com,123,Female,2050-01-01,Bangalore,1000
outliers,"Outliers detected in numeric column PHONE using IQR method (IQR multiplier=1.5, lower=9876494688.5, upper=9876515102.5)",PHONE,8776,Amit,Gupta,user7775@example.com,123,,2004-10-09,Kolkata,59026
outliers,"Outliers detected in numeric column PHONE using IQR method (IQR multiplier=1.5, lower=9876494688.5, upper=9876515102.5)",PHONE,8826,Rakesh,Sharma,user7825@example.com,123,,2005-02-25,Pune,54696
outliers,"Outliers detected in numeric column PHONE using IQR method (IQR multiplier=1.5, lower=9876494688.5, upper=9876515102.5)",PHONE,8876,Sameer,Kumar,user7875@example.com,123,,1972-04-27,Delhi,1000
outliers,"Outliers detected in numeric column PHONE using IQR method (IQR multiplier=1.5, lower=9876494688.5, upper=9876515102.5)",PHONE,8926,Sneha,Mehta,user7925@example.com,123,,2007-04-07,Kolkata,80239
outliers,"Outliers detected in numeric column PHONE using IQR method (IQR multiplier=1.5, lower=9876494688.5, upper=9876515102.5)",PHONE,8976,Priya,Kumar,user7975@example.com,123,Male,1991-01-22,Ahmedabad,55298
outliers,"Outliers detected in numeric column PHONE using IQR method (IQR multiplier=1.5, lower=9876494688.5, upper=9876515102.5)",PHONE,9026,Amit,Rao,user8025@example.com,123,,1981-08-12,Mumbai,1000
outliers,"Outliers detected in numeric column PHONE using IQR method (IQR multiplier=1.5, lower=9876494688.5, upper=9876515102.5)",PHONE,9076,Kavya,Patel,user8075@example.com,123,Other,2002-03-06,Bangalore,33858
outliers,"Outliers detected in numeric column PHONE using IQR method (IQR multiplier=1.5, lower=9876494688.5, upper=9876515102.5)",PHONE,9126,Arjun,Gupta,user8125@example.com,123,Other,1983-11-25,Ahmedabad,87441
outliers,"Outliers detected in numeric column PHONE using IQR method (IQR multiplier=1.5, lower=9876494688.5, upper=9876515102.5)",PHONE,9176,Sameer,Reddy,user8175@example.com,123,,1981-06-12,Hyderabad,1000
outliers,"Outliers detected in numeric column PHONE using IQR method (IQR multiplier=1.5, lower=9876494688.5, upper=9876515102.5)",PHONE,9226,Vijay,Rao,user8225@example.com,123,,2018-09-18,Kolkata,56993
outliers,"Outliers detected in numeric column PHONE using IQR method (IQR multiplier=1.5, lower=9876494688.5, upper=9876515102.5)",PHONE,9276,Sneha,Kumar,user8275@example.com,123,Male,2007-06-23,Mumbai,61440
outliers,"Outliers detected in numeric column PHONE using IQR method (IQR multiplier=1.5, lower=9876494688.5, upper=9876515102.5)",PHONE,9326,Sameer,Sharma,user8325@example.com,123,,1970-02-13,Hyderabad,1000
outliers,"Outliers detected in numeric column PHONE using IQR method (IQR multiplier=1.5, lower=9876494688.5, upper=9876515102.5)",PHONE,9376,Amit,Joshi,user8375@example.com,123,,1982-11-06,Chennai,73732
outliers,"Outliers detected in numeric column PHONE using IQR method (IQR multiplier=1.5, lower=9876494688.5, upper=9876515102.5)",PHONE,9426,Arjun,Rao,user8425@example.com,123,,2016-09-29,Pune,85393
outliers,"Outliers detected in numeric column PHONE using IQR method (IQR multiplier=1.5, lower=9876494688.5, upper=9876515102.5)",PHONE,9476,Sneha,Sharma,user8475@example.com,123,Female,2013-03-23,Delhi,1000
outliers,"Outliers detected in numeric column PHONE using IQR method (IQR multiplier=1.5, lower=9876494688.5, upper=9876515102.5)",PHONE,9526,Anjali,Verma,user8525@example.com,123,,1975-07-13,Delhi,78840
outliers,"Outliers detected in numeric column PHONE using IQR method (IQR multiplier=1.5, lower=9876494688.5, upper=9876515102.5)",PHONE,9576,Neha,Singh,user8575@example.com,123,Male,1994-11-08,Ahmedabad,67408
outliers,"Outliers detected in numeric column PHONE using IQR method (IQR multiplier=1.5, lower=9876494688.5, upper=9876515102.5)",PHONE,9626,Neha,Singh,user8625@example.com,123,,1997-10-18,Delhi,1000
outliers,"Outliers detected in numeric column PHONE using IQR method (IQR multiplier=1.5, lower=9876494688.5, upper=9876515102.5)",PHONE,9676,Vijay,Joshi,user8675@example.com,123,,2010-08-21,Bangalore,103619
outliers,"Outliers detected in numeric column PHONE using IQR method (IQR multiplier=1.5, lower=9876494688.5, upper=9876515102.5)",PHONE,9726,Anjali,Patel,user8725@example.com,123,,2017-11-14,Chennai,44033
outliers,"Outliers detected in numeric column PHONE using IQR method (IQR multiplier=1.5, lower=9876494688.5, upper=9876515102.5)",PHONE,9776,Rakesh,Reddy,user8775@example.com,123,,1986-01-03,Hyderabad,1000
outliers,"Outliers detected in numeric column PHONE using IQR method (IQR multiplier=1.5, lower=9876494688.5, upper=9876515102.5)",PHONE,9826,Sameer,Mehta,user8825@example.com,123,,2016-05-18,Delhi,54029
outliers,"Outliers detected in numeric column PHONE using IQR method (IQR multiplier=1.5, lower=9876494688.5, upper=9876515102.5)",PHONE,9876,Kavya,Reddy,user8875@example.com,123,Male,1974-03-12,Kolkata,37719
outliers,"Outliers detected in numeric column PHONE using IQR method (IQR multiplier=1.5, lower=9876494688.5, upper=9876515102.5)",PHONE,9926,Rakesh,Reddy,user8925@example.com,123,,1991-07-29,Pune,1000
outliers,"Outliers detected in numeric column PHONE using IQR method (IQR multiplier=1.5, lower=9876494688.5, upper=9876515102.5)",PHONE,9976,Arjun,Sharma,user8975@example.com,123,Male,1972-06-27,Delhi,45619
outliers,"Outliers detected in numeric column PHONE using IQR method (IQR multiplier=1.5, lower=9876494688.5, upper=9876515102.5)",PHONE,10026,Vijay,Mehta,user9025@example.com,123,Male,2005-04-07,Chennai,89862
outliers,"Outliers detected in numeric column PHONE using IQR method (IQR multiplier=1.5, lower=9876494688.5, upper=9876515102.5)",PHONE,10076,Neha,Patel,user9075@example.com,123,Female,2005-01-18,Chennai,1000
outliers,"Outliers detected in numeric column PHONE using IQR method (IQR multiplier=1.5, lower=9876494688.5, upper=9876515102.5)",PHONE,10126,Anjali,Joshi,user9125@example.com,123,,2013-09-22,Chennai,48868
outliers,"Outliers detected in numeric column PHONE using IQR method (IQR multiplier=1.5, lower=9876494688.5, upper=9876515102.5)",PHONE,10176,Arjun,Rao,user9175@example.com,123,Male,2003-06-14,Hyderabad,85231
outliers,"Outliers detected in numeric column PHONE using IQR method (IQR multiplier=1.5, lower=9876494688.5, upper=9876515102.5)",PHONE,10226,Vijay,Verma,user9225@example.com,123,Female,1993-09-21,Hyderabad,1000
outliers,"Outliers detected in numeric column PHONE using IQR method (IQR multiplier=1.5, lower=9876494688.5, upper=9876515102.5)",PHONE,10276,Vijay,Mehta,user9275@example.com,123,Other,1977-11-27,Delhi,83061
outliers,"Outliers detected in numeric column PHONE using IQR method (IQR multiplier=1.5, lower=9876494688.5, upper=9876515102.5)",PHONE,10326,Sameer,Kumar,user9325@example.com,123,Male,1992-08-20,Mumbai,43651
outliers,"Outliers detected in numeric column PHONE using IQR method (IQR multiplier=1.5, lower=9876494688.5, upper=9876515102.5)",PHONE,10376,Priya,Sharma,user9375@example.com,123,,2013-06-13,Hyderabad,1000
outliers,"Outliers detected in numeric column PHONE using IQR method (IQR multiplier=1.5, lower=9876494688.5, upper=9876515102.5)",PHONE,10426,Arjun,Mehta,user9425@example.com,123,Other,1987-06-08,Hyderabad,86173
outliers,"Outliers detected in numeric column PHONE using IQR method (IQR multiplier=1.5, lower=9876494688.5, upper=9876515102.5)",PHONE,10476,Vijay,Sharma,user9475@example.com,123,,2003-07-03,Kolkata,73077
outliers,"Outliers detected in numeric column PHONE using IQR method (IQR multiplier=1.5, lower=9876494688.5, upper=9876515102.5)",PHONE,10526,Arjun,Reddy,user9525@example.com,123,,1983-08-29,Chennai,1000
outliers,"Outliers detected in numeric column PHONE using IQR method (IQR multiplier=1.5, lower=9876494688.5, upper=9876515102.5)",PHONE,10576,Vijay,Patel,user9575@example.com,123,Female,2004-07-27,Hyderabad,57676
outliers,"Outliers detected in numeric column PHONE using IQR method (IQR multiplier=1.5, lower=9876494688.5, upper=9876515102.5)",PHONE,10626,Rakesh,Sharma,user9625@example.com,123,Female,1989-02-22,Pune,80747
outliers,"Outliers detected in numeric column PHONE using IQR method (IQR multiplier=1.5, lower=9876494688.5, upper=9876515102.5)",PHONE,10676,Sneha,Gupta,user9675@example.com,123,Male,2011-03-11,Delhi,1000
outliers,"Outliers detected in numeric column PHONE using IQR method (IQR multiplier=1.5, lower=9876494688.5, upper=9876515102.5)",PHONE,10726,Kavya,Mehta,user9725@example.com,123,,1971-08-04,Hyderabad,112966
outliers,"Outliers detected in numeric column PHONE using IQR method (IQR multiplier=1.5, lower=9876494688.5, upper=9876515102.5)",PHONE,10776,Vijay,Joshi,user9775@example.com,123,,1976-08-01,Delhi,64995
outliers,"Outliers detected in numeric column PHONE using IQR method (IQR multiplier=1.5, lower=9876494688.5, upper=9876515102.5)",PHONE,10826,Rakesh,Verma,user9825@example.com,123,,1981-09-01,Hyderabad,1000
outliers,"Outliers detected in numeric column PHONE using IQR method (IQR multiplier=1.5, lower=9876494688.5, upper=9876515102.5)",PHONE,10876,Vijay,Rao,user9875@example.com,123,,1994-12-23,Delhi,42900
outliers,"Outliers detected in numeric column PHONE using IQR method (IQR multiplier=1.5, lower=9876494688.5, upper=9876515102.5)",PHONE,10926,Amit,Verma,user9925@example.com,123,,1972-10-20,Chennai,50062
outliers,"Outliers detected in numeric column PHONE using IQR method (IQR multiplier=1.5, lower=9876494688.5, upper=9876515102.5)",PHONE,10976,Sameer,Reddy,user9975@example.com,123,Other,1984-09-27,Pune,1000
outliers,"Outliers detected in numeric column SALARY using IQR method (IQR multiplier=1.5, lower=5751.625, upper=123940.625)",SALARY,1001,Amit,Patel,,,,2017-03-17,Ahmedabad,520375
outliers,"Outliers detected in numeric column SALARY using IQR method (IQR multiplier=1.5, lower=5751.625, upper=123940.625)",SALARY,1016,Rakesh,Joshi,user15@example.com,9876500015,Female,1994-07-02,Kolkata,1000
outliers,"Outliers detected in numeric column SALARY using IQR method (IQR multiplier=1.5, lower=5751.625, upper=123940.625)",SALARY,1031,Vijay,Joshi,user30@example.com,9876500030,,2008-11-25,Mumbai,680719
outliers,"Outliers detected in numeric column SALARY using IQR method (IQR multiplier=1.5, lower=5751.625, upper=123940.625)",SALARY,1046,Rakesh,Joshi,user45@example.com,9876500045,,2003-07-12,Delhi,1000
outliers,"Outliers detected in numeric column SALARY using IQR method (IQR multiplier=1.5, lower=5751.625, upper=123940.625)",SALARY,1061,Neha,Reddy,invalid@,9876500060,Other,1970-11-07,Bangalore,582170
outliers,"Outliers detected in numeric column SALARY using IQR method (IQR multiplier=1.5, lower=5751.625, upper=123940.625)",SALARY,1076,Anjali,Singh,user75@example.com,123,Female,1970-02-23,Bangalore,1000
outliers,"Outliers detected in numeric column SALARY using IQR method (IQR multiplier=1.5, lower=5751.625, upper=123940.625)",SALARY,1091,Sameer,Mehta,user90@example.com,9876500090,Female,1970-03-31,Pune,675712
outliers,"Outliers detected in numeric column SALARY using IQR method (IQR multiplier=1.5, lower=5751.625, upper=123940.625)",SALARY,1106,Rakesh,Mehta,user105@example.com,9876500105,Female,1970-03-05,Kolkata,1000
outliers,"Outliers detected in numeric column SALARY using IQR method (IQR multiplier=1.5, lower=5751.625, upper=123940.625)",SALARY,1121,Anjali,Sharma,,9876500120,Female,2000-11-02,Kolkata,731533
outliers,"Outliers detected in numeric column SALARY using IQR method (IQR multiplier=1.5, lower=5751.625, upper=123940.625)",SALARY,1136,Anjali,Gupta,user135@example.com,9876500135,,2001-03-14,Hyderabad,1000
outliers,"Outliers detected in numeric column SALARY using IQR method (IQR multiplier=1.5, lower=5751.625, upper=123940.625)",SALARY,1151,Sameer,Mehta,user150@example.com,,Other,1996-11-19,Delhi,512206
outliers,"Outliers detected in numeric column SALARY using IQR method (IQR multiplier=1.5, lower=5751.625, upper=123940.625)",SALARY,1166,Arjun,Joshi,user165@example.com,9876500165,,1970-11-25,Pune,1000
outliers,"Outliers detected in numeric column SALARY using IQR method (IQR multiplier=1.5, lower=5751.625, upper=123940.625)",SALARY,1181,Amit,Rao,invalid@,9876500180,,1984-08-21,Delhi,845424
outliers,"Outliers detected in numeric column SALARY using IQR method (IQR multiplier=1.5, lower=5751.625, upper=123940.625)",SALARY,1196,Sneha,Singh,user195@example.com,9876500195,Male,1976-04-21,Delhi,1000
outliers,"Outliers detected in numeric column SALARY using IQR method (IQR multiplier=1.5, lower=5751.625, upper=123940.625)",SALARY,1211,Sameer,Verma,user210@example.com,9876500210,,1995-06-29,Mumbai,690024
outliers,"Outliers detected in numeric column SALARY using IQR method (IQR multiplier=1.5, lower=5751.625, upper=123940.625)",SALARY,1226,Anjali,Verma,user225@example.com,123,,1976-09-01,Hyderabad,1000
outliers,"Outliers detected in numeric column SALARY using IQR method (IQR multiplier=1.5, lower=5751.625, upper=123940.625)",SALARY,1241,Sameer,Joshi,,9876500240,,1977-07-15,Chennai,627045
outliers,"Outliers detected in numeric column SALARY using IQR method (IQR multiplier=1.5, lower=5751.625, upper=123940.625)",SALARY,1242,Sameer,Kumar,user241@example.com,9876500241,Female,2005-04-16,Delhi,2843
outliers,"Outliers detected in numeric column SALARY using IQR method (IQR multiplier=1.5, lower=5751.625, upper=123940.625)",SALARY,1256,Sameer,Joshi,user255@example.com,9876500255,,1982-10-20,Delhi,1000
outliers,"Outliers detected in numeric column SALARY using IQR method (IQR multiplier=1.5, lower=5751.625, upper=123940.625)",SALARY,1271,Neha,Gupta,user270@example.com,9876500270,Female,1971-01-18,Chennai,668517
outliers,"Outliers detected in numeric column SALARY using IQR method (IQR multiplier=1.5, lower=5751.625, upper=123940.625)",SALARY,1286,Sneha,Rao,user285@example.com,9876500285,Male,1985-11-23,Bangalore,1000
outliers,"Outliers detected in numeric column SALARY using IQR method (IQR multiplier=1.5, lower=5751.625, upper=123940.625)",SALARY,1301,Rakesh,Verma,invalid@,,,1974-09-26,Bangalore,1000000
outliers,"Outliers detected in numeric column SALARY using IQR method (IQR multiplier=1.5, lower=5751.625, upper=123940.625)",SALARY,1316,Anjali,Patel,user315@example.com,9876500315,Other,1982-12-05,Pune,1000
outliers,"Outliers detected in numeric column SALARY using IQR method (IQR multiplier=1.5, lower=5751.625, upper=123940.625)",SALARY,1331,Priya,Kumar,user330@example.com,9876500330,Female,2017-03-21,Kolkata,462618
outliers,"Outliers detected in numeric column SALARY using IQR method (IQR multiplier=1.5, lower=5751.625, upper=123940.625)",SALARY,1346,Sneha,Sharma,user345@example.com,9876500345,,1980-12-21,Mumbai,1000
outliers,"Outliers detected in numeric column SALARY using IQR method (IQR multiplier=1.5, lower=5751.625, upper=123940.625)",SALARY,1361,Neha,Joshi,,9876500360,Female,2003-03-31,Delhi,761683
outliers,"Outliers detected in numeric column SALARY using IQR method (IQR multiplier=1.5, lower=5751.625, upper=123940.625)",SALARY,1376,Sneha,Singh,user375@example.com,123,Male,1975-06-05,Mumbai,1000
outliers,"Outliers detected in numeric column SALARY using IQR method (IQR multiplier=1.5, lower=5751.625, upper=123940.625)",SALARY,1391,Vijay,Mehta,user390@example.com,9876500390,Male,1973-02-23,Pune,676737
outliers,"Outliers detected in numeric column SALARY using IQR method (IQR multiplier=1.5, lower=5751.625, upper=123940.625)",SALARY,1406,Amit,Reddy,user405@example.com,9876500405,Other,1984-02-18,Bangalore,1000
outliers,"Outliers detected in numeric column SALARY using IQR method (IQR multiplier=1.5, lower=5751.625, upper=123940.625)",SALARY,1421,Neha,Reddy,invalid@,9876500420,,1981-04-27,Ahmedabad,429513
outliers,"Outliers detected in numeric column SALARY using IQR method (IQR multiplier=1.5, lower=5751.625, upper=123940.625)",SALARY,1436,Arjun,Reddy,user435@example.com,9876500435,Female,1997-02-27,Ahmedabad,1000
outliers,"Outliers detected in numeric column SALARY using IQR method (IQR multiplier=1.5, lower=5751.625, upper=123940.625)",SALARY,1451,Rakesh,Verma,user450@example.com,,,2000-09-04,Ahmedabad,565905
outliers,"Outliers detected in numeric column SALARY using IQR method (IQR multiplier=1.5, lower=5751.625, upper=123940.625)",SALARY,1466,Anjali,Sharma,user465@example.com,9876500465,Female,1999-01-12,Chennai,1000
outliers,"Outliers detected in numeric column SALARY using IQR method (IQR multiplier=1.5, lower=5751.625, upper=123940.625)",SALARY,1481,Neha,Verma,,9876500480,Other,1983-01-30,Kolkata,315453
outliers,"Outliers detected in numeric column SALARY using IQR method (IQR multiplier=1.5, lower=5751.625, upper=123940.625)",SALARY,1496,Arjun,Kumar,user495@example.com,9876500495,,1983-10-23,Bangalore,1000
outliers,"Outliers detected in numeric column SALARY using IQR method (IQR multiplier=1.5, lower=5751.625, upper=123940.625)",SALARY,1511,Sameer,Patel,user510@example.com,9876500510,,2002-07-27,Chennai,636385
outliers,"Outliers detected in numeric column SALARY using IQR method (IQR multiplier=1.5, lower=5751.625, upper=123940.625)",SALARY,1526,Vijay,Gupta,user525@example.com,123,Female,1987-03-31,Hyderabad,1000
outliers,"Outliers detected in numeric column SALARY using IQR method (IQR multiplier=1.5, lower=5751.625, upper=123940.625)",SALARY,1541,Priya,Verma,invalid@,9876500540,,2000-01-04,Hyderabad,912844
outliers,"Outliers detected in numeric column SALARY using IQR method (IQR multiplier=1.5, lower=5751.625, upper=123940.625)",SALARY,1556,Neha,Joshi,user555@example.com,9876500555,,1995-11-09,Ahmedabad,1000
outliers,"Outliers detected in numeric column SALARY using IQR method (IQR multiplier=1.5, lower=5751.625, upper=123940.625)",SALARY,1571,Kavya,Sharma,user570@example.com,9876500570,,2000-11-17,Bangalore,865804
outliers,"Outliers detected in numeric column SALARY using IQR method (IQR multiplier=1.5, lower=5751.625, upper=123940.625)",SALARY,1586,Priya,Gupta,user585@example.com,9876500585,,2012-11-26,Hyderabad,1000
outliers,"Outliers detected in numeric column SALARY using IQR method (IQR multiplier=1.5, lower=5751.625, upper=123940.625)",SALARY,1601,Rakesh,Reddy,,,,2016-01-11,Bangalore,914314
outliers,"Outliers detected in numeric column SALARY using IQR method (IQR multiplier=1.5, lower=5751.625, upper=123940.625)",SALARY,1616,Sneha,Singh,user615@example.com,9876500615,Male,1997-05-23,Pune,1000
outliers,"Outliers detected in numeric column SALARY using IQR method (IQR multiplier=1.5, lower=5751.625, upper=123940.625)",SALARY,1631,Sameer,Verma,user630@example.com,9876500630,Male,1972-10-16,Bangalore,965386
outliers,"Outliers detected in numeric column SALARY using IQR method (IQR multiplier=1.5, lower=5751.625, upper=123940.625)",SALARY,1646,Rakesh,Joshi,user645@example.com,9876500645,Female,2008-04-05,Pune,1000
outliers,"Outliers detected in numeric column SALARY using IQR method (IQR multiplier=1.5, lower=5751.625, upper=123940.625)",SALARY,1661,Rakesh,Kumar,invalid@,9876500660,,1970-04-30,Hyderabad,434016
outliers,"Outliers detected in numeric column SALARY using IQR method (IQR multiplier=1.5, lower=5751.625, upper=123940.625)",SALARY,1676,Sameer,Joshi,user675@example.com,123,Other,1995-07-30,Hyderabad,1000
outliers,"Outliers detected in numeric column SALARY using IQR method (IQR multiplier=1.5, lower=5751.625, upper=123940.625)",SALARY,1691,Arjun,Sharma,user690@example.com,9876500690,Female,2004-09-12,Hyderabad,695240
outliers,"Outliers detected in numeric column SALARY using IQR method (IQR multiplier=1.5, lower=5751.625, upper=123940.625)",SALARY,1706,Kavya,Sharma,user705@example.com,9876500705,,2004-01-22,Delhi,1000
outliers,"Outliers detected in numeric column SALARY using IQR method (IQR multiplier=1.5, lower=5751.625, upper=123940.625)",SALARY,1721,Anjali,Joshi,,9876500720,Male,1974-12-21,Chennai,901025
outliers,"Outliers detected in numeric column SALARY using IQR method (IQR multiplier=1.5, lower=5751.625, upper=123940.625)",SALARY,1736,Amit,Verma,user735@example.com,9876500735,,1988-10-06,Mumbai,1000
outliers,"Outliers detected in numeric column SALARY using IQR method (IQR multiplier=1.5, lower=5751.625, upper=123940.625)",SALARY,1751,Rakesh,Reddy,user750@example.com,,,2006-06-23,Pune,556343
outliers,"Outliers detected in numeric column SALARY using IQR method (IQR multiplier=1.5, lower=5751.625, upper=123940.625)",SALARY,1766,Vijay,Patel,user765@example.com,9876500765,Female,2007-12-23,Bangalore,1000
outliers,"Outliers detected in numeric column SALARY using IQR method (IQR multiplier=1.5, lower=5751.625, upper=123940.625)",SALARY,1781,Amit,Singh,invalid@,9876500780,Female,1981-11-07,Hyderabad,833708
outliers,"Outliers detected in numeric column SALARY using IQR method (IQR multiplier=1.5, lower=5751.625, upper=123940.625)",SALARY,1796,Amit,Rao,user795@example.com,9876500795,Male,1996-01-17,Kolkata,1000
outliers,"Outliers detected in numeric column SALARY using IQR method (IQR multiplier=1.5, lower=5751.625, upper=123940.625)",SALARY,1811,Sameer,Reddy,user810@example.com,9876500810,,1982-10-12,Chennai,1000000
outliers,"Outliers detected in numeric column SALARY using IQR method (IQR multiplier=1.5, lower=5751.625, upper=123940.625)",SALARY,1826,Anjali,Verma,user825@example.com,123,Male,1990-04-26,Hyderabad,1000
outliers,"Outliers detected in numeric column SALARY using IQR method (IQR multiplier=1.5, lower=5751.625, upper=123940.625)",SALARY,1841,Amit,Rao,,9876500840,,1976-07-17,Hyderabad,635713
outliers,"Outliers detected in numeric column SALARY using IQR method (IQR multiplier=1.5, lower=5751.625, upper=123940.625)",SALARY,1856,Arjun,Sharma,user855@example.com,9876500855,,1984-06-27,Chennai,1000
outliers,"Outliers detected in numeric column SALARY using IQR method (IQR multiplier=1.5, lower=5751.625, upper=123940.625)",SALARY,1871,Neha,Singh,user870@example.com,9876500870,,2003-05-02,Chennai,683218
outliers,"Outliers detected in numeric column SALARY using IQR method (IQR multiplier=1.5, lower=5751.625, upper=123940.625)",SALARY,1886,Rakesh,Singh,user885@example.com,9876500885,Male,1975-07-18,Chennai,1000
outliers,"Outliers detected in numeric column SALARY using IQR method (IQR multiplier=1.5, lower=5751.625, upper=123940.625)",SALARY,1901,Sameer,Sharma,invalid@,,Other,1993-08-12,Ahmedabad,361830
outliers,"Outliers detected in numeric column SALARY using IQR method (IQR multiplier=1.5, lower=5751.625, upper=123940.625)",SALARY,1916,Rakesh,Rao,user915@example.com,9876500915,Male,2004-02-20,Pune,1000
outliers,"Outliers detected in numeric column SALARY using IQR method (IQR multiplier=1.5, lower=5751.625, upper=123940.625)",SALARY,1931,Sneha,Verma,user930@example.com,9876500930,Other,1985-03-20,Ahmedabad,1000000
outliers,"Outliers detected in numeric column SALARY using IQR method (IQR multiplier=1.5, lower=5751.625, upper=123940.625)",SALARY,1946,Amit,Gupta,user945@example.com,9876500945,,2013-11-10,Delhi,1000
outliers,"Outliers detected in numeric column SALARY using IQR method (IQR multiplier=1.5, lower=5751.625, upper=123940.625)",SALARY,1961,Vijay,Patel,,9876500960,Other,1995-09-09,Mumbai,1000000
outliers,"Outliers detected in numeric column SALARY using IQR method (IQR multiplier=1.5, lower=5751.625, upper=123940.625)",SALARY,1976,Sneha,Singh,user975@example.com,123,,2015-05-10,Hyderabad,1000
outliers,"Outliers detected in numeric column SALARY using IQR method (IQR multiplier=1.5, lower=5751.625, upper=123940.625)",SALARY,1991,Sneha,Kumar,user990@example.com,9876500990,Other,2003-08-13,Hyderabad,642000
outliers,"Outliers detected in numeric column SALARY using IQR method (IQR multiplier=1.5, lower=5751.625, upper=123940.625)",SALARY,2006,Sneha,Singh,user1005@example.com,9876501005,Male,1982-09-09,Chennai,1000
outliers,"Outliers detected in numeric column SALARY using IQR method (IQR multiplier=1.5, lower=5751.625, upper=123940.625)",SALARY,2019,Arjun,Sharma,user1018@example.com,9876501018,Other,2007-07-03,Mumbai,4425
outliers,"Outliers detected in numeric column SALARY using IQR method (IQR multiplier=1.5, lower=5751.625, upper=123940.625)",SALARY,2021,Rakesh,Joshi,invalid@,9876501020,,1992-12-19,Pune,754923
outliers,"Outliers detected in numeric column SALARY using IQR method (IQR multiplier=1.5, lower=5751.625, upper=123940.625)",SALARY,2036,Anjali,Gupta,user1035@example.com,9876501035,,1988-06-04,Pune,1000
outliers,"Outliers detected in numeric column SALARY using IQR method (IQR multiplier=1.5, lower=5751.625, upper=123940.625)",SALARY,2051,Arjun,Kumar,user1050@example.com,,,2003-10-30,Kolkata,749730
outliers,"Outliers detected in numeric column SALARY using IQR method (IQR multiplier=1.5, lower=5751.625, upper=123940.625)",SALARY,2066,Rakesh,Singh,user1065@example.com,9876501065,,1972-01-20,Chennai,1000
outliers,"Outliers detected in numeric column SALARY using IQR method (IQR multiplier=1.5, lower=5751.625, upper=123940.625)",SALARY,2081,Sameer,Patel,,9876501080,Male,1993-06-22,Mumbai,752255
outliers,"Outliers detected in numeric column SALARY using IQR method (IQR multiplier=1.5, lower=5751.625, upper=123940.625)",SALARY,2096,Sameer,Verma,user1095@example.com,9876501095,Female,1977-10-30,Chennai,1000
outliers,"Outliers detected in numeric column SALARY using IQR method (IQR multiplier=1.5, lower=5751.625, upper=123940.625)",SALARY,2111,Amit,Verma,user1110@example.com,9876501110,Female,1979-07-05,Chennai,320259
outliers,"Outliers detected in numeric column SALARY using IQR method (IQR multiplier=1.5, lower=5751.625, upper=123940.625)",SALARY,2126,Sneha,Sharma,user1125@example.com,123,,1993-11-25,Chennai,1000
outliers,"Outliers detected in numeric column SALARY using IQR method (IQR multiplier=1.5, lower=5751.625, upper=123940.625)",SALARY,2141,Arjun,Joshi,invalid@,9876501140,Male,2009-08-28,Chennai,928598
outliers,"Outliers detected in numeric column SALARY using IQR method (IQR multiplier=1.5, lower=5751.625, upper=123940.625)",SALARY,2156,Amit,Sharma,user1155@example.com,9876501155,Female,1988-11-11,Hyderabad,1000
outliers,"Outliers detected in numeric column SALARY using IQR method (IQR multiplier=1.5, lower=5751.625, upper=123940.625)",SALARY,2171,Sneha,Singh,user1170@example.com,9876501170,Male,1970-05-02,Kolkata,672419
outliers,"Outliers detected in numeric column SALARY using IQR method (IQR multiplier=1.5, lower=5751.625, upper=123940.625)",SALARY,2186,Anjali,Gupta,user1185@example.com,9876501185,,2006-07-24,Pune,1000
outliers,"Outliers detected in numeric column SALARY using IQR method (IQR multiplier=1.5, lower=5751.625, upper=123940.625)",SALARY,2201,Vijay,Singh,,,,1977-07-13,Ahmedabad,762470
outliers,"Outliers detected in numeric column SALARY using IQR method (IQR multiplier=1.5, lower=5751.625, upper=123940.625)",SALARY,2216,Anjali,Gupta,user1215@example.com,9876501215,Other,2012-06-28,Mumbai,1000
outliers,"Outliers detected in numeric column SALARY using IQR method (IQR multiplier=1.5, lower=5751.625, upper=123940.625)",SALARY,2231,Neha,Gupta,user1230@example.com,9876501230,Other,2014-06-18,Hyderabad,717137
outliers,"Outliers detected in numeric column SALARY using IQR method (IQR multiplier=1.5, lower=5751.625, upper=123940.625)",SALARY,2246,Neha,Patel,user1245@example.com,9876501245,Other,2016-02-21,Delhi,1000
outliers,"Outliers detected in numeric column SALARY using IQR method (IQR multiplier=1.5, lower=5751.625, upper=123940.625)",SALARY,2261,Arjun,Mehta,invalid@,9876501260,,2013-05-18,Pune,782712
outliers,"Outliers detected in numeric column SALARY using IQR method (IQR multiplier=1.5, lower=5751.625, upper=123940.625)",SALARY,2273,Kavya,Patel,user1272@example.com,9876501272,,2018-07-13,Bangalore,128701
outliers,"Outliers detected in numeric column SALARY using IQR method (IQR multiplier=1.5, lower=5751.625, upper=123940.625)",SALARY,2276,Arjun,Kumar,user1275@example.com,123,Female,1985-03-22,Kolkata,1000
outliers,"Outliers detected in numeric column SALARY using IQR method (IQR multiplier=1.5, lower=5751.625, upper=123940.625)",SALARY,2291,Sneha,Rao,user1290@example.com,9876501290,Male,2003-01-23,Bangalore,784805
outliers,"Outliers detected in numeric column SALARY using IQR method (IQR multiplier=1.5, lower=5751.625, upper=123940.625)",SALARY,2306,Amit,Rao,user1305@example.com,9876501305,Female,1989-08-30,Chennai,1000
outliers,"Outliers detected in numeric column SALARY using IQR method (IQR multiplier=1.5, lower=5751.625, upper=123940.625)",SALARY,2321,Arjun,Verma,,9876501320,Female,2019-03-11,Ahmedabad,617199
outliers,"Outliers detected in numeric column SALARY using IQR method (IQR multiplier=1.5, lower=5751.625, upper=123940.625)",SALARY,2336,Vijay,Singh,user1335@example.com,9876501335,Male,1996-07-11,Delhi,1000
outliers,"Outliers detected in numeric column SALARY using IQR method (IQR multiplier=1.5, lower=5751.625, upper=123940.625)",SALARY,2351,Rakesh,Kumar,user1350@example.com,,,2011-06-15,Kolkata,494935
outliers,"Outliers detected in numeric column SALARY using IQR method (IQR multiplier=1.5, lower=5751.625, upper=123940.625)",SALARY,2366,Kavya,Gupta,user1365@example.com,9876501365,Female,1980-06-17,Chennai,1000
outliers,"Outliers detected in numeric column SALARY using IQR method (IQR multiplier=1.5, lower=5751.625, upper=123940.625)",SALARY,2381,Sneha,Gupta,invalid@,9876501380,,1981-02-25,Chennai,863017
outliers,"Outliers detected in numeric column SALARY using IQR method (IQR multiplier=1.5, lower=5751.625, upper=123940.625)",SALARY,2396,Anjali,Mehta,user1395@example.com,9876501395,Female,2011-01-29,Mumbai,1000
outliers,"Outliers detected in numeric column SALARY using IQR method (IQR multiplier=1.5, lower=5751.625, upper=123940.625)",SALARY,2411,Anjali,Singh,user1410@example.com,9876501410,,1977-10-14,Kolkata,829763
outliers,"Outliers detected in numeric column SALARY using IQR method (IQR multiplier=1.5, lower=5751.625, upper=123940.625)",SALARY,2426,Rakesh,Mehta,user1425@example.com,123,Female,1972-12-22,Hyderabad,1000
outliers,"Outliers detected in numeric column SALARY using IQR method (IQR multiplier=1.5, lower=5751.625, upper=123940.625)",SALARY,2441,Sneha,Patel,,9876501440,Other,2004-10-16,Mumbai,625194
outliers,"Outliers detected in numeric column SALARY using IQR method (IQR multiplier=1.5, lower=5751.625, upper=123940.625)",SALARY,2456,Sneha,Verma,user1455@example.com,9876501455,,1995-02-27,Delhi,1000
outliers,"Outliers detected in numeric column SALARY using IQR method (IQR multiplier=1.5, lower=5751.625, upper=123940.625)",SALARY,2471,Priya,Mehta,user1470@example.com,9876501470,Other,2013-06-06,Chennai,917889
outliers,"Outliers detected in numeric column SALARY using IQR method (IQR multiplier=1.5, lower=5751.625, upper=123940.625)",SALARY,2486,Kavya,Mehta,user1485@example.com,9876501485,Other,1977-08-01,Pune,1000
outliers,"Outliers detected in numeric column SALARY using IQR method (IQR multiplier=1.5, lower=5751.625, upper=123940.625)",SALARY,2501,Priya,Joshi,invalid@,,,2002-12-15,Delhi,610131
outliers,"Outliers detected in numeric column SALARY using IQR method (IQR multiplier=1.5, lower=5751.625, upper=123940.625)",SALARY,2502,Neha,Joshi,user1501@example.com,9876501501,Other,2018-01-22,Pune,5009
outliers,"Outliers detected in numeric column SALARY using IQR method (IQR multiplier=1.5, lower=5751.625, upper=123940.625)",SALARY,2516,Kavya,Mehta,user1515@example.com,9876501515,,2013-07-07,Pune,1000
outliers,"Outliers detected in numeric column SALARY using IQR method (IQR multiplier=1.5, lower=5751.625, upper=123940.625)",SALARY,2531,Arjun,Sharma,user1530@example.com,9876501530,,2005-09-10,Bangalore,485938
outliers,"Outliers detected in numeric column SALARY using IQR method (IQR multiplier=1.5, lower=5751.625, upper=123940.625)",SALARY,2546,Priya,Gupta,user1545@example.com,9876501545,Other,invalid,Pune,1000
outliers,"Outliers detected in numeric column SALARY using IQR method (IQR multiplier=1.5, lower=5751.625, upper=123940.625)",SALARY,2561,Vijay,Kumar,,9876501560,,1990-11-10,Pune,674719
outliers,"Outliers detected in numeric column SALARY using IQR method (IQR multiplier=1.5, lower=5751.625, upper=123940.625)",SALARY,2576,Arjun,Gupta,user1575@example.com,123,,1999-11-11,Hyderabad,1000
outliers,"Outliers detected in numeric column SALARY using IQR method (IQR multiplier=1.5, lower=5751.625, upper=123940.625)",SALARY,2578,Neha,Kumar,user1577@example.com,9876501577,Male,2007-08-25,Chennai,4416
outliers,"Outliers detected in numeric column SALARY using IQR method (IQR multiplier=1.5, lower=5751.625, upper=123940.625)",SALARY,2591,Rakesh,Sharma,user1590@example.com,9876501590,Female,1974-04-25,Mumbai,472394
outliers,"Outliers detected in numeric column SALARY using IQR method (IQR multiplier=1.5, lower=5751.625, upper=123940.625)",SALARY,2600,Priya,Sharma,user1599@example.com,9876501599,,1988-11-06,Bangalore,2681
outliers,"Outliers detected in numeric column SALARY using IQR method (IQR multiplier=1.5, lower=5751.625, upper=123940.625)",SALARY,2606,Priya,Verma,user1605@example.com,9876501605,Other,2018-08-27,Bangalore,1000
outliers,"Outliers detected in numeric column SALARY using IQR method (IQR multiplier=1.5, lower=5751.625, upper=123940.625)",SALARY,2621,Priya,Verma,invalid@,9876501620,Male,1990-06-16,Mumbai,786661
outliers,"Outliers detected in numeric column SALARY using IQR method (IQR multiplier=1.5, lower=5751.625, upper=123940.625)",SALARY,2636,Vijay,Mehta,user1635@example.com,9876501635,Male,2008-03-16,Chennai,1000
outliers,"Outliers detected in numeric column SALARY using IQR method (IQR multiplier=1.5, lower=5751.625, upper=123940.625)",SALARY,2651,Priya,Rao,user1650@example.com,,Other,2050-01-01,Ahmedabad,634379
outliers,"Outliers detected in numeric column SALARY using IQR method (IQR multiplier=1.5, lower=5751.625, upper=123940.625)",SALARY,2666,Amit,Gupta,user1665@example.com,9876501665,,2014-06-29,Chennai,1000
outliers,"Outliers detected in numeric column SALARY using IQR method (IQR multiplier=1.5, lower=5751.625, upper=123940.625)",SALARY,2681,Sameer,Mehta,,9876501680,Female,2012-05-13,Mumbai,636794
outliers,"Outliers detected in numeric column SALARY using IQR method (IQR multiplier=1.5, lower=5751.625, upper=123940.625)",SALARY,2696,Sameer,Reddy,user1695@example.com,9876501695,Female,1977-06-20,Chennai,1000
outliers,"Outliers detected in numeric column SALARY using IQR method (IQR multiplier=1.5, lower=5751.625, upper=123940.625)",SALARY,2711,Anjali,Singh,user1710@example.com,9876501710,Female,1983-04-04,Kolkata,709144
outliers,"Outliers detected in numeric column SALARY using IQR method (IQR multiplier=1.5, lower=5751.625, upper=123940.625)",SALARY,2726,Rakesh,Singh,user1725@example.com,123,,1970-12-15,Mumbai,1000
outliers,"Outliers detected in numeric column SALARY using IQR method (IQR multiplier=1.5, lower=5751.625, upper=123940.625)",SALARY,2741,Kavya,Sharma,invalid@,9876501740,,2015-03-04,Mumbai,678799
outliers,"Outliers detected in numeric column SALARY using IQR method (IQR multiplier=1.5, lower=5751.625, upper=123940.625)",SALARY,2756,Arjun,Mehta,user1755@example.com,9876501755,Other,1972-06-29,Pune,1000
outliers,"Outliers detected in numeric column SALARY using IQR method (IQR multiplier=1.5, lower=5751.625, upper=123940.625)",SALARY,2771,Sneha,Singh,user1770@example.com,9876501770,Male,1982-12-31,Hyderabad,809557
outliers,"Outliers detected in numeric column SALARY using IQR method (IQR multiplier=1.5, lower=5751.625, upper=123940.625)",SALARY,2786,Rakesh,Joshi,user1785@example.com,9876501785,,2005-07-09,Chennai,1000
outliers,"Outliers detected in numeric column SALARY using IQR method (IQR multiplier=1.5, lower=5751.625, upper=123940.625)",SALARY,2801,Kavya,Rao,,,Other,1994-03-15,Mumbai,430702
outliers,"Outliers detected in numeric column SALARY using IQR method (IQR multiplier=1.5, lower=5751.625, upper=123940.625)",SALARY,2816,Priya,Reddy,user1815@example.com,9876501815,,2002-04-17,Pune,1000
outliers,"Outliers detected in numeric column SALARY using IQR method (IQR multiplier=1.5, lower=5751.625, upper=123940.625)",SALARY,2831,Arjun,Mehta,user1830@example.com,9876501830,,2050-01-01,Mumbai,448130
outliers,"Outliers detected in numeric column SALARY using IQR method (IQR multiplier=1.5, lower=5751.625, upper=123940.625)",SALARY,2846,Arjun,Mehta,user1845@example.com,9876501845,,invalid,Delhi,1000
outliers,"Outliers detected in numeric column SALARY using IQR method (IQR multiplier=1.5, lower=5751.625, upper=123940.625)",SALARY,2861,Vijay,Sharma,invalid@,9876501860,,2009-11-25,Bangalore,587990
outliers,"Outliers detected in numeric column SALARY using IQR method (IQR multiplier=1.5, lower=5751.625, upper=123940.625)",SALARY,2876,Arjun,Verma,user1875@example.com,123,Female,2015-08-19,Bangalore,1000
outliers,"Outliers detected in numeric column SALARY using IQR method (IQR multiplier=1.5, lower=5751.625, upper=123940.625)",SALARY,2891,Kavya,Joshi,user1890@example.com,9876501890,Other,2019-02-04,Delhi,743406
outliers,"Outliers detected in numeric column SALARY using IQR method (IQR multiplier=1.5, lower=5751.625, upper=123940.625)",SALARY,2906,Rakesh,Rao,user1905@example.com,9876501905,,2007-11-08,Chennai,1000
outliers,"Outliers detected in numeric column SALARY using IQR method (IQR multiplier=1.5, lower=5751.625, upper=123940.625)",SALARY,2921,Neha,Rao,,9876501920,,2015-07-10,Kolkata,615112
outliers,"Outliers detected in numeric column SALARY using IQR method (IQR multiplier=1.5, lower=5751.625, upper=123940.625)",SALARY,2936,Sneha,Mehta,user1935@example.com,9876501935,Female,1980-01-08,Ahmedabad,1000
outliers,"Outliers detected in numeric column SALARY using IQR method (IQR multiplier=1.5, lower=5751.625, upper=123940.625)",SALARY,2951,Vijay,Reddy,user1950@example.com,,Other,2010-12-19,Hyderabad,837990
outliers,"Outliers detected in numeric column SALARY using IQR method (IQR multiplier=1.5, lower=5751.625, upper=123940.625)",SALARY,2966,Sneha,Patel,user1965@example.com,9876501965,,1987-12-20,Pune,1000
outliers,"Outliers detected in numeric column SALARY using IQR method (IQR multiplier=1.5, lower=5751.625, upper=123940.625)",SALARY,2981,Sameer,Sharma,invalid@,9876501980,Male,1979-12-03,Delhi,596150
outliers,"Outliers detected in numeric column SALARY using IQR method (IQR multiplier=1.5, lower=5751.625, upper=123940.625)",SALARY,2985,Rakesh,Kumar,user1984@example.com,9876501984,Other,1972-07-13,Hyderabad,5436
outliers,"Outliers detected in numeric column SALARY using IQR method (IQR multiplier=1.5, lower=5751.625, upper=123940.625)",SALARY,2996,Sameer,Singh,user1995@example.com,9876501995,,2001-03-05,Chennai,1000
outliers,"Outliers detected in numeric column SALARY using IQR method (IQR multiplier=1.5, lower=5751.625, upper=123940.625)",SALARY,3011,Priya,Mehta,user2010@example.com,9876502010,Female,1970-07-10,Hyderabad,979343
outliers,"Outliers detected in numeric column SALARY using IQR method (IQR multiplier=1.5, lower=5751.625, upper=123940.625)",SALARY,3026,Neha,Gupta,user2025@example.com,123,Male,1978-11-22,Hyderabad,1000
outliers,"Outliers detected in numeric column SALARY using IQR method (IQR multiplier=1.5, lower=5751.625, upper=123940.625)",SALARY,3041,Kavya,Patel,,9876502040,,2015-02-20,Ahmedabad,739228
outliers,"Outliers detected in numeric column SALARY using IQR method (IQR multiplier=1.5, lower=5751.625, upper=123940.625)",SALARY,3056,Amit,Singh,user2055@example.com,9876502055,,1979-08-27,Hyderabad,1000
outliers,"Outliers detected in numeric column SALARY using IQR method (IQR multiplier=1.5, lower=5751.625, upper=123940.625)",SALARY,3071,Sneha,Verma,user2070@example.com,9876502070,,1972-12-09,Delhi,698408
outliers,"Outliers detected in numeric column SALARY using IQR method (IQR multiplier=1.5, lower=5751.625, upper=123940.625)",SALARY,3086,Neha,Gupta,user2085@example.com,9876502085,Male,2006-05-04,Kolkata,1000
outliers,"Outliers detected in numeric column SALARY using IQR method (IQR multiplier=1.5, lower=5751.625, upper=123940.625)",SALARY,3101,Neha,Sharma,invalid@,,,1973-08-14,Pune,652420
outliers,"Outliers detected in numeric column SALARY using IQR method (IQR multiplier=1.5, lower=5751.625, upper=123940.625)",SALARY,3116,Sneha,Mehta,user2115@example.com,9876502115,,2003-08-12,Bangalore,1000
outliers,"Outliers detected in numeric column SALARY using IQR method (IQR multiplier=1.5, lower=5751.625, upper=123940.625)",SALARY,3131,Anjali,Mehta,user2130@example.com,9876502130,Other,1991-09-26,Hyderabad,729209
outliers,"Outliers detected in numeric column SALARY using IQR method (IQR multiplier=1.5, lower=5751.625, upper=123940.625)",SALARY,3133,Kavya,Mehta,user2132@example.com,9876502132,Male,1977-06-02,Bangalore,133194
outliers,"Outliers detected in numeric column SALARY using IQR method (IQR multiplier=1.5, lower=5751.625, upper=123940.625)",SALARY,3146,Rakesh,Mehta,user2145@example.com,9876502145,Male,1992-01-28,Mumbai,1000
outliers,"Outliers detected in numeric column SALARY using IQR method (IQR multiplier=1.5, lower=5751.625, upper=123940.625)",SALARY,3161,Rakesh,Verma,,9876502160,,2001-04-08,Ahmedabad,1000000
outliers,"Outliers detected in numeric column SALARY using IQR method (IQR multiplier=1.5, lower=5751.625, upper=123940.625)",SALARY,3176,Sameer,Singh,user2175@example.com,123,,1982-01-22,Ahmedabad,1000
outliers,"Outliers detected in numeric column SALARY using IQR method (IQR multiplier=1.5, lower=5751.625, upper=123940.625)",SALARY,3191,Kavya,Joshi,user2190@example.com,9876502190,Female,2018-07-26,Hyderabad,335043
outliers,"Outliers detected in numeric column SALARY using IQR method (IQR multiplier=1.5, lower=5751.625, upper=123940.625)",SALARY,3206,Rakesh,Singh,user2205@example.com,9876502205,Female,1974-05-08,Delhi,1000
outliers,"Outliers detected in numeric column SALARY using IQR method (IQR multiplier=1.5, lower=5751.625, upper=123940.625)",SALARY,3221,Neha,Rao,invalid@,9876502220,,2014-01-07,Chennai,589277
outliers,"Outliers detected in numeric column SALARY using IQR method (IQR multiplier=1.5, lower=5751.625, upper=123940.625)",SALARY,3236,Vijay,Joshi,user2235@example.com,9876502235,Other,2002-10-31,Pune,1000
outliers,"Outliers detected in numeric column SALARY using IQR method (IQR multiplier=1.5, lower=5751.625, upper=123940.625)",SALARY,3251,Anjali,Joshi,user2250@example.com,,,2016-01-05,Bangalore,844010
outliers,"Outliers detected in numeric column SALARY using IQR method (IQR multiplier=1.5, lower=5751.625, upper=123940.625)",SALARY,3266,Rakesh,Reddy,user2265@example.com,9876502265,Other,2016-04-30,Delhi,1000
outliers,"Outliers detected in numeric column SALARY using IQR method (IQR multiplier=1.5, lower=5751.625, upper=123940.625)",SALARY,3281,Neha,Singh,,9876502280,,2006-12-05,Hyderabad,528364
outliers,"Outliers detected in numeric column SALARY using IQR method (IQR multiplier=1.5, lower=5751.625, upper=123940.625)",SALARY,3296,Anjali,Gupta,user2295@example.com,9876502295,Male,2007-07-28,Pune,1000
outliers,"Outliers detected in numeric column SALARY using IQR method (IQR multiplier=1.5, lower=5751.625, upper=123940.625)",SALARY,3311,Vijay,Patel,user2310@example.com,9876502310,Other,1970-01-16,Delhi,785327
outliers,"Outliers detected in numeric column SALARY using IQR method (IQR multiplier=1.5, lower=5751.625, upper=123940.625)",SALARY,3326,Kavya,Kumar,user2325@example.com,123,Male,2015-08-09,Mumbai,1000
outliers,"Outliers detected in numeric column SALARY using IQR method (IQR multiplier=1.5, lower=5751.625, upper=123940.625)",SALARY,3341,Rakesh,Kumar,invalid@,9876502340,,1993-02-16,Ahmedabad,966549
outliers,"Outliers detected in numeric column SALARY using IQR method (IQR multiplier=1.5, lower=5751.625, upper=123940.625)",SALARY,3356,Priya,Kumar,user2355@example.com,9876502355,Female,1973-04-22,Delhi,1000
outliers,"Outliers detected in numeric column SALARY using IQR method (IQR multiplier=1.5, lower=5751.625, upper=123940.625)",SALARY,3371,Sameer,Patel,user2370@example.com,9876502370,Female,2014-05-11,Chennai,688469
outliers,"Outliers detected in numeric column SALARY using IQR method (IQR multiplier=1.5, lower=5751.625, upper=123940.625)",SALARY,3386,Neha,Patel,user2385@example.com,9876502385,Male,2007-11-24,Hyderabad,1000
outliers,"Outliers detected in numeric column SALARY using IQR method (IQR multiplier=1.5, lower=5751.625, upper=123940.625)",SALARY,3401,Anjali,Sharma,,,Other,2010-08-23,Kolkata,592735
outliers,"Outliers detected in numeric column SALARY using IQR method (IQR multiplier=1.5, lower=5751.625, upper=123940.625)",SALARY,3416,Rakesh,Rao,user2415@example.com,9876502415,,2000-10-07,Ahmedabad,1000
outliers,"Outliers detected in numeric column SALARY using IQR method (IQR multiplier=1.5, lower=5751.625, upper=123940.625)",SALARY,3431,Amit,Sharma,user2430@example.com,9876502430,Female,1972-05-28,Mumbai,365246
outliers,"Outliers detected in numeric column SALARY using IQR method (IQR multiplier=1.5, lower=5751.625, upper=123940.625)",SALARY,3446,Amit,Joshi,user2445@example.com,9876502445,Other,1992-05-11,Kolkata,1000
outliers,"Outliers detected in numeric column SALARY using IQR method (IQR multiplier=1.5, lower=5751.625, upper=123940.625)",SALARY,3461,Rakesh,Rao,invalid@,9876502460,Male,2017-08-20,Pune,650728
outliers,"Outliers detected in numeric column SALARY using IQR method (IQR multiplier=1.5, lower=5751.625, upper=123940.625)",SALARY,3476,Priya,Joshi,user2475@example.com,123,Female,1996-04-05,Chennai,1000
outliers,"Outliers detected in numeric column SALARY using IQR method (IQR multiplier=1.5, lower=5751.625, upper=123940.625)",SALARY,3491,Priya,Patel,user2490@example.com,9876502490,Other,1994-06-06,Ahmedabad,527949
outliers,"Outliers detected in numeric column SALARY using IQR method (IQR multiplier=1.5, lower=5751.625, upper=123940.625)",SALARY,3506,Rakesh,Verma,user2505@example.com,9876502505,,1973-05-23,Chennai,1000
outliers,"Outliers detected in numeric column SALARY using IQR method (IQR multiplier=1.5, lower=5751.625, upper=123940.625)",SALARY,3521,Priya,Joshi,,9876502520,Other,1973-12-17,Bangalore,502964
outliers,"Outliers detected in numeric column SALARY using IQR method (IQR multiplier=1.5, lower=5751.625, upper=123940.625)",SALARY,3536,Priya,Sharma,user2535@example.com,9876502535,Female,2009-07-03,Delhi,1000
outliers,"Outliers detected in numeric column SALARY using IQR method (IQR multiplier=1.5, lower=5751.625, upper=123940.625)",SALARY,3551,Amit,Sharma,user2550@example.com,,Male,1990-06-12,Chennai,593153
outliers,"Outliers detected in numeric column SALARY using IQR method (IQR multiplier=1.5, lower=5751.625, upper=123940.625)",SALARY,3566,Kavya,Verma,user2565@example.com,9876502565,Female,1988-10-19,Ahmedabad,1000
outliers,"Outliers detected in numeric column SALARY using IQR method (IQR multiplier=1.5, lower=5751.625, upper=123940.625)",SALARY,3581,Kavya,Singh,invalid@,9876502580,Female,2003-02-18,Bangalore,1000000
outliers,"Outliers detected in numeric column SALARY using IQR method (IQR multiplier=1.5, lower=5751.625, upper=123940.625)",SALARY,3596,Priya,Joshi,user2595@example.com,9876502595,Other,1973-04-01,Pune,1000
outliers,"Outliers detected in numeric column SALARY using IQR method (IQR multiplier=1.5, lower=5751.625, upper=123940.625)",SALARY,3611,Anjali,Kumar,user2610@example.com,9876502610,Other,1979-04-27,Delhi,461241
outliers,"Outliers detected in numeric column SALARY using IQR method (IQR multiplier=1.5, lower=5751.625, upper=123940.625)",SALARY,3626,Anjali,Mehta,user2625@example.com,123,Female,1985-07-19,Bangalore,1000
outliers,"Outliers detected in numeric column SALARY using IQR method (IQR multiplier=1.5, lower=5751.625, upper=123940.625)",SALARY,3641,Vijay,Gupta,,9876502640,Other,2012-06-23,Pune,644281
outliers,"Outliers detected in numeric column SALARY using IQR method (IQR multiplier=1.5, lower=5751.625, upper=123940.625)",SALARY,3656,Rakesh,Sharma,user2655@example.com,9876502655,,1980-01-04,Delhi,1000
outliers,"Outliers detected in numeric column SALARY using IQR method (IQR multiplier=1.5, lower=5751.625, upper=123940.625)",SALARY,3671,Anjali,Singh,user2670@example.com,9876502670,Other,2018-01-14,Kolkata,712807
outliers,"Outliers detected in numeric column SALARY using IQR method (IQR multiplier=1.5, lower=5751.625, upper=123940.625)",SALARY,3686,Rakesh,Verma,user2685@example.com,9876502685,,2050-01-01,Mumbai,1000
outliers,"Outliers detected in numeric column SALARY using IQR method (IQR multiplier=1.5, lower=5751.625, upper=123940.625)",SALARY,3701,Amit,Verma,invalid@,,,2008-11-02,Pune,363868
outliers,"Outliers detected in numeric column SALARY using IQR method (IQR multiplier=1.5, lower=5751.625, upper=123940.625)",SALARY,3716,Kavya,Mehta,user2715@example.com,9876502715,Male,1994-08-18,Chennai,1000
outliers,"Outliers detected in numeric column SALARY using IQR method (IQR multiplier=1.5, lower=5751.625, upper=123940.625)",SALARY,3731,Arjun,Sharma,user2730@example.com,9876502730,,2005-09-05,Hyderabad,722112
outliers,"Outliers detected in numeric column SALARY using IQR method (IQR multiplier=1.5, lower=5751.625, upper=123940.625)",SALARY,3746,Arjun,Joshi,user2745@example.com,9876502745,,2001-10-17,Chennai,1000
outliers,"Outliers detected in numeric column SALARY using IQR method (IQR multiplier=1.5, lower=5751.625, upper=123940.625)",SALARY,3761,Sameer,Patel,,9876502760,,2015-12-25,Delhi,930468
outliers,"Outliers detected in numeric column SALARY using IQR method (IQR multiplier=1.5, lower=5751.625, upper=123940.625)",SALARY,3776,Sameer,Sharma,user2775@example.com,123,Male,1997-10-03,Chennai,1000
outliers,"Outliers detected in numeric column SALARY using IQR method (IQR multiplier=1.5, lower=5751.625, upper=123940.625)",SALARY,3791,Arjun,Singh,user2790@example.com,9876502790,Other,2001-08-25,Mumbai,735343
outliers,"Outliers detected in numeric column SALARY using IQR method (IQR multiplier=1.5, lower=5751.625, upper=123940.625)",SALARY,3806,Neha,Verma,user2805@example.com,9876502805,,1976-01-17,Mumbai,1000
outliers,"Outliers detected in numeric column SALARY using IQR method (IQR multiplier=1.5, lower=5751.625, upper=123940.625)",SALARY,3821,Sneha,Gupta,invalid@,9876502820,Other,1984-04-18,Delhi,833606
outliers,"Outliers detected in numeric column SALARY using IQR method (IQR multiplier=1.5, lower=5751.625, upper=123940.625)",SALARY,3836,Amit,Rao,user2835@example.com,9876502835,,1970-02-03,Kolkata,1000
outliers,"Outliers detected in numeric column SALARY using IQR method (IQR multiplier=1.5, lower=5751.625, upper=123940.625)",SALARY,3851,Sameer,Reddy,user2850@example.com,,,2007-02-06,Ahmedabad,1000000
outliers,"Outliers detected in numeric column SALARY using IQR method (IQR multiplier=1.5, lower=5751.625, upper=123940.625)",SALARY,3866,Rakesh,Reddy,user2865@example.com,9876502865,,2017-03-30,Pune,1000
outliers,"Outliers detected in numeric column SALARY using IQR method (IQR multiplier=1.5, lower=5751.625, upper=123940.625)",SALARY,3881,Kavya,Singh,,9876502880,Female,1987-07-10,Mumbai,378357
outliers,"Outliers detected in numeric column SALARY using IQR method (IQR multiplier=1.5, lower=5751.625, upper=123940.625)",SALARY,3896,Sameer,Reddy,user2895@example.com,9876502895,Female,1996-10-17,Bangalore,1000
outliers,"Outliers detected in numeric column SALARY using IQR method (IQR multiplier=1.5, lower=5751.625, upper=123940.625)",SALARY,3911,Neha,Rao,user2910@example.com,9876502910,Other,2006-03-26,Kolkata,298735
outliers,"Outliers detected in numeric column SALARY using IQR method (IQR multiplier=1.5, lower=5751.625, upper=123940.625)",SALARY,3926,Arjun,Gupta,user2925@example.com,123,Other,1974-12-15,Ahmedabad,1000
outliers,"Outliers detected in numeric column SALARY using IQR method (IQR multiplier=1.5, lower=5751.625, upper=123940.625)",SALARY,3941,Arjun,Gupta,invalid@,9876502940,Other,2002-03-18,Delhi,501879
outliers,"Outliers detected in numeric column SALARY using IQR method (IQR multiplier=1.5, lower=5751.625, upper=123940.625)",SALARY,3956,Arjun,Gupta,user2955@example.com,9876502955,Other,1996-08-26,Pune,1000
outliers,"Outliers detected in numeric column SALARY using IQR method (IQR multiplier=1.5, lower=5751.625, upper=123940.625)",SALARY,3971,Anjali,Patel,user2970@example.com,9876502970,,2015-08-02,Kolkata,867456
outliers,"Outliers detected in numeric column SALARY using IQR method (IQR multiplier=1.5, lower=5751.625, upper=123940.625)",SALARY,3986,Priya,Rao,user2985@example.com,9876502985,,1993-08-14,Kolkata,1000
outliers,"Outliers detected in numeric column SALARY using IQR method (IQR multiplier=1.5, lower=5751.625, upper=123940.625)",SALARY,4001,Sneha,Singh,,,Male,1973-09-27,Delhi,786704
outliers,"Outliers detected in numeric column SALARY using IQR method (IQR multiplier=1.5, lower=5751.625, upper=123940.625)",SALARY,4016,Sameer,Sharma,user3015@example.com,9876503015,,1989-08-23,Delhi,1000
outliers,"Outliers detected in numeric column SALARY using IQR method (IQR multiplier=1.5, lower=5751.625, upper=123940.625)",SALARY,4031,Neha,Sharma,user3030@example.com,9876503030,Other,1989-01-27,Kolkata,617117
outliers,"Outliers detected in numeric column SALARY using IQR method (IQR multiplier=1.5, lower=5751.625, upper=123940.625)",SALARY,4046,Kavya,Patel,user3045@example.com,9876503045,Other,2015-07-16,Pune,1000
outliers,"Outliers detected in numeric column SALARY using IQR method (IQR multiplier=1.5, lower=5751.625, upper=123940.625)",SALARY,4061,Anjali,Joshi,invalid@,9876503060,Male,invalid,Chennai,460009
outliers,"Outliers detected in numeric column SALARY using IQR method (IQR multiplier=1.5, lower=5751.625, upper=123940.625)",SALARY,4076,Kavya,Sharma,user3075@example.com,123,Other,1970-08-21,Pune,1000
outliers,"Outliers detected in numeric column SALARY using IQR method (IQR multiplier=1.5, lower=5751.625, upper=123940.625)",SALARY,4091,Sameer,Kumar,user3090@example.com,9876503090,Male,1970-06-09,Ahmedabad,452873
outliers,"Outliers detected in numeric column SALARY using IQR method (IQR multiplier=1.5, lower=5751.625, upper=123940.625)",SALARY,4106,Kavya,Mehta,user3105@example.com,9876503105,Male,1980-09-22,Kolkata,1000
outliers,"Outliers detected in numeric column SALARY using IQR method (IQR multiplier=1.5, lower=5751.625, upper=123940.625)",SALARY,4121,Sneha,Gupta,,9876503120,,invalid,Delhi,715259
outliers,"Outliers detected in numeric column SALARY using IQR method (IQR multiplier=1.5, lower=5751.625, upper=123940.625)",SALARY,4136,Arjun,Reddy,user3135@example.com,9876503135,Male,2009-03-13,Pune,1000
outliers,"Outliers detected in numeric column SALARY using IQR method (IQR multiplier=1.5, lower=5751.625, upper=123940.625)",SALARY,4151,Priya,Kumar,user3150@example.com,,,2012-09-13,Chennai,800602
outliers,"Outliers detected in numeric column SALARY using IQR method (IQR multiplier=1.5, lower=5751.625, upper=123940.625)",SALARY,4166,Vijay,Gupta,user3165@example.com,9876503165,Female,2018-08-12,Mumbai,1000
outliers,"Outliers detected in numeric column SALARY using IQR method (IQR multiplier=1.5, lower=5751.625, upper=123940.625)",SALARY,4181,Priya,Patel,invalid@,9876503180,Male,2009-12-05,Delhi,592793
outliers,"Outliers detected in numeric column SALARY using IQR method (IQR multiplier=1.5, lower=5751.625, upper=123940.625)",SALARY,4196,Sneha,Rao,user3195@example.com,9876503195,,2010-08-19,Delhi,1000
outliers,"Outliers detected in numeric column SALARY using IQR method (IQR multiplier=1.5, lower=5751.625, upper=123940.625)",SALARY,4211,Rakesh,Kumar,user3210@example.com,9876503210,,2004-03-20,Delhi,378222
outliers,"Outliers detected in numeric column SALARY using IQR method (IQR multiplier=1.5, lower=5751.625, upper=123940.625)",SALARY,4226,Kavya,Reddy,user3225@example.com,123,,2009-07-16,Delhi,1000
outliers,"Outliers detected in numeric column SALARY using IQR method (IQR multiplier=1.5, lower=5751.625, upper=123940.625)",SALARY,4241,Amit,Sharma,,9876503240,,2011-04-20,Hyderabad,693743
outliers,"Outliers detected in numeric column SALARY using IQR method (IQR multiplier=1.5, lower=5751.625, upper=123940.625)",SALARY,4256,Sameer,Kumar,user3255@example.com,9876503255,Male,1974-02-23,Chennai,1000
outliers,"Outliers detected in numeric column SALARY using IQR method (IQR multiplier=1.5, lower=5751.625, upper=123940.625)",SALARY,4271,Neha,Rao,user3270@example.com,9876503270,Other,1972-10-11,Bangalore,570646
outliers,"Outliers detected in numeric column SALARY using IQR method (IQR multiplier=1.5, lower=5751.625, upper=123940.625)",SALARY,4286,Kavya,Verma,user3285@example.com,9876503285,Female,2001-02-11,Pune,1000
outliers,"Outliers detected in numeric column SALARY using IQR method (IQR multiplier=1.5, lower=5751.625, upper=123940.625)",SALARY,4301,Vijay,Singh,invalid@,,,2013-10-25,Pune,682781
outliers,"Outliers detected in numeric column SALARY using IQR method (IQR multiplier=1.5, lower=5751.625, upper=123940.625)",SALARY,4316,Priya,Gupta,user3315@example.com,9876503315,Male,2015-02-11,Delhi,1000
outliers,"Outliers detected in numeric column SALARY using IQR method (IQR multiplier=1.5, lower=5751.625, upper=123940.625)",SALARY,4331,Rakesh,Verma,user3330@example.com,9876503330,Female,2005-09-11,Chennai,443479
outliers,"Outliers detected in numeric column SALARY using IQR method (IQR multiplier=1.5, lower=5751.625, upper=123940.625)",SALARY,4346,Rakesh,Reddy,user3345@example.com,9876503345,,1980-07-08,Kolkata,1000
outliers,"Outliers detected in numeric column SALARY using IQR method (IQR multiplier=1.5, lower=5751.625, upper=123940.625)",SALARY,4361,Vijay,Mehta,,9876503360,Other,1976-09-05,Hyderabad,700317
outliers,"Outliers detected in numeric column SALARY using IQR method (IQR multiplier=1.5, lower=5751.625, upper=123940.625)",SALARY,4376,Sameer,Kumar,user3375@example.com,123,Male,2003-08-16,Chennai,1000
outliers,"Outliers detected in numeric column SALARY using IQR method (IQR multiplier=1.5, lower=5751.625, upper=123940.625)",SALARY,4391,Rakesh,Verma,user3390@example.com,9876503390,,2001-06-29,Ahmedabad,248116
outliers,"Outliers detected in numeric column SALARY using IQR method (IQR multiplier=1.5, lower=5751.625, upper=123940.625)",SALARY,4406,Arjun,Rao,user3405@example.com,9876503405,,1999-05-08,Mumbai,1000
outliers,"Outliers detected in numeric column SALARY using IQR method (IQR multiplier=1.5, lower=5751.625, upper=123940.625)",SALARY,4421,Priya,Joshi,invalid@,9876503420,Female,2010-08-22,Mumbai,926689
outliers,"Outliers detected in numeric column SALARY using IQR method (IQR multiplier=1.5, lower=5751.625, upper=123940.625)",SALARY,4436,Vijay,Gupta,user3435@example.com,9876503435,Other,2015-10-21,Pune,1000
outliers,"Outliers detected in numeric column SALARY using IQR method (IQR multiplier=1.5, lower=5751.625, upper=123940.625)",SALARY,4441,Sameer,Gupta,,9876503440,Other,2002-09-02,Pune,145311
outliers,"Outliers detected in numeric column SALARY using IQR method (IQR multiplier=1.5, lower=5751.625, upper=123940.625)",SALARY,4451,Sneha,Reddy,user3450@example.com,,,1995-09-26,Chennai,544531
outliers,"Outliers detected in numeric column SALARY using IQR method (IQR multiplier=1.5, lower=5751.625, upper=123940.625)",SALARY,4466,Kavya,Mehta,user3465@example.com,9876503465,Male,1996-09-22,Ahmedabad,1000
outliers,"Outliers detected in numeric column SALARY using IQR method (IQR multiplier=1.5, lower=5751.625, upper=123940.625)",SALARY,4481,Neha,Singh,,9876503480,Other,1987-01-08,Pune,467309
outliers,"Outliers detected in numeric column SALARY using IQR method (IQR multiplier=1.5, lower=5751.625, upper=123940.625)",SALARY,4496,Neha,Reddy,user3495@example.com,9876503495,Other,1982-09-27,Bangalore,1000
outliers,"Outliers detected in numeric column SALARY using IQR method (IQR multiplier=1.5, lower=5751.625, upper=123940.625)",SALARY,4511,Anjali,Sharma,user3510@example.com,9876503510,Male,2005-12-21,Pune,865479
outliers,"Outliers detected in numeric column SALARY using IQR method (IQR multiplier=1.5, lower=5751.625, upper=123940.625)",SALARY,4526,Vijay,Singh,user3525@example.com,123,Male,2009-04-22,Kolkata,1000
outliers,"Outliers detected in numeric column SALARY using IQR method (IQR multiplier=1.5, lower=5751.625, upper=123940.625)",SALARY,4541,Kavya,Kumar,invalid@,9876503540,,2012-09-13,Chennai,538759
outliers,"Outliers detected in numeric column SALARY using IQR method (IQR multiplier=1.5, lower=5751.625, upper=123940.625)",SALARY,4556,Vijay,Reddy,user3555@example.com,9876503555,Male,2017-07-17,Delhi,1000
outliers,"Outliers detected in numeric column SALARY using IQR method (IQR multiplier=1.5, lower=5751.625, upper=123940.625)",SALARY,4571,Vijay,Singh,user3570@example.com,9876503570,Other,1996-04-29,Pune,681416
outliers,"Outliers detected in numeric column SALARY using IQR method (IQR multiplier=1.5, lower=5751.625, upper=123940.625)",SALARY,4586,Neha,Singh,user3585@example.com,9876503585,Male,1973-07-17,Pune,1000
outliers,"Outliers detected in numeric column SALARY using IQR method (IQR multiplier=1.5, lower=5751.625, upper=123940.625)",SALARY,4601,Arjun,Rao,,,Other,1996-04-03,Ahmedabad,853188
outliers,"Outliers detected in numeric column SALARY using IQR method (IQR multiplier=1.5, lower=5751.625, upper=123940.625)",SALARY,4616,Priya,Mehta,user3615@example.com,9876503615,,2000-07-08,Ahmedabad,1000
outliers,"Outliers detected in numeric column SALARY using IQR method (IQR multiplier=1.5, lower=5751.625, upper=123940.625)",SALARY,4631,Amit,Kumar,user3630@example.com,9876503630,Female,2005-12-19,Bangalore,899092
outliers,"Outliers detected in numeric column SALARY using IQR method (IQR multiplier=1.5, lower=5751.625, upper=123940.625)",SALARY,4646,Vijay,Mehta,user3645@example.com,9876503645,,1987-08-18,Kolkata,1000
outliers,"Outliers detected in numeric column SALARY using IQR method (IQR multiplier=1.5, lower=5751.625, upper=123940.625)",SALARY,4661,Sameer,Joshi,invalid@,9876503660,,2000-05-13,Kolkata,515575
outliers,"Outliers detected in numeric column SALARY using IQR method (IQR multiplier=1.5, lower=5751.625, upper=123940.625)",SALARY,4676,Priya,Reddy,user3675@example.com,123,,2003-12-06,Ahmedabad,1000
outliers,"Outliers detected in numeric column SALARY using IQR method (IQR multiplier=1.5, lower=5751.625, upper=123940.625)",SALARY,4691,Sameer,Joshi,user3690@example.com,9876503690,,1992-05-07,Bangalore,490141
outliers,"Outliers detected in numeric column SALARY using IQR method (IQR multiplier=1.5, lower=5751.625, upper=123940.625)",SALARY,4706,Priya,Singh,user3705@example.com,9876503705,Female,2016-06-05,Delhi,1000
outliers,"Outliers detected in numeric column SALARY using IQR method (IQR multiplier=1.5, lower=5751.625, upper=123940.625)",SALARY,4707,Rakesh,Rao,user3706@example.com,9876503706,Female,1972-02-14,Chennai,128500
outliers,"Outliers detected in numeric column SALARY using IQR method (IQR multiplier=1.5, lower=5751.625, upper=123940.625)",SALARY,4721,Arjun,Reddy,,9876503720,,1999-12-12,Delhi,858912
outliers,"Outliers detected in numeric column SALARY using IQR method (IQR multiplier=1.5, lower=5751.625, upper=123940.625)",SALARY,4736,Kavya,Singh,user3735@example.com,9876503735,Female,2017-11-04,Chennai,1000
outliers,"Outliers detected in numeric column SALARY using IQR method (IQR multiplier=1.5, lower=5751.625, upper=123940.625)",SALARY,4751,Neha,Gupta,user3750@example.com,,Female,2012-06-12,Bangalore,283111
outliers,"Outliers detected in numeric column SALARY using IQR method (IQR multiplier=1.5, lower=5751.625, upper=123940.625)",SALARY,4766,Sameer,Joshi,user3765@example.com,9876503765,Other,1986-08-23,Kolkata,1000
outliers,"Outliers detected in numeric column SALARY using IQR method (IQR multiplier=1.5, lower=5751.625, upper=123940.625)",SALARY,4781,Sneha,Reddy,invalid@,9876503780,,2009-11-11,Hyderabad,738346
outliers,"Outliers detected in numeric column SALARY using IQR method (IQR multiplier=1.5, lower=5751.625, upper=123940.625)",SALARY,4796,Sneha,Joshi,user3795@example.com,9876503795,,2000-08-11,Ahmedabad,1000
outliers,"Outliers detected in numeric column SALARY using IQR method (IQR multiplier=1.5, lower=5751.625, upper=123940.625)",SALARY,4811,Neha,Mehta,user3810@example.com,9876503810,,1976-11-01,Chennai,823355
outliers,"Outliers detected in numeric column SALARY using IQR method (IQR multiplier=1.5, lower=5751.625, upper=123940.625)",SALARY,4826,Kavya,Gupta,user3825@example.com,123,,1999-10-08,Pune,1000
outliers,"Outliers detected in numeric column SALARY using IQR method (IQR multiplier=1.5, lower=5751.625, upper=123940.625)",SALARY,4841,Priya,Reddy,,9876503840,Female,1996-08-02,Ahmedabad,582632
outliers,"Outliers detected in numeric column SALARY using IQR method (IQR multiplier=1.5, lower=5751.625, upper=123940.625)",SALARY,4856,Rakesh,Rao,user3855@example.com,9876503855,,2012-05-02,Delhi,1000
outliers,"Outliers detected in numeric column SALARY using IQR method (IQR multiplier=1.5, lower=5751.625, upper=123940.625)",SALARY,4871,Kavya,Rao,user3870@example.com,9876503870,Other,2000-11-07,Hyderabad,920089
outliers,"Outliers detected in numeric column SALARY using IQR method (IQR multiplier=1.5, lower=5751.625, upper=123940.625)",SALARY,4886,Sameer,Patel,user3885@example.com,9876503885,,invalid,Hyderabad,1000
outliers,"Outliers detected in numeric column SALARY using IQR method (IQR multiplier=1.5, lower=5751.625, upper=123940.625)",SALARY,4901,Arjun,Sharma,invalid@,,,1997-06-19,Bangalore,744595
outliers,"Outliers detected in numeric column SALARY using IQR method (IQR multiplier=1.5, lower=5751.625, upper=123940.625)",SALARY,4916,Arjun,Verma,user3915@example.com,9876503915,,2050-01-01,Hyderabad,1000
outliers,"Outliers detected in numeric column SALARY using IQR method (IQR multiplier=1.5, lower=5751.625, upper=123940.625)",SALARY,4931,Anjali,Mehta,user3930@example.com,9876503930,Male,2015-10-04,Pune,795622
outliers,"Outliers detected in numeric column SALARY using IQR method (IQR multiplier=1.5, lower=5751.625, upper=123940.625)",SALARY,4946,Vijay,Reddy,user3945@example.com,9876503945,Male,1999-09-12,Chennai,1000
outliers,"Outliers detected in numeric column SALARY using IQR method (IQR multiplier=1.5, lower=5751.625, upper=123940.625)",SALARY,4961,Kavya,Singh,,9876503960,,2000-01-06,Pune,752941
outliers,"Outliers detected in numeric column SALARY using IQR method (IQR multiplier=1.5, lower=5751.625, upper=123940.625)",SALARY,4976,Arjun,Kumar,user3975@example.com,123,Other,2000-06-21,Bangalore,1000
outliers,"Outliers detected in numeric column SALARY using IQR method (IQR multiplier=1.5, lower=5751.625, upper=123940.625)",SALARY,4991,Vijay,Gupta,user3990@example.com,9876503990,,2011-09-27,Hyderabad,833266
outliers,"Outliers detected in numeric column SALARY using IQR method (IQR multiplier=1.5, lower=5751.625, upper=123940.625)",SALARY,5006,Anjali,Gupta,user4005@example.com,9876504005,,1999-04-19,Hyderabad,1000
outliers,"Outliers detected in numeric column SALARY using IQR method (IQR multiplier=1.5, lower=5751.625, upper=123940.625)",SALARY,5021,Priya,Verma,invalid@,9876504020,Male,2005-04-13,Mumbai,782318
outliers,"Outliers detected in numeric column SALARY using IQR method (IQR multiplier=1.5, lower=5751.625, upper=123940.625)",SALARY,5036,Arjun,Singh,user4035@example.com,9876504035,Other,2001-08-27,Delhi,1000
outliers,"Outliers detected in numeric column SALARY using IQR method (IQR multiplier=1.5, lower=5751.625, upper=123940.625)",SALARY,5051,Anjali,Reddy,user4050@example.com,,Male,1991-11-19,Hyderabad,732573
outliers,"Outliers detected in numeric column SALARY using IQR method (IQR multiplier=1.5, lower=5751.625, upper=123940.625)",SALARY,5066,Priya,Kumar,user4065@example.com,9876504065,Other,1977-07-31,Kolkata,1000
outliers,"Outliers detected in numeric column SALARY using IQR method (IQR multiplier=1.5, lower=5751.625, upper=123940.625)",SALARY,5081,Amit,Singh,,9876504080,,1991-08-19,Chennai,422162
outliers,"Outliers detected in numeric column SALARY using IQR method (IQR multiplier=1.5, lower=5751.625, upper=123940.625)",SALARY,5096,Sameer,Verma,user4095@example.com,9876504095,,1993-04-08,Hyderabad,1000
outliers,"Outliers detected in numeric column SALARY using IQR method (IQR multiplier=1.5, lower=5751.625, upper=123940.625)",SALARY,5111,Sameer,Kumar,user4110@example.com,9876504110,Male,2016-12-10,Chennai,555377
outliers,"Outliers detected in numeric column SALARY using IQR method (IQR multiplier=1.5, lower=5751.625, upper=123940.625)",SALARY,5126,Sneha,Sharma,user4125@example.com,123,Female,2010-10-09,Pune,1000
outliers,"Outliers detected in numeric column SALARY using IQR method (IQR multiplier=1.5, lower=5751.625, upper=123940.625)",SALARY,5141,Arjun,Sharma,invalid@,9876504140,Female,1989-07-25,Chennai,906389
outliers,"Outliers detected in numeric column SALARY using IQR method (IQR multiplier=1.5, lower=5751.625, upper=123940.625)",SALARY,5156,Sameer,Gupta,user4155@example.com,9876504155,,1998-06-15,Pune,1000
outliers,"Outliers detected in numeric column SALARY using IQR method (IQR multiplier=1.5, lower=5751.625, upper=123940.625)",SALARY,5171,Sneha,Rao,user4170@example.com,9876504170,,2012-08-09,Chennai,1000000
outliers,"Outliers detected in numeric column SALARY using IQR method (IQR multiplier=1.5, lower=5751.625, upper=123940.625)",SALARY,5186,Sameer,Rao,user4185@example.com,9876504185,,1989-11-09,Kolkata,1000
outliers,"Outliers detected in numeric column SALARY using IQR method (IQR multiplier=1.5, lower=5751.625, upper=123940.625)",SALARY,5201,Sneha,Mehta,,,Other,1988-08-29,Ahmedabad,666703
outliers,"Outliers detected in numeric column SALARY using IQR method (IQR multiplier=1.5, lower=5751.625, upper=123940.625)",SALARY,5216,Anjali,Kumar,user4215@example.com,9876504215,Female,1972-06-28,Bangalore,1000
outliers,"Outliers detected in numeric column SALARY using IQR method (IQR multiplier=1.5, lower=5751.625, upper=123940.625)",SALARY,5217,Arjun,Mehta,user4216@example.com,9876504216,,2002-02-02,Bangalore,150977
outliers,"Outliers detected in numeric column SALARY using IQR method (IQR multiplier=1.5, lower=5751.625, upper=123940.625)",SALARY,5231,Sneha,Patel,user4230@example.com,9876504230,Female,2004-02-16,Delhi,585756
outliers,"Outliers detected in numeric column SALARY using IQR method (IQR multiplier=1.5, lower=5751.625, upper=123940.625)",SALARY,5246,Vijay,Gupta,user4245@example.com,9876504245,Male,1984-03-04,Ahmedabad,1000
outliers,"Outliers detected in numeric column SALARY using IQR method (IQR multiplier=1.5, lower=5751.625, upper=123940.625)",SALARY,5261,Amit,Gupta,invalid@,9876504260,Other,2004-01-08,Ahmedabad,692805
outliers,"Outliers detected in numeric column SALARY using IQR method (IQR multiplier=1.5, lower=5751.625, upper=123940.625)",SALARY,5276,Rakesh,Joshi,user4275@example.com,123,,1987-06-30,Bangalore,1000
outliers,"Outliers detected in numeric column SALARY using IQR method (IQR multiplier=1.5, lower=5751.625, upper=123940.625)",SALARY,5291,Priya,Patel,user4290@example.com,9876504290,Other,1975-02-11,Ahmedabad,716474
outliers,"Outliers detected in numeric column SALARY using IQR method (IQR multiplier=1.5, lower=5751.625, upper=123940.625)",SALARY,5306,Priya,Singh,user4305@example.com,9876504305,Male,1973-07-23,Pune,1000
outliers,"Outliers detected in numeric column SALARY using IQR method (IQR multiplier=1.5, lower=5751.625, upper=123940.625)",SALARY,5321,Sameer,Patel,,9876504320,Male,1989-05-01,Kolkata,301939
outliers,"Outliers detected in numeric column SALARY using IQR method (IQR multiplier=1.5, lower=5751.625, upper=123940.625)",SALARY,5336,Neha,Joshi,user4335@example.com,9876504335,Male,1976-03-08,Chennai,1000
outliers,"Outliers detected in numeric column SALARY using IQR method (IQR multiplier=1.5, lower=5751.625, upper=123940.625)",SALARY,5351,Amit,Reddy,user4350@example.com,,,1986-10-21,Kolkata,332468
outliers,"Outliers detected in numeric column SALARY using IQR method (IQR multiplier=1.5, lower=5751.625, upper=123940.625)",SALARY,5366,Kavya,Sharma,user4365@example.com,9876504365,,1990-05-28,Delhi,1000
outliers,"Outliers detected in numeric column SALARY using IQR method (IQR multiplier=1.5, lower=5751.625, upper=123940.625)",SALARY,5381,Rakesh,Patel,invalid@,9876504380,Female,1975-04-17,Kolkata,491545
outliers,"Outliers detected in numeric column SALARY using IQR method (IQR multiplier=1.5, lower=5751.625, upper=123940.625)",SALARY,5396,Neha,Gupta,user4395@example.com,9876504395,,2001-01-29,Chennai,1000
outliers,"Outliers detected in numeric column SALARY using IQR method (IQR multiplier=1.5, lower=5751.625, upper=123940.625)",SALARY,5411,Amit,Verma,user4410@example.com,9876504410,Other,2012-02-28,Ahmedabad,383725
outliers,"Outliers detected in numeric column SALARY using IQR method (IQR multiplier=1.5, lower=5751.625, upper=123940.625)",SALARY,5426,Anjali,Reddy,user4425@example.com,123,Male,1995-09-09,Hyderabad,1000
outliers,"Outliers detected in numeric column SALARY using IQR method (IQR multiplier=1.5, lower=5751.625, upper=123940.625)",SALARY,5441,Sneha,Reddy,,9876504440,Other,1981-05-12,Hyderabad,512731
outliers,"Outliers detected in numeric column SALARY using IQR method (IQR multiplier=1.5, lower=5751.625, upper=123940.625)",SALARY,5456,Kavya,Mehta,user4455@example.com,9876504455,Other,1971-07-01,Chennai,1000
outliers,"Outliers detected in numeric column SALARY using IQR method (IQR multiplier=1.5, lower=5751.625, upper=123940.625)",SALARY,5471,Arjun,Gupta,user4470@example.com,9876504470,Other,1980-01-18,Ahmedabad,477773
outliers,"Outliers detected in numeric column SALARY using IQR method (IQR multiplier=1.5, lower=5751.625, upper=123940.625)",SALARY,5486,Sneha,Sharma,user4485@example.com,9876504485,,2011-05-01,Kolkata,1000
outliers,"Outliers detected in numeric column SALARY using IQR method (IQR multiplier=1.5, lower=5751.625, upper=123940.625)",SALARY,5501,Amit,Verma,invalid@,,,1980-06-16,Delhi,645004
outliers,"Outliers detected in numeric column SALARY using IQR method (IQR multiplier=1.5, lower=5751.625, upper=123940.625)",SALARY,5516,Anjali,Reddy,user4515@example.com,9876504515,Other,2016-04-27,Kolkata,1000
outliers,"Outliers detected in numeric column SALARY using IQR method (IQR multiplier=1.5, lower=5751.625, upper=123940.625)",SALARY,5531,Priya,Patel,user4530@example.com,9876504530,Other,1976-03-04,Ahmedabad,673193
outliers,"Outliers detected in numeric column SALARY using IQR method (IQR multiplier=1.5, lower=5751.625, upper=123940.625)",SALARY,5546,Anjali,Joshi,user4545@example.com,9876504545,Female,1982-12-02,Delhi,1000
outliers,"Outliers detected in numeric column SALARY using IQR method (IQR multiplier=1.5, lower=5751.625, upper=123940.625)",SALARY,5561,Arjun,Mehta,,9876504560,Female,2003-08-22,Kolkata,814959
outliers,"Outliers detected in numeric column SALARY using IQR method (IQR multiplier=1.5, lower=5751.625, upper=123940.625)",SALARY,5576,Priya,Joshi,user4575@example.com,123,,2015-01-13,Delhi,1000
outliers,"Outliers detected in numeric column SALARY using IQR method (IQR multiplier=1.5, lower=5751.625, upper=123940.625)",SALARY,5591,Anjali,Reddy,user4590@example.com,9876504590,,1991-01-26,Pune,598867
outliers,"Outliers detected in numeric column SALARY using IQR method (IQR multiplier=1.5, lower=5751.625, upper=123940.625)",SALARY,5606,Vijay,Rao,user4605@example.com,9876504605,,2001-11-09,Mumbai,1000
outliers,"Outliers detected in numeric column SALARY using IQR method (IQR multiplier=1.5, lower=5751.625, upper=123940.625)",SALARY,5621,Sneha,Gupta,invalid@,9876504620,,2002-11-29,Hyderabad,915970
outliers,"Outliers detected in numeric column SALARY using IQR method (IQR multiplier=1.5, lower=5751.625, upper=123940.625)",SALARY,5636,Rakesh,Singh,user4635@example.com,9876504635,Male,1996-10-07,Hyderabad,1000
outliers,"Outliers detected in numeric column SALARY using IQR method (IQR multiplier=1.5, lower=5751.625, upper=123940.625)",SALARY,5651,Sameer,Singh,user4650@example.com,,Other,1977-08-18,Hyderabad,783361
outliers,"Outliers detected in numeric column SALARY using IQR method (IQR multiplier=1.5, lower=5751.625, upper=123940.625)",SALARY,5666,Anjali,Verma,user4665@example.com,9876504665,Male,1985-10-08,Mumbai,1000
outliers,"Outliers detected in numeric column SALARY using IQR method (IQR multiplier=1.5, lower=5751.625, upper=123940.625)",SALARY,5681,Sneha,Rao,,9876504680,Male,1996-08-19,Hyderabad,360942
outliers,"Outliers detected in numeric column SALARY using IQR method (IQR multiplier=1.5, lower=5751.625, upper=123940.625)",SALARY,5696,Sameer,Mehta,user4695@example.com,9876504695,,2018-03-07,Ahmedabad,1000
outliers,"Outliers detected in numeric column SALARY using IQR method (IQR multiplier=1.5, lower=5751.625, upper=123940.625)",SALARY,5711,Amit,Joshi,user4710@example.com,9876504710,,2050-01-01,Mumbai,419490
outliers,"Outliers detected in numeric column SALARY using IQR method (IQR multiplier=1.5, lower=5751.625, upper=123940.625)",SALARY,5726,Priya,Patel,user4725@example.com,123,,1970-01-14,Delhi,1000
outliers,"Outliers detected in numeric column SALARY using IQR method (IQR multiplier=1.5, lower=5751.625, upper=123940.625)",SALARY,5741,Arjun,Joshi,invalid@,9876504740,,2016-04-22,Mumbai,472923
outliers,"Outliers detected in numeric column SALARY using IQR method (IQR multiplier=1.5, lower=5751.625, upper=123940.625)",SALARY,5756,Arjun,Mehta,user4755@example.com,9876504755,,1977-10-11,Kolkata,1000
outliers,"Outliers detected in numeric column SALARY using IQR method (IQR multiplier=1.5, lower=5751.625, upper=123940.625)",SALARY,5771,Sameer,Joshi,user4770@example.com,9876504770,Male,1995-11-05,Pune,574850
outliers,"Outliers detected in numeric column SALARY using IQR method (IQR multiplier=1.5, lower=5751.625, upper=123940.625)",SALARY,5786,Arjun,Gupta,user4785@example.com,9876504785,,2010-11-15,Pune,1000
outliers,"Outliers detected in numeric column SALARY using IQR method (IQR multiplier=1.5, lower=5751.625, upper=123940.625)",SALARY,5801,Sameer,Kumar,,,Male,1985-12-17,Delhi,470264
outliers,"Outliers detected in numeric column SALARY using IQR method (IQR multiplier=1.5, lower=5751.625, upper=123940.625)",SALARY,5816,Sneha,Gupta,user4815@example.com,9876504815,Male,2008-05-21,Pune,1000
outliers,"Outliers detected in numeric column SALARY using IQR method (IQR multiplier=1.5, lower=5751.625, upper=123940.625)",SALARY,5831,Priya,Joshi,user4830@example.com,9876504830,,1973-08-14,Chennai,765384
outliers,"Outliers detected in numeric column SALARY using IQR method (IQR multiplier=1.5, lower=5751.625, upper=123940.625)",SALARY,5846,Sameer,Singh,user4845@example.com,9876504845,,1992-03-11,Pune,1000
outliers,"Outliers detected in numeric column SALARY using IQR method (IQR multiplier=1.5, lower=5751.625, upper=123940.625)",SALARY,5861,Neha,Rao,invalid@,9876504860,,1980-08-19,Hyderabad,579900
outliers,"Outliers detected in numeric column SALARY using IQR method (IQR multiplier=1.5, lower=5751.625, upper=123940.625)",SALARY,5876,Anjali,Kumar,user4875@example.com,123,Other,2004-03-17,Hyderabad,1000
outliers,"Outliers detected in numeric column SALARY using IQR method (IQR multiplier=1.5, lower=5751.625, upper=123940.625)",SALARY,5891,Anjali,Reddy,user4890@example.com,9876504890,,2018-04-07,Chennai,664652
outliers,"Outliers detected in numeric column SALARY using IQR method (IQR multiplier=1.5, lower=5751.625, upper=123940.625)",SALARY,5906,Anjali,Reddy,user4905@example.com,9876504905,Male,2002-07-15,Ahmedabad,1000
outliers,"Outliers detected in numeric column SALARY using IQR method (IQR multiplier=1.5, lower=5751.625, upper=123940.625)",SALARY,5921,Priya,Sharma,,9876504920,Female,1984-05-23,Hyderabad,581599
outliers,"Outliers detected in numeric column SALARY using IQR method (IQR multiplier=1.5, lower=5751.625, upper=123940.625)",SALARY,5936,Neha,Mehta,user4935@example.com,9876504935,,1980-11-14,Mumbai,1000
outliers,"Outliers detected in numeric column SALARY using IQR method (IQR multiplier=1.5, lower=5751.625, upper=123940.625)",SALARY,5951,Kavya,Joshi,user4950@example.com,,Other,1984-01-16,Kolkata,943762
outliers,"Outliers detected in numeric column SALARY using IQR method (IQR multiplier=1.5, lower=5751.625, upper=123940.625)",SALARY,5966,Sameer,Verma,user4965@example.com,9876504965,,1974-12-19,Ahmedabad,1000
outliers,"Outliers detected in numeric column SALARY using IQR method (IQR multiplier=1.5, lower=5751.625, upper=123940.625)",SALARY,5981,Amit,Verma,invalid@,9876504980,,2011-12-06,Pune,749983
outliers,"Outliers detected in numeric column SALARY using IQR method (IQR multiplier=1.5, lower=5751.625, upper=123940.625)",SALARY,5996,Amit,Singh,user4995@example.com,9876504995,Other,1992-11-13,Pune,1000
outliers,"Outliers detected in numeric column SALARY using IQR method (IQR multiplier=1.5, lower=5751.625, upper=123940.625)",SALARY,5997,Neha,Verma,user4996@example.com,9876504996,,1998-06-02,Hyderabad,5301
outliers,"Outliers detected in numeric column SALARY using IQR method (IQR multiplier=1.5, lower=5751.625, upper=123940.625)",SALARY,6011,Neha,Patel,user5010@example.com,9876505010,Male,1997-04-08,Kolkata,613906
outliers,"Outliers detected in numeric column SALARY using IQR method (IQR multiplier=1.5, lower=5751.625, upper=123940.625)",SALARY,6026,Neha,Reddy,user5025@example.com,123,,2010-10-07,Kolkata,1000
outliers,"Outliers detected in numeric column SALARY using IQR method (IQR multiplier=1.5, lower=5751.625, upper=123940.625)",SALARY,6041,Neha,Kumar,,9876505040,Male,1993-09-18,Hyderabad,751953
outliers,"Outliers detected in numeric column SALARY using IQR method (IQR multiplier=1.5, lower=5751.625, upper=123940.625)",SALARY,6056,Vijay,Patel,user5055@example.com,9876505055,Female,2050-01-01,Hyderabad,1000
outliers,"Outliers detected in numeric column SALARY using IQR method (IQR multiplier=1.5, lower=5751.625, upper=123940.625)",SALARY,6071,Amit,Mehta,user5070@example.com,9876505070,,1987-11-09,Chennai,693600
outliers,"Outliers detected in numeric column SALARY using IQR method (IQR multiplier=1.5, lower=5751.625, upper=123940.625)",SALARY,6086,Neha,Rao,user5085@example.com,9876505085,Male,2011-12-15,Mumbai,1000
outliers,"Outliers detected in numeric column SALARY using IQR method (IQR multiplier=1.5, lower=5751.625, upper=123940.625)",SALARY,6101,Priya,Singh,invalid@,,Male,2019-03-27,Ahmedabad,931532
outliers,"Outliers detected in numeric column SALARY using IQR method (IQR multiplier=1.5, lower=5751.625, upper=123940.625)",SALARY,6116,Kavya,Rao,user5115@example.com,9876505115,Male,2012-03-22,Kolkata,1000
outliers,"Outliers detected in numeric column SALARY using IQR method (IQR multiplier=1.5, lower=5751.625, upper=123940.625)",SALARY,6131,Kavya,Patel,user5130@example.com,9876505130,Other,1981-05-23,Pune,1000000
outliers,"Outliers detected in numeric column SALARY using IQR method (IQR multiplier=1.5, lower=5751.625, upper=123940.625)",SALARY,6146,Rakesh,Rao,user5145@example.com,9876505145,,2010-05-10,Mumbai,1000
outliers,"Outliers detected in numeric column SALARY using IQR method (IQR multiplier=1.5, lower=5751.625, upper=123940.625)",SALARY,6161,Neha,Gupta,,9876505160,,1993-05-01,Delhi,839976
outliers,"Outliers detected in numeric column SALARY using IQR method (IQR multiplier=1.5, lower=5751.625, upper=123940.625)",SALARY,6176,Amit,Patel,user5175@example.com,123,Female,2002-09-05,Ahmedabad,1000
outliers,"Outliers detected in numeric column SALARY using IQR method (IQR multiplier=1.5, lower=5751.625, upper=123940.625)",SALARY,6191,Amit,Kumar,user5190@example.com,9876505190,,1985-07-22,Ahmedabad,661454
outliers,"Outliers detected in numeric column SALARY using IQR method (IQR multiplier=1.5, lower=5751.625, upper=123940.625)",SALARY,6206,Neha,Verma,user5205@example.com,9876505205,Other,invalid,Chennai,1000
outliers,"Outliers detected in numeric column SALARY using IQR method (IQR multiplier=1.5, lower=5751.625, upper=123940.625)",SALARY,6221,Kavya,Sharma,invalid@,9876505220,,1981-10-29,Chennai,668882
outliers,"Outliers detected in numeric column SALARY using IQR method (IQR multiplier=1.5, lower=5751.625, upper=123940.625)",SALARY,6236,Priya,Verma,user5235@example.com,9876505235,,2002-08-19,Chennai,1000
outliers,"Outliers detected in numeric column SALARY using IQR method (IQR multiplier=1.5, lower=5751.625, upper=123940.625)",SALARY,6251,Anjali,Singh,user5250@example.com,,Other,2015-02-02,Bangalore,764117
outliers,"Outliers detected in numeric column SALARY using IQR method (IQR multiplier=1.5, lower=5751.625, upper=123940.625)",SALARY,6266,Neha,Mehta,user5265@example.com,9876505265,Female,1982-11-09,Delhi,1000
outliers,"Outliers detected in numeric column SALARY using IQR method (IQR multiplier=1.5, lower=5751.625, upper=123940.625)",SALARY,6281,Anjali,Verma,,9876505280,Female,1997-07-30,Ahmedabad,922656
outliers,"Outliers detected in numeric column SALARY using IQR method (IQR multiplier=1.5, lower=5751.625, upper=123940.625)",SALARY,6296,Arjun,Joshi,user5295@example.com,9876505295,Female,1982-07-12,Ahmedabad,1000
outliers,"Outliers detected in numeric column SALARY using IQR method (IQR multiplier=1.5, lower=5751.625, upper=123940.625)",SALARY,6311,Sameer,Kumar,user5310@example.com,9876505310,Female,1983-03-21,Delhi,262395
outliers,"Outliers detected in numeric column SALARY using IQR method (IQR multiplier=1.5, lower=5751.625, upper=123940.625)",SALARY,6326,Vijay,Patel,user5325@example.com,123,Other,1981-02-19,Kolkata,1000
outliers,"Outliers detected in numeric column SALARY using IQR method (IQR multiplier=1.5, lower=5751.625, upper=123940.625)",SALARY,6341,Arjun,Gupta,invalid@,9876505340,,2002-04-19,Delhi,690820
outliers,"Outliers detected in numeric column SALARY using IQR method (IQR multiplier=1.5, lower=5751.625, upper=123940.625)",SALARY,6356,Sneha,Mehta,user5355@example.com,9876505355,Other,2009-02-12,Chennai,1000
outliers,"Outliers detected in numeric column SALARY using IQR method (IQR multiplier=1.5, lower=5751.625, upper=123940.625)",SALARY,6371,Vijay,Mehta,user5370@example.com,9876505370,Other,1979-01-17,Mumbai,938705
outliers,"Outliers detected in numeric column SALARY using IQR method (IQR multiplier=1.5, lower=5751.625, upper=123940.625)",SALARY,6386,Priya,Mehta,user5385@example.com,9876505385,,1971-04-21,Delhi,1000
outliers,"Outliers detected in numeric column SALARY using IQR method (IQR multiplier=1.5, lower=5751.625, upper=123940.625)",SALARY,6401,Vijay,Kumar,,,Female,2016-07-10,Kolkata,478993
outliers,"Outliers detected in numeric column SALARY using IQR method (IQR multiplier=1.5, lower=5751.625, upper=123940.625)",SALARY,6416,Priya,Patel,user5415@example.com,9876505415,,1979-06-10,Mumbai,1000
outliers,"Outliers detected in numeric column SALARY using IQR method (IQR multiplier=1.5, lower=5751.625, upper=123940.625)",SALARY,6431,Vijay,Reddy,user5430@example.com,9876505430,Male,2001-06-15,Bangalore,586468
outliers,"Outliers detected in numeric column SALARY using IQR method (IQR multiplier=1.5, lower=5751.625, upper=123940.625)",SALARY,6446,Anjali,Kumar,user5445@example.com,9876505445,,2050-01-01,Kolkata,1000
outliers,"Outliers detected in numeric column SALARY using IQR method (IQR multiplier=1.5, lower=5751.625, upper=123940.625)",SALARY,6461,Sneha,Singh,invalid@,9876505460,Other,2006-04-04,Kolkata,826399
outliers,"Outliers detected in numeric column SALARY using IQR method (IQR multiplier=1.5, lower=5751.625, upper=123940.625)",SALARY,6476,Amit,Rao,user5475@example.com,123,,1984-02-24,Bangalore,1000
outliers,"Outliers detected in numeric column SALARY using IQR method (IQR multiplier=1.5, lower=5751.625, upper=123940.625)",SALARY,6491,Vijay,Joshi,user5490@example.com,9876505490,Other,1978-07-08,Bangalore,626212
outliers,"Outliers detected in numeric column SALARY using IQR method (IQR multiplier=1.5, lower=5751.625, upper=123940.625)",SALARY,6506,Vijay,Mehta,user5505@example.com,9876505505,,2050-01-01,Ahmedabad,1000
outliers,"Outliers detected in numeric column SALARY using IQR method (IQR multiplier=1.5, lower=5751.625, upper=123940.625)",SALARY,6521,Neha,Mehta,,9876505520,,2005-04-13,Delhi,615942
outliers,"Outliers detected in numeric column SALARY using IQR method (IQR multiplier=1.5, lower=5751.625, upper=123940.625)",SALARY,6536,Anjali,Sharma,user5535@example.com,9876505535,Female,1997-09-14,Bangalore,1000
outliers,"Outliers detected in numeric column SALARY using IQR method (IQR multiplier=1.5, lower=5751.625, upper=123940.625)",SALARY,6551,Sameer,Singh,user5550@example.com,,,1994-02-14,Hyderabad,514253
outliers,"Outliers detected in numeric column SALARY using IQR method (IQR multiplier=1.5, lower=5751.625, upper=123940.625)",SALARY,6566,Amit,Rao,user5565@example.com,9876505565,,2015-12-04,Hyderabad,1000
outliers,"Outliers detected in numeric column SALARY using IQR method (IQR multiplier=1.5, lower=5751.625, upper=123940.625)",SALARY,6581,Kavya,Mehta,invalid@,9876505580,,2006-05-28,Kolkata,504129
outliers,"Outliers detected in numeric column SALARY using IQR method (IQR multiplier=1.5, lower=5751.625, upper=123940.625)",SALARY,6596,Neha,Rao,user5595@example.com,9876505595,,1976-01-25,Hyderabad,1000
outliers,"Outliers detected in numeric column SALARY using IQR method (IQR multiplier=1.5, lower=5751.625, upper=123940.625)",SALARY,6611,Vijay,Joshi,user5610@example.com,9876505610,Male,2015-02-13,Delhi,833001
outliers,"Outliers detected in numeric column SALARY using IQR method (IQR multiplier=1.5, lower=5751.625, upper=123940.625)",SALARY,6626,Sameer,Kumar,user5625@example.com,123,Female,1984-10-22,Chennai,1000
outliers,"Outliers detected in numeric column SALARY using IQR method (IQR multiplier=1.5, lower=5751.625, upper=123940.625)",SALARY,6641,Kavya,Kumar,,9876505640,Male,1974-02-23,Mumbai,835474
outliers,"Outliers detected in numeric column SALARY using IQR method (IQR multiplier=1.5, lower=5751.625, upper=123940.625)",SALARY,6656,Kavya,Singh,user5655@example.com,9876505655,,2001-03-08,Kolkata,1000
outliers,"Outliers detected in numeric column SALARY using IQR method (IQR multiplier=1.5, lower=5751.625, upper=123940.625)",SALARY,6671,Neha,Joshi,user5670@example.com,9876505670,,2016-02-16,Kolkata,812744
outliers,"Outliers detected in numeric column SALARY using IQR method (IQR multiplier=1.5, lower=5751.625, upper=123940.625)",SALARY,6680,Sameer,Kumar,user5679@example.com,9876505679,Female,1989-09-09,Hyderabad,131747
outliers,"Outliers detected in numeric column SALARY using IQR method (IQR multiplier=1.5, lower=5751.625, upper=123940.625)",SALARY,6686,Neha,Patel,user5685@example.com,9876505685,,1970-09-17,Ahmedabad,1000
outliers,"Outliers detected in numeric column SALARY using IQR method (IQR multiplier=1.5, lower=5751.625, upper=123940.625)",SALARY,6701,Sneha,Verma,invalid@,,,2007-03-03,Mumbai,454068
outliers,"Outliers detected in numeric column SALARY using IQR method (IQR multiplier=1.5, lower=5751.625, upper=123940.625)",SALARY,6716,Amit,Joshi,user5715@example.com,9876505715,Other,1990-12-10,Mumbai,1000
outliers,"Outliers detected in numeric column SALARY using IQR method (IQR multiplier=1.5, lower=5751.625, upper=123940.625)",SALARY,6731,Amit,Gupta,user5730@example.com,9876505730,Other,1993-03-12,Bangalore,664038
outliers,"Outliers detected in numeric column SALARY using IQR method (IQR multiplier=1.5, lower=5751.625, upper=123940.625)",SALARY,6746,Vijay,Patel,user5745@example.com,9876505745,Male,2004-12-30,Kolkata,1000
outliers,"Outliers detected in numeric column SALARY using IQR method (IQR multiplier=1.5, lower=5751.625, upper=123940.625)",SALARY,6761,Sneha,Patel,,9876505760,Male,1979-09-25,Ahmedabad,744081
outliers,"Outliers detected in numeric column SALARY using IQR method (IQR multiplier=1.5, lower=5751.625, upper=123940.625)",SALARY,6776,Priya,Sharma,user5775@example.com,123,Female,1974-09-16,Mumbai,1000
outliers,"Outliers detected in numeric column SALARY using IQR method (IQR multiplier=1.5, lower=5751.625, upper=123940.625)",SALARY,6791,Amit,Patel,user5790@example.com,9876505790,Female,1970-11-15,Kolkata,222112
outliers,"Outliers detected in numeric column SALARY using IQR method (IQR multiplier=1.5, lower=5751.625, upper=123940.625)",SALARY,6806,Sneha,Patel,user5805@example.com,9876505805,Other,1990-07-31,Hyderabad,1000
outliers,"Outliers detected in numeric column SALARY using IQR method (IQR multiplier=1.5, lower=5751.625, upper=123940.625)",SALARY,6821,Sameer,Kumar,invalid@,9876505820,,2005-11-17,Hyderabad,609246
outliers,"Outliers detected in numeric column SALARY using IQR method (IQR multiplier=1.5, lower=5751.625, upper=123940.625)",SALARY,6836,Kavya,Verma,user5835@example.com,9876505835,,2001-05-03,Ahmedabad,1000
outliers,"Outliers detected in numeric column SALARY using IQR method (IQR multiplier=1.5, lower=5751.625, upper=123940.625)",SALARY,6866,Rakesh,Verma,user5865@example.com,9876505865,Female,2001-04-10,Chennai,1000
outliers,"Outliers detected in numeric column SALARY using IQR method (IQR multiplier=1.5, lower=5751.625, upper=123940.625)",SALARY,6881,Priya,Joshi,,9876505880,Male,2016-02-20,Delhi,783086
outliers,"Outliers detected in numeric column SALARY using IQR method (IQR multiplier=1.5, lower=5751.625, upper=123940.625)",SALARY,6896,Kavya,Sharma,user5895@example.com,9876505895,Other,1992-10-22,Chennai,1000
outliers,"Outliers detected in numeric column SALARY using IQR method (IQR multiplier=1.5, lower=5751.625, upper=123940.625)",SALARY,6911,Sneha,Kumar,user5910@example.com,9876505910,Male,1975-06-16,Delhi,841245
outliers,"Outliers detected in numeric column SALARY using IQR method (IQR multiplier=1.5, lower=5751.625, upper=123940.625)",SALARY,6926,Sneha,Reddy,user5925@example.com,123,Male,2006-01-12,Ahmedabad,1000
outliers,"Outliers detected in numeric column SALARY using IQR method (IQR multiplier=1.5, lower=5751.625, upper=123940.625)",SALARY,6941,Kavya,Gupta,invalid@,9876505940,Other,1994-11-03,Hyderabad,513092
outliers,"Outliers detected in numeric column SALARY using IQR method (IQR multiplier=1.5, lower=5751.625, upper=123940.625)",SALARY,6956,Arjun,Sharma,user5955@example.com,9876505955,,1989-09-06,Ahmedabad,1000
outliers,"Outliers detected in numeric column SALARY using IQR method (IQR multiplier=1.5, lower=5751.625, upper=123940.625)",SALARY,6971,Arjun,Singh,user5970@example.com,9876505970,,1998-12-08,Ahmedabad,460241
outliers,"Outliers detected in numeric column SALARY using IQR method (IQR multiplier=1.5, lower=5751.625, upper=123940.625)",SALARY,6986,Anjali,Joshi,user5985@example.com,9876505985,Male,1980-06-04,Kolkata,1000
outliers,"Outliers detected in numeric column SALARY using IQR method (IQR multiplier=1.5, lower=5751.625, upper=123940.625)",SALARY,7001,Sameer,Patel,,,Male,1982-04-10,Delhi,507250
outliers,"Outliers detected in numeric column SALARY using IQR method (IQR multiplier=1.5, lower=5751.625, upper=123940.625)",SALARY,7016,Priya,Kumar,user6015@example.com,9876506015,Female,2019-01-30,Hyderabad,1000
outliers,"Outliers detected in numeric column SALARY using IQR method (IQR multiplier=1.5, lower=5751.625, upper=123940.625)",SALARY,7031,Sameer,Joshi,user6030@example.com,9876506030,Female,2018-10-05,Mumbai,323158
outliers,"Outliers detected in numeric column SALARY using IQR method (IQR multiplier=1.5, lower=5751.625, upper=123940.625)",SALARY,7046,Sameer,Kumar,user6045@example.com,9876506045,Male,2014-09-20,Delhi,1000
outliers,"Outliers detected in numeric column SALARY using IQR method (IQR multiplier=1.5, lower=5751.625, upper=123940.625)",SALARY,7061,Amit,Verma,invalid@,9876506060,,1998-11-06,Ahmedabad,787788
outliers,"Outliers detected in numeric column SALARY using IQR method (IQR multiplier=1.5, lower=5751.625, upper=123940.625)",SALARY,7076,Amit,Verma,user6075@example.com,123,Other,1973-07-11,Hyderabad,1000
outliers,"Outliers detected in numeric column SALARY using IQR method (IQR multiplier=1.5, lower=5751.625, upper=123940.625)",SALARY,7091,Rakesh,Kumar,user6090@example.com,9876506090,Female,2007-12-31,Delhi,431689
outliers,"Outliers detected in numeric column SALARY using IQR method (IQR multiplier=1.5, lower=5751.625, upper=123940.625)",SALARY,7106,Amit,Mehta,user6105@example.com,9876506105,,invalid,Pune,1000
outliers,"Outliers detected in numeric column SALARY using IQR method (IQR multiplier=1.5, lower=5751.625, upper=123940.625)",SALARY,7121,Arjun,Patel,,9876506120,Other,2009-05-15,Hyderabad,359827
outliers,"Outliers detected in numeric column SALARY using IQR method (IQR multiplier=1.5, lower=5751.625, upper=123940.625)",SALARY,7136,Anjali,Sharma,user6135@example.com,9876506135,Male,1994-05-12,Delhi,1000
outliers,"Outliers detected in numeric column SALARY using IQR method (IQR multiplier=1.5, lower=5751.625, upper=123940.625)",SALARY,7151,Arjun,Rao,user6150@example.com,,Female,1996-05-25,Bangalore,837965
outliers,"Outliers detected in numeric column SALARY using IQR method (IQR multiplier=1.5, lower=5751.625, upper=123940.625)",SALARY,7166,Anjali,Mehta,user6165@example.com,9876506165,,1981-03-03,Pune,1000
outliers,"Outliers detected in numeric column SALARY using IQR method (IQR multiplier=1.5, lower=5751.625, upper=123940.625)",SALARY,7181,Amit,Reddy,invalid@,9876506180,Male,1973-12-13,Kolkata,550026
outliers,"Outliers detected in numeric column SALARY using IQR method (IQR multiplier=1.5, lower=5751.625, upper=123940.625)",SALARY,7196,Anjali,Reddy,user6195@example.com,9876506195,,1978-04-27,Mumbai,1000
outliers,"Outliers detected in numeric column SALARY using IQR method (IQR multiplier=1.5, lower=5751.625, upper=123940.625)",SALARY,7211,Neha,Sharma,user6210@example.com,9876506210,,2011-10-11,Hyderabad,1000000
outliers,"Outliers detected in numeric column SALARY using IQR method (IQR multiplier=1.5, lower=5751.625, upper=123940.625)",SALARY,7226,Kavya,Gupta,user6225@example.com,123,Other,2002-07-30,Ahmedabad,1000
outliers,"Outliers detected in numeric column SALARY using IQR method (IQR multiplier=1.5, lower=5751.625, upper=123940.625)",SALARY,7241,Kavya,Reddy,,9876506240,,2012-02-26,Chennai,678100
outliers,"Outliers detected in numeric column SALARY using IQR method (IQR multiplier=1.5, lower=5751.625, upper=123940.625)",SALARY,7256,Rakesh,Singh,user6255@example.com,9876506255,Female,1975-11-05,Bangalore,1000
outliers,"Outliers detected in numeric column SALARY using IQR method (IQR multiplier=1.5, lower=5751.625, upper=123940.625)",SALARY,7271,Sneha,Mehta,user6270@example.com,9876506270,,1980-05-02,Chennai,671432
outliers,"Outliers detected in numeric column SALARY using IQR method (IQR multiplier=1.5, lower=5751.625, upper=123940.625)",SALARY,7286,Anjali,Patel,user6285@example.com,9876506285,,2050-01-01,Bangalore,1000
outliers,"Outliers detected in numeric column SALARY using IQR method (IQR multiplier=1.5, lower=5751.625, upper=123940.625)",SALARY,7290,Sameer,Mehta,user6289@example.com,9876506289,Female,2004-12-20,Chennai,124103
outliers,"Outliers detected in numeric column SALARY using IQR method (IQR multiplier=1.5, lower=5751.625, upper=123940.625)",SALARY,7301,Neha,Singh,invalid@,,,1981-04-06,Chennai,600220
outliers,"Outliers detected in numeric column SALARY using IQR method (IQR multiplier=1.5, lower=5751.625, upper=123940.625)",SALARY,7316,Anjali,Verma,user6315@example.com,9876506315,Male,2017-12-11,Hyderabad,1000
outliers,"Outliers detected in numeric column SALARY using IQR method (IQR multiplier=1.5, lower=5751.625, upper=123940.625)",SALARY,7331,Amit,Rao,user6330@example.com,9876506330,Male,1988-03-12,Hyderabad,759188
outliers,"Outliers detected in numeric column SALARY using IQR method (IQR multiplier=1.5, lower=5751.625, upper=123940.625)",SALARY,7346,Priya,Singh,user6345@example.com,9876506345,Female,1983-10-23,Chennai,1000
outliers,"Outliers detected in numeric column SALARY using IQR method (IQR multiplier=1.5, lower=5751.625, upper=123940.625)",SALARY,7376,Amit,Gupta,user6375@example.com,123,Other,2017-06-10,Kolkata,1000
outliers,"Outliers detected in numeric column SALARY using IQR method (IQR multiplier=1.5, lower=5751.625, upper=123940.625)",SALARY,7391,Neha,Mehta,user6390@example.com,9876506390,Other,1998-06-01,Pune,726228
outliers,"Outliers detected in numeric column SALARY using IQR method (IQR multiplier=1.5, lower=5751.625, upper=123940.625)",SALARY,7406,Anjali,Patel,user6405@example.com,9876506405,Female,1985-06-01,Chennai,1000
outliers,"Outliers detected in numeric column SALARY using IQR method (IQR multiplier=1.5, lower=5751.625, upper=123940.625)",SALARY,7421,Sneha,Rao,invalid@,9876506420,,1993-07-20,Mumbai,540628
outliers,"Outliers detected in numeric column SALARY using IQR method (IQR multiplier=1.5, lower=5751.625, upper=123940.625)",SALARY,7436,Anjali,Patel,user6435@example.com,9876506435,,2008-05-09,Hyderabad,1000
outliers,"Outliers detected in numeric column SALARY using IQR method (IQR multiplier=1.5, lower=5751.625, upper=123940.625)",SALARY,7451,Rakesh,Rao,user6450@example.com,,Female,2010-05-15,Delhi,637419
outliers,"Outliers detected in numeric column SALARY using IQR method (IQR multiplier=1.5, lower=5751.625, upper=123940.625)",SALARY,7466,Neha,Verma,user6465@example.com,9876506465,Other,1986-02-11,Ahmedabad,1000
outliers,"Outliers detected in numeric column SALARY using IQR method (IQR multiplier=1.5, lower=5751.625, upper=123940.625)",SALARY,7481,Rakesh,Gupta,,9876506480,Male,2007-02-11,Delhi,551729
outliers,"Outliers detected in numeric column SALARY using IQR method (IQR multiplier=1.5, lower=5751.625, upper=123940.625)",SALARY,7496,Anjali,Kumar,user6495@example.com,9876506495,,2007-12-03,Ahmedabad,1000
outliers,"Outliers detected in numeric column SALARY using IQR method (IQR multiplier=1.5, lower=5751.625, upper=123940.625)",SALARY,7511,Sameer,Reddy,user6510@example.com,9876506510,Female,1990-09-10,Ahmedabad,619685
outliers,"Outliers detected in numeric column SALARY using IQR method (IQR multiplier=1.5, lower=5751.625, upper=123940.625)",SALARY,7526,Vijay,Gupta,user6525@example.com,123,,1995-06-10,Kolkata,1000
outliers,"Outliers detected in numeric column SALARY using IQR method (IQR multiplier=1.5, lower=5751.625, upper=123940.625)",SALARY,7541,Anjali,Joshi,invalid@,9876506540,,2016-12-08,Ahmedabad,337991
outliers,"Outliers detected in numeric column SALARY using IQR method (IQR multiplier=1.5, lower=5751.625, upper=123940.625)",SALARY,7556,Neha,Patel,user6555@example.com,9876506555,,1994-11-03,Pune,1000
outliers,"Outliers detected in numeric column SALARY using IQR method (IQR multiplier=1.5, lower=5751.625, upper=123940.625)",SALARY,7571,Sneha,Patel,user6570@example.com,9876506570,,1973-09-24,Pune,685424
outliers,"Outliers detected in numeric column SALARY using IQR method (IQR multiplier=1.5, lower=5751.625, upper=123940.625)",SALARY,7586,Amit,Sharma,user6585@example.com,9876506585,Male,2007-11-14,Delhi,1000
outliers,"Outliers detected in numeric column SALARY using IQR method (IQR multiplier=1.5, lower=5751.625, upper=123940.625)",SALARY,7601,Sameer,Sharma,,,Female,1983-04-17,Chennai,419619
outliers,"Outliers detected in numeric column SALARY using IQR method (IQR multiplier=1.5, lower=5751.625, upper=123940.625)",SALARY,7616,Anjali,Kumar,user6615@example.com,9876506615,,1974-09-29,Hyderabad,1000
outliers,"Outliers detected in numeric column SALARY using IQR method (IQR multiplier=1.5, lower=5751.625, upper=123940.625)",SALARY,7631,Rakesh,Sharma,user6630@example.com,9876506630,,1976-08-23,Bangalore,577315
outliers,"Outliers detected in numeric column SALARY using IQR method (IQR multiplier=1.5, lower=5751.625, upper=123940.625)",SALARY,7646,Sneha,Sharma,user6645@example.com,9876506645,,1991-05-26,Chennai,1000
outliers,"Outliers detected in numeric column SALARY using IQR method (IQR multiplier=1.5, lower=5751.625, upper=123940.625)",SALARY,7661,Neha,Sharma,invalid@,9876506660,Other,1977-12-31,Hyderabad,712960
outliers,"Outliers detected in numeric column SALARY using IQR method (IQR multiplier=1.5, lower=5751.625, upper=123940.625)",SALARY,7676,Rakesh,Singh,user6675@example.com,123,Male,2014-07-31,Mumbai,1000
outliers,"Outliers detected in numeric column SALARY using IQR method (IQR multiplier=1.5, lower=5751.625, upper=123940.625)",SALARY,7691,Priya,Rao,user6690@example.com,9876506690,,2005-10-23,Bangalore,683731
outliers,"Outliers detected in numeric column SALARY using IQR method (IQR multiplier=1.5, lower=5751.625, upper=123940.625)",SALARY,7706,Neha,Gupta,user6705@example.com,9876506705,Female,1978-08-08,Pune,1000
outliers,"Outliers detected in numeric column SALARY using IQR method (IQR multiplier=1.5, lower=5751.625, upper=123940.625)",SALARY,7721,Neha,Kumar,,9876506720,,2012-09-29,Chennai,539742
outliers,"Outliers detected in numeric column SALARY using IQR method (IQR multiplier=1.5, lower=5751.625, upper=123940.625)",SALARY,7736,Vijay,Gupta,user6735@example.com,9876506735,,2012-01-03,Ahmedabad,1000
outliers,"Outliers detected in numeric column SALARY using IQR method (IQR multiplier=1.5, lower=5751.625, upper=123940.625)",SALARY,7751,Arjun,Verma,user6750@example.com,,,2005-08-01,Bangalore,559040
outliers,"Outliers detected in numeric column SALARY using IQR method (IQR multiplier=1.5, lower=5751.625, upper=123940.625)",SALARY,7766,Amit,Joshi,user6765@example.com,9876506765,Male,1990-06-27,Chennai,1000
outliers,"Outliers detected in numeric column SALARY using IQR method (IQR multiplier=1.5, lower=5751.625, upper=123940.625)",SALARY,7781,Kavya,Mehta,invalid@,9876506780,Male,invalid,Bangalore,874927
outliers,"Outliers detected in numeric column SALARY using IQR method (IQR multiplier=1.5, lower=5751.625, upper=123940.625)",SALARY,7796,Anjali,Rao,user6795@example.com,9876506795,,1990-02-06,Bangalore,1000
outliers,"Outliers detected in numeric column SALARY using IQR method (IQR multiplier=1.5, lower=5751.625, upper=123940.625)",SALARY,7811,Kavya,Joshi,user6810@example.com,9876506810,Male,1997-08-06,Pune,688439
outliers,"Outliers detected in numeric column SALARY using IQR method (IQR multiplier=1.5, lower=5751.625, upper=123940.625)",SALARY,7826,Anjali,Verma,user6825@example.com,123,Male,1981-08-24,Pune,1000
outliers,"Outliers detected in numeric column SALARY using IQR method (IQR multiplier=1.5, lower=5751.625, upper=123940.625)",SALARY,7841,Rakesh,Rao,,9876506840,Other,1979-10-07,Bangalore,435321
outliers,"Outliers detected in numeric column SALARY using IQR method (IQR multiplier=1.5, lower=5751.625, upper=123940.625)",SALARY,7856,Priya,Kumar,user6855@example.com,9876506855,,1983-01-07,Chennai,1000
outliers,"Outliers detected in numeric column SALARY using IQR method (IQR multiplier=1.5, lower=5751.625, upper=123940.625)",SALARY,7871,Vijay,Verma,user6870@example.com,9876506870,Female,1970-07-03,Ahmedabad,418304
outliers,"Outliers detected in numeric column SALARY using IQR method (IQR multiplier=1.5, lower=5751.625, upper=123940.625)",SALARY,7886,Vijay,Sharma,user6885@example.com,9876506885,,2002-01-14,Hyderabad,1000
outliers,"Outliers detected in numeric column SALARY using IQR method (IQR multiplier=1.5, lower=5751.625, upper=123940.625)",SALARY,7901,Rakesh,Reddy,invalid@,,,1971-07-14,Bangalore,775540
outliers,"Outliers detected in numeric column SALARY using IQR method (IQR multiplier=1.5, lower=5751.625, upper=123940.625)",SALARY,7916,Kavya,Mehta,user6915@example.com,9876506915,Male,1998-01-03,Delhi,1000
outliers,"Outliers detected in numeric column SALARY using IQR method (IQR multiplier=1.5, lower=5751.625, upper=123940.625)",SALARY,7931,Rakesh,Kumar,user6930@example.com,9876506930,,1980-01-28,Bangalore,690396
outliers,"Outliers detected in numeric column SALARY using IQR method (IQR multiplier=1.5, lower=5751.625, upper=123940.625)",SALARY,7946,Anjali,Singh,user6945@example.com,9876506945,Female,1972-01-15,Hyderabad,1000
outliers,"Outliers detected in numeric column SALARY using IQR method (IQR multiplier=1.5, lower=5751.625, upper=123940.625)",SALARY,7961,Sneha,Patel,,9876506960,Female,1986-05-13,Kolkata,512032
outliers,"Outliers detected in numeric column SALARY using IQR method (IQR multiplier=1.5, lower=5751.625, upper=123940.625)",SALARY,7976,Anjali,Reddy,user6975@example.com,123,Female,2009-06-02,Ahmedabad,1000
outliers,"Outliers detected in numeric column SALARY using IQR method (IQR multiplier=1.5, lower=5751.625, upper=123940.625)",SALARY,7991,Neha,Patel,user6990@example.com,9876506990,,1999-05-04,Pune,778661
outliers,"Outliers detected in numeric column SALARY using IQR method (IQR multiplier=1.5, lower=5751.625, upper=123940.625)",SALARY,8006,Rakesh,Mehta,user7005@example.com,9876507005,Male,1988-10-11,Ahmedabad,1000
outliers,"Outliers detected in numeric column SALARY using IQR method (IQR multiplier=1.5, lower=5751.625, upper=123940.625)",SALARY,8021,Rakesh,Singh,invalid@,9876507020,Female,1975-08-06,Pune,976822
outliers,"Outliers detected in numeric column SALARY using IQR method (IQR multiplier=1.5, lower=5751.625, upper=123940.625)",SALARY,8036,Kavya,Kumar,user7035@example.com,9876507035,,1986-10-03,Ahmedabad,1000
outliers,"Outliers detected in numeric column SALARY using IQR method (IQR multiplier=1.5, lower=5751.625, upper=123940.625)",SALARY,8051,Sameer,Patel,user7050@example.com,,,2006-04-06,Bangalore,587598
outliers,"Outliers detected in numeric column SALARY using IQR method (IQR multiplier=1.5, lower=5751.625, upper=123940.625)",SALARY,8066,Priya,Gupta,user7065@example.com,9876507065,Female,1996-08-19,Bangalore,1000
outliers,"Outliers detected in numeric column SALARY using IQR method (IQR multiplier=1.5, lower=5751.625, upper=123940.625)",SALARY,8081,Anjali,Joshi,,9876507080,Male,1986-06-28,Ahmedabad,616187
outliers,"Outliers detected in numeric column SALARY using IQR method (IQR multiplier=1.5, lower=5751.625, upper=123940.625)",SALARY,8096,Rakesh,Sharma,user7095@example.com,9876507095,Male,2003-11-21,Chennai,1000
outliers,"Outliers detected in numeric column SALARY using IQR method (IQR multiplier=1.5, lower=5751.625, upper=123940.625)",SALARY,8111,Anjali,Reddy,user7110@example.com,9876507110,,1996-11-15,Pune,455738
outliers,"Outliers detected in numeric column SALARY using IQR method (IQR multiplier=1.5, lower=5751.625, upper=123940.625)",SALARY,8126,Neha,Joshi,user7125@example.com,123,Female,1980-05-09,Ahmedabad,1000
outliers,"Outliers detected in numeric column SALARY using IQR method (IQR multiplier=1.5, lower=5751.625, upper=123940.625)",SALARY,8141,Sameer,Verma,invalid@,9876507140,Male,1983-10-12,Pune,623729
outliers,"Outliers detected in numeric column SALARY using IQR method (IQR multiplier=1.5, lower=5751.625, upper=123940.625)",SALARY,8156,Anjali,Rao,user7155@example.com,9876507155,Other,1970-01-30,Mumbai,1000
outliers,"Outliers detected in numeric column SALARY using IQR method (IQR multiplier=1.5, lower=5751.625, upper=123940.625)",SALARY,8171,Neha,Mehta,user7170@example.com,9876507170,Male,1986-02-13,Chennai,579367
outliers,"Outliers detected in numeric column SALARY using IQR method (IQR multiplier=1.5, lower=5751.625, upper=123940.625)",SALARY,8186,Rakesh,Singh,user7185@example.com,9876507185,,1991-11-13,Bangalore,1000
outliers,"Outliers detected in numeric column SALARY using IQR method (IQR multiplier=1.5, lower=5751.625, upper=123940.625)",SALARY,8201,Vijay,Kumar,,,,1975-08-01,Ahmedabad,511909
outliers,"Outliers detected in numeric column SALARY using IQR method (IQR multiplier=1.5, lower=5751.625, upper=123940.625)",SALARY,8216,Rakesh,Rao,user7215@example.com,9876507215,Male,1997-01-15,Pune,1000
outliers,"Outliers detected in numeric column SALARY using IQR method (IQR multiplier=1.5, lower=5751.625, upper=123940.625)",SALARY,8231,Kavya,Kumar,user7230@example.com,9876507230,Other,2005-08-10,Chennai,625532
outliers,"Outliers detected in numeric column SALARY using IQR method (IQR multiplier=1.5, lower=5751.625, upper=123940.625)",SALARY,8246,Arjun,Gupta,user7245@example.com,9876507245,Male,1973-05-28,Pune,1000
outliers,"Outliers detected in numeric column SALARY using IQR method (IQR multiplier=1.5, lower=5751.625, upper=123940.625)",SALARY,8261,Arjun,Rao,invalid@,9876507260,Male,2018-05-29,Mumbai,502209
outliers,"Outliers detected in numeric column SALARY using IQR method (IQR multiplier=1.5, lower=5751.625, upper=123940.625)",SALARY,8276,Neha,Singh,user7275@example.com,123,Male,1980-10-25,Pune,1000
outliers,"Outliers detected in numeric column SALARY using IQR method (IQR multiplier=1.5, lower=5751.625, upper=123940.625)",SALARY,8291,Sameer,Rao,user7290@example.com,9876507290,,1970-08-16,Chennai,806548
outliers,"Outliers detected in numeric column SALARY using IQR method (IQR multiplier=1.5, lower=5751.625, upper=123940.625)",SALARY,8306,Kavya,Sharma,user7305@example.com,9876507305,,2009-06-29,Hyderabad,1000
outliers,"Outliers detected in numeric column SALARY using IQR method (IQR multiplier=1.5, lower=5751.625, upper=123940.625)",SALARY,8321,Priya,Sharma,,9876507320,,1982-03-30,Hyderabad,636166
outliers,"Outliers detected in numeric column SALARY using IQR method (IQR multiplier=1.5, lower=5751.625, upper=123940.625)",SALARY,8336,Amit,Patel,user7335@example.com,9876507335,Other,2006-05-23,Bangalore,1000
outliers,"Outliers detected in numeric column SALARY using IQR method (IQR multiplier=1.5, lower=5751.625, upper=123940.625)",SALARY,8351,Sameer,Gupta,user7350@example.com,,,1992-01-15,Mumbai,607501
outliers,"Outliers detected in numeric column SALARY using IQR method (IQR multiplier=1.5, lower=5751.625, upper=123940.625)",SALARY,8366,Vijay,Joshi,user7365@example.com,9876507365,Male,2009-08-22,Chennai,1000
outliers,"Outliers detected in numeric column SALARY using IQR method (IQR multiplier=1.5, lower=5751.625, upper=123940.625)",SALARY,8381,Anjali,Kumar,invalid@,9876507380,,2011-05-10,Pune,960031
outliers,"Outliers detected in numeric column SALARY using IQR method (IQR multiplier=1.5, lower=5751.625, upper=123940.625)",SALARY,8396,Priya,Mehta,user7395@example.com,9876507395,,1998-01-19,Mumbai,1000
outliers,"Outliers detected in numeric column SALARY using IQR method (IQR multiplier=1.5, lower=5751.625, upper=123940.625)",SALARY,8411,Priya,Gupta,user7410@example.com,9876507410,,2009-10-09,Pune,707080
outliers,"Outliers detected in numeric column SALARY using IQR method (IQR multiplier=1.5, lower=5751.625, upper=123940.625)",SALARY,8426,Vijay,Singh,user7425@example.com,123,Male,2009-04-19,Ahmedabad,1000
outliers,"Outliers detected in numeric column SALARY using IQR method (IQR multiplier=1.5, lower=5751.625, upper=123940.625)",SALARY,8441,Anjali,Rao,,9876507440,,1997-09-07,Hyderabad,830130
outliers,"Outliers detected in numeric column SALARY using IQR method (IQR multiplier=1.5, lower=5751.625, upper=123940.625)",SALARY,8456,Rakesh,Patel,user7455@example.com,9876507455,Male,2013-11-02,Hyderabad,1000
outliers,"Outliers detected in numeric column SALARY using IQR method (IQR multiplier=1.5, lower=5751.625, upper=123940.625)",SALARY,8471,Vijay,Joshi,user7470@example.com,9876507470,,1983-01-03,Ahmedabad,342082
outliers,"Outliers detected in numeric column SALARY using IQR method (IQR multiplier=1.5, lower=5751.625, upper=123940.625)",SALARY,8486,Arjun,Singh,user7485@example.com,9876507485,Male,2007-06-29,Chennai,1000
outliers,"Outliers detected in numeric column SALARY using IQR method (IQR multiplier=1.5, lower=5751.625, upper=123940.625)",SALARY,8501,Amit,Patel,invalid@,,Male,1995-12-03,Mumbai,743649
outliers,"Outliers detected in numeric column SALARY using IQR method (IQR multiplier=1.5, lower=5751.625, upper=123940.625)",SALARY,8516,Rakesh,Sharma,user7515@example.com,9876507515,Male,1989-01-12,Mumbai,1000
outliers,"Outliers detected in numeric column SALARY using IQR method (IQR multiplier=1.5, lower=5751.625, upper=123940.625)",SALARY,8531,Kavya,Patel,user7530@example.com,9876507530,Female,1990-10-28,Hyderabad,736079
outliers,"Outliers detected in numeric column SALARY using IQR method (IQR multiplier=1.5, lower=5751.625, upper=123940.625)",SALARY,8546,Anjali,Mehta,user7545@example.com,9876507545,,1998-08-12,Bangalore,1000
outliers,"Outliers detected in numeric column SALARY using IQR method (IQR multiplier=1.5, lower=5751.625, upper=123940.625)",SALARY,8561,Kavya,Sharma,,9876507560,,1978-07-07,Hyderabad,693759
outliers,"Outliers detected in numeric column SALARY using IQR method (IQR multiplier=1.5, lower=5751.625, upper=123940.625)",SALARY,8576,Kavya,Reddy,user7575@example.com,123,,1980-10-12,Chennai,1000
outliers,"Outliers detected in numeric column SALARY using IQR method (IQR multiplier=1.5, lower=5751.625, upper=123940.625)",SALARY,8591,Arjun,Mehta,user7590@example.com,9876507590,,1992-03-01,Ahmedabad,802474
outliers,"Outliers detected in numeric column SALARY using IQR method (IQR multiplier=1.5, lower=5751.625, upper=123940.625)",SALARY,8606,Anjali,Gupta,user7605@example.com,9876507605,Male,2005-07-08,Pune,1000
outliers,"Outliers detected in numeric column SALARY using IQR method (IQR multiplier=1.5, lower=5751.625, upper=123940.625)",SALARY,8621,Rakesh,Reddy,invalid@,9876507620,Male,1984-03-09,Mumbai,485245
outliers,"Outliers detected in numeric column SALARY using IQR method (IQR multiplier=1.5, lower=5751.625, upper=123940.625)",SALARY,8636,Sameer,Verma,user7635@example.com,9876507635,,1978-03-08,Delhi,1000
outliers,"Outliers detected in numeric column SALARY using IQR method (IQR multiplier=1.5, lower=5751.625, upper=123940.625)",SALARY,8651,Anjali,Sharma,user7650@example.com,,Male,1974-09-16,Bangalore,842474
outliers,"Outliers detected in numeric column SALARY using IQR method (IQR multiplier=1.5, lower=5751.625, upper=123940.625)",SALARY,8666,Rakesh,Sharma,user7665@example.com,9876507665,,1980-09-10,Bangalore,1000
outliers,"Outliers detected in numeric column SALARY using IQR method (IQR multiplier=1.5, lower=5751.625, upper=123940.625)",SALARY,8681,Priya,Patel,,9876507680,Male,1970-08-08,Chennai,497822
outliers,"Outliers detected in numeric column SALARY using IQR method (IQR multiplier=1.5, lower=5751.625, upper=123940.625)",SALARY,8696,Rakesh,Patel,user7695@example.com,9876507695,Male,1980-01-28,Pune,1000
outliers,"Outliers detected in numeric column SALARY using IQR method (IQR multiplier=1.5, lower=5751.625, upper=123940.625)",SALARY,8711,Amit,Mehta,user7710@example.com,9876507710,,1978-06-24,Mumbai,721453
outliers,"Outliers detected in numeric column SALARY using IQR method (IQR multiplier=1.5, lower=5751.625, upper=123940.625)",SALARY,8726,Sameer,Reddy,user7725@example.com,123,Female,2050-01-01,Bangalore,1000
outliers,"Outliers detected in numeric column SALARY using IQR method (IQR multiplier=1.5, lower=5751.625, upper=123940.625)",SALARY,8741,Amit,Gupta,invalid@,9876507740,,1991-08-24,Hyderabad,788621
outliers,"Outliers detected in numeric column SALARY using IQR method (IQR multiplier=1.5, lower=5751.625, upper=123940.625)",SALARY,8756,Vijay,Patel,user7755@example.com,9876507755,Female,1987-07-15,Delhi,1000
outliers,"Outliers detected in numeric column SALARY using IQR method (IQR multiplier=1.5, lower=5751.625, upper=123940.625)",SALARY,8771,Priya,Singh,user7770@example.com,9876507770,,1993-05-21,Mumbai,453031
outliers,"Outliers detected in numeric column SALARY using IQR method (IQR multiplier=1.5, lower=5751.625, upper=123940.625)",SALARY,8786,Rakesh,Gupta,user7785@example.com,9876507785,,2014-11-17,Mumbai,1000
outliers,"Outliers detected in numeric column SALARY using IQR method (IQR multiplier=1.5, lower=5751.625, upper=123940.625)",SALARY,8801,Rakesh,Joshi,,,Male,2000-02-28,Pune,608233
outliers,"Outliers detected in numeric column SALARY using IQR method (IQR multiplier=1.5, lower=5751.625, upper=123940.625)",SALARY,8816,Neha,Singh,user7815@example.com,9876507815,Male,1991-04-17,Mumbai,1000
outliers,"Outliers detected in numeric column SALARY using IQR method (IQR multiplier=1.5, lower=5751.625, upper=123940.625)",SALARY,8831,Amit,Singh,user7830@example.com,9876507830,Female,2003-01-01,Pune,998376
outliers,"Outliers detected in numeric column SALARY using IQR method (IQR multiplier=1.5, lower=5751.625, upper=123940.625)",SALARY,8846,Sameer,Kumar,user7845@example.com,9876507845,Male,1980-09-28,Ahmedabad,1000
outliers,"Outliers detected in numeric column SALARY using IQR method (IQR multiplier=1.5, lower=5751.625, upper=123940.625)",SALARY,8861,Anjali,Singh,invalid@,9876507860,Male,1976-03-14,Chennai,763404
outliers,"Outliers detected in numeric column SALARY using IQR method (IQR multiplier=1.5, lower=5751.625, upper=123940.625)",SALARY,8876,Sameer,Kumar,user7875@example.com,123,,1972-04-27,Delhi,1000
outliers,"Outliers detected in numeric column SALARY using IQR method (IQR multiplier=1.5, lower=5751.625, upper=123940.625)",SALARY,8891,Kavya,Mehta,user7890@example.com,9876507890,Male,1978-08-22,Pune,434510
outliers,"Outliers detected in numeric column SALARY using IQR method (IQR multiplier=1.5, lower=5751.625, upper=123940.625)",SALARY,8906,Sneha,Patel,user7905@example.com,9876507905,Male,1981-05-10,Bangalore,1000
outliers,"Outliers detected in numeric column SALARY using IQR method (IQR multiplier=1.5, lower=5751.625, upper=123940.625)",SALARY,8921,Sameer,Singh,,9876507920,Male,2006-09-21,Pune,515120
outliers,"Outliers detected in numeric column SALARY using IQR method (IQR multiplier=1.5, lower=5751.625, upper=123940.625)",SALARY,8936,Arjun,Kumar,user7935@example.com,9876507935,Male,1975-10-22,Mumbai,1000
outliers,"Outliers detected in numeric column SALARY using IQR method (IQR multiplier=1.5, lower=5751.625, upper=123940.625)",SALARY,8951,Vijay,Joshi,user7950@example.com,,,1986-07-17,Kolkata,616675
outliers,"Outliers detected in numeric column SALARY using IQR method (IQR multiplier=1.5, lower=5751.625, upper=123940.625)",SALARY,8966,Priya,Sharma,user7965@example.com,9876507965,Female,2002-05-04,Ahmedabad,1000
outliers,"Outliers detected in numeric column SALARY using IQR method (IQR multiplier=1.5, lower=5751.625, upper=123940.625)",SALARY,8981,Priya,Kumar,invalid@,9876507980,,2001-11-15,Chennai,655604
outliers,"Outliers detected in numeric column SALARY using IQR method (IQR multiplier=1.5, lower=5751.625, upper=123940.625)",SALARY,8996,Sneha,Joshi,user7995@example.com,9876507995,Female,1978-01-13,Hyderabad,1000
outliers,"Outliers detected in numeric column SALARY using IQR method (IQR multiplier=1.5, lower=5751.625, upper=123940.625)",SALARY,9011,Anjali,Mehta,user8010@example.com,9876508010,Female,1981-12-17,Bangalore,463571
outliers,"Outliers detected in numeric column SALARY using IQR method (IQR multiplier=1.5, lower=5751.625, upper=123940.625)",SALARY,9026,Amit,Rao,user8025@example.com,123,,1981-08-12,Mumbai,1000
outliers,"Outliers detected in numeric column SALARY using IQR method (IQR multiplier=1.5, lower=5751.625, upper=123940.625)",SALARY,9041,Sneha,Singh,,9876508040,Male,1996-11-14,Kolkata,846995
outliers,"Outliers detected in numeric column SALARY using IQR method (IQR multiplier=1.5, lower=5751.625, upper=123940.625)",SALARY,9056,Neha,Sharma,user8055@example.com,9876508055,Male,2006-09-06,Pune,1000
outliers,"Outliers detected in numeric column SALARY using IQR method (IQR multiplier=1.5, lower=5751.625, upper=123940.625)",SALARY,9071,Priya,Gupta,user8070@example.com,9876508070,,1970-11-14,Chennai,401162
outliers,"Outliers detected in numeric column SALARY using IQR method (IQR multiplier=1.5, lower=5751.625, upper=123940.625)",SALARY,9086,Priya,Reddy,user8085@example.com,9876508085,,1992-04-13,Hyderabad,1000
outliers,"Outliers detected in numeric column SALARY using IQR method (IQR multiplier=1.5, lower=5751.625, upper=123940.625)",SALARY,9101,Priya,Patel,invalid@,,Other,1986-07-03,Mumbai,827017
outliers,"Outliers detected in numeric column SALARY using IQR method (IQR multiplier=1.5, lower=5751.625, upper=123940.625)",SALARY,9113,Amit,Sharma,user8112@example.com,9876508112,,2001-07-20,Hyderabad,3648
outliers,"Outliers detected in numeric column SALARY using IQR method (IQR multiplier=1.5, lower=5751.625, upper=123940.625)",SALARY,9116,Sameer,Patel,user8115@example.com,9876508115,,2017-09-03,Ahmedabad,1000
outliers,"Outliers detected in numeric column SALARY using IQR method (IQR multiplier=1.5, lower=5751.625, upper=123940.625)",SALARY,9131,Priya,Rao,user8130@example.com,9876508130,,1991-07-01,Hyderabad,463577
outliers,"Outliers detected in numeric column SALARY using IQR method (IQR multiplier=1.5, lower=5751.625, upper=123940.625)",SALARY,9146,Sameer,Reddy,user8145@example.com,9876508145,,2009-06-19,Ahmedabad,1000
outliers,"Outliers detected in numeric column SALARY using IQR method (IQR multiplier=1.5, lower=5751.625, upper=123940.625)",SALARY,9161,Rakesh,Verma,,9876508160,Other,1985-05-04,Hyderabad,573817
outliers,"Outliers detected in numeric column SALARY using IQR method (IQR multiplier=1.5, lower=5751.625, upper=123940.625)",SALARY,9176,Sameer,Reddy,user8175@example.com,123,,1981-06-12,Hyderabad,1000
outliers,"Outliers detected in numeric column SALARY using IQR method (IQR multiplier=1.5, lower=5751.625, upper=123940.625)",SALARY,9191,Vijay,Sharma,user8190@example.com,9876508190,Other,2011-01-27,Pune,409820
outliers,"Outliers detected in numeric column SALARY using IQR method (IQR multiplier=1.5, lower=5751.625, upper=123940.625)",SALARY,9206,Vijay,Verma,user8205@example.com,9876508205,,2006-12-01,Ahmedabad,1000
outliers,"Outliers detected in numeric column SALARY using IQR method (IQR multiplier=1.5, lower=5751.625, upper=123940.625)",SALARY,9216,Kavya,Joshi,user8215@example.com,9876508215,,1979-09-23,Ahmedabad,130843
outliers,"Outliers detected in numeric column SALARY using IQR method (IQR multiplier=1.5, lower=5751.625, upper=123940.625)",SALARY,9221,Arjun,Verma,invalid@,9876508220,Female,1977-11-30,Bangalore,524501
outliers,"Outliers detected in numeric column SALARY using IQR method (IQR multiplier=1.5, lower=5751.625, upper=123940.625)",SALARY,9236,Neha,Joshi,user8235@example.com,9876508235,Female,2005-10-22,Hyderabad,1000
outliers,"Outliers detected in numeric column SALARY using IQR method (IQR multiplier=1.5, lower=5751.625, upper=123940.625)",SALARY,9251,Kavya,Sharma,user8250@example.com,,Female,2005-11-16,Pune,544090
outliers,"Outliers detected in numeric column SALARY using IQR method (IQR multiplier=1.5, lower=5751.625, upper=123940.625)",SALARY,9266,Amit,Gupta,user8265@example.com,9876508265,,2017-03-10,Chennai,1000
outliers,"Outliers detected in numeric column SALARY using IQR method (IQR multiplier=1.5, lower=5751.625, upper=123940.625)",SALARY,9281,Kavya,Joshi,,9876508280,,2005-05-16,Ahmedabad,1000000
outliers,"Outliers detected in numeric column SALARY using IQR method (IQR multiplier=1.5, lower=5751.625, upper=123940.625)",SALARY,9296,Arjun,Rao,user8295@example.com,9876508295,,2017-11-25,Chennai,1000
outliers,"Outliers detected in numeric column SALARY using IQR method (IQR multiplier=1.5, lower=5751.625, upper=123940.625)",SALARY,9311,Amit,Sharma,user8310@example.com,9876508310,,1971-04-10,Mumbai,783784
outliers,"Outliers detected in numeric column SALARY using IQR method (IQR multiplier=1.5, lower=5751.625, upper=123940.625)",SALARY,9326,Sameer,Sharma,user8325@example.com,123,,1970-02-13,Hyderabad,1000
outliers,"Outliers detected in numeric column SALARY using IQR method (IQR multiplier=1.5, lower=5751.625, upper=123940.625)",SALARY,9341,Neha,Reddy,invalid@,9876508340,Female,2009-07-07,Delhi,743352
outliers,"Outliers detected in numeric column SALARY using IQR method (IQR multiplier=1.5, lower=5751.625, upper=123940.625)",SALARY,9356,Priya,Sharma,user8355@example.com,9876508355,Male,1977-02-16,Hyderabad,1000
outliers,"Outliers detected in numeric column SALARY using IQR method (IQR multiplier=1.5, lower=5751.625, upper=123940.625)",SALARY,9371,Kavya,Kumar,user8370@example.com,9876508370,,2008-08-24,Delhi,470481
outliers,"Outliers detected in numeric column SALARY using IQR method (IQR multiplier=1.5, lower=5751.625, upper=123940.625)",SALARY,9386,Rakesh,Singh,user8385@example.com,9876508385,Male,2009-07-02,Chennai,1000
outliers,"Outliers detected in numeric column SALARY using IQR method (IQR multiplier=1.5, lower=5751.625, upper=123940.625)",SALARY,9401,Amit,Patel,,,Other,1975-02-25,Bangalore,521644
outliers,"Outliers detected in numeric column SALARY using IQR method (IQR multiplier=1.5, lower=5751.625, upper=123940.625)",SALARY,9416,Amit,Mehta,user8415@example.com,9876508415,,1988-11-07,Pune,1000
outliers,"Outliers detected in numeric column SALARY using IQR method (IQR multiplier=1.5, lower=5751.625, upper=123940.625)",SALARY,9431,Arjun,Singh,user8430@example.com,9876508430,,2000-01-04,Pune,470702
outliers,"Outliers detected in numeric column SALARY using IQR method (IQR multiplier=1.5, lower=5751.625, upper=123940.625)",SALARY,9446,Sneha,Rao,user8445@example.com,9876508445,,1989-03-01,Ahmedabad,1000
outliers,"Outliers detected in numeric column SALARY using IQR method (IQR multiplier=1.5, lower=5751.625, upper=123940.625)",SALARY,9461,Rakesh,Gupta,invalid@,9876508460,,2013-05-12,Kolkata,562196
outliers,"Outliers detected in numeric column SALARY using IQR method (IQR multiplier=1.5, lower=5751.625, upper=123940.625)",SALARY,9470,Arjun,Sharma,user8469@example.com,9876508469,Male,2016-11-18,Delhi,1061
outliers,"Outliers detected in numeric column SALARY using IQR method (IQR multiplier=1.5, lower=5751.625, upper=123940.625)",SALARY,9476,Sneha,Sharma,user8475@example.com,123,Female,2013-03-23,Delhi,1000
outliers,"Outliers detected in numeric column SALARY using IQR method (IQR multiplier=1.5, lower=5751.625, upper=123940.625)",SALARY,9485,Arjun,Kumar,user8484@example.com,9876508484,,2012-02-26,Ahmedabad,127594
outliers,"Outliers detected in numeric column SALARY using IQR method (IQR multiplier=1.5, lower=5751.625, upper=123940.625)",SALARY,9491,Amit,Patel,user8490@example.com,9876508490,,1983-01-09,Chennai,970477
outliers,"Outliers detected in numeric column SALARY using IQR method (IQR multiplier=1.5, lower=5751.625, upper=123940.625)",SALARY,9506,Sneha,Patel,user8505@example.com,9876508505,Female,2003-09-20,Ahmedabad,1000
outliers,"Outliers detected in numeric column SALARY using IQR method (IQR multiplier=1.5, lower=5751.625, upper=123940.625)",SALARY,9521,Anjali,Gupta,,9876508520,,2016-08-18,Bangalore,333006
outliers,"Outliers detected in numeric column SALARY using IQR method (IQR multiplier=1.5, lower=5751.625, upper=123940.625)",SALARY,9536,Kavya,Mehta,user8535@example.com,9876508535,Female,1982-06-04,Delhi,1000
outliers,"Outliers detected in numeric column SALARY using IQR method (IQR multiplier=1.5, lower=5751.625, upper=123940.625)",SALARY,9551,Arjun,Singh,user8550@example.com,,,2015-06-09,Kolkata,819845
outliers,"Outliers detected in numeric column SALARY using IQR method (IQR multiplier=1.5, lower=5751.625, upper=123940.625)",SALARY,9566,Sameer,Kumar,user8565@example.com,9876508565,,2019-03-06,Mumbai,1000
outliers,"Outliers detected in numeric column SALARY using IQR method (IQR multiplier=1.5, lower=5751.625, upper=123940.625)",SALARY,9581,Neha,Rao,invalid@,9876508580,,1991-04-03,Pune,519447
outliers,"Outliers detected in numeric column SALARY using IQR method (IQR multiplier=1.5, lower=5751.625, upper=123940.625)",SALARY,9596,Kavya,Verma,user8595@example.com,9876508595,Other,2016-04-26,Hyderabad,1000
outliers,"Outliers detected in numeric column SALARY using IQR method (IQR multiplier=1.5, lower=5751.625, upper=123940.625)",SALARY,9611,Neha,Verma,user8610@example.com,9876508610,,2007-04-13,Ahmedabad,575940
outliers,"Outliers detected in numeric column SALARY using IQR method (IQR multiplier=1.5, lower=5751.625, upper=123940.625)",SALARY,9626,Neha,Singh,user8625@example.com,123,,1997-10-18,Delhi,1000
outliers,"Outliers detected in numeric column SALARY using IQR method (IQR multiplier=1.5, lower=5751.625, upper=123940.625)",SALARY,9641,Sameer,Gupta,,9876508640,Other,1997-09-10,Ahmedabad,993168
outliers,"Outliers detected in numeric column SALARY using IQR method (IQR multiplier=1.5, lower=5751.625, upper=123940.625)",SALARY,9656,Sneha,Kumar,user8655@example.com,9876508655,Female,1975-11-11,Chennai,1000
outliers,"Outliers detected in numeric column SALARY using IQR method (IQR multiplier=1.5, lower=5751.625, upper=123940.625)",SALARY,9671,Anjali,Singh,user8670@example.com,9876508670,,2008-02-17,Hyderabad,546022
outliers,"Outliers detected in numeric column SALARY using IQR method (IQR multiplier=1.5, lower=5751.625, upper=123940.625)",SALARY,9686,Anjali,Singh,user8685@example.com,9876508685,,2006-03-07,Pune,1000
outliers,"Outliers detected in numeric column SALARY using IQR method (IQR multiplier=1.5, lower=5751.625, upper=123940.625)",SALARY,9701,Rakesh,Joshi,invalid@,,Other,1984-07-28,Ahmedabad,576741
outliers,"Outliers detected in numeric column SALARY using IQR method (IQR multiplier=1.5, lower=5751.625, upper=123940.625)",SALARY,9716,Vijay,Singh,user8715@example.com,9876508715,,1970-09-10,Hyderabad,1000
outliers,"Outliers detected in numeric column SALARY using IQR method (IQR multiplier=1.5, lower=5751.625, upper=123940.625)",SALARY,9731,Anjali,Patel,user8730@example.com,9876508730,,1984-07-22,Hyderabad,709484
outliers,"Outliers detected in numeric column SALARY using IQR method (IQR multiplier=1.5, lower=5751.625, upper=123940.625)",SALARY,9746,Arjun,Mehta,user8745@example.com,9876508745,Female,2012-01-02,Chennai,1000
outliers,"Outliers detected in numeric column SALARY using IQR method (IQR multiplier=1.5, lower=5751.625, upper=123940.625)",SALARY,9761,Neha,Verma,,9876508760,Male,1998-08-23,Mumbai,595556
outliers,"Outliers detected in numeric column SALARY using IQR method (IQR multiplier=1.5, lower=5751.625, upper=123940.625)",SALARY,9776,Rakesh,Reddy,user8775@example.com,123,,1986-01-03,Hyderabad,1000
outliers,"Outliers detected in numeric column SALARY using IQR method (IQR multiplier=1.5, lower=5751.625, upper=123940.625)",SALARY,9791,Sameer,Mehta,user8790@example.com,9876508790,,2012-12-10,Kolkata,609145
outliers,"Outliers detected in numeric column SALARY using IQR method (IQR multiplier=1.5, lower=5751.625, upper=123940.625)",SALARY,9806,Neha,Gupta,user8805@example.com,9876508805,Male,1975-10-06,Ahmedabad,1000
outliers,"Outliers detected in numeric column SALARY using IQR method (IQR multiplier=1.5, lower=5751.625, upper=123940.625)",SALARY,9821,Arjun,Verma,invalid@,9876508820,Male,2013-11-28,Ahmedabad,925453
outliers,"Outliers detected in numeric column SALARY using IQR method (IQR multiplier=1.5, lower=5751.625, upper=123940.625)",SALARY,9836,Anjali,Singh,user8835@example.com,9876508835,Male,2015-01-07,Ahmedabad,1000
outliers,"Outliers detected in numeric column SALARY using IQR method (IQR multiplier=1.5, lower=5751.625, upper=123940.625)",SALARY,9851,Arjun,Kumar,user8850@example.com,,,2002-03-24,Hyderabad,678434
outliers,"Outliers detected in numeric column SALARY using IQR method (IQR multiplier=1.5, lower=5751.625, upper=123940.625)",SALARY,9866,Kavya,Reddy,user8865@example.com,9876508865,Other,1991-09-27,Hyderabad,1000
outliers,"Outliers detected in numeric column SALARY using IQR method (IQR multiplier=1.5, lower=5751.625, upper=123940.625)",SALARY,9881,Arjun,Mehta,,9876508880,Female,2010-06-16,Bangalore,666309
outliers,"Outliers detected in numeric column SALARY using IQR method (IQR multiplier=1.5, lower=5751.625, upper=123940.625)",SALARY,9896,Kavya,Gupta,user8895@example.com,9876508895,Male,1989-04-29,Kolkata,1000
outliers,"Outliers detected in numeric column SALARY using IQR method (IQR multiplier=1.5, lower=5751.625, upper=123940.625)",SALARY,9911,Amit,Singh,user8910@example.com,9876508910,Other,1974-04-21,Kolkata,355215
outliers,"Outliers detected in numeric column SALARY using IQR method (IQR multiplier=1.5, lower=5751.625, upper=123940.625)",SALARY,9926,Rakesh,Reddy,user8925@example.com,123,,1991-07-29,Pune,1000
outliers,"Outliers detected in numeric column SALARY using IQR method (IQR multiplier=1.5, lower=5751.625, upper=123940.625)",SALARY,9941,Sneha,Verma,invalid@,9876508940,Other,2015-09-29,Ahmedabad,396224
outliers,"Outliers detected in numeric column SALARY using IQR method (IQR multiplier=1.5, lower=5751.625, upper=123940.625)",SALARY,9956,Amit,Singh,user8955@example.com,9876508955,,1976-07-06,Ahmedabad,1000
outliers,"Outliers detected in numeric column SALARY using IQR method (IQR multiplier=1.5, lower=5751.625, upper=123940.625)",SALARY,9971,Vijay,Rao,user8970@example.com,9876508970,,2050-01-01,Pune,766133
outliers,"Outliers detected in numeric column SALARY using IQR method (IQR multiplier=1.5, lower=5751.625, upper=123940.625)",SALARY,9986,Vijay,Mehta,user8985@example.com,9876508985,Other,1983-06-11,Bangalore,1000
outliers,"Outliers detected in numeric column SALARY using IQR method (IQR multiplier=1.5, lower=5751.625, upper=123940.625)",SALARY,10001,Sameer,Patel,,,Other,1970-12-13,Delhi,838095
outliers,"Outliers detected in numeric column SALARY using IQR method (IQR multiplier=1.5, lower=5751.625, upper=123940.625)",SALARY,10016,Vijay,Reddy,user9015@example.com,9876509015,Female,1986-01-18,Pune,1000
outliers,"Outliers detected in numeric column SALARY using IQR method (IQR multiplier=1.5, lower=5751.625, upper=123940.625)",SALARY,10031,Sameer,Mehta,user9030@example.com,9876509030,,1981-06-23,Ahmedabad,727964
outliers,"Outliers detected in numeric column SALARY using IQR method (IQR multiplier=1.5, lower=5751.625, upper=123940.625)",SALARY,10046,Arjun,Singh,user9045@example.com,9876509045,,2005-10-09,Bangalore,1000
outliers,"Outliers detected in numeric column SALARY using IQR method (IQR multiplier=1.5, lower=5751.625, upper=123940.625)",SALARY,10061,Priya,Reddy,invalid@,9876509060,,1996-02-06,Ahmedabad,799736
outliers,"Outliers detected in numeric column SALARY using IQR method (IQR multiplier=1.5, lower=5751.625, upper=123940.625)",SALARY,10076,Neha,Patel,user9075@example.com,123,Female,2005-01-18,Chennai,1000
outliers,"Outliers detected in numeric column SALARY using IQR method (IQR multiplier=1.5, lower=5751.625, upper=123940.625)",SALARY,10091,Sneha,Patel,user9090@example.com,9876509090,Male,1975-12-12,Chennai,699197
outliers,"Outliers detected in numeric column SALARY using IQR method (IQR multiplier=1.5, lower=5751.625, upper=123940.625)",SALARY,10106,Priya,Mehta,user9105@example.com,9876509105,Other,2019-04-08,Pune,1000
outliers,"Outliers detected in numeric column SALARY using IQR method (IQR multiplier=1.5, lower=5751.625, upper=123940.625)",SALARY,10121,Rakesh,Gupta,,9876509120,Female,1983-10-02,Mumbai,899414
outliers,"Outliers detected in numeric column SALARY using IQR method (IQR multiplier=1.5, lower=5751.625, upper=123940.625)",SALARY,10136,Arjun,Joshi,user9135@example.com,9876509135,Male,2011-01-05,Ahmedabad,1000
outliers,"Outliers detected in numeric column SALARY using IQR method (IQR multiplier=1.5, lower=5751.625, upper=123940.625)",SALARY,10151,Sneha,Mehta,user9150@example.com,,,2007-11-25,Chennai,389271
outliers,"Outliers detected in numeric column SALARY using IQR method (IQR multiplier=1.5, lower=5751.625, upper=123940.625)",SALARY,10166,Arjun,Gupta,user9165@example.com,9876509165,,1973-02-17,Kolkata,1000
outliers,"Outliers detected in numeric column SALARY using IQR method (IQR multiplier=1.5, lower=5751.625, upper=123940.625)",SALARY,10181,Amit,Joshi,invalid@,9876509180,Other,1974-12-14,Kolkata,730861
outliers,"Outliers detected in numeric column SALARY using IQR method (IQR multiplier=1.5, lower=5751.625, upper=123940.625)",SALARY,10196,Anjali,Rao,user9195@example.com,9876509195,Other,1999-04-02,Pune,1000
outliers,"Outliers detected in numeric column SALARY using IQR method (IQR multiplier=1.5, lower=5751.625, upper=123940.625)",SALARY,10211,Priya,Kumar,user9210@example.com,9876509210,Male,1995-12-12,Chennai,722806
outliers,"Outliers detected in numeric column SALARY using IQR method (IQR multiplier=1.5, lower=5751.625, upper=123940.625)",SALARY,10223,Neha,Singh,user9222@example.com,9876509222,,2002-11-06,Delhi,125355
outliers,"Outliers detected in numeric column SALARY using IQR method (IQR multiplier=1.5, lower=5751.625, upper=123940.625)",SALARY,10226,Vijay,Verma,user9225@example.com,123,Female,1993-09-21,Hyderabad,1000
outliers,"Outliers detected in numeric column SALARY using IQR method (IQR multiplier=1.5, lower=5751.625, upper=123940.625)",SALARY,10241,Sneha,Kumar,,9876509240,Other,1976-09-27,Delhi,770402
outliers,"Outliers detected in numeric column SALARY using IQR method (IQR multiplier=1.5, lower=5751.625, upper=123940.625)",SALARY,10256,Amit,Rao,user9255@example.com,9876509255,,1999-04-28,Delhi,1000
outliers,"Outliers detected in numeric column SALARY using IQR method (IQR multiplier=1.5, lower=5751.625, upper=123940.625)",SALARY,10271,Sameer,Rao,user9270@example.com,9876509270,,1986-08-31,Chennai,553676
outliers,"Outliers detected in numeric column SALARY using IQR method (IQR multiplier=1.5, lower=5751.625, upper=123940.625)",SALARY,10286,Anjali,Mehta,user9285@example.com,9876509285,,2012-12-01,Bangalore,1000
outliers,"Outliers detected in numeric column SALARY using IQR method (IQR multiplier=1.5, lower=5751.625, upper=123940.625)",SALARY,10301,Neha,Reddy,invalid@,,,1971-07-08,Kolkata,352358
outliers,"Outliers detected in numeric column SALARY using IQR method (IQR multiplier=1.5, lower=5751.625, upper=123940.625)",SALARY,10316,Anjali,Sharma,user9315@example.com,9876509315,Male,1980-05-01,Delhi,1000
outliers,"Outliers detected in numeric column SALARY using IQR method (IQR multiplier=1.5, lower=5751.625, upper=123940.625)",SALARY,10331,Arjun,Joshi,user9330@example.com,9876509330,,2010-07-31,Ahmedabad,548877
outliers,"Outliers detected in numeric column SALARY using IQR method (IQR multiplier=1.5, lower=5751.625, upper=123940.625)",SALARY,10346,Rakesh,Mehta,user9345@example.com,9876509345,,2004-03-25,Mumbai,1000
outliers,"Outliers detected in numeric column SALARY using IQR method (IQR multiplier=1.5, lower=5751.625, upper=123940.625)",SALARY,10361,Sameer,Reddy,,9876509360,Male,1998-08-04,Pune,358402
outliers,"Outliers detected in numeric column SALARY using IQR method (IQR multiplier=1.5, lower=5751.625, upper=123940.625)",SALARY,10376,Priya,Sharma,user9375@example.com,123,,2013-06-13,Hyderabad,1000
outliers,"Outliers detected in numeric column SALARY using IQR method (IQR multiplier=1.5, lower=5751.625, upper=123940.625)",SALARY,10391,Arjun,Reddy,user9390@example.com,9876509390,Other,2003-08-08,Pune,421101
outliers,"Outliers detected in numeric column SALARY using IQR method (IQR multiplier=1.5, lower=5751.625, upper=123940.625)",SALARY,10406,Arjun,Gupta,user9405@example.com,9876509405,Other,2009-04-28,Kolkata,1000
outliers,"Outliers detected in numeric column SALARY using IQR method (IQR multiplier=1.5, lower=5751.625, upper=123940.625)",SALARY,10421,Arjun,Gupta,invalid@,9876509420,,1989-03-05,Delhi,723073
outliers,"Outliers detected in numeric column SALARY using IQR method (IQR multiplier=1.5, lower=5751.625, upper=123940.625)",SALARY,10436,Neha,Singh,user9435@example.com,9876509435,Male,1972-05-27,Bangalore,1000
outliers,"Outliers detected in numeric column SALARY using IQR method (IQR multiplier=1.5, lower=5751.625, upper=123940.625)",SALARY,10451,Arjun,Rao,user9450@example.com,,Female,1987-02-24,Delhi,725101
outliers,"Outliers detected in numeric column SALARY using IQR method (IQR multiplier=1.5, lower=5751.625, upper=123940.625)",SALARY,10466,Anjali,Singh,user9465@example.com,9876509465,,1973-11-06,Chennai,1000
outliers,"Outliers detected in numeric column SALARY using IQR method (IQR multiplier=1.5, lower=5751.625, upper=123940.625)",SALARY,10481,Priya,Singh,,9876509480,,2015-03-17,Bangalore,503441
outliers,"Outliers detected in numeric column SALARY using IQR method (IQR multiplier=1.5, lower=5751.625, upper=123940.625)",SALARY,10496,Neha,Mehta,user9495@example.com,9876509495,Other,1984-09-08,Delhi,1000
outliers,"Outliers detected in numeric column SALARY using IQR method (IQR multiplier=1.5, lower=5751.625, upper=123940.625)",SALARY,10511,Sameer,Gupta,user9510@example.com,9876509510,Male,1989-05-02,Hyderabad,940394
outliers,"Outliers detected in numeric column SALARY using IQR method (IQR multiplier=1.5, lower=5751.625, upper=123940.625)",SALARY,10526,Arjun,Reddy,user9525@example.com,123,,1983-08-29,Chennai,1000
outliers,"Outliers detected in numeric column SALARY using IQR method (IQR multiplier=1.5, lower=5751.625, upper=123940.625)",SALARY,10541,Priya,Mehta,invalid@,9876509540,Female,2005-02-01,Kolkata,1000000
outliers,"Outliers detected in numeric column SALARY using IQR method (IQR multiplier=1.5, lower=5751.625, upper=123940.625)",SALARY,10556,Vijay,Reddy,user9555@example.com,9876509555,,2010-05-19,Ahmedabad,1000
outliers,"Outliers detected in numeric column SALARY using IQR method (IQR multiplier=1.5, lower=5751.625, upper=123940.625)",SALARY,10571,Rakesh,Kumar,user9570@example.com,9876509570,Other,1973-06-03,Kolkata,595968
outliers,"Outliers detected in numeric column SALARY using IQR method (IQR multiplier=1.5, lower=5751.625, upper=123940.625)",SALARY,10586,Arjun,Rao,user9585@example.com,9876509585,,1992-06-18,Hyderabad,1000
outliers,"Outliers detected in numeric column SALARY using IQR method (IQR multiplier=1.5, lower=5751.625, upper=123940.625)",SALARY,10601,Amit,Verma,,,Male,1972-01-26,Mumbai,519260
outliers,"Outliers detected in numeric column SALARY using IQR method (IQR multiplier=1.5, lower=5751.625, upper=123940.625)",SALARY,10616,Sneha,Gupta,user9615@example.com,9876509615,Female,2010-08-17,Delhi,1000
outliers,"Outliers detected in numeric column SALARY using IQR method (IQR multiplier=1.5, lower=5751.625, upper=123940.625)",SALARY,10631,Sameer,Singh,user9630@example.com,9876509630,Male,1977-06-09,Bangalore,714386
outliers,"Outliers detected in numeric column SALARY using IQR method (IQR multiplier=1.5, lower=5751.625, upper=123940.625)",SALARY,10646,Sneha,Reddy,user9645@example.com,9876509645,Male,1970-04-07,Delhi,1000
outliers,"Outliers detected in numeric column SALARY using IQR method (IQR multiplier=1.5, lower=5751.625, upper=123940.625)",SALARY,10661,Vijay,Rao,invalid@,9876509660,,1994-06-05,Hyderabad,1000000
outliers,"Outliers detected in numeric column SALARY using IQR method (IQR multiplier=1.5, lower=5751.625, upper=123940.625)",SALARY,10676,Sneha,Gupta,user9675@example.com,123,Male,2011-03-11,Delhi,1000
outliers,"Outliers detected in numeric column SALARY using IQR method (IQR multiplier=1.5, lower=5751.625, upper=123940.625)",SALARY,10691,Priya,Rao,user9690@example.com,9876509690,Other,2001-03-17,Delhi,424978
outliers,"Outliers detected in numeric column SALARY using IQR method (IQR multiplier=1.5, lower=5751.625, upper=123940.625)",SALARY,10706,Sameer,Joshi,user9705@example.com,9876509705,,2050-01-01,Hyderabad,1000
outliers,"Outliers detected in numeric column SALARY using IQR method (IQR multiplier=1.5, lower=5751.625, upper=123940.625)",SALARY,10721,Rakesh,Gupta,,9876509720,,1973-11-05,Hyderabad,769742
outliers,"Outliers detected in numeric column SALARY using IQR method (IQR multiplier=1.5, lower=5751.625, upper=123940.625)",SALARY,10736,Vijay,Gupta,user9735@example.com,9876509735,Male,2009-11-10,Ahmedabad,1000
outliers,"Outliers detected in numeric column SALARY using IQR method (IQR multiplier=1.5, lower=5751.625, upper=123940.625)",SALARY,10751,Amit,Mehta,user9750@example.com,,Other,1977-06-02,Mumbai,532626
outliers,"Outliers detected in numeric column SALARY using IQR method (IQR multiplier=1.5, lower=5751.625, upper=123940.625)",SALARY,10766,Anjali,Mehta,user9765@example.com,9876509765,,invalid,Pune,1000
outliers,"Outliers detected in numeric column SALARY using IQR method (IQR multiplier=1.5, lower=5751.625, upper=123940.625)",SALARY,10781,Priya,Mehta,invalid@,9876509780,,2018-06-10,Mumbai,915402
outliers,"Outliers detected in numeric column SALARY using IQR method (IQR multiplier=1.5, lower=5751.625, upper=123940.625)",SALARY,10796,Amit,Gupta,user9795@example.com,9876509795,,1992-08-18,Chennai,1000
outliers,"Outliers detected in numeric column SALARY using IQR method (IQR multiplier=1.5, lower=5751.625, upper=123940.625)",SALARY,10811,Kavya,Rao,user9810@example.com,9876509810,Female,2018-04-11,Mumbai,305103
outliers,"Outliers detected in numeric column SALARY using IQR method (IQR multiplier=1.5, lower=5751.625, upper=123940.625)",SALARY,10826,Rakesh,Verma,user9825@example.com,123,,1981-09-01,Hyderabad,1000
outliers,"Outliers detected in numeric column SALARY using IQR method (IQR multiplier=1.5, lower=5751.625, upper=123940.625)",SALARY,10841,Priya,Kumar,,9876509840,Other,invalid,Delhi,901412
outliers,"Outliers detected in numeric column SALARY using IQR method (IQR multiplier=1.5, lower=5751.625, upper=123940.625)",SALARY,10856,Vijay,Verma,user9855@example.com,9876509855,Male,1973-11-08,Hyderabad,1000
outliers,"Outliers detected in numeric column SALARY using IQR method (IQR multiplier=1.5, lower=5751.625, upper=123940.625)",SALARY,10871,Priya,Mehta,user9870@example.com,9876509870,Other,2013-02-27,Chennai,463584
outliers,"Outliers detected in numeric column SALARY using IQR method (IQR multiplier=1.5, lower=5751.625, upper=123940.625)",SALARY,10886,Kavya,Sharma,user9885@example.com,9876509885,,1979-05-03,Kolkata,1000
outliers,"Outliers detected in numeric column SALARY using IQR method (IQR multiplier=1.5, lower=5751.625, upper=123940.625)",SALARY,10901,Kavya,Kumar,invalid@,,Other,1994-12-09,Kolkata,559190
outliers,"Outliers detected in numeric column SALARY using IQR method (IQR multiplier=1.5, lower=5751.625, upper=123940.625)",SALARY,10916,Anjali,Mehta,user9915@example.com,9876509915,Other,2007-08-05,Bangalore,1000
outliers,"Outliers detected in numeric column SALARY using IQR method (IQR multiplier=1.5, lower=5751.625, upper=123940.625)",SALARY,10931,Arjun,Sharma,user9930@example.com,9876509930,Other,1984-05-06,Kolkata,760992
outliers,"Outliers detected in numeric column SALARY using IQR method (IQR multiplier=1.5, lower=5751.625, upper=123940.625)",SALARY,10946,Arjun,Rao,user9945@example.com,9876509945,,1995-07-05,Hyderabad,1000
outliers,"Outliers detected in numeric column SALARY using IQR method (IQR multiplier=1.5, lower=5751.625, upper=123940.625)",SALARY,10961,Amit,Mehta,,9876509960,Male,2001-01-27,Mumbai,1000000
outliers,"Outliers detected in numeric column SALARY using IQR method (IQR multiplier=1.5, lower=5751.625, upper=123940.625)",SALARY,10976,Sameer,Reddy,user9975@example.com,123,Other,1984-09-27,Pune,1000
outliers,"Outliers detected in numeric column SALARY using IQR method (IQR multiplier=1.5, lower=5751.625, upper=123940.625)",SALARY,10991,Sneha,Verma,user9990@example.com,9876509990,,2001-08-26,Hyderabad,1000000
