issue_type,issue_detail,columns_involved,CUSTOMER_ID,FIRST_NAME,LAST_NAME,EMAIL,PHONE,GENDER,DOB,CITY,SALARY
null_blank,Null values detected in column EMAIL,EMAIL,1001,Amit,Patel,,,,2017-03-17,Ahmedabad,520375
null_blank,Null values detected in column EMAIL,EMAIL,1041,Vijay,Sharma,,9876500040,,1970-07-13,Bangalore,109075
null_blank,Null values detected in column EMAIL,EMAIL,1081,Amit,Gupta,,9876500080,Female,2014-04-30,Delhi,85490
null_blank,Null values detected in column EMAIL,EMAIL,1121,Anjali,Sharma,,9876500120,Female,2000-11-02,Kolkata,731533
null_blank,Null values detected in column EMAIL,EMAIL,1161,Priya,Sharma,,9876500160,Other,2004-08-21,Delhi,94855
null_blank,Null values detected in column EMAIL,EMAIL,1201,Priya,Joshi,,,Other,2015-06-06,Mumbai,21143
null_blank,Null values detected in column EMAIL,EMAIL,1241,Sameer,Joshi,,9876500240,,1977-07-15,Chennai,627045
null_blank,Null values detected in column EMAIL,EMAIL,1281,Priya,Mehta,,9876500280,,2014-08-30,Pune,83364
null_blank,Null values detected in column EMAIL,EMAIL,1321,Priya,Kumar,,9876500320,Other,1999-05-15,Mumbai,64816
null_blank,Null values detected in column EMAIL,EMAIL,1361,Neha,Joshi,,9876500360,Female,2003-03-31,Delhi,761683
null_blank,Null values detected in column EMAIL,EMAIL,1401,Rakesh,Rao,,,Other,1991-06-22,Kolkata,68730
null_blank,Null values detected in column EMAIL,EMAIL,1441,Amit,Patel,,9876500440,Male,2005-10-01,Delhi,42141
null_blank,Null values detected in column EMAIL,EMAIL,1481,Neha,Verma,,9876500480,Other,1983-01-30,Kolkata,315453
null_blank,Null values detected in column EMAIL,EMAIL,1521,Neha,Sharma,,9876500520,Male,1976-03-18,Chennai,50140
null_blank,Null values detected in column EMAIL,EMAIL,1561,Neha,Joshi,,9876500560,,1982-11-23,Hyderabad,43504
null_blank,Null values detected in column EMAIL,EMAIL,1601,Rakesh,Reddy,,,,2016-01-11,Bangalore,914314
null_blank,Null values detected in column EMAIL,EMAIL,1641,Arjun,Sharma,,9876500640,Male,1971-12-07,Hyderabad,69050
null_blank,Null values detected in column EMAIL,EMAIL,1681,Kavya,Verma,,9876500680,Female,1971-04-01,Hyderabad,67118
null_blank,Null values detected in column EMAIL,EMAIL,1721,Anjali,Joshi,,9876500720,Male,1974-12-21,Chennai,901025
null_blank,Null values detected in column EMAIL,EMAIL,1761,Kavya,Rao,,9876500760,Male,2012-02-10,Mumbai,88902
null_blank,Null values detected in column EMAIL,EMAIL,1801,Arjun,Reddy,,,Male,1990-12-07,Kolkata,46003
null_blank,Null values detected in column EMAIL,EMAIL,1841,Amit,Rao,,9876500840,,1976-07-17,Hyderabad,635713
null_blank,Null values detected in column EMAIL,EMAIL,1881,Arjun,Rao,,9876500880,,1983-05-09,Bangalore,78432
null_blank,Null values detected in column EMAIL,EMAIL,1921,Sameer,Reddy,,9876500920,Female,invalid,Chennai,95583
null_blank,Null values detected in column EMAIL,EMAIL,1961,Vijay,Patel,,9876500960,Other,1995-09-09,Mumbai,1000000
null_blank,Null values detected in column EMAIL,EMAIL,2001,Arjun,Joshi,,,Female,2000-01-28,Pune,67075
null_blank,Null values detected in column EMAIL,EMAIL,2041,Vijay,Mehta,,9876501040,,1987-11-08,Bangalore,94644
null_blank,Null values detected in column EMAIL,EMAIL,2081,Sameer,Patel,,9876501080,Male,1993-06-22,Mumbai,752255
null_blank,Null values detected in column EMAIL,EMAIL,2121,Vijay,Sharma,,9876501120,,1971-06-29,Pune,44245
null_blank,Null values detected in column EMAIL,EMAIL,2161,Vijay,Gupta,,9876501160,Other,1983-05-03,Ahmedabad,40678
null_blank,Null values detected in column EMAIL,EMAIL,2201,Vijay,Singh,,,,1977-07-13,Ahmedabad,762470
null_blank,Null values detected in column EMAIL,EMAIL,2241,Priya,Rao,,9876501240,,2006-06-05,Pune,77538
null_blank,Null values detected in column EMAIL,EMAIL,2281,Arjun,Reddy,,9876501280,,2008-04-22,Pune,72662
null_blank,Null values detected in column EMAIL,EMAIL,2321,Arjun,Verma,,9876501320,Female,2019-03-11,Ahmedabad,617199
null_blank,Null values detected in column EMAIL,EMAIL,2361,Arjun,Rao,,9876501360,Male,2006-07-19,Delhi,67028
null_blank,Null values detected in column EMAIL,EMAIL,2401,Sneha,Rao,,,Male,1996-05-28,Kolkata,46645
null_blank,Null values detected in column EMAIL,EMAIL,2441,Sneha,Patel,,9876501440,Other,2004-10-16,Mumbai,625194
null_blank,Null values detected in column EMAIL,EMAIL,2481,Amit,Verma,,9876501480,,1977-02-01,Pune,37586
null_blank,Null values detected in column EMAIL,EMAIL,2521,Amit,Patel,,9876501520,,2012-04-17,Kolkata,95995
null_blank,Null values detected in column EMAIL,EMAIL,2561,Vijay,Kumar,,9876501560,,1990-11-10,Pune,674719
null_blank,Null values detected in column EMAIL,EMAIL,2601,Sameer,Mehta,,,Other,2019-04-08,Ahmedabad,83362
null_blank,Null values detected in column EMAIL,EMAIL,2641,Kavya,Mehta,,9876501640,,1995-06-15,Pune,115350
null_blank,Null values detected in column EMAIL,EMAIL,2681,Sameer,Mehta,,9876501680,Female,2012-05-13,Mumbai,636794
null_blank,Null values detected in column EMAIL,EMAIL,2721,Neha,Patel,,9876501720,Female,1976-06-01,Ahmedabad,70367
null_blank,Null values detected in column EMAIL,EMAIL,2761,Vijay,Verma,,9876501760,Male,1997-06-21,Pune,71620
null_blank,Null values detected in column EMAIL,EMAIL,2801,Kavya,Rao,,,Other,1994-03-15,Mumbai,430702
null_blank,Null values detected in column EMAIL,EMAIL,2841,Anjali,Singh,,9876501840,,2008-10-19,Delhi,58728
null_blank,Null values detected in column EMAIL,EMAIL,2881,Anjali,Kumar,,9876501880,,2008-12-15,Mumbai,85954
null_blank,Null values detected in column EMAIL,EMAIL,2921,Neha,Rao,,9876501920,,2015-07-10,Kolkata,615112
null_blank,Null values detected in column EMAIL,EMAIL,2961,Arjun,Kumar,,9876501960,Female,2013-10-09,Mumbai,47437
null_blank,Null values detected in column EMAIL,EMAIL,3001,Anjali,Gupta,,,,1971-11-09,Delhi,68450
null_blank,Null values detected in column EMAIL,EMAIL,3041,Kavya,Patel,,9876502040,,2015-02-20,Ahmedabad,739228
null_blank,Null values detected in column EMAIL,EMAIL,3081,Arjun,Verma,,9876502080,Other,1973-11-29,Bangalore,40108
null_blank,Null values detected in column EMAIL,EMAIL,3121,Neha,Patel,,9876502120,,1975-10-22,Mumbai,33704
null_blank,Null values detected in column EMAIL,EMAIL,3161,Rakesh,Verma,,9876502160,,2001-04-08,Ahmedabad,1000000
null_blank,Null values detected in column EMAIL,EMAIL,3201,Amit,Mehta,,,Other,2016-09-17,Delhi,49026
null_blank,Null values detected in column EMAIL,EMAIL,3241,Anjali,Joshi,,9876502240,,2002-12-02,Kolkata,89130
null_blank,Null values detected in column EMAIL,EMAIL,3281,Neha,Singh,,9876502280,,2006-12-05,Hyderabad,528364
null_blank,Null values detected in column EMAIL,EMAIL,3321,Rakesh,Patel,,9876502320,Other,2017-05-16,Delhi,80324
null_blank,Null values detected in column EMAIL,EMAIL,3361,Rakesh,Mehta,,9876502360,,invalid,Bangalore,68371
null_blank,Null values detected in column EMAIL,EMAIL,3401,Anjali,Sharma,,,Other,2010-08-23,Kolkata,592735
null_blank,Null values detected in column EMAIL,EMAIL,3441,Neha,Rao,,9876502440,,1974-01-06,Kolkata,52341
null_blank,Null values detected in column EMAIL,EMAIL,3481,Vijay,Kumar,,9876502480,Female,2007-09-07,Pune,67976
null_blank,Null values detected in column EMAIL,EMAIL,3521,Priya,Joshi,,9876502520,Other,1973-12-17,Bangalore,502964
null_blank,Null values detected in column EMAIL,EMAIL,3561,Sneha,Patel,,9876502560,Other,2009-08-27,Hyderabad,38291
null_blank,Null values detected in column EMAIL,EMAIL,3601,Priya,Joshi,,,Other,2018-11-03,Chennai,91624
null_blank,Null values detected in column EMAIL,EMAIL,3641,Vijay,Gupta,,9876502640,Other,2012-06-23,Pune,644281
null_blank,Null values detected in column EMAIL,EMAIL,3681,Arjun,Singh,,9876502680,Other,1973-06-17,Ahmedabad,59343
null_blank,Null values detected in column EMAIL,EMAIL,3721,Vijay,Rao,,9876502720,Female,2014-09-20,Hyderabad,44497
null_blank,Null values detected in column EMAIL,EMAIL,3761,Sameer,Patel,,9876502760,,2015-12-25,Delhi,930468
null_blank,Null values detected in column EMAIL,EMAIL,3801,Sameer,Mehta,,,Other,2017-01-30,Mumbai,79250
null_blank,Null values detected in column EMAIL,EMAIL,3841,Rakesh,Mehta,,9876502840,Female,2011-10-13,Kolkata,38016
null_blank,Null values detected in column EMAIL,EMAIL,3881,Kavya,Singh,,9876502880,Female,1987-07-10,Mumbai,378357
null_blank,Null values detected in column EMAIL,EMAIL,3921,Vijay,Reddy,,9876502920,Other,2019-02-15,Chennai,79084
null_blank,Null values detected in column EMAIL,EMAIL,3961,Sneha,Kumar,,9876502960,Female,1974-08-30,Delhi,57873
null_blank,Null values detected in column EMAIL,EMAIL,4001,Sneha,Singh,,,Male,1973-09-27,Delhi,786704
null_blank,Null values detected in column EMAIL,EMAIL,4041,Arjun,Rao,,9876503040,Male,2005-02-03,Ahmedabad,88275
null_blank,Null values detected in column EMAIL,EMAIL,4081,Priya,Gupta,,9876503080,,1998-09-11,Pune,94937
null_blank,Null values detected in column EMAIL,EMAIL,4121,Sneha,Gupta,,9876503120,,invalid,Delhi,715259
null_blank,Null values detected in column EMAIL,EMAIL,4161,Kavya,Sharma,,9876503160,Other,2018-07-29,Hyderabad,64469
null_blank,Null values detected in column EMAIL,EMAIL,4201,Amit,Joshi,,,Female,2001-08-24,Chennai,78846
null_blank,Null values detected in column EMAIL,EMAIL,4241,Amit,Sharma,,9876503240,,2011-04-20,Hyderabad,693743
null_blank,Null values detected in column EMAIL,EMAIL,4281,Kavya,Kumar,,9876503280,,1977-01-28,Hyderabad,53890
null_blank,Null values detected in column EMAIL,EMAIL,4321,Anjali,Sharma,,9876503320,Male,1972-05-17,Kolkata,78818
null_blank,Null values detected in column EMAIL,EMAIL,4361,Vijay,Mehta,,9876503360,Other,1976-09-05,Hyderabad,700317
null_blank,Null values detected in column EMAIL,EMAIL,4401,Anjali,Mehta,,,Female,2011-05-05,Kolkata,80464
null_blank,Null values detected in column EMAIL,EMAIL,4441,Sameer,Gupta,,9876503440,Other,2002-09-02,Pune,145311
null_blank,Null values detected in column EMAIL,EMAIL,4481,Neha,Singh,,9876503480,Other,1987-01-08,Pune,467309
null_blank,Null values detected in column EMAIL,EMAIL,4521,Sameer,Kumar,,9876503520,,2002-01-03,Hyderabad,58822
null_blank,Null values detected in column EMAIL,EMAIL,4561,Anjali,Gupta,,9876503560,,1997-12-31,Hyderabad,71598
null_blank,Null values detected in column EMAIL,EMAIL,4601,Arjun,Rao,,,Other,1996-04-03,Ahmedabad,853188
null_blank,Null values detected in column EMAIL,EMAIL,4641,Neha,Reddy,,9876503640,Male,2009-01-12,Chennai,59426
null_blank,Null values detected in column EMAIL,EMAIL,4681,Amit,Joshi,,9876503680,Female,1989-12-30,Pune,108987
null_blank,Null values detected in column EMAIL,EMAIL,4721,Arjun,Reddy,,9876503720,,1999-12-12,Delhi,858912
null_blank,Null values detected in column EMAIL,EMAIL,4761,Anjali,Kumar,,9876503760,Female,1977-02-19,Mumbai,37724
null_blank,Null values detected in column EMAIL,EMAIL,4801,Sneha,Joshi,,,,2005-11-10,Pune,67569
null_blank,Null values detected in column EMAIL,EMAIL,4841,Priya,Reddy,,9876503840,Female,1996-08-02,Ahmedabad,582632
null_blank,Null values detected in column EMAIL,EMAIL,4881,Vijay,Joshi,,9876503880,,1974-01-28,Bangalore,41031
null_blank,Null values detected in column EMAIL,EMAIL,4921,Neha,Sharma,,9876503920,,1986-04-20,Ahmedabad,70001
null_blank,Null values detected in column EMAIL,EMAIL,4961,Kavya,Singh,,9876503960,,2000-01-06,Pune,752941
null_blank,Null values detected in column EMAIL,EMAIL,5001,Kavya,Sharma,,,Female,2003-04-09,Bangalore,66267
null_blank,Null values detected in column EMAIL,EMAIL,5041,Vijay,Sharma,,9876504040,Male,1972-03-16,Pune,37466
null_blank,Null values detected in column EMAIL,EMAIL,5081,Amit,Singh,,9876504080,,1991-08-19,Chennai,422162
null_blank,Null values detected in column EMAIL,EMAIL,5121,Arjun,Patel,,9876504120,Male,1993-11-04,Pune,72454
null_blank,Null values detected in column EMAIL,EMAIL,5161,Sameer,Verma,,9876504160,Male,1987-05-17,Delhi,62906
null_blank,Null values detected in column EMAIL,EMAIL,5201,Sneha,Mehta,,,Other,1988-08-29,Ahmedabad,666703
null_blank,Null values detected in column EMAIL,EMAIL,5241,Anjali,Reddy,,9876504240,Female,1981-07-28,Mumbai,76816
null_blank,Null values detected in column EMAIL,EMAIL,5281,Sneha,Sharma,,9876504280,Female,1973-08-25,Chennai,75633
null_blank,Null values detected in column EMAIL,EMAIL,5321,Sameer,Patel,,9876504320,Male,1989-05-01,Kolkata,301939
null_blank,Null values detected in column EMAIL,EMAIL,5361,Neha,Singh,,9876504360,,2012-11-17,Chennai,53181
null_blank,Null values detected in column EMAIL,EMAIL,5401,Rakesh,Rao,,,Male,2016-02-17,Chennai,61659
null_blank,Null values detected in column EMAIL,EMAIL,5441,Sneha,Reddy,,9876504440,Other,1981-05-12,Hyderabad,512731
null_blank,Null values detected in column EMAIL,EMAIL,5481,Vijay,Singh,,9876504480,Male,2017-11-19,Delhi,68988
null_blank,Null values detected in column EMAIL,EMAIL,5521,Vijay,Sharma,,9876504520,Other,1996-04-19,Bangalore,82511
null_blank,Null values detected in column EMAIL,EMAIL,5561,Arjun,Mehta,,9876504560,Female,2003-08-22,Kolkata,814959
null_blank,Null values detected in column EMAIL,EMAIL,5601,Sameer,Mehta,,,Other,2002-09-16,Pune,66620
null_blank,Null values detected in column EMAIL,EMAIL,5641,Amit,Patel,,9876504640,Female,1991-10-03,Ahmedabad,41587
null_blank,Null values detected in column EMAIL,EMAIL,5681,Sneha,Rao,,9876504680,Male,1996-08-19,Hyderabad,360942
null_blank,Null values detected in column EMAIL,EMAIL,5721,Rakesh,Rao,,9876504720,Female,1974-08-30,Kolkata,50489
null_blank,Null values detected in column EMAIL,EMAIL,5761,Rakesh,Mehta,,9876504760,Male,2050-01-01,Ahmedabad,67278
null_blank,Null values detected in column EMAIL,EMAIL,5801,Sameer,Kumar,,,Male,1985-12-17,Delhi,470264
null_blank,Null values detected in column EMAIL,EMAIL,5841,Arjun,Mehta,,9876504840,,1979-03-05,Kolkata,75063
null_blank,Null values detected in column EMAIL,EMAIL,5881,Kavya,Patel,,9876504880,Other,2013-10-02,Mumbai,68407
null_blank,Null values detected in column EMAIL,EMAIL,5921,Priya,Sharma,,9876504920,Female,1984-05-23,Hyderabad,581599
null_blank,Null values detected in column EMAIL,EMAIL,5961,Vijay,Joshi,,9876504960,,2009-12-11,Chennai,62238
null_blank,Null values detected in column EMAIL,EMAIL,6001,Neha,Sharma,,,,1979-04-19,Bangalore,55494
null_blank,Null values detected in column EMAIL,EMAIL,6041,Neha,Kumar,,9876505040,Male,1993-09-18,Hyderabad,751953
null_blank,Null values detected in column EMAIL,EMAIL,6081,Anjali,Patel,,9876505080,,1996-01-02,Mumbai,61025
null_blank,Null values detected in column EMAIL,EMAIL,6121,Kavya,Verma,,9876505120,Other,1995-11-01,Hyderabad,83954
null_blank,Null values detected in column EMAIL,EMAIL,6161,Neha,Gupta,,9876505160,,1993-05-01,Delhi,839976
null_blank,Null values detected in column EMAIL,EMAIL,6201,Rakesh,Reddy,,,Male,2018-09-01,Ahmedabad,78386
null_blank,Null values detected in column EMAIL,EMAIL,6241,Neha,Rao,,9876505240,Male,2017-08-01,Delhi,61882
null_blank,Null values detected in column EMAIL,EMAIL,6281,Anjali,Verma,,9876505280,Female,1997-07-30,Ahmedabad,922656
null_blank,Null values detected in column EMAIL,EMAIL,6321,Priya,Sharma,,9876505320,Other,1990-11-01,Delhi,77530
null_blank,Null values detected in column EMAIL,EMAIL,6361,Neha,Singh,,9876505360,,1990-03-18,Pune,46897
null_blank,Null values detected in column EMAIL,EMAIL,6401,Vijay,Kumar,,,Female,2016-07-10,Kolkata,478993
null_blank,Null values detected in column EMAIL,EMAIL,6441,Anjali,Rao,,9876505440,,1981-10-17,Kolkata,88702
null_blank,Null values detected in column EMAIL,EMAIL,6481,Sneha,Gupta,,9876505480,Male,2018-09-06,Chennai,62668
null_blank,Null values detected in column EMAIL,EMAIL,6521,Neha,Mehta,,9876505520,,2005-04-13,Delhi,615942
null_blank,Null values detected in column EMAIL,EMAIL,6561,Amit,Singh,,9876505560,Female,2015-08-17,Bangalore,43622
null_blank,Null values detected in column EMAIL,EMAIL,6601,Rakesh,Joshi,,,Other,2009-11-30,Pune,55750
null_blank,Null values detected in column EMAIL,EMAIL,6641,Kavya,Kumar,,9876505640,Male,1974-02-23,Mumbai,835474
null_blank,Null values detected in column EMAIL,EMAIL,6681,Vijay,Singh,,9876505680,Other,2011-03-25,Bangalore,32595
null_blank,Null values detected in column EMAIL,EMAIL,6721,Vijay,Kumar,,9876505720,Other,2017-04-19,Delhi,65905
null_blank,Null values detected in column EMAIL,EMAIL,6761,Sneha,Patel,,9876505760,Male,1979-09-25,Ahmedabad,744081
null_blank,Null values detected in column EMAIL,EMAIL,6801,Priya,Mehta,,,Male,2004-12-13,Chennai,90872
null_blank,Null values detected in column EMAIL,EMAIL,6841,Vijay,Joshi,,9876505840,,1974-03-16,Hyderabad,44949
null_blank,Null values detected in column EMAIL,EMAIL,6881,Priya,Joshi,,9876505880,Male,2016-02-20,Delhi,783086
null_blank,Null values detected in column EMAIL,EMAIL,6921,Kavya,Patel,,9876505920,,1989-11-05,Bangalore,63154
null_blank,Null values detected in column EMAIL,EMAIL,6961,Vijay,Gupta,,9876505960,Other,1992-12-05,Bangalore,69575
null_blank,Null values detected in column EMAIL,EMAIL,7001,Sameer,Patel,,,Male,1982-04-10,Delhi,507250
null_blank,Null values detected in column EMAIL,EMAIL,7041,Arjun,Rao,,9876506040,Other,2014-05-05,Kolkata,101827
null_blank,Null values detected in column EMAIL,EMAIL,7081,Vijay,Joshi,,9876506080,Other,1986-07-13,Hyderabad,92937
null_blank,Null values detected in column EMAIL,EMAIL,7121,Arjun,Patel,,9876506120,Other,2009-05-15,Hyderabad,359827
null_blank,Null values detected in column EMAIL,EMAIL,7161,Anjali,Gupta,,9876506160,Male,2050-01-01,Delhi,57787
null_blank,Null values detected in column EMAIL,EMAIL,7201,Priya,Patel,,,,2000-12-07,Bangalore,57519
null_blank,Null values detected in column EMAIL,EMAIL,7241,Kavya,Reddy,,9876506240,,2012-02-26,Chennai,678100
null_blank,Null values detected in column EMAIL,EMAIL,7281,Anjali,Joshi,,9876506280,Male,1971-08-18,Bangalore,44306
null_blank,Null values detected in column EMAIL,EMAIL,7321,Neha,Gupta,,9876506320,,2014-12-09,Kolkata,66404
null_blank,Null values detected in column EMAIL,EMAIL,7361,Amit,Gupta,,9876506360,,2004-09-10,Delhi,67832
null_blank,Null values detected in column EMAIL,EMAIL,7401,Amit,Joshi,,,Male,2002-04-20,Chennai,63951
null_blank,Null values detected in column EMAIL,EMAIL,7441,Kavya,Gupta,,9876506440,Male,2014-10-03,Hyderabad,38527
null_blank,Null values detected in column EMAIL,EMAIL,7481,Rakesh,Gupta,,9876506480,Male,2007-02-11,Delhi,551729
null_blank,Null values detected in column EMAIL,EMAIL,7521,Amit,Patel,,9876506520,,1971-10-06,Kolkata,54149
null_blank,Null values detected in column EMAIL,EMAIL,7561,Amit,Reddy,,9876506560,,1974-11-14,Delhi,82379
null_blank,Null values detected in column EMAIL,EMAIL,7601,Sameer,Sharma,,,Female,1983-04-17,Chennai,419619
null_blank,Null values detected in column EMAIL,EMAIL,7641,Priya,Patel,,9876506640,,2016-09-01,Hyderabad,86691
null_blank,Null values detected in column EMAIL,EMAIL,7681,Vijay,Reddy,,9876506680,Male,1999-06-09,Delhi,39188
null_blank,Null values detected in column EMAIL,EMAIL,7721,Neha,Kumar,,9876506720,,2012-09-29,Chennai,539742
null_blank,Null values detected in column EMAIL,EMAIL,7761,Arjun,Reddy,,9876506760,,1998-02-27,Ahmedabad,21156
null_blank,Null values detected in column EMAIL,EMAIL,7801,Anjali,Mehta,,,Male,1995-09-28,Hyderabad,59555
null_blank,Null values detected in column EMAIL,EMAIL,7841,Rakesh,Rao,,9876506840,Other,1979-10-07,Bangalore,435321
null_blank,Null values detected in column EMAIL,EMAIL,7881,Sneha,Singh,,9876506880,,2000-12-18,Kolkata,51256
null_blank,Null values detected in column EMAIL,EMAIL,7921,Priya,Singh,,9876506920,,1972-05-15,Delhi,79746
null_blank,Null values detected in column EMAIL,EMAIL,7961,Sneha,Patel,,9876506960,Female,1986-05-13,Kolkata,512032
null_blank,Null values detected in column EMAIL,EMAIL,8001,Sameer,Rao,,,,2011-02-04,Mumbai,61246
null_blank,Null values detected in column EMAIL,EMAIL,8041,Priya,Rao,,9876507040,Male,1984-03-06,Ahmedabad,63883
null_blank,Null values detected in column EMAIL,EMAIL,8081,Anjali,Joshi,,9876507080,Male,1986-06-28,Ahmedabad,616187
null_blank,Null values detected in column EMAIL,EMAIL,8121,Arjun,Verma,,9876507120,Female,1994-09-10,Ahmedabad,34713
null_blank,Null values detected in column EMAIL,EMAIL,8161,Sameer,Rao,,9876507160,Male,1970-05-06,Kolkata,24517
null_blank,Null values detected in column EMAIL,EMAIL,8201,Vijay,Kumar,,,,1975-08-01,Ahmedabad,511909
null_blank,Null values detected in column EMAIL,EMAIL,8241,Arjun,Singh,,9876507240,,1986-06-04,Delhi,82550
null_blank,Null values detected in column EMAIL,EMAIL,8281,Sneha,Verma,,9876507280,,2011-03-12,Ahmedabad,67726
null_blank,Null values detected in column EMAIL,EMAIL,8321,Priya,Sharma,,9876507320,,1982-03-30,Hyderabad,636166
null_blank,Null values detected in column EMAIL,EMAIL,8361,Anjali,Joshi,,9876507360,,1998-11-29,Pune,61497
null_blank,Null values detected in column EMAIL,EMAIL,8401,Priya,Reddy,,,,1988-04-29,Bangalore,59102
null_blank,Null values detected in column EMAIL,EMAIL,8441,Anjali,Rao,,9876507440,,1997-09-07,Hyderabad,830130
null_blank,Null values detected in column EMAIL,EMAIL,8481,Sneha,Gupta,,9876507480,Male,1980-04-13,Pune,108474
null_blank,Null values detected in column EMAIL,EMAIL,8521,Arjun,Patel,,9876507520,Male,2007-12-08,Chennai,53466
null_blank,Null values detected in column EMAIL,EMAIL,8561,Kavya,Sharma,,9876507560,,1978-07-07,Hyderabad,693759
null_blank,Null values detected in column EMAIL,EMAIL,8601,Neha,Joshi,,,Female,1987-07-30,Ahmedabad,78876
null_blank,Null values detected in column EMAIL,EMAIL,8641,Vijay,Joshi,,9876507640,Female,2018-03-28,Pune,79451
null_blank,Null values detected in column EMAIL,EMAIL,8681,Priya,Patel,,9876507680,Male,1970-08-08,Chennai,497822
null_blank,Null values detected in column EMAIL,EMAIL,8721,Priya,Patel,,9876507720,,invalid,Kolkata,63033
null_blank,Null values detected in column EMAIL,EMAIL,8761,Rakesh,Patel,,9876507760,Other,1985-12-13,Hyderabad,45827
null_blank,Null values detected in column EMAIL,EMAIL,8801,Rakesh,Joshi,,,Male,2000-02-28,Pune,608233
null_blank,Null values detected in column EMAIL,EMAIL,8841,Rakesh,Sharma,,9876507840,,2006-04-01,Kolkata,90249
null_blank,Null values detected in column EMAIL,EMAIL,8881,Kavya,Singh,,9876507880,,1987-05-04,Chennai,87656
null_blank,Null values detected in column EMAIL,EMAIL,8921,Sameer,Singh,,9876507920,Male,2006-09-21,Pune,515120
null_blank,Null values detected in column EMAIL,EMAIL,8961,Anjali,Joshi,,9876507960,Female,2006-04-17,Bangalore,58466
null_blank,Null values detected in column EMAIL,EMAIL,9001,Amit,Sharma,,,,2009-08-08,Pune,74959
null_blank,Null values detected in column EMAIL,EMAIL,9041,Sneha,Singh,,9876508040,Male,1996-11-14,Kolkata,846995
null_blank,Null values detected in column EMAIL,EMAIL,9081,Priya,Patel,,9876508080,Other,1988-08-01,Bangalore,58128
null_blank,Null values detected in column EMAIL,EMAIL,9121,Arjun,Singh,,9876508120,Male,2010-05-15,Pune,51504
null_blank,Null values detected in column EMAIL,EMAIL,9161,Rakesh,Verma,,9876508160,Other,1985-05-04,Hyderabad,573817
null_blank,Null values detected in column EMAIL,EMAIL,9201,Amit,Joshi,,,,1980-07-16,Kolkata,54043
null_blank,Null values detected in column EMAIL,EMAIL,9241,Vijay,Joshi,,9876508240,Male,1997-10-10,Delhi,60699
null_blank,Null values detected in column EMAIL,EMAIL,9281,Kavya,Joshi,,9876508280,,2005-05-16,Ahmedabad,1000000
null_blank,Null values detected in column EMAIL,EMAIL,9321,Vijay,Rao,,9876508320,Other,2008-04-30,Ahmedabad,89486
null_blank,Null values detected in column EMAIL,EMAIL,9361,Priya,Gupta,,9876508360,,1981-05-15,Pune,76270
null_blank,Null values detected in column EMAIL,EMAIL,9401,Amit,Patel,,,Other,1975-02-25,Bangalore,521644
null_blank,Null values detected in column EMAIL,EMAIL,9441,Vijay,Singh,,9876508440,Male,1974-07-12,Bangalore,31108
null_blank,Null values detected in column EMAIL,EMAIL,9481,Vijay,Verma,,9876508480,Other,2018-07-14,Bangalore,74419
null_blank,Null values detected in column EMAIL,EMAIL,9521,Anjali,Gupta,,9876508520,,2016-08-18,Bangalore,333006
null_blank,Null values detected in column EMAIL,EMAIL,9561,Amit,Joshi,,9876508560,,1990-02-13,Kolkata,37721
null_blank,Null values detected in column EMAIL,EMAIL,9601,Sneha,Kumar,,,,1977-02-02,Chennai,71641
null_blank,Null values detected in column EMAIL,EMAIL,9641,Sameer,Gupta,,9876508640,Other,1997-09-10,Ahmedabad,993168
null_blank,Null values detected in column EMAIL,EMAIL,9681,Arjun,Gupta,,9876508680,,1995-04-25,Mumbai,32800
null_blank,Null values detected in column EMAIL,EMAIL,9721,Anjali,Verma,,9876508720,Female,1971-01-28,Delhi,70701
null_blank,Null values detected in column EMAIL,EMAIL,9761,Neha,Verma,,9876508760,Male,1998-08-23,Mumbai,595556
null_blank,Null values detected in column EMAIL,EMAIL,9801,Vijay,Sharma,,,,1980-09-10,Mumbai,44398
null_blank,Null values detected in column EMAIL,EMAIL,9841,Rakesh,Kumar,,9876508840,Other,2007-12-22,Chennai,51892
null_blank,Null values detected in column EMAIL,EMAIL,9881,Arjun,Mehta,,9876508880,Female,2010-06-16,Bangalore,666309
null_blank,Null values detected in column EMAIL,EMAIL,9921,Anjali,Singh,,9876508920,,2012-10-13,Kolkata,79065
null_blank,Null values detected in column EMAIL,EMAIL,9961,Vijay,Mehta,,9876508960,Female,1999-10-01,Bangalore,44575
null_blank,Null values detected in column EMAIL,EMAIL,10001,Sameer,Patel,,,Other,1970-12-13,Delhi,838095
null_blank,Null values detected in column EMAIL,EMAIL,10041,Sneha,Kumar,,9876509040,,1980-02-11,Mumbai,106935
null_blank,Null values detected in column EMAIL,EMAIL,10081,Amit,Sharma,,9876509080,Male,2003-04-25,Mumbai,55019
null_blank,Null values detected in column EMAIL,EMAIL,10121,Rakesh,Gupta,,9876509120,Female,1983-10-02,Mumbai,899414
null_blank,Null values detected in column EMAIL,EMAIL,10161,Sameer,Joshi,,9876509160,Male,1990-07-27,Kolkata,99678
null_blank,Null values detected in column EMAIL,EMAIL,10201,Rakesh,Gupta,,,,1974-09-21,Bangalore,55317
null_blank,Null values detected in column EMAIL,EMAIL,10241,Sneha,Kumar,,9876509240,Other,1976-09-27,Delhi,770402
null_blank,Null values detected in column EMAIL,EMAIL,10281,Priya,Kumar,,9876509280,Male,1993-01-11,Mumbai,53321
null_blank,Null values detected in column EMAIL,EMAIL,10321,Arjun,Kumar,,9876509320,Male,2016-01-31,Kolkata,47389
null_blank,Null values detected in column EMAIL,EMAIL,10361,Sameer,Reddy,,9876509360,Male,1998-08-04,Pune,358402
null_blank,Null values detected in column EMAIL,EMAIL,10401,Amit,Gupta,,,Other,1979-07-29,Bangalore,67801
null_blank,Null values detected in column EMAIL,EMAIL,10441,Sameer,Gupta,,9876509440,,1997-02-22,Delhi,64243
null_blank,Null values detected in column EMAIL,EMAIL,10481,Priya,Singh,,9876509480,,2015-03-17,Bangalore,503441
null_blank,Null values detected in column EMAIL,EMAIL,10521,Rakesh,Mehta,,9876509520,Male,2010-12-29,Mumbai,60173
null_blank,Null values detected in column EMAIL,EMAIL,10561,Rakesh,Sharma,,9876509560,Other,1974-04-19,Delhi,72803
null_blank,Null values detected in column EMAIL,EMAIL,10601,Amit,Verma,,,Male,1972-01-26,Mumbai,519260
null_blank,Null values detected in column EMAIL,EMAIL,10641,Anjali,Gupta,,9876509640,,2012-10-28,Hyderabad,63074
null_blank,Null values detected in column EMAIL,EMAIL,10681,Priya,Kumar,,9876509680,,2009-01-13,Bangalore,49639
null_blank,Null values detected in column EMAIL,EMAIL,10721,Rakesh,Gupta,,9876509720,,1973-11-05,Hyderabad,769742
null_blank,Null values detected in column EMAIL,EMAIL,10761,Arjun,Gupta,,9876509760,,1973-03-14,Mumbai,36626
null_blank,Null values detected in column EMAIL,EMAIL,10801,Anjali,Mehta,,,Female,2016-02-25,Bangalore,25556
null_blank,Null values detected in column EMAIL,EMAIL,10841,Priya,Kumar,,9876509840,Other,invalid,Delhi,901412
null_blank,Null values detected in column EMAIL,EMAIL,10881,Vijay,Rao,,9876509880,Other,2004-09-11,Kolkata,69494
null_blank,Null values detected in column EMAIL,EMAIL,10921,Amit,Verma,,9876509920,,1996-12-07,Ahmedabad,85437
null_blank,Null values detected in column EMAIL,EMAIL,10961,Amit,Mehta,,9876509960,Male,2001-01-27,Mumbai,1000000
null_blank,Null values detected in column PHONE,PHONE,1001,Amit,Patel,,,,2017-03-17,Ahmedabad,520375
null_blank,Null values detected in column PHONE,PHONE,1051,Sameer,Joshi,user50@example.com,,,1972-05-25,Ahmedabad,62618
null_blank,Null values detected in column PHONE,PHONE,1101,Kavya,Kumar,invalid@,,,1980-08-27,Mumbai,85298
null_blank,Null values detected in column PHONE,PHONE,1151,Sameer,Mehta,user150@example.com,,Other,1996-11-19,Delhi,512206
null_blank,Null values detected in column PHONE,PHONE,1201,Priya,Joshi,,,Other,2015-06-06,Mumbai,21143
null_blank,Null values detected in column PHONE,PHONE,1251,Sneha,Kumar,user250@example.com,,Female,1977-04-07,Delhi,57194
null_blank,Null values detected in column PHONE,PHONE,1301,Rakesh,Verma,invalid@,,,1974-09-26,Bangalore,1000000
null_blank,Null values detected in column PHONE,PHONE,1351,Amit,Patel,user350@example.com,,,1987-01-11,Bangalore,101911
null_blank,Null values detected in column PHONE,PHONE,1401,Rakesh,Rao,,,Other,1991-06-22,Kolkata,68730
null_blank,Null values detected in column PHONE,PHONE,1451,Rakesh,Verma,user450@example.com,,,2000-09-04,Ahmedabad,565905
null_blank,Null values detected in column PHONE,PHONE,1501,Vijay,Kumar,invalid@,,Male,2004-07-30,Bangalore,65384
null_blank,Null values detected in column PHONE,PHONE,1551,Priya,Verma,user550@example.com,,Male,2011-12-02,Chennai,52465
null_blank,Null values detected in column PHONE,PHONE,1601,Rakesh,Reddy,,,,2016-01-11,Bangalore,914314
null_blank,Null values detected in column PHONE,PHONE,1651,Arjun,Mehta,user650@example.com,,,1978-07-12,Ahmedabad,73043
null_blank,Null values detected in column PHONE,PHONE,1701,Amit,Joshi,invalid@,,Female,2007-01-20,Pune,34994
null_blank,Null values detected in column PHONE,PHONE,1751,Rakesh,Reddy,user750@example.com,,,2006-06-23,Pune,556343
null_blank,Null values detected in column PHONE,PHONE,1801,Arjun,Reddy,,,Male,1990-12-07,Kolkata,46003
null_blank,Null values detected in column PHONE,PHONE,1851,Kavya,Kumar,user850@example.com,,,1990-10-04,Mumbai,24060
null_blank,Null values detected in column PHONE,PHONE,1901,Sameer,Sharma,invalid@,,Other,1993-08-12,Ahmedabad,361830
null_blank,Null values detected in column PHONE,PHONE,1951,Amit,Verma,user950@example.com,,Other,2014-04-25,Chennai,49573
null_blank,Null values detected in column PHONE,PHONE,2001,Arjun,Joshi,,,Female,2000-01-28,Pune,67075
null_blank,Null values detected in column PHONE,PHONE,2051,Arjun,Kumar,user1050@example.com,,,2003-10-30,Kolkata,749730
null_blank,Null values detected in column PHONE,PHONE,2101,Amit,Reddy,invalid@,,Male,1994-12-17,Ahmedabad,32818
null_blank,Null values detected in column PHONE,PHONE,2151,Neha,Singh,user1150@example.com,,Male,2011-04-01,Hyderabad,65726
null_blank,Null values detected in column PHONE,PHONE,2201,Vijay,Singh,,,,1977-07-13,Ahmedabad,762470
null_blank,Null values detected in column PHONE,PHONE,2251,Arjun,Mehta,user1250@example.com,,,2017-02-20,Delhi,66244
null_blank,Null values detected in column PHONE,PHONE,2301,Amit,Kumar,invalid@,,,1996-03-09,Pune,52747
null_blank,Null values detected in column PHONE,PHONE,2351,Rakesh,Kumar,user1350@example.com,,,2011-06-15,Kolkata,494935
null_blank,Null values detected in column PHONE,PHONE,2401,Sneha,Rao,,,Male,1996-05-28,Kolkata,46645
null_blank,Null values detected in column PHONE,PHONE,2451,Kavya,Reddy,user1450@example.com,,,1984-09-28,Pune,65360
null_blank,Null values detected in column PHONE,PHONE,2501,Priya,Joshi,invalid@,,,2002-12-15,Delhi,610131
null_blank,Null values detected in column PHONE,PHONE,2551,Arjun,Joshi,user1550@example.com,,Other,1981-01-02,Ahmedabad,60955
null_blank,Null values detected in column PHONE,PHONE,2601,Sameer,Mehta,,,Other,2019-04-08,Ahmedabad,83362
null_blank,Null values detected in column PHONE,PHONE,2651,Priya,Rao,user1650@example.com,,Other,2050-01-01,Ahmedabad,634379
null_blank,Null values detected in column PHONE,PHONE,2701,Kavya,Gupta,invalid@,,,1972-12-01,Ahmedabad,59543
null_blank,Null values detected in column PHONE,PHONE,2751,Sameer,Reddy,user1750@example.com,,Other,2015-04-17,Delhi,82118
null_blank,Null values detected in column PHONE,PHONE,2801,Kavya,Rao,,,Other,1994-03-15,Mumbai,430702
null_blank,Null values detected in column PHONE,PHONE,2851,Vijay,Sharma,user1850@example.com,,,1975-01-29,Bangalore,51878
null_blank,Null values detected in column PHONE,PHONE,2901,Priya,Reddy,invalid@,,,1980-11-01,Kolkata,48909
null_blank,Null values detected in column PHONE,PHONE,2951,Vijay,Reddy,user1950@example.com,,Other,2010-12-19,Hyderabad,837990
null_blank,Null values detected in column PHONE,PHONE,3001,Anjali,Gupta,,,,1971-11-09,Delhi,68450
null_blank,Null values detected in column PHONE,PHONE,3051,Priya,Sharma,user2050@example.com,,,1985-04-20,Pune,84244
null_blank,Null values detected in column PHONE,PHONE,3101,Neha,Sharma,invalid@,,,1973-08-14,Pune,652420
null_blank,Null values detected in column PHONE,PHONE,3151,Neha,Verma,user2150@example.com,,Male,2005-03-03,Delhi,14404
null_blank,Null values detected in column PHONE,PHONE,3201,Amit,Mehta,,,Other,2016-09-17,Delhi,49026
null_blank,Null values detected in column PHONE,PHONE,3251,Anjali,Joshi,user2250@example.com,,,2016-01-05,Bangalore,844010
null_blank,Null values detected in column PHONE,PHONE,3301,Vijay,Mehta,invalid@,,Other,2012-02-02,Kolkata,105139
null_blank,Null values detected in column PHONE,PHONE,3351,Sneha,Reddy,user2350@example.com,,Male,2010-04-08,Pune,66937
null_blank,Null values detected in column PHONE,PHONE,3401,Anjali,Sharma,,,Other,2010-08-23,Kolkata,592735
null_blank,Null values detected in column PHONE,PHONE,3451,Kavya,Reddy,user2450@example.com,,Male,2015-05-26,Pune,28983
null_blank,Null values detected in column PHONE,PHONE,3501,Rakesh,Mehta,invalid@,,,2016-06-14,Mumbai,80429
null_blank,Null values detected in column PHONE,PHONE,3551,Amit,Sharma,user2550@example.com,,Male,1990-06-12,Chennai,593153
null_blank,Null values detected in column PHONE,PHONE,3601,Priya,Joshi,,,Other,2018-11-03,Chennai,91624
null_blank,Null values detected in column PHONE,PHONE,3651,Neha,Singh,user2650@example.com,,Female,2050-01-01,Mumbai,46487
null_blank,Null values detected in column PHONE,PHONE,3701,Amit,Verma,invalid@,,,2008-11-02,Pune,363868
null_blank,Null values detected in column PHONE,PHONE,3751,Sneha,Mehta,user2750@example.com,,,1997-06-30,Chennai,58742
null_blank,Null values detected in column PHONE,PHONE,3801,Sameer,Mehta,,,Other,2017-01-30,Mumbai,79250
null_blank,Null values detected in column PHONE,PHONE,3851,Sameer,Reddy,user2850@example.com,,,2007-02-06,Ahmedabad,1000000
null_blank,Null values detected in column PHONE,PHONE,3901,Sameer,Reddy,invalid@,,Male,1976-07-01,Ahmedabad,44072
null_blank,Null values detected in column PHONE,PHONE,3951,Neha,Joshi,user2950@example.com,,Other,invalid,Hyderabad,64714
null_blank,Null values detected in column PHONE,PHONE,4001,Sneha,Singh,,,Male,1973-09-27,Delhi,786704
null_blank,Null values detected in column PHONE,PHONE,4051,Neha,Reddy,user3050@example.com,,,2004-08-20,Hyderabad,46796
null_blank,Null values detected in column PHONE,PHONE,4101,Neha,Kumar,invalid@,,,2008-06-03,Mumbai,45768
null_blank,Null values detected in column PHONE,PHONE,4151,Priya,Kumar,user3150@example.com,,,2012-09-13,Chennai,800602
null_blank,Null values detected in column PHONE,PHONE,4201,Amit,Joshi,,,Female,2001-08-24,Chennai,78846
null_blank,Null values detected in column PHONE,PHONE,4251,Arjun,Joshi,user3250@example.com,,Male,1982-05-24,Ahmedabad,69679
null_blank,Null values detected in column PHONE,PHONE,4301,Vijay,Singh,invalid@,,,2013-10-25,Pune,682781
null_blank,Null values detected in column PHONE,PHONE,4351,Kavya,Singh,user3350@example.com,,,1970-08-27,Chennai,65965
null_blank,Null values detected in column PHONE,PHONE,4401,Anjali,Mehta,,,Female,2011-05-05,Kolkata,80464
null_blank,Null values detected in column PHONE,PHONE,4451,Sneha,Reddy,user3450@example.com,,,1995-09-26,Chennai,544531
null_blank,Null values detected in column PHONE,PHONE,4501,Kavya,Kumar,invalid@,,Male,1992-03-01,Kolkata,68406
null_blank,Null values detected in column PHONE,PHONE,4551,Neha,Patel,user3550@example.com,,Male,1974-02-14,Pune,31629
null_blank,Null values detected in column PHONE,PHONE,4601,Arjun,Rao,,,Other,1996-04-03,Ahmedabad,853188
null_blank,Null values detected in column PHONE,PHONE,4651,Arjun,Patel,user3650@example.com,,Other,2004-08-25,Chennai,78891
null_blank,Null values detected in column PHONE,PHONE,4701,Vijay,Reddy,invalid@,,Female,1979-03-22,Ahmedabad,54094
null_blank,Null values detected in column PHONE,PHONE,4751,Neha,Gupta,user3750@example.com,,Female,2012-06-12,Bangalore,283111
null_blank,Null values detected in column PHONE,PHONE,4801,Sneha,Joshi,,,,2005-11-10,Pune,67569
null_blank,Null values detected in column PHONE,PHONE,4851,Anjali,Mehta,user3850@example.com,,,1974-11-30,Bangalore,96196
null_blank,Null values detected in column PHONE,PHONE,4901,Arjun,Sharma,invalid@,,,1997-06-19,Bangalore,744595
null_blank,Null values detected in column PHONE,PHONE,4951,Amit,Kumar,user3950@example.com,,Female,1990-10-28,Kolkata,45288
null_blank,Null values detected in column PHONE,PHONE,5001,Kavya,Sharma,,,Female,2003-04-09,Bangalore,66267
null_blank,Null values detected in column PHONE,PHONE,5051,Anjali,Reddy,user4050@example.com,,Male,1991-11-19,Hyderabad,732573
null_blank,Null values detected in column PHONE,PHONE,5101,Amit,Singh,invalid@,,Female,2018-11-04,Hyderabad,49255
null_blank,Null values detected in column PHONE,PHONE,5151,Arjun,Sharma,user4150@example.com,,,1998-06-08,Pune,20838
null_blank,Null values detected in column PHONE,PHONE,5201,Sneha,Mehta,,,Other,1988-08-29,Ahmedabad,666703
null_blank,Null values detected in column PHONE,PHONE,5251,Rakesh,Reddy,user4250@example.com,,,2004-02-22,Bangalore,72134
null_blank,Null values detected in column PHONE,PHONE,5301,Sameer,Joshi,invalid@,,Female,1976-03-31,Hyderabad,63615
null_blank,Null values detected in column PHONE,PHONE,5351,Amit,Reddy,user4350@example.com,,,1986-10-21,Kolkata,332468
null_blank,Null values detected in column PHONE,PHONE,5401,Rakesh,Rao,,,Male,2016-02-17,Chennai,61659
null_blank,Null values detected in column PHONE,PHONE,5451,Neha,Verma,user4450@example.com,,,1996-07-01,Chennai,49819
null_blank,Null values detected in column PHONE,PHONE,5501,Amit,Verma,invalid@,,,1980-06-16,Delhi,645004
null_blank,Null values detected in column PHONE,PHONE,5551,Anjali,Singh,user4550@example.com,,,2016-06-30,Kolkata,25277
null_blank,Null values detected in column PHONE,PHONE,5601,Sameer,Mehta,,,Other,2002-09-16,Pune,66620
null_blank,Null values detected in column PHONE,PHONE,5651,Sameer,Singh,user4650@example.com,,Other,1977-08-18,Hyderabad,783361
null_blank,Null values detected in column PHONE,PHONE,5701,Anjali,Mehta,invalid@,,,2008-06-15,Hyderabad,78366
null_blank,Null values detected in column PHONE,PHONE,5751,Sneha,Sharma,user4750@example.com,,,2050-01-01,Hyderabad,51776
null_blank,Null values detected in column PHONE,PHONE,5801,Sameer,Kumar,,,Male,1985-12-17,Delhi,470264
null_blank,Null values detected in column PHONE,PHONE,5851,Amit,Patel,user4850@example.com,,,1987-07-12,Bangalore,65697
null_blank,Null values detected in column PHONE,PHONE,5901,Anjali,Kumar,invalid@,,Other,1971-05-05,Pune,73295
null_blank,Null values detected in column PHONE,PHONE,5951,Kavya,Joshi,user4950@example.com,,Other,1984-01-16,Kolkata,943762
null_blank,Null values detected in column PHONE,PHONE,6001,Neha,Sharma,,,,1979-04-19,Bangalore,55494
null_blank,Null values detected in column PHONE,PHONE,6051,Amit,Rao,user5050@example.com,,Female,1972-04-18,Pune,50752
null_blank,Null values detected in column PHONE,PHONE,6101,Priya,Singh,invalid@,,Male,2019-03-27,Ahmedabad,931532
null_blank,Null values detected in column PHONE,PHONE,6151,Priya,Patel,user5150@example.com,,Female,2000-03-07,Ahmedabad,50385
null_blank,Null values detected in column PHONE,PHONE,6201,Rakesh,Reddy,,,Male,2018-09-01,Ahmedabad,78386
null_blank,Null values detected in column PHONE,PHONE,6251,Anjali,Singh,user5250@example.com,,Other,2015-02-02,Bangalore,764117
null_blank,Null values detected in column PHONE,PHONE,6301,Amit,Patel,invalid@,,,1974-11-18,Bangalore,54583
null_blank,Null values detected in column PHONE,PHONE,6351,Arjun,Patel,user5350@example.com,,,2003-12-12,Delhi,71413
null_blank,Null values detected in column PHONE,PHONE,6401,Vijay,Kumar,,,Female,2016-07-10,Kolkata,478993
null_blank,Null values detected in column PHONE,PHONE,6451,Amit,Patel,user5450@example.com,,,1979-11-05,Ahmedabad,66719
null_blank,Null values detected in column PHONE,PHONE,6501,Kavya,Joshi,invalid@,,Other,2012-04-17,Kolkata,44367
null_blank,Null values detected in column PHONE,PHONE,6551,Sameer,Singh,user5550@example.com,,,1994-02-14,Hyderabad,514253
null_blank,Null values detected in column PHONE,PHONE,6601,Rakesh,Joshi,,,Other,2009-11-30,Pune,55750
null_blank,Null values detected in column PHONE,PHONE,6651,Sameer,Rao,user5650@example.com,,Female,1999-11-24,Bangalore,68598
null_blank,Null values detected in column PHONE,PHONE,6701,Sneha,Verma,invalid@,,,2007-03-03,Mumbai,454068
null_blank,Null values detected in column PHONE,PHONE,6751,Sameer,Verma,user5750@example.com,,Other,1974-12-12,Ahmedabad,51504
null_blank,Null values detected in column PHONE,PHONE,6801,Priya,Mehta,,,Male,2004-12-13,Chennai,90872
null_blank,Null values detected in column PHONE,PHONE,6851,Kavya,Reddy,user5850@example.com,,Male,2011-12-12,Mumbai,70637
null_blank,Null values detected in column PHONE,PHONE,6901,Priya,Patel,invalid@,,,1980-03-10,Bangalore,92574
null_blank,Null values detected in column PHONE,PHONE,6951,Priya,Rao,user5950@example.com,,,1975-09-20,Bangalore,107104
null_blank,Null values detected in column PHONE,PHONE,7001,Sameer,Patel,,,Male,1982-04-10,Delhi,507250
null_blank,Null values detected in column PHONE,PHONE,7051,Amit,Kumar,user6050@example.com,,Other,1996-06-10,Pune,58622
null_blank,Null values detected in column PHONE,PHONE,7101,Kavya,Patel,invalid@,,,2002-11-06,Chennai,51996
null_blank,Null values detected in column PHONE,PHONE,7151,Arjun,Rao,user6150@example.com,,Female,1996-05-25,Bangalore,837965
null_blank,Null values detected in column PHONE,PHONE,7201,Priya,Patel,,,,2000-12-07,Bangalore,57519
null_blank,Null values detected in column PHONE,PHONE,7251,Amit,Verma,user6250@example.com,,,2015-03-11,Bangalore,44596
null_blank,Null values detected in column PHONE,PHONE,7301,Neha,Singh,invalid@,,,1981-04-06,Chennai,600220
null_blank,Null values detected in column PHONE,PHONE,7351,Sneha,Rao,user6350@example.com,,Female,1991-05-22,Pune,64512
null_blank,Null values detected in column PHONE,PHONE,7401,Amit,Joshi,,,Male,2002-04-20,Chennai,63951
null_blank,Null values detected in column PHONE,PHONE,7451,Rakesh,Rao,user6450@example.com,,Female,2010-05-15,Delhi,637419
null_blank,Null values detected in column PHONE,PHONE,7501,Amit,Sharma,invalid@,,Male,1991-05-09,Hyderabad,93438
null_blank,Null values detected in column PHONE,PHONE,7551,Anjali,Kumar,user6550@example.com,,Other,1978-10-31,Kolkata,54119
null_blank,Null values detected in column PHONE,PHONE,7601,Sameer,Sharma,,,Female,1983-04-17,Chennai,419619
null_blank,Null values detected in column PHONE,PHONE,7651,Anjali,Rao,user6650@example.com,,,2002-06-21,Pune,54311
null_blank,Null values detected in column PHONE,PHONE,7701,Sneha,Rao,invalid@,,,1996-04-18,Kolkata,52149
null_blank,Null values detected in column PHONE,PHONE,7751,Arjun,Verma,user6750@example.com,,,2005-08-01,Bangalore,559040
null_blank,Null values detected in column PHONE,PHONE,7801,Anjali,Mehta,,,Male,1995-09-28,Hyderabad,59555
null_blank,Null values detected in column PHONE,PHONE,7851,Sameer,Sharma,user6850@example.com,,Other,1987-05-30,Pune,33199
null_blank,Null values detected in column PHONE,PHONE,7901,Rakesh,Reddy,invalid@,,,1971-07-14,Bangalore,775540
null_blank,Null values detected in column PHONE,PHONE,7951,Priya,Joshi,user6950@example.com,,Female,2002-07-11,Hyderabad,71834
null_blank,Null values detected in column PHONE,PHONE,8001,Sameer,Rao,,,,2011-02-04,Mumbai,61246
null_blank,Null values detected in column PHONE,PHONE,8051,Sameer,Patel,user7050@example.com,,,2006-04-06,Bangalore,587598
null_blank,Null values detected in column PHONE,PHONE,8101,Neha,Sharma,invalid@,,Male,2011-10-18,Hyderabad,99703
null_blank,Null values detected in column PHONE,PHONE,8151,Anjali,Reddy,user7150@example.com,,Male,2012-02-10,Kolkata,65835
null_blank,Null values detected in column PHONE,PHONE,8201,Vijay,Kumar,,,,1975-08-01,Ahmedabad,511909
null_blank,Null values detected in column PHONE,PHONE,8251,Vijay,Sharma,user7250@example.com,,Female,1976-04-23,Hyderabad,65357
null_blank,Null values detected in column PHONE,PHONE,8301,Amit,Gupta,invalid@,,Other,2001-09-03,Delhi,51430
null_blank,Null values detected in column PHONE,PHONE,8351,Sameer,Gupta,user7350@example.com,,,1992-01-15,Mumbai,607501
null_blank,Null values detected in column PHONE,PHONE,8401,Priya,Reddy,,,,1988-04-29,Bangalore,59102
null_blank,Null values detected in column PHONE,PHONE,8451,Neha,Rao,user7450@example.com,,,2017-03-16,Chennai,38385
null_blank,Null values detected in column PHONE,PHONE,8501,Amit,Patel,invalid@,,Male,1995-12-03,Mumbai,743649
null_blank,Null values detected in column PHONE,PHONE,8551,Arjun,Rao,user7550@example.com,,Other,2002-12-23,Pune,46876
null_blank,Null values detected in column PHONE,PHONE,8601,Neha,Joshi,,,Female,1987-07-30,Ahmedabad,78876
null_blank,Null values detected in column PHONE,PHONE,8651,Anjali,Sharma,user7650@example.com,,Male,1974-09-16,Bangalore,842474
null_blank,Null values detected in column PHONE,PHONE,8701,Neha,Sharma,invalid@,,,2019-04-03,Kolkata,81247
null_blank,Null values detected in column PHONE,PHONE,8751,Kavya,Mehta,user7750@example.com,,Other,2002-11-23,Delhi,93847
null_blank,Null values detected in column PHONE,PHONE,8801,Rakesh,Joshi,,,Male,2000-02-28,Pune,608233
null_blank,Null values detected in column PHONE,PHONE,8851,Amit,Reddy,user7850@example.com,,,2000-09-24,Hyderabad,77455
null_blank,Null values detected in column PHONE,PHONE,8901,Neha,Reddy,invalid@,,Other,2004-07-12,Chennai,65930
null_blank,Null values detected in column PHONE,PHONE,8951,Vijay,Joshi,user7950@example.com,,,1986-07-17,Kolkata,616675
null_blank,Null values detected in column PHONE,PHONE,9001,Amit,Sharma,,,,2009-08-08,Pune,74959
null_blank,Null values detected in column PHONE,PHONE,9051,Sneha,Singh,user8050@example.com,,,1970-09-04,Ahmedabad,56845
null_blank,Null values detected in column PHONE,PHONE,9101,Priya,Patel,invalid@,,Other,1986-07-03,Mumbai,827017
null_blank,Null values detected in column PHONE,PHONE,9151,Neha,Verma,user8150@example.com,,Male,1973-06-25,Hyderabad,82460
null_blank,Null values detected in column PHONE,PHONE,9201,Amit,Joshi,,,,1980-07-16,Kolkata,54043
null_blank,Null values detected in column PHONE,PHONE,9251,Kavya,Sharma,user8250@example.com,,Female,2005-11-16,Pune,544090
null_blank,Null values detected in column PHONE,PHONE,9301,Amit,Patel,invalid@,,,2003-04-16,Pune,82428
null_blank,Null values detected in column PHONE,PHONE,9351,Vijay,Reddy,user8350@example.com,,,1990-02-18,Pune,68170
null_blank,Null values detected in column PHONE,PHONE,9401,Amit,Patel,,,Other,1975-02-25,Bangalore,521644
null_blank,Null values detected in column PHONE,PHONE,9451,Kavya,Singh,user8450@example.com,,Male,1992-07-14,Ahmedabad,61345
null_blank,Null values detected in column PHONE,PHONE,9501,Anjali,Rao,invalid@,,Other,1999-11-19,Chennai,89550
null_blank,Null values detected in column PHONE,PHONE,9551,Arjun,Singh,user8550@example.com,,,2015-06-09,Kolkata,819845
null_blank,Null values detected in column PHONE,PHONE,9601,Sneha,Kumar,,,,1977-02-02,Chennai,71641
null_blank,Null values detected in column PHONE,PHONE,9651,Sameer,Patel,user8650@example.com,,Female,1982-08-16,Chennai,97993
null_blank,Null values detected in column PHONE,PHONE,9701,Rakesh,Joshi,invalid@,,Other,1984-07-28,Ahmedabad,576741
null_blank,Null values detected in column PHONE,PHONE,9751,Amit,Verma,user8750@example.com,,Other,1978-06-19,Hyderabad,98260
null_blank,Null values detected in column PHONE,PHONE,9801,Vijay,Sharma,,,,1980-09-10,Mumbai,44398
null_blank,Null values detected in column PHONE,PHONE,9851,Arjun,Kumar,user8850@example.com,,,2002-03-24,Hyderabad,678434
null_blank,Null values detected in column PHONE,PHONE,9901,Anjali,Joshi,invalid@,,,2006-08-16,Delhi,67839
null_blank,Null values detected in column PHONE,PHONE,9951,Amit,Mehta,user8950@example.com,,Female,1973-12-26,Hyderabad,28663
null_blank,Null values detected in column PHONE,PHONE,10001,Sameer,Patel,,,Other,1970-12-13,Delhi,838095
null_blank,Null values detected in column PHONE,PHONE,10051,Amit,Verma,user9050@example.com,,,2016-07-17,Ahmedabad,62788
null_blank,Null values detected in column PHONE,PHONE,10101,Sneha,Joshi,invalid@,,Female,1976-12-23,Chennai,75938
null_blank,Null values detected in column PHONE,PHONE,10151,Sneha,Mehta,user9150@example.com,,,2007-11-25,Chennai,389271
null_blank,Null values detected in column PHONE,PHONE,10201,Rakesh,Gupta,,,,1974-09-21,Bangalore,55317
null_blank,Null values detected in column PHONE,PHONE,10251,Amit,Gupta,user9250@example.com,,Other,2001-05-14,Delhi,38915
null_blank,Null values detected in column PHONE,PHONE,10301,Neha,Reddy,invalid@,,,1971-07-08,Kolkata,352358
null_blank,Null values detected in column PHONE,PHONE,10351,Anjali,Kumar,user9350@example.com,,Other,1993-11-27,Kolkata,59267
null_blank,Null values detected in column PHONE,PHONE,10401,Amit,Gupta,,,Other,1979-07-29,Bangalore,67801
null_blank,Null values detected in column PHONE,PHONE,10451,Arjun,Rao,user9450@example.com,,Female,1987-02-24,Delhi,725101
null_blank,Null values detected in column PHONE,PHONE,10501,Rakesh,Verma,invalid@,,Male,1994-02-25,Mumbai,68637
null_blank,Null values detected in column PHONE,PHONE,10551,Kavya,Mehta,user9550@example.com,,Other,1998-07-15,Hyderabad,59862
null_blank,Null values detected in column PHONE,PHONE,10601,Amit,Verma,,,Male,1972-01-26,Mumbai,519260
null_blank,Null values detected in column PHONE,PHONE,10651,Sameer,Gupta,user9650@example.com,,Other,1999-07-06,Kolkata,47992
null_blank,Null values detected in column PHONE,PHONE,10701,Sneha,Patel,invalid@,,,2009-10-08,Bangalore,71726
null_blank,Null values detected in column PHONE,PHONE,10751,Amit,Mehta,user9750@example.com,,Other,1977-06-02,Mumbai,532626
null_blank,Null values detected in column PHONE,PHONE,10801,Anjali,Mehta,,,Female,2016-02-25,Bangalore,25556
null_blank,Null values detected in column PHONE,PHONE,10851,Kavya,Joshi,user9850@example.com,,Other,1988-03-01,Mumbai,101138
null_blank,Null values detected in column PHONE,PHONE,10901,Kavya,Kumar,invalid@,,Other,1994-12-09,Kolkata,559190
null_blank,Null values detected in column PHONE,PHONE,10951,Rakesh,Joshi,user9950@example.com,,Male,2009-04-24,Pune,57212
null_blank,Null values detected in column GENDER,GENDER,1001,Amit,Patel,,,,2017-03-17,Ahmedabad,520375
null_blank,Null values detected in column GENDER,GENDER,1002,Neha,Verma,user1@example.com,9876500001,,2000-08-12,Mumbai,107945
null_blank,Null values detected in column GENDER,GENDER,1003,Sneha,Patel,user2@example.com,9876500002,,2002-07-30,Chennai,17031
null_blank,Null values detected in column GENDER,GENDER,1004,Rakesh,Reddy,user3@example.com,9876500003,,1974-09-09,Bangalore,48175
null_blank,Null values detected in column GENDER,GENDER,1005,Amit,Singh,user4@example.com,9876500004,,2016-04-08,Kolkata,38245
null_blank,Null values detected in column GENDER,GENDER,1006,Anjali,Mehta,user5@example.com,9876500005,,1990-02-20,Delhi,99457
null_blank,Null values detected in column GENDER,GENDER,1009,Sneha,Verma,user8@example.com,9876500008,,1980-01-18,Bangalore,52888
null_blank,Null values detected in column GENDER,GENDER,1015,Priya,Sharma,user14@example.com,9876500014,,1995-05-01,Mumbai,95522
null_blank,Null values detected in column GENDER,GENDER,1017,Kavya,Reddy,user16@example.com,9876500016,,1970-07-07,Mumbai,30107
null_blank,Null values detected in column GENDER,GENDER,1018,Sneha,Patel,user17@example.com,9876500017,,1998-12-13,Pune,61123
null_blank,Null values detected in column GENDER,GENDER,1021,Rakesh,Gupta,invalid@,9876500020,,1979-09-04,Hyderabad,56031
null_blank,Null values detected in column GENDER,GENDER,1025,Vijay,Rao,user24@example.com,9876500024,,2010-03-08,Delhi,82289
null_blank,Null values detected in column GENDER,GENDER,1026,Arjun,Gupta,user25@example.com,123,,1986-06-11,Hyderabad,54573
null_blank,Null values detected in column GENDER,GENDER,1027,Anjali,Rao,user26@example.com,9876500026,,1986-01-27,Kolkata,61519
null_blank,Null values detected in column GENDER,GENDER,1028,Sameer,Rao,user27@example.com,9876500027,,1980-09-09,Mumbai,84899
null_blank,Null values detected in column GENDER,GENDER,1029,Amit,Patel,user28@example.com,9876500028,,2012-05-07,Bangalore,92893
null_blank,Null values detected in column GENDER,GENDER,1031,Vijay,Joshi,user30@example.com,9876500030,,2008-11-25,Mumbai,680719
null_blank,Null values detected in column GENDER,GENDER,1036,Rakesh,Gupta,user35@example.com,9876500035,,2016-03-02,Delhi,81100
null_blank,Null values detected in column GENDER,GENDER,1038,Amit,Reddy,user37@example.com,9876500037,,1988-07-30,Delhi,50497
null_blank,Null values detected in column GENDER,GENDER,1039,Kavya,Mehta,user38@example.com,9876500038,,1994-04-29,Pune,65675
null_blank,Null values detected in column GENDER,GENDER,1041,Vijay,Sharma,,9876500040,,1970-07-13,Bangalore,109075
null_blank,Null values detected in column GENDER,GENDER,1042,Kavya,Gupta,user41@example.com,9876500041,,2015-01-07,Hyderabad,50654
null_blank,Null values detected in column GENDER,GENDER,1043,Anjali,Singh,user42@example.com,9876500042,,2002-04-24,Pune,49046
null_blank,Null values detected in column GENDER,GENDER,1046,Rakesh,Joshi,user45@example.com,9876500045,,2003-07-12,Delhi,1000
null_blank,Null values detected in column GENDER,GENDER,1048,Neha,Sharma,user47@example.com,9876500047,,2000-11-16,Ahmedabad,71333
null_blank,Null values detected in column GENDER,GENDER,1050,Sneha,Gupta,user49@example.com,9876500049,,1970-08-09,Bangalore,36174
null_blank,Null values detected in column GENDER,GENDER,1051,Sameer,Joshi,user50@example.com,,,1972-05-25,Ahmedabad,62618
null_blank,Null values detected in column GENDER,GENDER,1052,Arjun,Mehta,user51@example.com,9876500051,,2001-11-28,Ahmedabad,52388
null_blank,Null values detected in column GENDER,GENDER,1053,Neha,Joshi,user52@example.com,9876500052,,1973-04-11,Pune,33867
null_blank,Null values detected in column GENDER,GENDER,1056,Neha,Singh,user55@example.com,9876500055,,invalid,Kolkata,65877
null_blank,Null values detected in column GENDER,GENDER,1058,Priya,Rao,user57@example.com,9876500057,,2006-04-12,Kolkata,55861
null_blank,Null values detected in column GENDER,GENDER,1065,Kavya,Singh,user64@example.com,9876500064,,1984-08-26,Chennai,66978
null_blank,Null values detected in column GENDER,GENDER,1067,Neha,Joshi,user66@example.com,9876500066,,1971-05-12,Delhi,55826
null_blank,Null values detected in column GENDER,GENDER,1070,Vijay,Joshi,user69@example.com,9876500069,,1973-04-13,Mumbai,105502
null_blank,Null values detected in column GENDER,GENDER,1072,Rakesh,Rao,user71@example.com,9876500071,,invalid,Mumbai,34439
null_blank,Null values detected in column GENDER,GENDER,1073,Kavya,Verma,user72@example.com,9876500072,,1985-01-06,Pune,61006
null_blank,Null values detected in column GENDER,GENDER,1077,Vijay,Kumar,user76@example.com,9876500076,,2013-10-11,Chennai,56637
null_blank,Null values detected in column GENDER,GENDER,1082,Vijay,Gupta,user81@example.com,9876500081,,2002-12-01,Ahmedabad,61167
null_blank,Null values detected in column GENDER,GENDER,1085,Sneha,Rao,user84@example.com,9876500084,,1997-06-29,Ahmedabad,70348
null_blank,Null values detected in column GENDER,GENDER,1088,Arjun,Reddy,user87@example.com,9876500087,,2000-09-27,Pune,77638
null_blank,Null values detected in column GENDER,GENDER,1089,Sneha,Singh,user88@example.com,9876500088,,1991-12-25,Hyderabad,67313
null_blank,Null values detected in column GENDER,GENDER,1098,Amit,Patel,user97@example.com,9876500097,,2018-03-12,Pune,90872
null_blank,Null values detected in column GENDER,GENDER,1100,Sneha,Sharma,user99@example.com,9876500099,,1976-03-02,Chennai,55563
null_blank,Null values detected in column GENDER,GENDER,1101,Kavya,Kumar,invalid@,,,1980-08-27,Mumbai,85298
null_blank,Null values detected in column GENDER,GENDER,1104,Amit,Gupta,user103@example.com,9876500103,,1984-04-26,Chennai,60016
null_blank,Null values detected in column GENDER,GENDER,1107,Sameer,Patel,user106@example.com,9876500106,,1974-11-23,Kolkata,31542
null_blank,Null values detected in column GENDER,GENDER,1111,Arjun,Verma,user110@example.com,9876500110,,1980-09-20,Mumbai,87331
null_blank,Null values detected in column GENDER,GENDER,1112,Sameer,Gupta,user111@example.com,9876500111,,2010-02-15,Kolkata,52081
null_blank,Null values detected in column GENDER,GENDER,1113,Rakesh,Kumar,user112@example.com,9876500112,,2004-08-14,Mumbai,35179
null_blank,Null values detected in column GENDER,GENDER,1119,Amit,Verma,user118@example.com,9876500118,,2019-04-04,Hyderabad,43466
null_blank,Null values detected in column GENDER,GENDER,1120,Vijay,Verma,user119@example.com,9876500119,,2003-04-06,Mumbai,59254
null_blank,Null values detected in column GENDER,GENDER,1129,Amit,Singh,user128@example.com,9876500128,,2018-07-23,Delhi,64840
null_blank,Null values detected in column GENDER,GENDER,1130,Amit,Rao,user129@example.com,9876500129,,2006-09-17,Pune,63402
null_blank,Null values detected in column GENDER,GENDER,1131,Neha,Rao,user130@example.com,9876500130,,1997-06-18,Chennai,57646
null_blank,Null values detected in column GENDER,GENDER,1136,Anjali,Gupta,user135@example.com,9876500135,,2001-03-14,Hyderabad,1000
null_blank,Null values detected in column GENDER,GENDER,1137,Vijay,Kumar,user136@example.com,9876500136,,2005-02-19,Mumbai,71615
null_blank,Null values detected in column GENDER,GENDER,1144,Amit,Mehta,user143@example.com,9876500143,,2002-05-17,Kolkata,82918
null_blank,Null values detected in column GENDER,GENDER,1150,Vijay,Patel,user149@example.com,9876500149,,1980-10-29,Kolkata,97647
null_blank,Null values detected in column GENDER,GENDER,1152,Amit,Singh,user151@example.com,9876500151,,1981-10-22,Chennai,78893
null_blank,Null values detected in column GENDER,GENDER,1154,Sneha,Reddy,user153@example.com,9876500153,,2013-05-03,Ahmedabad,71786
null_blank,Null values detected in column GENDER,GENDER,1158,Sameer,Joshi,user157@example.com,9876500157,,2012-03-28,Hyderabad,46433
null_blank,Null values detected in column GENDER,GENDER,1159,Anjali,Kumar,user158@example.com,9876500158,,1973-12-18,Pune,82038
null_blank,Null values detected in column GENDER,GENDER,1164,Neha,Reddy,user163@example.com,9876500163,,2007-11-10,Kolkata,55299
null_blank,Null values detected in column GENDER,GENDER,1166,Arjun,Joshi,user165@example.com,9876500165,,1970-11-25,Pune,1000
null_blank,Null values detected in column GENDER,GENDER,1168,Neha,Reddy,user167@example.com,9876500167,,2005-04-11,Chennai,52017
null_blank,Null values detected in column GENDER,GENDER,1171,Sameer,Joshi,user170@example.com,9876500170,,1991-02-14,Delhi,93163
null_blank,Null values detected in column GENDER,GENDER,1173,Rakesh,Reddy,user172@example.com,9876500172,,2019-02-25,Delhi,68543
null_blank,Null values detected in column GENDER,GENDER,1174,Arjun,Patel,user173@example.com,9876500173,,1982-03-31,Mumbai,66218
null_blank,Null values detected in column GENDER,GENDER,1175,Sneha,Gupta,user174@example.com,9876500174,,1978-12-19,Bangalore,68673
null_blank,Null values detected in column GENDER,GENDER,1176,Arjun,Reddy,user175@example.com,123,,1978-12-18,Mumbai,38294
null_blank,Null values detected in column GENDER,GENDER,1178,Kavya,Rao,user177@example.com,9876500177,,1997-10-21,Pune,63012
null_blank,Null values detected in column GENDER,GENDER,1179,Kavya,Reddy,user178@example.com,9876500178,,1984-09-06,Pune,111205
null_blank,Null values detected in column GENDER,GENDER,1181,Amit,Rao,invalid@,9876500180,,1984-08-21,Delhi,845424
null_blank,Null values detected in column GENDER,GENDER,1185,Sameer,Mehta,user184@example.com,9876500184,,1982-03-27,Bangalore,39294
null_blank,Null values detected in column GENDER,GENDER,1189,Priya,Rao,user188@example.com,9876500188,,2005-10-07,Kolkata,32736
null_blank,Null values detected in column GENDER,GENDER,1192,Amit,Patel,user191@example.com,9876500191,,1996-09-26,Ahmedabad,87382
null_blank,Null values detected in column GENDER,GENDER,1194,Arjun,Gupta,user193@example.com,9876500193,,2016-02-13,Bangalore,76152
null_blank,Null values detected in column GENDER,GENDER,1195,Priya,Rao,user194@example.com,9876500194,,2014-08-12,Mumbai,86181
null_blank,Null values detected in column GENDER,GENDER,1198,Neha,Verma,user197@example.com,9876500197,,1970-12-28,Pune,80181
null_blank,Null values detected in column GENDER,GENDER,1199,Kavya,Singh,user198@example.com,9876500198,,1985-01-15,Hyderabad,72851
null_blank,Null values detected in column GENDER,GENDER,1204,Priya,Gupta,user203@example.com,9876500203,,2016-05-16,Ahmedabad,60199
null_blank,Null values detected in column GENDER,GENDER,1207,Neha,Rao,user206@example.com,9876500206,,1996-10-10,Mumbai,78745
null_blank,Null values detected in column GENDER,GENDER,1208,Sameer,Gupta,user207@example.com,9876500207,,1982-05-14,Bangalore,78890
null_blank,Null values detected in column GENDER,GENDER,1210,Sameer,Kumar,user209@example.com,9876500209,,2009-10-13,Pune,63626
null_blank,Null values detected in column GENDER,GENDER,1211,Sameer,Verma,user210@example.com,9876500210,,1995-06-29,Mumbai,690024
null_blank,Null values detected in column GENDER,GENDER,1212,Neha,Verma,user211@example.com,9876500211,,1974-02-22,Kolkata,79961
null_blank,Null values detected in column GENDER,GENDER,1213,Amit,Joshi,user212@example.com,9876500212,,2006-07-07,Pune,75979
null_blank,Null values detected in column GENDER,GENDER,1214,Neha,Kumar,user213@example.com,9876500213,,2001-09-30,Chennai,29981
null_blank,Null values detected in column GENDER,GENDER,1217,Sneha,Gupta,user216@example.com,9876500216,,1982-02-25,Ahmedabad,86497
null_blank,Null values detected in column GENDER,GENDER,1221,Arjun,Reddy,invalid@,9876500220,,2014-10-16,Hyderabad,80208
null_blank,Null values detected in column GENDER,GENDER,1222,Vijay,Patel,user221@example.com,9876500221,,2009-06-17,Chennai,61912
null_blank,Null values detected in column GENDER,GENDER,1223,Vijay,Reddy,user222@example.com,9876500222,,2009-02-12,Mumbai,88595
null_blank,Null values detected in column GENDER,GENDER,1226,Anjali,Verma,user225@example.com,123,,1976-09-01,Hyderabad,1000
null_blank,Null values detected in column GENDER,GENDER,1232,Arjun,Rao,user231@example.com,9876500231,,1997-05-27,Hyderabad,85246
null_blank,Null values detected in column GENDER,GENDER,1233,Kavya,Joshi,user232@example.com,9876500232,,1987-08-16,Delhi,71595
null_blank,Null values detected in column GENDER,GENDER,1241,Sameer,Joshi,,9876500240,,1977-07-15,Chennai,627045
null_blank,Null values detected in column GENDER,GENDER,1244,Sneha,Patel,user243@example.com,9876500243,,2002-12-22,Ahmedabad,63059
null_blank,Null values detected in column GENDER,GENDER,1256,Sameer,Joshi,user255@example.com,9876500255,,1982-10-20,Delhi,1000
null_blank,Null values detected in column GENDER,GENDER,1258,Sameer,Reddy,user257@example.com,9876500257,,2014-05-20,Kolkata,104282
null_blank,Null values detected in column GENDER,GENDER,1259,Vijay,Sharma,user258@example.com,9876500258,,1973-06-15,Chennai,75219
null_blank,Null values detected in column GENDER,GENDER,1263,Priya,Gupta,user262@example.com,9876500262,,1977-11-24,Pune,72997
null_blank,Null values detected in column GENDER,GENDER,1264,Sameer,Kumar,user263@example.com,9876500263,,1999-08-06,Pune,79437
null_blank,Null values detected in column GENDER,GENDER,1267,Arjun,Mehta,user266@example.com,9876500266,,1998-01-08,Chennai,58217
null_blank,Null values detected in column GENDER,GENDER,1268,Neha,Patel,user267@example.com,9876500267,,2016-03-14,Mumbai,74852
null_blank,Null values detected in column GENDER,GENDER,1269,Arjun,Verma,user268@example.com,9876500268,,2008-09-15,Delhi,49480
null_blank,Null values detected in column GENDER,GENDER,1276,Arjun,Reddy,user275@example.com,123,,1995-12-23,Mumbai,69140
null_blank,Null values detected in column GENDER,GENDER,1280,Amit,Singh,user279@example.com,9876500279,,1992-05-14,Delhi,116368
null_blank,Null values detected in column GENDER,GENDER,1281,Priya,Mehta,,9876500280,,2014-08-30,Pune,83364
null_blank,Null values detected in column GENDER,GENDER,1282,Priya,Reddy,user281@example.com,9876500281,,1999-12-18,Delhi,25877
null_blank,Null values detected in column GENDER,GENDER,1285,Priya,Mehta,user284@example.com,9876500284,,1993-11-28,Chennai,58582
null_blank,Null values detected in column GENDER,GENDER,1287,Kavya,Verma,user286@example.com,9876500286,,1973-04-17,Ahmedabad,47139
null_blank,Null values detected in column GENDER,GENDER,1288,Rakesh,Rao,user287@example.com,9876500287,,2016-08-21,Delhi,83676
null_blank,Null values detected in column GENDER,GENDER,1289,Arjun,Reddy,user288@example.com,9876500288,,1978-03-26,Bangalore,79942
null_blank,Null values detected in column GENDER,GENDER,1293,Neha,Sharma,user292@example.com,9876500292,,2015-03-11,Chennai,58143
null_blank,Null values detected in column GENDER,GENDER,1295,Arjun,Kumar,user294@example.com,9876500294,,1980-01-31,Chennai,33971
null_blank,Null values detected in column GENDER,GENDER,1297,Rakesh,Mehta,user296@example.com,9876500296,,2007-02-15,Pune,97757
null_blank,Null values detected in column GENDER,GENDER,1298,Priya,Rao,user297@example.com,9876500297,,1988-10-17,Pune,95571
null_blank,Null values detected in column GENDER,GENDER,1300,Vijay,Reddy,user299@example.com,9876500299,,2002-07-21,Ahmedabad,60625
null_blank,Null values detected in column GENDER,GENDER,1301,Rakesh,Verma,invalid@,,,1974-09-26,Bangalore,1000000
null_blank,Null values detected in column GENDER,GENDER,1302,Sneha,Reddy,user301@example.com,9876500301,,2002-03-01,Kolkata,60067
null_blank,Null values detected in column GENDER,GENDER,1309,Amit,Joshi,user308@example.com,9876500308,,2050-01-01,Delhi,53154
null_blank,Null values detected in column GENDER,GENDER,1311,Sameer,Sharma,user310@example.com,9876500310,,2017-09-25,Mumbai,66870
null_blank,Null values detected in column GENDER,GENDER,1314,Anjali,Joshi,user313@example.com,9876500313,,2008-02-10,Bangalore,81655
null_blank,Null values detected in column GENDER,GENDER,1318,Sneha,Verma,user317@example.com,9876500317,,1997-10-04,Delhi,73595
null_blank,Null values detected in column GENDER,GENDER,1320,Kavya,Reddy,user319@example.com,9876500319,,1995-11-23,Chennai,104829
null_blank,Null values detected in column GENDER,GENDER,1325,Kavya,Mehta,user324@example.com,9876500324,,1973-02-16,Bangalore,60255
null_blank,Null values detected in column GENDER,GENDER,1327,Arjun,Patel,user326@example.com,9876500326,,1987-06-15,Kolkata,29727
null_blank,Null values detected in column GENDER,GENDER,1330,Vijay,Kumar,user329@example.com,9876500329,,2019-02-09,Mumbai,62046
null_blank,Null values detected in column GENDER,GENDER,1334,Amit,Verma,user333@example.com,9876500333,,2017-09-04,Ahmedabad,87392
null_blank,Null values detected in column GENDER,GENDER,1337,Kavya,Verma,user336@example.com,9876500336,,2017-04-09,Mumbai,81139
null_blank,Null values detected in column GENDER,GENDER,1338,Vijay,Verma,user337@example.com,9876500337,,invalid,Delhi,79064
null_blank,Null values detected in column GENDER,GENDER,1341,Amit,Rao,invalid@,9876500340,,2006-03-04,Delhi,49344
null_blank,Null values detected in column GENDER,GENDER,1343,Neha,Mehta,user342@example.com,9876500342,,1996-11-02,Chennai,64733
null_blank,Null values detected in column GENDER,GENDER,1344,Neha,Rao,user343@example.com,9876500343,,1978-08-30,Hyderabad,66547
null_blank,Null values detected in column GENDER,GENDER,1346,Sneha,Sharma,user345@example.com,9876500345,,1980-12-21,Mumbai,1000
null_blank,Null values detected in column GENDER,GENDER,1347,Sameer,Sharma,user346@example.com,9876500346,,1982-10-20,Delhi,90877
null_blank,Null values detected in column GENDER,GENDER,1351,Amit,Patel,user350@example.com,,,1987-01-11,Bangalore,101911
null_blank,Null values detected in column GENDER,GENDER,1357,Anjali,Joshi,user356@example.com,9876500356,,2050-01-01,Delhi,80058
null_blank,Null values detected in column GENDER,GENDER,1360,Arjun,Reddy,user359@example.com,9876500359,,1975-09-10,Mumbai,93095
null_blank,Null values detected in column GENDER,GENDER,1362,Anjali,Joshi,user361@example.com,9876500361,,2003-01-21,Chennai,65618
null_blank,Null values detected in column GENDER,GENDER,1364,Priya,Reddy,user363@example.com,9876500363,,2003-10-12,Mumbai,72373
null_blank,Null values detected in column GENDER,GENDER,1366,Arjun,Mehta,user365@example.com,9876500365,,1986-06-17,Mumbai,66921
null_blank,Null values detected in column GENDER,GENDER,1367,Sneha,Sharma,user366@example.com,9876500366,,1989-05-28,Hyderabad,74684
null_blank,Null values detected in column GENDER,GENDER,1369,Rakesh,Gupta,user368@example.com,9876500368,,1974-09-27,Chennai,56905
null_blank,Null values detected in column GENDER,GENDER,1371,Neha,Verma,user370@example.com,9876500370,,1988-02-14,Ahmedabad,68672
null_blank,Null values detected in column GENDER,GENDER,1372,Priya,Sharma,user371@example.com,9876500371,,1988-11-21,Bangalore,25163
null_blank,Null values detected in column GENDER,GENDER,1377,Neha,Joshi,user376@example.com,9876500376,,1996-02-13,Mumbai,79741
null_blank,Null values detected in column GENDER,GENDER,1379,Anjali,Gupta,user378@example.com,9876500378,,2004-03-01,Mumbai,61219
null_blank,Null values detected in column GENDER,GENDER,1380,Sameer,Singh,user379@example.com,9876500379,,2006-04-08,Mumbai,73536
null_blank,Null values detected in column GENDER,GENDER,1381,Arjun,Joshi,invalid@,9876500380,,1982-08-01,Ahmedabad,73093
null_blank,Null values detected in column GENDER,GENDER,1384,Anjali,Singh,user383@example.com,9876500383,,2012-03-23,Delhi,44161
null_blank,Null values detected in column GENDER,GENDER,1385,Amit,Reddy,user384@example.com,9876500384,,1996-06-21,Chennai,50341
null_blank,Null values detected in column GENDER,GENDER,1387,Rakesh,Joshi,user386@example.com,9876500386,,1975-07-31,Ahmedabad,82657
null_blank,Null values detected in column GENDER,GENDER,1389,Rakesh,Patel,user388@example.com,9876500388,,2002-11-07,Delhi,80889
null_blank,Null values detected in column GENDER,GENDER,1392,Rakesh,Gupta,user391@example.com,9876500391,,2014-11-16,Chennai,57418
null_blank,Null values detected in column GENDER,GENDER,1395,Anjali,Sharma,user394@example.com,9876500394,,2016-10-04,Hyderabad,95984
null_blank,Null values detected in column GENDER,GENDER,1397,Kavya,Singh,user396@example.com,9876500396,,1983-04-06,Ahmedabad,82818
null_blank,Null values detected in column GENDER,GENDER,1403,Amit,Reddy,user402@example.com,9876500402,,1975-11-24,Hyderabad,58843
null_blank,Null values detected in column GENDER,GENDER,1407,Sameer,Joshi,user406@example.com,9876500406,,2016-08-15,Mumbai,70317
null_blank,Null values detected in column GENDER,GENDER,1409,Sameer,Joshi,user408@example.com,9876500408,,1991-02-23,Kolkata,51858
null_blank,Null values detected in column GENDER,GENDER,1415,Neha,Sharma,user414@example.com,9876500414,,1987-01-30,Delhi,59906
null_blank,Null values detected in column GENDER,GENDER,1418,Anjali,Rao,user417@example.com,9876500417,,1987-07-20,Hyderabad,54505
null_blank,Null values detected in column GENDER,GENDER,1421,Neha,Reddy,invalid@,9876500420,,1981-04-27,Ahmedabad,429513
null_blank,Null values detected in column GENDER,GENDER,1422,Arjun,Gupta,user421@example.com,9876500421,,1979-07-17,Pune,68253
null_blank,Null values detected in column GENDER,GENDER,1424,Amit,Verma,user423@example.com,9876500423,,1999-09-20,Delhi,76130
null_blank,Null values detected in column GENDER,GENDER,1425,Anjali,Mehta,user424@example.com,9876500424,,2009-10-27,Pune,50665
null_blank,Null values detected in column GENDER,GENDER,1427,Priya,Kumar,user426@example.com,9876500426,,1986-11-01,Delhi,74987
null_blank,Null values detected in column GENDER,GENDER,1432,Anjali,Singh,user431@example.com,9876500431,,2011-01-28,Kolkata,64370
null_blank,Null values detected in column GENDER,GENDER,1437,Sneha,Rao,user436@example.com,9876500436,,2001-04-07,Ahmedabad,64305
null_blank,Null values detected in column GENDER,GENDER,1438,Rakesh,Patel,user437@example.com,9876500437,,2003-11-22,Mumbai,59005
null_blank,Null values detected in column GENDER,GENDER,1439,Neha,Reddy,user438@example.com,9876500438,,1980-03-14,Pune,55852
null_blank,Null values detected in column GENDER,GENDER,1440,Sneha,Singh,user439@example.com,9876500439,,2001-08-24,Pune,42671
null_blank,Null values detected in column GENDER,GENDER,1442,Kavya,Singh,user441@example.com,9876500441,,1973-09-22,Hyderabad,91846
null_blank,Null values detected in column GENDER,GENDER,1451,Rakesh,Verma,user450@example.com,,,2000-09-04,Ahmedabad,565905
null_blank,Null values detected in column GENDER,GENDER,1452,Sameer,Verma,user451@example.com,9876500451,,2007-11-22,Bangalore,57988
null_blank,Null values detected in column GENDER,GENDER,1454,Arjun,Verma,user453@example.com,9876500453,,1999-10-28,Pune,110995
null_blank,Null values detected in column GENDER,GENDER,1455,Sneha,Sharma,user454@example.com,9876500454,,1975-02-15,Delhi,32213
null_blank,Null values detected in column GENDER,GENDER,1459,Kavya,Singh,user458@example.com,9876500458,,1995-06-25,Mumbai,55046
null_blank,Null values detected in column GENDER,GENDER,1461,Amit,Verma,invalid@,9876500460,,1989-10-04,Kolkata,46837
null_blank,Null values detected in column GENDER,GENDER,1464,Sneha,Rao,user463@example.com,9876500463,,1974-09-30,Mumbai,64408
null_blank,Null values detected in column GENDER,GENDER,1465,Anjali,Joshi,user464@example.com,9876500464,,2004-07-08,Ahmedabad,80222
null_blank,Null values detected in column GENDER,GENDER,1471,Amit,Gupta,user470@example.com,9876500470,,2007-01-18,Hyderabad,73899
null_blank,Null values detected in column GENDER,GENDER,1472,Neha,Reddy,user471@example.com,9876500471,,2008-04-16,Chennai,56884
null_blank,Null values detected in column GENDER,GENDER,1476,Sneha,Mehta,user475@example.com,123,,1989-12-27,Hyderabad,26650
null_blank,Null values detected in column GENDER,GENDER,1477,Neha,Kumar,user476@example.com,9876500476,,1996-08-08,Chennai,66900
null_blank,Null values detected in column GENDER,GENDER,1480,Vijay,Rao,user479@example.com,9876500479,,1991-09-27,Mumbai,69318
null_blank,Null values detected in column GENDER,GENDER,1482,Anjali,Joshi,user481@example.com,9876500481,,2001-04-20,Bangalore,70895
null_blank,Null values detected in column GENDER,GENDER,1483,Rakesh,Gupta,user482@example.com,9876500482,,2009-01-27,Chennai,99302
null_blank,Null values detected in column GENDER,GENDER,1490,Kavya,Kumar,user489@example.com,9876500489,,1982-03-09,Kolkata,53483
null_blank,Null values detected in column GENDER,GENDER,1491,Arjun,Gupta,user490@example.com,9876500490,,2009-11-01,Chennai,63544
null_blank,Null values detected in column GENDER,GENDER,1492,Amit,Gupta,user491@example.com,9876500491,,2050-01-01,Bangalore,64844
null_blank,Null values detected in column GENDER,GENDER,1494,Amit,Gupta,user493@example.com,9876500493,,1989-02-26,Delhi,73601
null_blank,Null values detected in column GENDER,GENDER,1496,Arjun,Kumar,user495@example.com,9876500495,,1983-10-23,Bangalore,1000
null_blank,Null values detected in column GENDER,GENDER,1499,Vijay,Joshi,user498@example.com,9876500498,,1975-01-27,Chennai,47051
null_blank,Null values detected in column GENDER,GENDER,1503,Arjun,Mehta,user502@example.com,9876500502,,2010-05-05,Pune,104599
null_blank,Null values detected in column GENDER,GENDER,1504,Neha,Singh,user503@example.com,9876500503,,1990-10-12,Kolkata,73329
null_blank,Null values detected in column GENDER,GENDER,1505,Vijay,Kumar,user504@example.com,9876500504,,invalid,Pune,80838
null_blank,Null values detected in column GENDER,GENDER,1506,Priya,Patel,user505@example.com,9876500505,,2015-06-10,Hyderabad,85961
null_blank,Null values detected in column GENDER,GENDER,1511,Sameer,Patel,user510@example.com,9876500510,,2002-07-27,Chennai,636385
null_blank,Null values detected in column GENDER,GENDER,1514,Neha,Reddy,user513@example.com,9876500513,,2011-05-28,Chennai,101354
null_blank,Null values detected in column GENDER,GENDER,1515,Sameer,Sharma,user514@example.com,9876500514,,2016-02-27,Pune,89483
null_blank,Null values detected in column GENDER,GENDER,1516,Anjali,Patel,user515@example.com,9876500515,,1992-07-17,Mumbai,12781
null_blank,Null values detected in column GENDER,GENDER,1520,Vijay,Rao,user519@example.com,9876500519,,1979-08-19,Delhi,76567
null_blank,Null values detected in column GENDER,GENDER,1522,Rakesh,Patel,user521@example.com,9876500521,,2013-10-28,Delhi,62684
null_blank,Null values detected in column GENDER,GENDER,1527,Amit,Patel,user526@example.com,9876500526,,2005-12-11,Mumbai,71078
null_blank,Null values detected in column GENDER,GENDER,1532,Anjali,Patel,user531@example.com,9876500531,,2007-04-23,Hyderabad,66605
null_blank,Null values detected in column GENDER,GENDER,1534,Sameer,Patel,user533@example.com,9876500533,,1993-01-22,Mumbai,50029
null_blank,Null values detected in column GENDER,GENDER,1535,Amit,Gupta,user534@example.com,9876500534,,1999-03-23,Bangalore,79646
null_blank,Null values detected in column GENDER,GENDER,1539,Anjali,Sharma,user538@example.com,9876500538,,1977-12-13,Ahmedabad,63013
null_blank,Null values detected in column GENDER,GENDER,1541,Priya,Verma,invalid@,9876500540,,2000-01-04,Hyderabad,912844
null_blank,Null values detected in column GENDER,GENDER,1544,Anjali,Singh,user543@example.com,9876500543,,1975-09-06,Mumbai,33573
null_blank,Null values detected in column GENDER,GENDER,1546,Kavya,Singh,user545@example.com,9876500545,,1975-08-28,Delhi,67348
null_blank,Null values detected in column GENDER,GENDER,1548,Kavya,Kumar,user547@example.com,9876500547,,1982-10-19,Chennai,54176
null_blank,Null values detected in column GENDER,GENDER,1552,Sameer,Rao,user551@example.com,9876500551,,1995-04-25,Delhi,19033
null_blank,Null values detected in column GENDER,GENDER,1553,Sneha,Singh,user552@example.com,9876500552,,1970-05-03,Delhi,60731
null_blank,Null values detected in column GENDER,GENDER,1556,Neha,Joshi,user555@example.com,9876500555,,1995-11-09,Ahmedabad,1000
null_blank,Null values detected in column GENDER,GENDER,1558,Amit,Patel,user557@example.com,9876500557,,invalid,Delhi,27791
null_blank,Null values detected in column GENDER,GENDER,1559,Vijay,Singh,user558@example.com,9876500558,,1985-03-19,Mumbai,50021
null_blank,Null values detected in column GENDER,GENDER,1561,Neha,Joshi,,9876500560,,1982-11-23,Hyderabad,43504
null_blank,Null values detected in column GENDER,GENDER,1567,Anjali,Reddy,user566@example.com,9876500566,,invalid,Pune,93191
null_blank,Null values detected in column GENDER,GENDER,1569,Amit,Reddy,user568@example.com,9876500568,,1978-10-13,Kolkata,48109
null_blank,Null values detected in column GENDER,GENDER,1570,Sameer,Joshi,user569@example.com,9876500569,,1978-06-25,Pune,71446
null_blank,Null values detected in column GENDER,GENDER,1571,Kavya,Sharma,user570@example.com,9876500570,,2000-11-17,Bangalore,865804
null_blank,Null values detected in column GENDER,GENDER,1572,Anjali,Patel,user571@example.com,9876500571,,1974-06-13,Chennai,46922
null_blank,Null values detected in column GENDER,GENDER,1573,Neha,Verma,user572@example.com,9876500572,,2013-09-20,Pune,67433
null_blank,Null values detected in column GENDER,GENDER,1574,Sneha,Mehta,user573@example.com,9876500573,,2000-07-11,Mumbai,57230
null_blank,Null values detected in column GENDER,GENDER,1576,Amit,Verma,user575@example.com,123,,2018-12-01,Bangalore,68324
null_blank,Null values detected in column GENDER,GENDER,1577,Arjun,Sharma,user576@example.com,9876500576,,2015-07-26,Pune,73647
null_blank,Null values detected in column GENDER,GENDER,1578,Sameer,Gupta,user577@example.com,9876500577,,2007-05-07,Hyderabad,65880
null_blank,Null values detected in column GENDER,GENDER,1579,Vijay,Sharma,user578@example.com,9876500578,,2016-02-06,Hyderabad,48675
null_blank,Null values detected in column GENDER,GENDER,1582,Sneha,Joshi,user581@example.com,9876500581,,1984-01-24,Chennai,76168
null_blank,Null values detected in column GENDER,GENDER,1586,Priya,Gupta,user585@example.com,9876500585,,2012-11-26,Hyderabad,1000
null_blank,Null values detected in column GENDER,GENDER,1591,Rakesh,Rao,user590@example.com,9876500590,,1994-06-02,Mumbai,65638
null_blank,Null values detected in column GENDER,GENDER,1594,Sameer,Mehta,user593@example.com,9876500593,,1974-12-22,Delhi,37995
null_blank,Null values detected in column GENDER,GENDER,1597,Kavya,Gupta,user596@example.com,9876500596,,1979-05-26,Delhi,74690
null_blank,Null values detected in column GENDER,GENDER,1601,Rakesh,Reddy,,,,2016-01-11,Bangalore,914314
null_blank,Null values detected in column GENDER,GENDER,1603,Priya,Sharma,user602@example.com,9876500602,,1987-02-24,Kolkata,57864
null_blank,Null values detected in column GENDER,GENDER,1608,Sneha,Mehta,user607@example.com,9876500607,,1980-06-08,Pune,103304
null_blank,Null values detected in column GENDER,GENDER,1611,Rakesh,Verma,user610@example.com,9876500610,,2003-03-22,Delhi,102531
null_blank,Null values detected in column GENDER,GENDER,1614,Neha,Patel,user613@example.com,9876500613,,2013-06-29,Bangalore,43596
null_blank,Null values detected in column GENDER,GENDER,1617,Anjali,Mehta,user616@example.com,9876500616,,1971-06-30,Pune,5913
null_blank,Null values detected in column GENDER,GENDER,1618,Kavya,Rao,user617@example.com,9876500617,,1976-12-08,Mumbai,11765
null_blank,Null values detected in column GENDER,GENDER,1619,Rakesh,Joshi,user618@example.com,9876500618,,1975-07-03,Ahmedabad,35490
null_blank,Null values detected in column GENDER,GENDER,1620,Vijay,Sharma,user619@example.com,9876500619,,1986-02-27,Pune,57485
null_blank,Null values detected in column GENDER,GENDER,1624,Vijay,Reddy,user623@example.com,9876500623,,2013-02-27,Pune,69367
null_blank,Null values detected in column GENDER,GENDER,1625,Arjun,Verma,user624@example.com,9876500624,,1975-12-25,Pune,82682
null_blank,Null values detected in column GENDER,GENDER,1626,Rakesh,Singh,user625@example.com,123,,1998-05-08,Bangalore,62120
null_blank,Null values detected in column GENDER,GENDER,1627,Neha,Kumar,user626@example.com,9876500626,,1973-06-29,Delhi,55705
null_blank,Null values detected in column GENDER,GENDER,1632,Rakesh,Singh,user631@example.com,9876500631,,1972-11-15,Delhi,64548
null_blank,Null values detected in column GENDER,GENDER,1633,Vijay,Sharma,user632@example.com,9876500632,,2006-08-21,Delhi,44226
null_blank,Null values detected in column GENDER,GENDER,1634,Kavya,Verma,user633@example.com,9876500633,,2050-01-01,Bangalore,81815
null_blank,Null values detected in column GENDER,GENDER,1635,Anjali,Gupta,user634@example.com,9876500634,,1995-11-15,Delhi,75163
null_blank,Null values detected in column GENDER,GENDER,1636,Sneha,Reddy,user635@example.com,9876500635,,2012-10-09,Chennai,73314
null_blank,Null values detected in column GENDER,GENDER,1637,Kavya,Joshi,user636@example.com,9876500636,,1978-03-05,Chennai,79080
null_blank,Null values detected in column GENDER,GENDER,1638,Rakesh,Joshi,user637@example.com,9876500637,,2003-01-09,Delhi,68239
null_blank,Null values detected in column GENDER,GENDER,1643,Arjun,Mehta,user642@example.com,9876500642,,1974-10-12,Kolkata,21008
null_blank,Null values detected in column GENDER,GENDER,1644,Kavya,Joshi,user643@example.com,9876500643,,2014-05-26,Pune,71485
null_blank,Null values detected in column GENDER,GENDER,1649,Priya,Mehta,user648@example.com,9876500648,,1998-03-24,Bangalore,31056
null_blank,Null values detected in column GENDER,GENDER,1651,Arjun,Mehta,user650@example.com,,,1978-07-12,Ahmedabad,73043
null_blank,Null values detected in column GENDER,GENDER,1654,Sameer,Patel,user653@example.com,9876500653,,1973-09-07,Delhi,78924
null_blank,Null values detected in column GENDER,GENDER,1655,Arjun,Kumar,user654@example.com,9876500654,,1975-08-04,Bangalore,92705
null_blank,Null values detected in column GENDER,GENDER,1657,Amit,Kumar,user656@example.com,9876500656,,2006-02-19,Pune,88863
null_blank,Null values detected in column GENDER,GENDER,1658,Priya,Kumar,user657@example.com,9876500657,,1990-07-19,Hyderabad,56089
null_blank,Null values detected in column GENDER,GENDER,1659,Arjun,Mehta,user658@example.com,9876500658,,1996-09-08,Hyderabad,78706
null_blank,Null values detected in column GENDER,GENDER,1661,Rakesh,Kumar,invalid@,9876500660,,1970-04-30,Hyderabad,434016
null_blank,Null values detected in column GENDER,GENDER,1662,Priya,Sharma,user661@example.com,9876500661,,1986-11-22,Chennai,73440
null_blank,Null values detected in column GENDER,GENDER,1664,Rakesh,Verma,user663@example.com,9876500663,,2010-02-09,Kolkata,90094
null_blank,Null values detected in column GENDER,GENDER,1668,Rakesh,Singh,user667@example.com,9876500667,,1990-11-15,Pune,55108
null_blank,Null values detected in column GENDER,GENDER,1675,Arjun,Patel,user674@example.com,9876500674,,2013-01-13,Ahmedabad,94429
null_blank,Null values detected in column GENDER,GENDER,1678,Arjun,Patel,user677@example.com,9876500677,,2014-08-14,Bangalore,51553
null_blank,Null values detected in column GENDER,GENDER,1679,Arjun,Singh,user678@example.com,9876500678,,2008-09-12,Chennai,57385
null_blank,Null values detected in column GENDER,GENDER,1680,Sneha,Verma,user679@example.com,9876500679,,2003-07-08,Hyderabad,46421
null_blank,Null values detected in column GENDER,GENDER,1685,Anjali,Reddy,user684@example.com,9876500684,,2014-02-25,Pune,80675
null_blank,Null values detected in column GENDER,GENDER,1687,Priya,Gupta,user686@example.com,9876500686,,2008-01-09,Bangalore,72634
null_blank,Null values detected in column GENDER,GENDER,1688,Priya,Joshi,user687@example.com,9876500687,,1998-11-16,Chennai,85066
null_blank,Null values detected in column GENDER,GENDER,1690,Kavya,Verma,user689@example.com,9876500689,,1970-03-01,Pune,75009
null_blank,Null values detected in column GENDER,GENDER,1696,Amit,Mehta,user695@example.com,9876500695,,1985-07-27,Kolkata,72908
null_blank,Null values detected in column GENDER,GENDER,1697,Rakesh,Gupta,user696@example.com,9876500696,,2010-03-07,Pune,67284
null_blank,Null values detected in column GENDER,GENDER,1699,Kavya,Gupta,user698@example.com,9876500698,,2005-04-15,Chennai,57708
null_blank,Null values detected in column GENDER,GENDER,1704,Priya,Rao,user703@example.com,9876500703,,1992-04-19,Chennai,89974
null_blank,Null values detected in column GENDER,GENDER,1705,Kavya,Mehta,user704@example.com,9876500704,,1995-05-24,Kolkata,73905
null_blank,Null values detected in column GENDER,GENDER,1706,Kavya,Sharma,user705@example.com,9876500705,,2004-01-22,Delhi,1000
null_blank,Null values detected in column GENDER,GENDER,1707,Kavya,Joshi,user706@example.com,9876500706,,1984-11-20,Ahmedabad,48988
null_blank,Null values detected in column GENDER,GENDER,1708,Sameer,Verma,user707@example.com,9876500707,,2003-08-13,Kolkata,63411
null_blank,Null values detected in column GENDER,GENDER,1709,Kavya,Kumar,user708@example.com,9876500708,,1993-12-15,Bangalore,73005
null_blank,Null values detected in column GENDER,GENDER,1710,Neha,Sharma,user709@example.com,9876500709,,2007-09-29,Bangalore,92217
null_blank,Null values detected in column GENDER,GENDER,1714,Sneha,Kumar,user713@example.com,9876500713,,1976-07-10,Hyderabad,66592
null_blank,Null values detected in column GENDER,GENDER,1716,Anjali,Singh,user715@example.com,9876500715,,1981-12-07,Pune,84575
null_blank,Null values detected in column GENDER,GENDER,1718,Arjun,Verma,user717@example.com,9876500717,,2008-06-01,Delhi,96508
null_blank,Null values detected in column GENDER,GENDER,1723,Arjun,Gupta,user722@example.com,9876500722,,invalid,Delhi,27559
null_blank,Null values detected in column GENDER,GENDER,1724,Anjali,Verma,user723@example.com,9876500723,,2011-07-30,Chennai,35276
null_blank,Null values detected in column GENDER,GENDER,1725,Arjun,Joshi,user724@example.com,9876500724,,1989-12-12,Kolkata,62566
null_blank,Null values detected in column GENDER,GENDER,1727,Sneha,Verma,user726@example.com,9876500726,,1998-08-08,Kolkata,34830
null_blank,Null values detected in column GENDER,GENDER,1728,Rakesh,Gupta,user727@example.com,9876500727,,2008-09-28,Delhi,41684
null_blank,Null values detected in column GENDER,GENDER,1729,Kavya,Sharma,user728@example.com,9876500728,,1993-05-16,Bangalore,54933
null_blank,Null values detected in column GENDER,GENDER,1731,Rakesh,Singh,user730@example.com,9876500730,,1973-10-19,Mumbai,41511
null_blank,Null values detected in column GENDER,GENDER,1732,Kavya,Verma,user731@example.com,9876500731,,2003-06-06,Mumbai,24227
null_blank,Null values detected in column GENDER,GENDER,1736,Amit,Verma,user735@example.com,9876500735,,1988-10-06,Mumbai,1000
null_blank,Null values detected in column GENDER,GENDER,1737,Priya,Gupta,user736@example.com,9876500736,,1972-02-15,Mumbai,52903
null_blank,Null values detected in column GENDER,GENDER,1744,Sameer,Verma,user743@example.com,9876500743,,2010-05-27,Pune,46132
null_blank,Null values detected in column GENDER,GENDER,1747,Anjali,Rao,user746@example.com,9876500746,,1981-06-20,Mumbai,44118
null_blank,Null values detected in column GENDER,GENDER,1748,Sameer,Verma,user747@example.com,9876500747,,2008-01-08,Delhi,66580
null_blank,Null values detected in column GENDER,GENDER,1751,Rakesh,Reddy,user750@example.com,,,2006-06-23,Pune,556343
null_blank,Null values detected in column GENDER,GENDER,1752,Kavya,Rao,user751@example.com,9876500751,,1991-05-05,Pune,60082
null_blank,Null values detected in column GENDER,GENDER,1753,Anjali,Patel,user752@example.com,9876500752,,2006-09-10,Hyderabad,42201
null_blank,Null values detected in column GENDER,GENDER,1756,Priya,Joshi,user755@example.com,9876500755,,2013-08-06,Chennai,84872
null_blank,Null values detected in column GENDER,GENDER,1763,Anjali,Gupta,user762@example.com,9876500762,,1988-11-19,Mumbai,67584
null_blank,Null values detected in column GENDER,GENDER,1764,Vijay,Verma,user763@example.com,9876500763,,1974-04-14,Pune,76542
null_blank,Null values detected in column GENDER,GENDER,1769,Sneha,Joshi,user768@example.com,9876500768,,1998-06-02,Bangalore,57263
null_blank,Null values detected in column GENDER,GENDER,1772,Neha,Mehta,user771@example.com,9876500771,,2019-03-16,Kolkata,69049
null_blank,Null values detected in column GENDER,GENDER,1774,Sneha,Mehta,user773@example.com,9876500773,,1980-01-27,Ahmedabad,67013
null_blank,Null values detected in column GENDER,GENDER,1782,Sneha,Reddy,user781@example.com,9876500781,,1982-09-30,Ahmedabad,82228
null_blank,Null values detected in column GENDER,GENDER,1789,Amit,Reddy,user788@example.com,9876500788,,1977-04-15,Kolkata,47989
null_blank,Null values detected in column GENDER,GENDER,1794,Sameer,Verma,user793@example.com,9876500793,,1984-08-11,Kolkata,69344
null_blank,Null values detected in column GENDER,GENDER,1799,Amit,Sharma,user798@example.com,9876500798,,1984-04-06,Delhi,67438
null_blank,Null values detected in column GENDER,GENDER,1803,Priya,Mehta,user802@example.com,9876500802,,1981-05-17,Bangalore,97926
null_blank,Null values detected in column GENDER,GENDER,1805,Vijay,Patel,user804@example.com,9876500804,,1986-06-24,Ahmedabad,45923
null_blank,Null values detected in column GENDER,GENDER,1806,Arjun,Patel,user805@example.com,9876500805,,1985-08-23,Delhi,50943
null_blank,Null values detected in column GENDER,GENDER,1807,Neha,Rao,user806@example.com,9876500806,,2005-10-15,Bangalore,24462
null_blank,Null values detected in column GENDER,GENDER,1808,Vijay,Joshi,user807@example.com,9876500807,,2011-12-19,Hyderabad,61365
null_blank,Null values detected in column GENDER,GENDER,1811,Sameer,Reddy,user810@example.com,9876500810,,1982-10-12,Chennai,1000000
null_blank,Null values detected in column GENDER,GENDER,1813,Kavya,Sharma,user812@example.com,9876500812,,2013-08-24,Pune,67769
null_blank,Null values detected in column GENDER,GENDER,1815,Priya,Kumar,user814@example.com,9876500814,,1978-12-13,Ahmedabad,61972
null_blank,Null values detected in column GENDER,GENDER,1817,Sneha,Kumar,user816@example.com,9876500816,,1971-10-21,Kolkata,66914
null_blank,Null values detected in column GENDER,GENDER,1819,Arjun,Kumar,user818@example.com,9876500818,,1974-03-06,Hyderabad,74479
null_blank,Null values detected in column GENDER,GENDER,1828,Sneha,Gupta,user827@example.com,9876500827,,2012-07-23,Hyderabad,67279
null_blank,Null values detected in column GENDER,GENDER,1829,Priya,Gupta,user828@example.com,9876500828,,1983-12-27,Delhi,48008
null_blank,Null values detected in column GENDER,GENDER,1835,Rakesh,Mehta,user834@example.com,9876500834,,1981-09-08,Kolkata,74019
null_blank,Null values detected in column GENDER,GENDER,1836,Priya,Reddy,user835@example.com,9876500835,,1986-05-21,Hyderabad,74953
null_blank,Null values detected in column GENDER,GENDER,1839,Neha,Reddy,user838@example.com,9876500838,,1973-03-23,Kolkata,96559
null_blank,Null values detected in column GENDER,GENDER,1840,Sneha,Rao,user839@example.com,9876500839,,1995-02-07,Hyderabad,98329
null_blank,Null values detected in column GENDER,GENDER,1841,Amit,Rao,,9876500840,,1976-07-17,Hyderabad,635713
null_blank,Null values detected in column GENDER,GENDER,1845,Sameer,Singh,user844@example.com,9876500844,,2003-10-02,Chennai,51630
null_blank,Null values detected in column GENDER,GENDER,1847,Rakesh,Reddy,user846@example.com,9876500846,,invalid,Chennai,84280
null_blank,Null values detected in column GENDER,GENDER,1848,Neha,Rao,user847@example.com,9876500847,,1980-03-30,Kolkata,45752
null_blank,Null values detected in column GENDER,GENDER,1851,Kavya,Kumar,user850@example.com,,,1990-10-04,Mumbai,24060
null_blank,Null values detected in column GENDER,GENDER,1856,Arjun,Sharma,user855@example.com,9876500855,,1984-06-27,Chennai,1000
null_blank,Null values detected in column GENDER,GENDER,1857,Sneha,Reddy,user856@example.com,9876500856,,1984-05-14,Hyderabad,54977
null_blank,Null values detected in column GENDER,GENDER,1859,Sameer,Kumar,user858@example.com,9876500858,,2002-02-15,Chennai,67589
null_blank,Null values detected in column GENDER,GENDER,1865,Rakesh,Reddy,user864@example.com,9876500864,,2010-10-23,Hyderabad,60919
null_blank,Null values detected in column GENDER,GENDER,1866,Priya,Joshi,user865@example.com,9876500865,,2018-06-20,Pune,40267
null_blank,Null values detected in column GENDER,GENDER,1867,Anjali,Singh,user866@example.com,9876500866,,2015-03-11,Hyderabad,69396
null_blank,Null values detected in column GENDER,GENDER,1871,Neha,Singh,user870@example.com,9876500870,,2003-05-02,Chennai,683218
null_blank,Null values detected in column GENDER,GENDER,1874,Arjun,Mehta,user873@example.com,9876500873,,1986-05-13,Mumbai,58237
null_blank,Null values detected in column GENDER,GENDER,1875,Arjun,Patel,user874@example.com,9876500874,,1980-09-16,Chennai,77305
null_blank,Null values detected in column GENDER,GENDER,1881,Arjun,Rao,,9876500880,,1983-05-09,Bangalore,78432
null_blank,Null values detected in column GENDER,GENDER,1882,Priya,Patel,user881@example.com,9876500881,,1992-10-01,Hyderabad,96605
null_blank,Null values detected in column GENDER,GENDER,1883,Kavya,Joshi,user882@example.com,9876500882,,1971-12-05,Kolkata,45966
null_blank,Null values detected in column GENDER,GENDER,1884,Sneha,Kumar,user883@example.com,9876500883,,1984-12-23,Bangalore,80179
null_blank,Null values detected in column GENDER,GENDER,1885,Anjali,Kumar,user884@example.com,9876500884,,1987-08-20,Delhi,63137
null_blank,Null values detected in column GENDER,GENDER,1887,Amit,Verma,user886@example.com,9876500886,,2013-02-15,Mumbai,49153
null_blank,Null values detected in column GENDER,GENDER,1888,Anjali,Singh,user887@example.com,9876500887,,2004-11-08,Chennai,69285
null_blank,Null values detected in column GENDER,GENDER,1890,Sneha,Mehta,user889@example.com,9876500889,,1997-10-15,Hyderabad,51309
null_blank,Null values detected in column GENDER,GENDER,1895,Vijay,Reddy,user894@example.com,9876500894,,1970-09-01,Mumbai,96538
null_blank,Null values detected in column GENDER,GENDER,1898,Sneha,Reddy,user897@example.com,9876500897,,1987-02-24,Delhi,67653
null_blank,Null values detected in column GENDER,GENDER,1912,Sneha,Verma,user911@example.com,9876500911,,2018-08-31,Mumbai,76254
null_blank,Null values detected in column GENDER,GENDER,1917,Sameer,Rao,user916@example.com,9876500916,,1977-05-26,Chennai,83362
null_blank,Null values detected in column GENDER,GENDER,1923,Neha,Sharma,user922@example.com,9876500922,,2010-05-29,Delhi,43354
null_blank,Null values detected in column GENDER,GENDER,1925,Anjali,Mehta,user924@example.com,9876500924,,1995-04-18,Chennai,63560
null_blank,Null values detected in column GENDER,GENDER,1927,Kavya,Gupta,user926@example.com,9876500926,,2003-07-16,Delhi,41766
null_blank,Null values detected in column GENDER,GENDER,1929,Sneha,Mehta,user928@example.com,9876500928,,1973-11-08,Delhi,82782
null_blank,Null values detected in column GENDER,GENDER,1930,Amit,Sharma,user929@example.com,9876500929,,1995-03-12,Delhi,54995
null_blank,Null values detected in column GENDER,GENDER,1933,Priya,Mehta,user932@example.com,9876500932,,1979-04-30,Hyderabad,69030
null_blank,Null values detected in column GENDER,GENDER,1938,Arjun,Sharma,user937@example.com,9876500937,,1974-03-26,Hyderabad,50258
null_blank,Null values detected in column GENDER,GENDER,1940,Amit,Reddy,user939@example.com,9876500939,,1977-10-30,Chennai,77672
null_blank,Null values detected in column GENDER,GENDER,1946,Amit,Gupta,user945@example.com,9876500945,,2013-11-10,Delhi,1000
null_blank,Null values detected in column GENDER,GENDER,1948,Priya,Rao,user947@example.com,9876500947,,1994-02-15,Bangalore,84576
null_blank,Null values detected in column GENDER,GENDER,1949,Priya,Gupta,user948@example.com,9876500948,,1988-05-31,Mumbai,91464
null_blank,Null values detected in column GENDER,GENDER,1952,Sameer,Patel,user951@example.com,9876500951,,1980-11-16,Bangalore,47456
null_blank,Null values detected in column GENDER,GENDER,1957,Neha,Joshi,user956@example.com,9876500956,,2013-06-18,Bangalore,52127
null_blank,Null values detected in column GENDER,GENDER,1960,Priya,Verma,user959@example.com,9876500959,,1977-02-20,Kolkata,40066
null_blank,Null values detected in column GENDER,GENDER,1962,Arjun,Gupta,user961@example.com,9876500961,,2050-01-01,Chennai,69311
null_blank,Null values detected in column GENDER,GENDER,1964,Amit,Rao,user963@example.com,9876500963,,1974-02-03,Pune,71826
null_blank,Null values detected in column GENDER,GENDER,1969,Anjali,Reddy,user968@example.com,9876500968,,2018-11-12,Delhi,72619
null_blank,Null values detected in column GENDER,GENDER,1973,Priya,Sharma,user972@example.com,9876500972,,1980-11-09,Hyderabad,80887
null_blank,Null values detected in column GENDER,GENDER,1976,Sneha,Singh,user975@example.com,123,,2015-05-10,Hyderabad,1000
null_blank,Null values detected in column GENDER,GENDER,1977,Neha,Verma,user976@example.com,9876500976,,2050-01-01,Pune,62121
null_blank,Null values detected in column GENDER,GENDER,1978,Sneha,Gupta,user977@example.com,9876500977,,1995-01-22,Kolkata,106780
null_blank,Null values detected in column GENDER,GENDER,1979,Sneha,Joshi,user978@example.com,9876500978,,2017-07-26,Bangalore,50368
null_blank,Null values detected in column GENDER,GENDER,1981,Neha,Kumar,invalid@,9876500980,,2010-02-14,Hyderabad,70946
null_blank,Null values detected in column GENDER,GENDER,1983,Sameer,Mehta,user982@example.com,9876500982,,1983-04-10,Mumbai,17135
null_blank,Null values detected in column GENDER,GENDER,1985,Neha,Verma,user984@example.com,9876500984,,1982-09-24,Kolkata,73368
null_blank,Null values detected in column GENDER,GENDER,1986,Neha,Gupta,user985@example.com,9876500985,,2001-10-18,Mumbai,96796
null_blank,Null values detected in column GENDER,GENDER,1987,Anjali,Mehta,user986@example.com,9876500986,,1988-01-23,Delhi,49347
null_blank,Null values detected in column GENDER,GENDER,1988,Rakesh,Verma,user987@example.com,9876500987,,2008-02-29,Hyderabad,74491
null_blank,Null values detected in column GENDER,GENDER,1989,Neha,Singh,user988@example.com,9876500988,,1993-08-02,Hyderabad,59195
null_blank,Null values detected in column GENDER,GENDER,1990,Anjali,Kumar,user989@example.com,9876500989,,1997-09-02,Delhi,99547
null_blank,Null values detected in column GENDER,GENDER,1993,Priya,Kumar,user992@example.com,9876500992,,2005-12-16,Ahmedabad,68408
null_blank,Null values detected in column GENDER,GENDER,1994,Sneha,Verma,user993@example.com,9876500993,,2001-02-21,Delhi,68856
null_blank,Null values detected in column GENDER,GENDER,1995,Amit,Reddy,user994@example.com,9876500994,,1982-09-21,Mumbai,92927
null_blank,Null values detected in column GENDER,GENDER,1996,Anjali,Verma,user995@example.com,9876500995,,2007-07-14,Hyderabad,65101
null_blank,Null values detected in column GENDER,GENDER,1997,Anjali,Gupta,user996@example.com,9876500996,,invalid,Hyderabad,73606
null_blank,Null values detected in column GENDER,GENDER,2003,Neha,Verma,user1002@example.com,9876501002,,1988-11-01,Bangalore,70670
null_blank,Null values detected in column GENDER,GENDER,2005,Rakesh,Sharma,user1004@example.com,9876501004,,1990-05-14,Kolkata,98965
null_blank,Null values detected in column GENDER,GENDER,2010,Arjun,Verma,user1009@example.com,9876501009,,1993-04-17,Delhi,75927
null_blank,Null values detected in column GENDER,GENDER,2011,Anjali,Patel,user1010@example.com,9876501010,,2012-01-18,Mumbai,67759
null_blank,Null values detected in column GENDER,GENDER,2014,Sameer,Mehta,user1013@example.com,9876501013,,2007-11-14,Kolkata,61830
null_blank,Null values detected in column GENDER,GENDER,2015,Sneha,Kumar,user1014@example.com,9876501014,,1972-08-16,Ahmedabad,76652
null_blank,Null values detected in column GENDER,GENDER,2021,Rakesh,Joshi,invalid@,9876501020,,1992-12-19,Pune,754923
null_blank,Null values detected in column GENDER,GENDER,2022,Anjali,Rao,user1021@example.com,9876501021,,2015-07-28,Delhi,72546
null_blank,Null values detected in column GENDER,GENDER,2024,Priya,Reddy,user1023@example.com,9876501023,,1986-02-16,Chennai,23999
null_blank,Null values detected in column GENDER,GENDER,2027,Arjun,Kumar,user1026@example.com,9876501026,,2015-03-25,Delhi,68060
null_blank,Null values detected in column GENDER,GENDER,2031,Sneha,Sharma,user1030@example.com,9876501030,,2001-12-21,Mumbai,54347
null_blank,Null values detected in column GENDER,GENDER,2032,Rakesh,Sharma,user1031@example.com,9876501031,,1993-06-09,Delhi,55844
null_blank,Null values detected in column GENDER,GENDER,2036,Anjali,Gupta,user1035@example.com,9876501035,,1988-06-04,Pune,1000
null_blank,Null values detected in column GENDER,GENDER,2041,Vijay,Mehta,,9876501040,,1987-11-08,Bangalore,94644
null_blank,Null values detected in column GENDER,GENDER,2046,Priya,Singh,user1045@example.com,9876501045,,1989-06-29,Ahmedabad,75629
null_blank,Null values detected in column GENDER,GENDER,2051,Arjun,Kumar,user1050@example.com,,,2003-10-30,Kolkata,749730
null_blank,Null values detected in column GENDER,GENDER,2052,Sameer,Sharma,user1051@example.com,9876501051,,1974-09-16,Ahmedabad,71765
null_blank,Null values detected in column GENDER,GENDER,2060,Sneha,Mehta,user1059@example.com,9876501059,,1982-09-16,Kolkata,60532
null_blank,Null values detected in column GENDER,GENDER,2061,Arjun,Verma,invalid@,9876501060,,2009-05-10,Ahmedabad,58920
null_blank,Null values detected in column GENDER,GENDER,2065,Kavya,Rao,user1064@example.com,9876501064,,1971-08-15,Kolkata,70852
null_blank,Null values detected in column GENDER,GENDER,2066,Rakesh,Singh,user1065@example.com,9876501065,,1972-01-20,Chennai,1000
null_blank,Null values detected in column GENDER,GENDER,2067,Arjun,Singh,user1066@example.com,9876501066,,1976-01-29,Chennai,25260
null_blank,Null values detected in column GENDER,GENDER,2068,Amit,Verma,user1067@example.com,9876501067,,1994-09-21,Pune,115096
null_blank,Null values detected in column GENDER,GENDER,2069,Arjun,Sharma,user1068@example.com,9876501068,,2010-06-17,Ahmedabad,69188
null_blank,Null values detected in column GENDER,GENDER,2072,Arjun,Gupta,user1071@example.com,9876501071,,1993-11-21,Pune,103543
null_blank,Null values detected in column GENDER,GENDER,2074,Priya,Rao,user1073@example.com,9876501073,,1997-04-14,Mumbai,18933
null_blank,Null values detected in column GENDER,GENDER,2082,Sneha,Reddy,user1081@example.com,9876501081,,2001-06-15,Mumbai,73600
null_blank,Null values detected in column GENDER,GENDER,2083,Sameer,Rao,user1082@example.com,9876501082,,1995-08-16,Chennai,60098
null_blank,Null values detected in column GENDER,GENDER,2084,Arjun,Gupta,user1083@example.com,9876501083,,1999-03-20,Ahmedabad,33811
null_blank,Null values detected in column GENDER,GENDER,2086,Sameer,Reddy,user1085@example.com,9876501085,,1975-09-03,Delhi,35623
null_blank,Null values detected in column GENDER,GENDER,2087,Kavya,Verma,user1086@example.com,9876501086,,2010-12-25,Mumbai,43160
null_blank,Null values detected in column GENDER,GENDER,2088,Arjun,Mehta,user1087@example.com,9876501087,,2009-07-29,Delhi,98868
null_blank,Null values detected in column GENDER,GENDER,2094,Kavya,Sharma,user1093@example.com,9876501093,,2005-08-13,Ahmedabad,90344
null_blank,Null values detected in column GENDER,GENDER,2095,Priya,Singh,user1094@example.com,9876501094,,2010-04-20,Bangalore,32514
null_blank,Null values detected in column GENDER,GENDER,2097,Neha,Patel,user1096@example.com,9876501096,,1976-07-21,Delhi,88742
null_blank,Null values detected in column GENDER,GENDER,2098,Arjun,Gupta,user1097@example.com,9876501097,,2008-07-31,Kolkata,83217
null_blank,Null values detected in column GENDER,GENDER,2099,Sneha,Singh,user1098@example.com,9876501098,,1975-08-13,Pune,34101
null_blank,Null values detected in column GENDER,GENDER,2105,Sameer,Sharma,user1104@example.com,9876501104,,1982-04-02,Mumbai,45899
null_blank,Null values detected in column GENDER,GENDER,2108,Amit,Rao,user1107@example.com,9876501107,,2003-12-26,Chennai,85619
null_blank,Null values detected in column GENDER,GENDER,2109,Amit,Patel,user1108@example.com,9876501108,,2013-02-15,Ahmedabad,98445
null_blank,Null values detected in column GENDER,GENDER,2110,Kavya,Rao,user1109@example.com,9876501109,,1985-02-12,Bangalore,93421
null_blank,Null values detected in column GENDER,GENDER,2112,Sneha,Singh,user1111@example.com,9876501111,,1985-01-03,Hyderabad,89482
null_blank,Null values detected in column GENDER,GENDER,2113,Arjun,Reddy,user1112@example.com,9876501112,,1987-01-01,Delhi,64310
null_blank,Null values detected in column GENDER,GENDER,2114,Vijay,Reddy,user1113@example.com,9876501113,,1993-08-11,Bangalore,79549
null_blank,Null values detected in column GENDER,GENDER,2116,Sameer,Reddy,user1115@example.com,9876501115,,2005-12-26,Bangalore,46700
null_blank,Null values detected in column GENDER,GENDER,2117,Sneha,Gupta,user1116@example.com,9876501116,,1998-01-19,Kolkata,59305
null_blank,Null values detected in column GENDER,GENDER,2119,Sneha,Mehta,user1118@example.com,9876501118,,1990-08-30,Bangalore,70802
null_blank,Null values detected in column GENDER,GENDER,2121,Vijay,Sharma,,9876501120,,1971-06-29,Pune,44245
null_blank,Null values detected in column GENDER,GENDER,2125,Arjun,Joshi,user1124@example.com,9876501124,,1979-06-14,Kolkata,47507
null_blank,Null values detected in column GENDER,GENDER,2126,Sneha,Sharma,user1125@example.com,123,,1993-11-25,Chennai,1000
null_blank,Null values detected in column GENDER,GENDER,2127,Kavya,Joshi,user1126@example.com,9876501126,,1973-12-07,Chennai,65492
null_blank,Null values detected in column GENDER,GENDER,2132,Neha,Gupta,user1131@example.com,9876501131,,2005-11-26,Mumbai,57518
null_blank,Null values detected in column GENDER,GENDER,2133,Rakesh,Gupta,user1132@example.com,9876501132,,2012-11-19,Mumbai,64287
null_blank,Null values detected in column GENDER,GENDER,2134,Priya,Sharma,user1133@example.com,9876501133,,1982-01-29,Mumbai,59561
null_blank,Null values detected in column GENDER,GENDER,2136,Amit,Singh,user1135@example.com,9876501135,,1991-10-19,Bangalore,41698
null_blank,Null values detected in column GENDER,GENDER,2137,Kavya,Verma,user1136@example.com,9876501136,,2016-10-28,Mumbai,118746
null_blank,Null values detected in column GENDER,GENDER,2155,Amit,Reddy,user1154@example.com,9876501154,,1973-06-05,Chennai,53542
null_blank,Null values detected in column GENDER,GENDER,2162,Kavya,Verma,user1161@example.com,9876501161,,1973-02-21,Delhi,102155
null_blank,Null values detected in column GENDER,GENDER,2164,Sameer,Gupta,user1163@example.com,9876501163,,1971-09-13,Hyderabad,76780
null_blank,Null values detected in column GENDER,GENDER,2169,Arjun,Kumar,user1168@example.com,9876501168,,1990-04-24,Mumbai,54279
null_blank,Null values detected in column GENDER,GENDER,2170,Anjali,Gupta,user1169@example.com,9876501169,,2018-06-28,Ahmedabad,64002
null_blank,Null values detected in column GENDER,GENDER,2174,Kavya,Rao,user1173@example.com,9876501173,,2018-02-04,Ahmedabad,64055
null_blank,Null values detected in column GENDER,GENDER,2176,Arjun,Kumar,user1175@example.com,123,,1972-03-05,Kolkata,71476
null_blank,Null values detected in column GENDER,GENDER,2177,Vijay,Rao,user1176@example.com,9876501176,,1996-11-16,Kolkata,74689
null_blank,Null values detected in column GENDER,GENDER,2181,Amit,Sharma,invalid@,9876501180,,2007-02-04,Mumbai,59869
null_blank,Null values detected in column GENDER,GENDER,2182,Vijay,Sharma,user1181@example.com,9876501181,,2012-10-25,Bangalore,34341
null_blank,Null values detected in column GENDER,GENDER,2186,Anjali,Gupta,user1185@example.com,9876501185,,2006-07-24,Pune,1000
null_blank,Null values detected in column GENDER,GENDER,2188,Kavya,Kumar,user1187@example.com,9876501187,,2007-09-15,Chennai,97649
null_blank,Null values detected in column GENDER,GENDER,2189,Amit,Singh,user1188@example.com,9876501188,,1971-05-06,Ahmedabad,48302
null_blank,Null values detected in column GENDER,GENDER,2192,Kavya,Patel,user1191@example.com,9876501191,,2018-02-19,Ahmedabad,83469
null_blank,Null values detected in column GENDER,GENDER,2193,Rakesh,Kumar,user1192@example.com,9876501192,,2001-11-09,Mumbai,57957
null_blank,Null values detected in column GENDER,GENDER,2197,Priya,Mehta,user1196@example.com,9876501196,,2004-02-19,Hyderabad,98069
null_blank,Null values detected in column GENDER,GENDER,2198,Kavya,Singh,user1197@example.com,9876501197,,1978-09-27,Hyderabad,64216
null_blank,Null values detected in column GENDER,GENDER,2199,Arjun,Sharma,user1198@example.com,9876501198,,1970-01-28,Bangalore,54998
null_blank,Null values detected in column GENDER,GENDER,2200,Rakesh,Rao,user1199@example.com,9876501199,,2008-09-10,Hyderabad,41823
null_blank,Null values detected in column GENDER,GENDER,2201,Vijay,Singh,,,,1977-07-13,Ahmedabad,762470
null_blank,Null values detected in column GENDER,GENDER,2203,Anjali,Verma,user1202@example.com,9876501202,,1981-12-06,Chennai,45487
null_blank,Null values detected in column GENDER,GENDER,2208,Rakesh,Verma,user1207@example.com,9876501207,,1996-06-05,Delhi,65094
null_blank,Null values detected in column GENDER,GENDER,2209,Vijay,Rao,user1208@example.com,9876501208,,1985-10-07,Hyderabad,60607
null_blank,Null values detected in column GENDER,GENDER,2211,Sneha,Singh,user1210@example.com,9876501210,,1973-12-04,Hyderabad,68981
null_blank,Null values detected in column GENDER,GENDER,2212,Kavya,Kumar,user1211@example.com,9876501211,,1982-02-15,Kolkata,23519
null_blank,Null values detected in column GENDER,GENDER,2213,Vijay,Gupta,user1212@example.com,9876501212,,1991-01-29,Chennai,93762
null_blank,Null values detected in column GENDER,GENDER,2214,Rakesh,Reddy,user1213@example.com,9876501213,,1992-03-17,Bangalore,88745
null_blank,Null values detected in column GENDER,GENDER,2215,Amit,Verma,user1214@example.com,9876501214,,2018-02-03,Pune,44509
null_blank,Null values detected in column GENDER,GENDER,2221,Kavya,Singh,invalid@,9876501220,,1997-04-24,Ahmedabad,38719
null_blank,Null values detected in column GENDER,GENDER,2230,Sneha,Mehta,user1229@example.com,9876501229,,1995-10-16,Kolkata,87579
null_blank,Null values detected in column GENDER,GENDER,2235,Sameer,Sharma,user1234@example.com,9876501234,,2001-05-23,Pune,60028
null_blank,Null values detected in column GENDER,GENDER,2241,Priya,Rao,,9876501240,,2006-06-05,Pune,77538
null_blank,Null values detected in column GENDER,GENDER,2243,Sneha,Mehta,user1242@example.com,9876501242,,2011-03-24,Delhi,75464
null_blank,Null values detected in column GENDER,GENDER,2248,Sameer,Singh,user1247@example.com,9876501247,,1992-04-16,Mumbai,80632
null_blank,Null values detected in column GENDER,GENDER,2251,Arjun,Mehta,user1250@example.com,,,2017-02-20,Delhi,66244
null_blank,Null values detected in column GENDER,GENDER,2252,Kavya,Sharma,user1251@example.com,9876501251,,2009-03-13,Delhi,86867
null_blank,Null values detected in column GENDER,GENDER,2254,Anjali,Reddy,user1253@example.com,9876501253,,1981-03-30,Pune,99815
null_blank,Null values detected in column GENDER,GENDER,2260,Arjun,Kumar,user1259@example.com,9876501259,,1994-01-30,Kolkata,65830
null_blank,Null values detected in column GENDER,GENDER,2261,Arjun,Mehta,invalid@,9876501260,,2013-05-18,Pune,782712
null_blank,Null values detected in column GENDER,GENDER,2263,Sneha,Gupta,user1262@example.com,9876501262,,2012-01-02,Bangalore,70384
null_blank,Null values detected in column GENDER,GENDER,2264,Anjali,Joshi,user1263@example.com,9876501263,,1983-02-23,Ahmedabad,87711
null_blank,Null values detected in column GENDER,GENDER,2266,Amit,Verma,user1265@example.com,9876501265,,1974-10-25,Pune,81772
null_blank,Null values detected in column GENDER,GENDER,2269,Kavya,Kumar,user1268@example.com,9876501268,,1994-07-27,Ahmedabad,56837
null_blank,Null values detected in column GENDER,GENDER,2272,Priya,Gupta,user1271@example.com,9876501271,,2050-01-01,Bangalore,101876
null_blank,Null values detected in column GENDER,GENDER,2273,Kavya,Patel,user1272@example.com,9876501272,,2018-07-13,Bangalore,128701
null_blank,Null values detected in column GENDER,GENDER,2275,Rakesh,Mehta,user1274@example.com,9876501274,,2018-12-19,Hyderabad,58387
null_blank,Null values detected in column GENDER,GENDER,2278,Anjali,Mehta,user1277@example.com,9876501277,,1993-11-03,Chennai,49916
null_blank,Null values detected in column GENDER,GENDER,2279,Vijay,Patel,user1278@example.com,9876501278,,2014-04-15,Mumbai,47435
null_blank,Null values detected in column GENDER,GENDER,2280,Amit,Singh,user1279@example.com,9876501279,,2001-11-28,Bangalore,81377
null_blank,Null values detected in column GENDER,GENDER,2281,Arjun,Reddy,,9876501280,,2008-04-22,Pune,72662
null_blank,Null values detected in column GENDER,GENDER,2284,Sneha,Patel,user1283@example.com,9876501283,,1995-07-28,Bangalore,40587
null_blank,Null values detected in column GENDER,GENDER,2287,Amit,Joshi,user1286@example.com,9876501286,,1996-09-01,Hyderabad,69340
null_blank,Null values detected in column GENDER,GENDER,2289,Priya,Reddy,user1288@example.com,9876501288,,1972-09-05,Chennai,55886
null_blank,Null values detected in column GENDER,GENDER,2292,Vijay,Joshi,user1291@example.com,9876501291,,1977-02-02,Ahmedabad,61381
null_blank,Null values detected in column GENDER,GENDER,2296,Vijay,Singh,user1295@example.com,9876501295,,2018-02-15,Ahmedabad,86363
null_blank,Null values detected in column GENDER,GENDER,2297,Anjali,Rao,user1296@example.com,9876501296,,1986-03-13,Hyderabad,51636
null_blank,Null values detected in column GENDER,GENDER,2301,Amit,Kumar,invalid@,,,1996-03-09,Pune,52747
null_blank,Null values detected in column GENDER,GENDER,2302,Anjali,Patel,user1301@example.com,9876501301,,2000-05-28,Delhi,22824
null_blank,Null values detected in column GENDER,GENDER,2305,Anjali,Reddy,user1304@example.com,9876501304,,2010-11-08,Kolkata,97664
null_blank,Null values detected in column GENDER,GENDER,2308,Amit,Mehta,user1307@example.com,9876501307,,1982-05-09,Kolkata,61441
null_blank,Null values detected in column GENDER,GENDER,2311,Sneha,Mehta,user1310@example.com,9876501310,,1999-04-26,Kolkata,64674
null_blank,Null values detected in column GENDER,GENDER,2313,Amit,Verma,user1312@example.com,9876501312,,1991-10-06,Pune,63560
null_blank,Null values detected in column GENDER,GENDER,2315,Neha,Rao,user1314@example.com,9876501314,,1992-06-30,Mumbai,76894
null_blank,Null values detected in column GENDER,GENDER,2316,Amit,Rao,user1315@example.com,9876501315,,1997-05-25,Delhi,46822
null_blank,Null values detected in column GENDER,GENDER,2318,Kavya,Patel,user1317@example.com,9876501317,,1973-06-02,Delhi,43396
null_blank,Null values detected in column GENDER,GENDER,2323,Sameer,Reddy,user1322@example.com,9876501322,,1997-02-13,Hyderabad,73953
null_blank,Null values detected in column GENDER,GENDER,2324,Kavya,Rao,user1323@example.com,9876501323,,2002-04-06,Delhi,56564
null_blank,Null values detected in column GENDER,GENDER,2325,Sameer,Sharma,user1324@example.com,9876501324,,2006-08-28,Ahmedabad,53200
null_blank,Null values detected in column GENDER,GENDER,2327,Sneha,Singh,user1326@example.com,9876501326,,2019-01-05,Kolkata,48902
null_blank,Null values detected in column GENDER,GENDER,2331,Amit,Singh,user1330@example.com,9876501330,,2000-07-17,Bangalore,68274
null_blank,Null values detected in column GENDER,GENDER,2337,Kavya,Singh,user1336@example.com,9876501336,,2002-08-20,Chennai,65127
null_blank,Null values detected in column GENDER,GENDER,2339,Anjali,Singh,user1338@example.com,9876501338,,2008-06-29,Delhi,22542
null_blank,Null values detected in column GENDER,GENDER,2340,Kavya,Verma,user1339@example.com,9876501339,,2010-02-09,Mumbai,58358
null_blank,Null values detected in column GENDER,GENDER,2341,Amit,Sharma,invalid@,9876501340,,2018-07-15,Bangalore,97270
null_blank,Null values detected in column GENDER,GENDER,2344,Kavya,Kumar,user1343@example.com,9876501343,,1986-03-14,Bangalore,82863
null_blank,Null values detected in column GENDER,GENDER,2346,Kavya,Kumar,user1345@example.com,9876501345,,1974-10-13,Mumbai,70377
null_blank,Null values detected in column GENDER,GENDER,2349,Neha,Mehta,user1348@example.com,9876501348,,2005-04-16,Chennai,85844
null_blank,Null values detected in column GENDER,GENDER,2350,Arjun,Verma,user1349@example.com,9876501349,,2015-05-04,Kolkata,80073
null_blank,Null values detected in column GENDER,GENDER,2351,Rakesh,Kumar,user1350@example.com,,,2011-06-15,Kolkata,494935
null_blank,Null values detected in column GENDER,GENDER,2352,Vijay,Patel,user1351@example.com,9876501351,,1992-04-27,Hyderabad,59198
null_blank,Null values detected in column GENDER,GENDER,2353,Sneha,Sharma,user1352@example.com,9876501352,,2013-01-13,Mumbai,47865
null_blank,Null values detected in column GENDER,GENDER,2356,Vijay,Singh,user1355@example.com,9876501355,,1993-09-23,Pune,64730
null_blank,Null values detected in column GENDER,GENDER,2358,Neha,Gupta,user1357@example.com,9876501357,,1975-05-13,Chennai,33386
null_blank,Null values detected in column GENDER,GENDER,2360,Arjun,Kumar,user1359@example.com,9876501359,,2013-08-04,Delhi,81623
null_blank,Null values detected in column GENDER,GENDER,2365,Neha,Verma,user1364@example.com,9876501364,,1994-03-04,Chennai,54340
null_blank,Null values detected in column GENDER,GENDER,2369,Arjun,Patel,user1368@example.com,9876501368,,2003-09-30,Ahmedabad,88724
null_blank,Null values detected in column GENDER,GENDER,2371,Vijay,Sharma,user1370@example.com,9876501370,,2018-02-26,Kolkata,76516
null_blank,Null values detected in column GENDER,GENDER,2372,Arjun,Rao,user1371@example.com,9876501371,,1987-08-29,Chennai,94214
null_blank,Null values detected in column GENDER,GENDER,2374,Sneha,Kumar,user1373@example.com,9876501373,,1972-09-09,Delhi,111475
null_blank,Null values detected in column GENDER,GENDER,2378,Rakesh,Verma,user1377@example.com,9876501377,,2009-06-01,Pune,54622
null_blank,Null values detected in column GENDER,GENDER,2381,Sneha,Gupta,invalid@,9876501380,,1981-02-25,Chennai,863017
null_blank,Null values detected in column GENDER,GENDER,2383,Kavya,Kumar,user1382@example.com,9876501382,,2011-10-26,Chennai,106952
null_blank,Null values detected in column GENDER,GENDER,2386,Neha,Sharma,user1385@example.com,9876501385,,2003-01-09,Chennai,69572
null_blank,Null values detected in column GENDER,GENDER,2388,Sneha,Patel,user1387@example.com,9876501387,,2002-07-31,Pune,55222
null_blank,Null values detected in column GENDER,GENDER,2391,Rakesh,Singh,user1390@example.com,9876501390,,2016-04-28,Bangalore,58202
null_blank,Null values detected in column GENDER,GENDER,2392,Sameer,Kumar,user1391@example.com,9876501391,,1989-04-10,Bangalore,62127
null_blank,Null values detected in column GENDER,GENDER,2395,Vijay,Mehta,user1394@example.com,9876501394,,1990-06-14,Pune,80290
null_blank,Null values detected in column GENDER,GENDER,2399,Anjali,Gupta,user1398@example.com,9876501398,,1975-05-26,Chennai,45380
null_blank,Null values detected in column GENDER,GENDER,2402,Priya,Singh,user1401@example.com,9876501401,,2016-10-22,Pune,72951
null_blank,Null values detected in column GENDER,GENDER,2403,Rakesh,Patel,user1402@example.com,9876501402,,1980-01-04,Delhi,89700
null_blank,Null values detected in column GENDER,GENDER,2404,Rakesh,Mehta,user1403@example.com,9876501403,,2012-01-03,Delhi,25130
null_blank,Null values detected in column GENDER,GENDER,2407,Arjun,Sharma,user1406@example.com,9876501406,,1987-09-21,Kolkata,59133
null_blank,Null values detected in column GENDER,GENDER,2411,Anjali,Singh,user1410@example.com,9876501410,,1977-10-14,Kolkata,829763
null_blank,Null values detected in column GENDER,GENDER,2412,Arjun,Mehta,user1411@example.com,9876501411,,2016-06-24,Ahmedabad,35805
null_blank,Null values detected in column GENDER,GENDER,2413,Anjali,Kumar,user1412@example.com,9876501412,,1971-05-13,Delhi,81712
null_blank,Null values detected in column GENDER,GENDER,2414,Sameer,Reddy,user1413@example.com,9876501413,,1975-11-05,Pune,50064
null_blank,Null values detected in column GENDER,GENDER,2415,Kavya,Reddy,user1414@example.com,9876501414,,1984-10-26,Mumbai,47593
null_blank,Null values detected in column GENDER,GENDER,2416,Kavya,Sharma,user1415@example.com,9876501415,,1981-10-02,Bangalore,65216
null_blank,Null values detected in column GENDER,GENDER,2417,Arjun,Singh,user1416@example.com,9876501416,,1970-01-27,Hyderabad,86324
null_blank,Null values detected in column GENDER,GENDER,2419,Sameer,Mehta,user1418@example.com,9876501418,,2009-08-14,Hyderabad,56796
null_blank,Null values detected in column GENDER,GENDER,2420,Sameer,Mehta,user1419@example.com,9876501419,,1976-03-03,Kolkata,38960
null_blank,Null values detected in column GENDER,GENDER,2421,Priya,Joshi,invalid@,9876501420,,invalid,Kolkata,71916
null_blank,Null values detected in column GENDER,GENDER,2425,Neha,Reddy,user1424@example.com,9876501424,,2011-01-19,Chennai,92095
null_blank,Null values detected in column GENDER,GENDER,2427,Kavya,Reddy,user1426@example.com,9876501426,,1975-07-09,Ahmedabad,67791
null_blank,Null values detected in column GENDER,GENDER,2428,Vijay,Singh,user1427@example.com,9876501427,,1997-02-15,Pune,65623
null_blank,Null values detected in column GENDER,GENDER,2429,Sneha,Rao,user1428@example.com,9876501428,,1989-07-03,Pune,47254
null_blank,Null values detected in column GENDER,GENDER,2431,Vijay,Sharma,user1430@example.com,9876501430,,1989-05-25,Mumbai,64174
null_blank,Null values detected in column GENDER,GENDER,2433,Vijay,Reddy,user1432@example.com,9876501432,,1982-03-26,Mumbai,59643
null_blank,Null values detected in column GENDER,GENDER,2434,Kavya,Reddy,user1433@example.com,9876501433,,1977-12-06,Kolkata,55589
null_blank,Null values detected in column GENDER,GENDER,2435,Anjali,Verma,user1434@example.com,9876501434,,1998-05-16,Kolkata,76851
null_blank,Null values detected in column GENDER,GENDER,2438,Vijay,Verma,user1437@example.com,9876501437,,2018-05-21,Pune,58964
null_blank,Null values detected in column GENDER,GENDER,2440,Kavya,Kumar,user1439@example.com,9876501439,,2010-01-14,Ahmedabad,75981
null_blank,Null values detected in column GENDER,GENDER,2448,Rakesh,Mehta,user1447@example.com,9876501447,,1987-11-20,Chennai,57591
null_blank,Null values detected in column GENDER,GENDER,2451,Kavya,Reddy,user1450@example.com,,,1984-09-28,Pune,65360
null_blank,Null values detected in column GENDER,GENDER,2453,Sameer,Mehta,user1452@example.com,9876501452,,2017-10-06,Ahmedabad,62910
null_blank,Null values detected in column GENDER,GENDER,2456,Sneha,Verma,user1455@example.com,9876501455,,1995-02-27,Delhi,1000
null_blank,Null values detected in column GENDER,GENDER,2457,Sneha,Gupta,user1456@example.com,9876501456,,1995-07-10,Hyderabad,98588
null_blank,Null values detected in column GENDER,GENDER,2459,Sneha,Verma,user1458@example.com,9876501458,,1987-10-05,Mumbai,62945
null_blank,Null values detected in column GENDER,GENDER,2460,Arjun,Rao,user1459@example.com,9876501459,,1985-03-29,Ahmedabad,68935
null_blank,Null values detected in column GENDER,GENDER,2463,Sameer,Rao,user1462@example.com,9876501462,,1985-09-03,Pune,80697
null_blank,Null values detected in column GENDER,GENDER,2466,Vijay,Mehta,user1465@example.com,9876501465,,1994-09-01,Kolkata,62322
null_blank,Null values detected in column GENDER,GENDER,2474,Anjali,Singh,user1473@example.com,9876501473,,1993-06-10,Pune,105595
null_blank,Null values detected in column GENDER,GENDER,2475,Vijay,Verma,user1474@example.com,9876501474,,2003-12-03,Hyderabad,81380
null_blank,Null values detected in column GENDER,GENDER,2480,Rakesh,Patel,user1479@example.com,9876501479,,1988-06-18,Kolkata,58799
null_blank,Null values detected in column GENDER,GENDER,2481,Amit,Verma,,9876501480,,1977-02-01,Pune,37586
null_blank,Null values detected in column GENDER,GENDER,2482,Kavya,Reddy,user1481@example.com,9876501481,,1974-03-16,Chennai,55389
null_blank,Null values detected in column GENDER,GENDER,2484,Kavya,Sharma,user1483@example.com,9876501483,,1975-07-22,Chennai,54205
null_blank,Null values detected in column GENDER,GENDER,2487,Arjun,Gupta,user1486@example.com,9876501486,,1987-10-05,Hyderabad,52215
null_blank,Null values detected in column GENDER,GENDER,2490,Sneha,Reddy,user1489@example.com,9876501489,,2008-10-21,Mumbai,48401
null_blank,Null values detected in column GENDER,GENDER,2491,Kavya,Mehta,user1490@example.com,9876501490,,2004-09-06,Kolkata,38718
null_blank,Null values detected in column GENDER,GENDER,2492,Sneha,Sharma,user1491@example.com,9876501491,,2007-10-15,Ahmedabad,43309
null_blank,Null values detected in column GENDER,GENDER,2494,Priya,Gupta,user1493@example.com,9876501493,,2009-05-09,Bangalore,94796
null_blank,Null values detected in column GENDER,GENDER,2496,Amit,Patel,user1495@example.com,9876501495,,1982-01-23,Ahmedabad,90698
null_blank,Null values detected in column GENDER,GENDER,2499,Kavya,Mehta,user1498@example.com,9876501498,,1977-01-27,Bangalore,42643
null_blank,Null values detected in column GENDER,GENDER,2500,Rakesh,Gupta,user1499@example.com,9876501499,,1978-05-02,Pune,76172
null_blank,Null values detected in column GENDER,GENDER,2501,Priya,Joshi,invalid@,,,2002-12-15,Delhi,610131
null_blank,Null values detected in column GENDER,GENDER,2504,Neha,Reddy,user1503@example.com,9876501503,,2013-11-27,Kolkata,88361
null_blank,Null values detected in column GENDER,GENDER,2505,Kavya,Gupta,user1504@example.com,9876501504,,1988-06-01,Mumbai,105188
null_blank,Null values detected in column GENDER,GENDER,2507,Arjun,Sharma,user1506@example.com,9876501506,,1992-12-23,Bangalore,77380
null_blank,Null values detected in column GENDER,GENDER,2510,Anjali,Mehta,user1509@example.com,9876501509,,2003-07-29,Pune,89870
null_blank,Null values detected in column GENDER,GENDER,2512,Arjun,Singh,user1511@example.com,9876501511,,1988-03-31,Chennai,89973
null_blank,Null values detected in column GENDER,GENDER,2516,Kavya,Mehta,user1515@example.com,9876501515,,2013-07-07,Pune,1000
null_blank,Null values detected in column GENDER,GENDER,2518,Neha,Rao,user1517@example.com,9876501517,,1971-10-19,Pune,32922
null_blank,Null values detected in column GENDER,GENDER,2521,Amit,Patel,,9876501520,,2012-04-17,Kolkata,95995
null_blank,Null values detected in column GENDER,GENDER,2522,Arjun,Patel,user1521@example.com,9876501521,,2016-05-07,Delhi,63683
null_blank,Null values detected in column GENDER,GENDER,2531,Arjun,Sharma,user1530@example.com,9876501530,,2005-09-10,Bangalore,485938
null_blank,Null values detected in column GENDER,GENDER,2536,Neha,Kumar,user1535@example.com,9876501535,,1971-01-14,Mumbai,70896
null_blank,Null values detected in column GENDER,GENDER,2537,Kavya,Reddy,user1536@example.com,9876501536,,1989-06-19,Kolkata,61055
null_blank,Null values detected in column GENDER,GENDER,2541,Arjun,Sharma,invalid@,9876501540,,2016-09-01,Ahmedabad,41688
null_blank,Null values detected in column GENDER,GENDER,2548,Vijay,Reddy,user1547@example.com,9876501547,,1977-08-03,Delhi,53769
null_blank,Null values detected in column GENDER,GENDER,2549,Rakesh,Patel,user1548@example.com,9876501548,,1981-06-01,Ahmedabad,86098
null_blank,Null values detected in column GENDER,GENDER,2557,Vijay,Kumar,user1556@example.com,9876501556,,2007-06-18,Delhi,66594
null_blank,Null values detected in column GENDER,GENDER,2560,Sneha,Rao,user1559@example.com,9876501559,,2003-04-22,Hyderabad,51308
null_blank,Null values detected in column GENDER,GENDER,2561,Vijay,Kumar,,9876501560,,1990-11-10,Pune,674719
null_blank,Null values detected in column GENDER,GENDER,2563,Rakesh,Kumar,user1562@example.com,9876501562,,2011-07-08,Delhi,102109
null_blank,Null values detected in column GENDER,GENDER,2565,Kavya,Rao,user1564@example.com,9876501564,,1992-11-28,Ahmedabad,80749
null_blank,Null values detected in column GENDER,GENDER,2570,Sneha,Singh,user1569@example.com,9876501569,,1992-01-22,Pune,32007
null_blank,Null values detected in column GENDER,GENDER,2571,Anjali,Patel,user1570@example.com,9876501570,,invalid,Kolkata,26939
null_blank,Null values detected in column GENDER,GENDER,2574,Vijay,Kumar,user1573@example.com,9876501573,,1984-09-09,Chennai,54117
null_blank,Null values detected in column GENDER,GENDER,2575,Amit,Patel,user1574@example.com,9876501574,,2004-04-13,Ahmedabad,48906
null_blank,Null values detected in column GENDER,GENDER,2576,Arjun,Gupta,user1575@example.com,123,,1999-11-11,Hyderabad,1000
null_blank,Null values detected in column GENDER,GENDER,2579,Vijay,Joshi,user1578@example.com,9876501578,,1997-05-20,Chennai,76765
null_blank,Null values detected in column GENDER,GENDER,2580,Priya,Singh,user1579@example.com,9876501579,,2000-02-11,Mumbai,59479
null_blank,Null values detected in column GENDER,GENDER,2582,Priya,Reddy,user1581@example.com,9876501581,,2002-09-21,Mumbai,70326
null_blank,Null values detected in column GENDER,GENDER,2585,Rakesh,Patel,user1584@example.com,9876501584,,1983-06-10,Hyderabad,42151
null_blank,Null values detected in column GENDER,GENDER,2587,Sneha,Verma,user1586@example.com,9876501586,,1975-05-14,Kolkata,30742
null_blank,Null values detected in column GENDER,GENDER,2592,Kavya,Verma,user1591@example.com,9876501591,,2002-08-23,Delhi,21980
null_blank,Null values detected in column GENDER,GENDER,2595,Vijay,Verma,user1594@example.com,9876501594,,2001-08-29,Chennai,89396
null_blank,Null values detected in column GENDER,GENDER,2596,Arjun,Sharma,user1595@example.com,9876501595,,2011-03-07,Ahmedabad,59467
null_blank,Null values detected in column GENDER,GENDER,2597,Priya,Gupta,user1596@example.com,9876501596,,1985-05-28,Pune,63926
null_blank,Null values detected in column GENDER,GENDER,2600,Priya,Sharma,user1599@example.com,9876501599,,1988-11-06,Bangalore,2681
null_blank,Null values detected in column GENDER,GENDER,2605,Vijay,Kumar,user1604@example.com,9876501604,,2014-12-28,Ahmedabad,84161
null_blank,Null values detected in column GENDER,GENDER,2607,Priya,Gupta,user1606@example.com,9876501606,,2011-02-10,Delhi,63128
null_blank,Null values detected in column GENDER,GENDER,2613,Arjun,Reddy,user1612@example.com,9876501612,,2014-07-16,Pune,43814
null_blank,Null values detected in column GENDER,GENDER,2614,Kavya,Joshi,user1613@example.com,9876501613,,1993-05-04,Hyderabad,42428
null_blank,Null values detected in column GENDER,GENDER,2620,Anjali,Gupta,user1619@example.com,9876501619,,2018-11-11,Ahmedabad,28126
null_blank,Null values detected in column GENDER,GENDER,2626,Anjali,Mehta,user1625@example.com,123,,2015-03-02,Chennai,69111
null_blank,Null values detected in column GENDER,GENDER,2627,Anjali,Joshi,user1626@example.com,9876501626,,1976-03-13,Ahmedabad,93181
null_blank,Null values detected in column GENDER,GENDER,2634,Sameer,Rao,user1633@example.com,9876501633,,1993-01-21,Hyderabad,55046
null_blank,Null values detected in column GENDER,GENDER,2641,Kavya,Mehta,,9876501640,,1995-06-15,Pune,115350
null_blank,Null values detected in column GENDER,GENDER,2642,Sneha,Gupta,user1641@example.com,9876501641,,2017-09-16,Pune,58775
null_blank,Null values detected in column GENDER,GENDER,2643,Sneha,Reddy,user1642@example.com,9876501642,,1971-12-09,Pune,81972
null_blank,Null values detected in column GENDER,GENDER,2647,Neha,Sharma,user1646@example.com,9876501646,,2000-09-13,Ahmedabad,29543
null_blank,Null values detected in column GENDER,GENDER,2650,Anjali,Joshi,user1649@example.com,9876501649,,1996-09-16,Mumbai,60419
null_blank,Null values detected in column GENDER,GENDER,2653,Sameer,Rao,user1652@example.com,9876501652,,1970-12-24,Ahmedabad,59919
null_blank,Null values detected in column GENDER,GENDER,2658,Amit,Mehta,user1657@example.com,9876501657,,1982-08-08,Chennai,49141
null_blank,Null values detected in column GENDER,GENDER,2659,Vijay,Kumar,user1658@example.com,9876501658,,2008-03-31,Chennai,66955
null_blank,Null values detected in column GENDER,GENDER,2665,Sneha,Mehta,user1664@example.com,9876501664,,2016-07-16,Delhi,60977
null_blank,Null values detected in column GENDER,GENDER,2666,Amit,Gupta,user1665@example.com,9876501665,,2014-06-29,Chennai,1000
null_blank,Null values detected in column GENDER,GENDER,2667,Rakesh,Verma,user1666@example.com,9876501666,,2015-07-17,Hyderabad,72742
null_blank,Null values detected in column GENDER,GENDER,2669,Sameer,Verma,user1668@example.com,9876501668,,1988-02-16,Bangalore,85954
null_blank,Null values detected in column GENDER,GENDER,2676,Sneha,Gupta,user1675@example.com,123,,2015-01-22,Delhi,57628
null_blank,Null values detected in column GENDER,GENDER,2677,Vijay,Sharma,user1676@example.com,9876501676,,2050-01-01,Pune,33099
null_blank,Null values detected in column GENDER,GENDER,2678,Sameer,Patel,user1677@example.com,9876501677,,1984-01-29,Bangalore,47512
null_blank,Null values detected in column GENDER,GENDER,2679,Anjali,Reddy,user1678@example.com,9876501678,,1975-10-28,Kolkata,7061
null_blank,Null values detected in column GENDER,GENDER,2680,Sameer,Joshi,user1679@example.com,9876501679,,1987-09-19,Bangalore,73876
null_blank,Null values detected in column GENDER,GENDER,2683,Arjun,Verma,user1682@example.com,9876501682,,2005-05-05,Mumbai,80071
null_blank,Null values detected in column GENDER,GENDER,2686,Rakesh,Reddy,user1685@example.com,9876501685,,2018-05-31,Chennai,49245
null_blank,Null values detected in column GENDER,GENDER,2688,Sneha,Singh,user1687@example.com,9876501687,,1999-09-11,Chennai,61973
null_blank,Null values detected in column GENDER,GENDER,2690,Rakesh,Reddy,user1689@example.com,9876501689,,2008-07-23,Ahmedabad,70828
null_blank,Null values detected in column GENDER,GENDER,2691,Neha,Verma,user1690@example.com,9876501690,,2012-06-28,Kolkata,33270
null_blank,Null values detected in column GENDER,GENDER,2693,Sneha,Gupta,user1692@example.com,9876501692,,1975-09-17,Kolkata,47867
null_blank,Null values detected in column GENDER,GENDER,2699,Anjali,Singh,user1698@example.com,9876501698,,2008-11-02,Kolkata,66599
null_blank,Null values detected in column GENDER,GENDER,2700,Rakesh,Patel,user1699@example.com,9876501699,,1982-11-04,Bangalore,74031
null_blank,Null values detected in column GENDER,GENDER,2701,Kavya,Gupta,invalid@,,,1972-12-01,Ahmedabad,59543
null_blank,Null values detected in column GENDER,GENDER,2703,Kavya,Verma,user1702@example.com,9876501702,,2010-07-03,Chennai,57954
null_blank,Null values detected in column GENDER,GENDER,2707,Amit,Rao,user1706@example.com,9876501706,,1992-01-24,Bangalore,55093
null_blank,Null values detected in column GENDER,GENDER,2710,Sameer,Reddy,user1709@example.com,9876501709,,1988-03-26,Mumbai,26398
null_blank,Null values detected in column GENDER,GENDER,2712,Priya,Sharma,user1711@example.com,9876501711,,2009-12-05,Bangalore,57333
null_blank,Null values detected in column GENDER,GENDER,2716,Rakesh,Reddy,user1715@example.com,9876501715,,1996-01-22,Kolkata,115380
null_blank,Null values detected in column GENDER,GENDER,2723,Anjali,Singh,user1722@example.com,9876501722,,1976-05-28,Kolkata,86088
null_blank,Null values detected in column GENDER,GENDER,2724,Kavya,Singh,user1723@example.com,9876501723,,1971-11-15,Mumbai,18894
null_blank,Null values detected in column GENDER,GENDER,2725,Amit,Mehta,user1724@example.com,9876501724,,1972-11-20,Chennai,64657
null_blank,Null values detected in column GENDER,GENDER,2726,Rakesh,Singh,user1725@example.com,123,,1970-12-15,Mumbai,1000
null_blank,Null values detected in column GENDER,GENDER,2727,Rakesh,Reddy,user1726@example.com,9876501726,,2014-10-19,Bangalore,50930
null_blank,Null values detected in column GENDER,GENDER,2733,Vijay,Reddy,user1732@example.com,9876501732,,1971-06-07,Bangalore,63747
null_blank,Null values detected in column GENDER,GENDER,2735,Kavya,Singh,user1734@example.com,9876501734,,1970-01-18,Hyderabad,72466
null_blank,Null values detected in column GENDER,GENDER,2738,Arjun,Verma,user1737@example.com,9876501737,,2004-11-23,Hyderabad,55425
null_blank,Null values detected in column GENDER,GENDER,2739,Vijay,Singh,user1738@example.com,9876501738,,2002-10-01,Chennai,33999
null_blank,Null values detected in column GENDER,GENDER,2741,Kavya,Sharma,invalid@,9876501740,,2015-03-04,Mumbai,678799
null_blank,Null values detected in column GENDER,GENDER,2742,Sameer,Kumar,user1741@example.com,9876501741,,1994-06-28,Delhi,88010
null_blank,Null values detected in column GENDER,GENDER,2747,Sneha,Joshi,user1746@example.com,9876501746,,2004-04-05,Bangalore,79487
null_blank,Null values detected in column GENDER,GENDER,2749,Amit,Singh,user1748@example.com,9876501748,,1993-01-03,Kolkata,49711
null_blank,Null values detected in column GENDER,GENDER,2750,Anjali,Patel,user1749@example.com,9876501749,,1995-11-14,Hyderabad,47715
null_blank,Null values detected in column GENDER,GENDER,2753,Anjali,Patel,user1752@example.com,9876501752,,1973-09-09,Chennai,62495
null_blank,Null values detected in column GENDER,GENDER,2755,Vijay,Reddy,user1754@example.com,9876501754,,2007-02-15,Pune,45580
null_blank,Null values detected in column GENDER,GENDER,2758,Neha,Mehta,user1757@example.com,9876501757,,1976-09-17,Kolkata,87342
null_blank,Null values detected in column GENDER,GENDER,2760,Arjun,Joshi,user1759@example.com,9876501759,,1971-02-08,Chennai,76797
null_blank,Null values detected in column GENDER,GENDER,2762,Priya,Singh,user1761@example.com,9876501761,,1979-07-18,Chennai,29747
null_blank,Null values detected in column GENDER,GENDER,2767,Rakesh,Joshi,user1766@example.com,9876501766,,1996-12-04,Bangalore,88139
null_blank,Null values detected in column GENDER,GENDER,2768,Arjun,Mehta,user1767@example.com,9876501767,,2016-04-15,Ahmedabad,88459
null_blank,Null values detected in column GENDER,GENDER,2770,Sneha,Reddy,user1769@example.com,9876501769,,2050-01-01,Pune,70673
null_blank,Null values detected in column GENDER,GENDER,2772,Priya,Patel,user1771@example.com,9876501771,,1989-08-03,Kolkata,60172
null_blank,Null values detected in column GENDER,GENDER,2774,Kavya,Kumar,user1773@example.com,9876501773,,2016-06-24,Kolkata,33184
null_blank,Null values detected in column GENDER,GENDER,2777,Rakesh,Verma,user1776@example.com,9876501776,,2016-12-04,Kolkata,78648
null_blank,Null values detected in column GENDER,GENDER,2782,Sameer,Gupta,user1781@example.com,9876501781,,1981-04-20,Pune,11679
null_blank,Null values detected in column GENDER,GENDER,2786,Rakesh,Joshi,user1785@example.com,9876501785,,2005-07-09,Chennai,1000
null_blank,Null values detected in column GENDER,GENDER,2787,Arjun,Rao,user1786@example.com,9876501786,,2016-02-14,Chennai,50532
null_blank,Null values detected in column GENDER,GENDER,2789,Sameer,Rao,user1788@example.com,9876501788,,2011-12-11,Bangalore,58377
null_blank,Null values detected in column GENDER,GENDER,2790,Anjali,Singh,user1789@example.com,9876501789,,2001-07-12,Pune,56297
null_blank,Null values detected in column GENDER,GENDER,2794,Sneha,Mehta,user1793@example.com,9876501793,,2013-01-25,Chennai,88562
null_blank,Null values detected in column GENDER,GENDER,2797,Kavya,Joshi,user1796@example.com,9876501796,,1990-07-01,Hyderabad,78111
null_blank,Null values detected in column GENDER,GENDER,2798,Vijay,Kumar,user1797@example.com,9876501797,,1975-07-15,Ahmedabad,65400
null_blank,Null values detected in column GENDER,GENDER,2802,Amit,Singh,user1801@example.com,9876501801,,1979-01-16,Pune,42144
null_blank,Null values detected in column GENDER,GENDER,2806,Neha,Rao,user1805@example.com,9876501805,,1997-02-22,Hyderabad,61876
null_blank,Null values detected in column GENDER,GENDER,2807,Kavya,Verma,user1806@example.com,9876501806,,1997-03-28,Pune,32222
null_blank,Null values detected in column GENDER,GENDER,2808,Anjali,Joshi,user1807@example.com,9876501807,,2002-07-02,Pune,54395
null_blank,Null values detected in column GENDER,GENDER,2810,Sneha,Joshi,user1809@example.com,9876501809,,1990-07-13,Hyderabad,88016
null_blank,Null values detected in column GENDER,GENDER,2815,Sneha,Sharma,user1814@example.com,9876501814,,2011-06-18,Pune,46818
null_blank,Null values detected in column GENDER,GENDER,2816,Priya,Reddy,user1815@example.com,9876501815,,2002-04-17,Pune,1000
null_blank,Null values detected in column GENDER,GENDER,2824,Anjali,Verma,user1823@example.com,9876501823,,1977-05-20,Pune,62367
null_blank,Null values detected in column GENDER,GENDER,2827,Arjun,Joshi,user1826@example.com,9876501826,,2002-04-04,Kolkata,50123
null_blank,Null values detected in column GENDER,GENDER,2828,Anjali,Joshi,user1827@example.com,9876501827,,1999-07-08,Bangalore,81171
null_blank,Null values detected in column GENDER,GENDER,2830,Sneha,Joshi,user1829@example.com,9876501829,,1985-03-22,Kolkata,56800
null_blank,Null values detected in column GENDER,GENDER,2831,Arjun,Mehta,user1830@example.com,9876501830,,2050-01-01,Mumbai,448130
null_blank,Null values detected in column GENDER,GENDER,2837,Sameer,Kumar,user1836@example.com,9876501836,,2004-01-17,Bangalore,78857
null_blank,Null values detected in column GENDER,GENDER,2839,Rakesh,Sharma,user1838@example.com,9876501838,,1976-05-01,Hyderabad,52961
null_blank,Null values detected in column GENDER,GENDER,2840,Vijay,Mehta,user1839@example.com,9876501839,,1979-07-07,Hyderabad,46680
null_blank,Null values detected in column GENDER,GENDER,2841,Anjali,Singh,,9876501840,,2008-10-19,Delhi,58728
null_blank,Null values detected in column GENDER,GENDER,2842,Kavya,Kumar,user1841@example.com,9876501841,,1978-12-05,Hyderabad,52307
null_blank,Null values detected in column GENDER,GENDER,2846,Arjun,Mehta,user1845@example.com,9876501845,,invalid,Delhi,1000
null_blank,Null values detected in column GENDER,GENDER,2851,Vijay,Sharma,user1850@example.com,,,1975-01-29,Bangalore,51878
null_blank,Null values detected in column GENDER,GENDER,2852,Neha,Reddy,user1851@example.com,9876501851,,2016-05-23,Delhi,47787
null_blank,Null values detected in column GENDER,GENDER,2853,Kavya,Gupta,user1852@example.com,9876501852,,1990-08-30,Ahmedabad,44736
null_blank,Null values detected in column GENDER,GENDER,2861,Vijay,Sharma,invalid@,9876501860,,2009-11-25,Bangalore,587990
null_blank,Null values detected in column GENDER,GENDER,2862,Amit,Joshi,user1861@example.com,9876501861,,1974-08-11,Bangalore,82798
null_blank,Null values detected in column GENDER,GENDER,2867,Amit,Verma,user1866@example.com,9876501866,,1977-02-25,Pune,50061
null_blank,Null values detected in column GENDER,GENDER,2870,Arjun,Kumar,user1869@example.com,9876501869,,2019-01-30,Bangalore,59607
null_blank,Null values detected in column GENDER,GENDER,2872,Amit,Singh,user1871@example.com,9876501871,,2000-07-29,Ahmedabad,75056
null_blank,Null values detected in column GENDER,GENDER,2873,Rakesh,Kumar,user1872@example.com,9876501872,,1985-08-19,Ahmedabad,56577
null_blank,Null values detected in column GENDER,GENDER,2874,Sameer,Verma,user1873@example.com,9876501873,,2006-04-02,Ahmedabad,78255
null_blank,Null values detected in column GENDER,GENDER,2879,Sameer,Mehta,user1878@example.com,9876501878,,2050-01-01,Kolkata,75513
null_blank,Null values detected in column GENDER,GENDER,2881,Anjali,Kumar,,9876501880,,2008-12-15,Mumbai,85954
null_blank,Null values detected in column GENDER,GENDER,2882,Sameer,Singh,user1881@example.com,9876501881,,2007-01-19,Delhi,79836
null_blank,Null values detected in column GENDER,GENDER,2884,Anjali,Mehta,user1883@example.com,9876501883,,1986-12-10,Chennai,33541
null_blank,Null values detected in column GENDER,GENDER,2887,Sameer,Verma,user1886@example.com,9876501886,,2016-02-19,Kolkata,68045
null_blank,Null values detected in column GENDER,GENDER,2889,Anjali,Mehta,user1888@example.com,9876501888,,1980-08-25,Mumbai,67579
null_blank,Null values detected in column GENDER,GENDER,2890,Sneha,Mehta,user1889@example.com,9876501889,,1995-03-22,Mumbai,66771
null_blank,Null values detected in column GENDER,GENDER,2893,Rakesh,Rao,user1892@example.com,9876501892,,2012-08-14,Pune,96120
null_blank,Null values detected in column GENDER,GENDER,2895,Vijay,Kumar,user1894@example.com,9876501894,,2016-10-13,Kolkata,94540
null_blank,Null values detected in column GENDER,GENDER,2897,Kavya,Reddy,user1896@example.com,9876501896,,1990-11-28,Chennai,46752
null_blank,Null values detected in column GENDER,GENDER,2901,Priya,Reddy,invalid@,,,1980-11-01,Kolkata,48909
null_blank,Null values detected in column GENDER,GENDER,2904,Amit,Gupta,user1903@example.com,9876501903,,1996-10-28,Kolkata,98184
null_blank,Null values detected in column GENDER,GENDER,2905,Amit,Gupta,user1904@example.com,9876501904,,1990-08-15,Delhi,59132
null_blank,Null values detected in column GENDER,GENDER,2906,Rakesh,Rao,user1905@example.com,9876501905,,2007-11-08,Chennai,1000
null_blank,Null values detected in column GENDER,GENDER,2907,Vijay,Singh,user1906@example.com,9876501906,,1988-12-03,Ahmedabad,59742
null_blank,Null values detected in column GENDER,GENDER,2910,Neha,Patel,user1909@example.com,9876501909,,invalid,Delhi,72713
null_blank,Null values detected in column GENDER,GENDER,2917,Neha,Patel,user1916@example.com,9876501916,,2014-12-10,Hyderabad,66250
null_blank,Null values detected in column GENDER,GENDER,2921,Neha,Rao,,9876501920,,2015-07-10,Kolkata,615112
null_blank,Null values detected in column GENDER,GENDER,2923,Kavya,Singh,user1922@example.com,9876501922,,2008-02-14,Hyderabad,80579
null_blank,Null values detected in column GENDER,GENDER,2924,Arjun,Singh,user1923@example.com,9876501923,,1985-02-02,Hyderabad,47790
null_blank,Null values detected in column GENDER,GENDER,2930,Amit,Mehta,user1929@example.com,9876501929,,2001-10-19,Mumbai,78478
null_blank,Null values detected in column GENDER,GENDER,2937,Neha,Reddy,user1936@example.com,9876501936,,1985-06-05,Mumbai,46131
null_blank,Null values detected in column GENDER,GENDER,2938,Neha,Joshi,user1937@example.com,9876501937,,1988-09-05,Chennai,116240
null_blank,Null values detected in column GENDER,GENDER,2941,Amit,Rao,invalid@,9876501940,,1982-06-29,Hyderabad,67151
null_blank,Null values detected in column GENDER,GENDER,2942,Priya,Verma,user1941@example.com,9876501941,,1982-09-27,Ahmedabad,53023
null_blank,Null values detected in column GENDER,GENDER,2943,Arjun,Reddy,user1942@example.com,9876501942,,2006-02-02,Pune,77723
null_blank,Null values detected in column GENDER,GENDER,2944,Sneha,Joshi,user1943@example.com,9876501943,,1996-01-07,Bangalore,63215
null_blank,Null values detected in column GENDER,GENDER,2945,Anjali,Sharma,user1944@example.com,9876501944,,1982-11-27,Chennai,27365
null_blank,Null values detected in column GENDER,GENDER,2948,Priya,Reddy,user1947@example.com,9876501947,,1972-02-22,Bangalore,60622
null_blank,Null values detected in column GENDER,GENDER,2950,Priya,Reddy,user1949@example.com,9876501949,,2002-08-10,Pune,78383
null_blank,Null values detected in column GENDER,GENDER,2955,Sneha,Rao,user1954@example.com,9876501954,,2009-05-11,Bangalore,22120
null_blank,Null values detected in column GENDER,GENDER,2958,Anjali,Rao,user1957@example.com,9876501957,,1975-10-11,Ahmedabad,65924
null_blank,Null values detected in column GENDER,GENDER,2960,Sneha,Kumar,user1959@example.com,9876501959,,2010-04-15,Hyderabad,64344
null_blank,Null values detected in column GENDER,GENDER,2966,Sneha,Patel,user1965@example.com,9876501965,,1987-12-20,Pune,1000
null_blank,Null values detected in column GENDER,GENDER,2969,Amit,Kumar,user1968@example.com,9876501968,,2008-11-19,Chennai,56032
null_blank,Null values detected in column GENDER,GENDER,2972,Kavya,Verma,user1971@example.com,9876501971,,1999-01-05,Hyderabad,59367
null_blank,Null values detected in column GENDER,GENDER,2976,Arjun,Sharma,user1975@example.com,123,,1977-09-13,Ahmedabad,37780
null_blank,Null values detected in column GENDER,GENDER,2982,Kavya,Reddy,user1981@example.com,9876501981,,1987-11-18,Bangalore,54230
null_blank,Null values detected in column GENDER,GENDER,2983,Arjun,Rao,user1982@example.com,9876501982,,2016-10-24,Ahmedabad,50960
null_blank,Null values detected in column GENDER,GENDER,2984,Amit,Sharma,user1983@example.com,9876501983,,2013-10-09,Kolkata,54649
null_blank,Null values detected in column GENDER,GENDER,2986,Arjun,Rao,user1985@example.com,9876501985,,1982-05-27,Chennai,48614
null_blank,Null values detected in column GENDER,GENDER,2988,Rakesh,Kumar,user1987@example.com,9876501987,,1977-09-16,Ahmedabad,15928
null_blank,Null values detected in column GENDER,GENDER,2990,Amit,Reddy,user1989@example.com,9876501989,,1982-03-21,Hyderabad,59225
null_blank,Null values detected in column GENDER,GENDER,2991,Anjali,Verma,user1990@example.com,9876501990,,1972-06-07,Chennai,79327
null_blank,Null values detected in column GENDER,GENDER,2995,Kavya,Joshi,user1994@example.com,9876501994,,1993-07-21,Mumbai,29834
null_blank,Null values detected in column GENDER,GENDER,2996,Sameer,Singh,user1995@example.com,9876501995,,2001-03-05,Chennai,1000
null_blank,Null values detected in column GENDER,GENDER,2999,Kavya,Rao,user1998@example.com,9876501998,,2013-10-02,Ahmedabad,36446
null_blank,Null values detected in column GENDER,GENDER,3001,Anjali,Gupta,,,,1971-11-09,Delhi,68450
null_blank,Null values detected in column GENDER,GENDER,3002,Priya,Verma,user2001@example.com,9876502001,,2000-05-25,Delhi,49776
null_blank,Null values detected in column GENDER,GENDER,3005,Arjun,Patel,user2004@example.com,9876502004,,1978-03-24,Pune,63646
null_blank,Null values detected in column GENDER,GENDER,3008,Sameer,Singh,user2007@example.com,9876502007,,1971-12-30,Bangalore,51776
null_blank,Null values detected in column GENDER,GENDER,3012,Anjali,Sharma,user2011@example.com,9876502011,,2008-07-29,Ahmedabad,28841
null_blank,Null values detected in column GENDER,GENDER,3014,Neha,Singh,user2013@example.com,9876502013,,1998-03-14,Hyderabad,47327
null_blank,Null values detected in column GENDER,GENDER,3015,Sneha,Mehta,user2014@example.com,9876502014,,2007-06-26,Pune,43289
null_blank,Null values detected in column GENDER,GENDER,3016,Rakesh,Rao,user2015@example.com,9876502015,,2050-01-01,Hyderabad,59076
null_blank,Null values detected in column GENDER,GENDER,3021,Sneha,Gupta,invalid@,9876502020,,1981-01-28,Ahmedabad,52126
null_blank,Null values detected in column GENDER,GENDER,3023,Priya,Singh,user2022@example.com,9876502022,,2000-02-24,Mumbai,90209
null_blank,Null values detected in column GENDER,GENDER,3027,Arjun,Verma,user2026@example.com,9876502026,,2018-03-10,Pune,38523
null_blank,Null values detected in column GENDER,GENDER,3031,Sneha,Kumar,user2030@example.com,9876502030,,1995-11-15,Pune,37801
null_blank,Null values detected in column GENDER,GENDER,3041,Kavya,Patel,,9876502040,,2015-02-20,Ahmedabad,739228
null_blank,Null values detected in column GENDER,GENDER,3042,Amit,Verma,user2041@example.com,9876502041,,1998-11-19,Pune,24968
null_blank,Null values detected in column GENDER,GENDER,3043,Kavya,Patel,user2042@example.com,9876502042,,1980-12-07,Hyderabad,61709
null_blank,Null values detected in column GENDER,GENDER,3044,Priya,Kumar,user2043@example.com,9876502043,,2003-06-16,Chennai,100609
null_blank,Null values detected in column GENDER,GENDER,3047,Kavya,Sharma,user2046@example.com,9876502046,,1979-04-16,Delhi,62666
null_blank,Null values detected in column GENDER,GENDER,3050,Sneha,Sharma,user2049@example.com,9876502049,,1977-08-17,Pune,68365
null_blank,Null values detected in column GENDER,GENDER,3051,Priya,Sharma,user2050@example.com,,,1985-04-20,Pune,84244
null_blank,Null values detected in column GENDER,GENDER,3054,Rakesh,Reddy,user2053@example.com,9876502053,,1983-05-24,Delhi,48790
null_blank,Null values detected in column GENDER,GENDER,3056,Amit,Singh,user2055@example.com,9876502055,,1979-08-27,Hyderabad,1000
null_blank,Null values detected in column GENDER,GENDER,3057,Anjali,Kumar,user2056@example.com,9876502056,,1983-01-30,Mumbai,37319
null_blank,Null values detected in column GENDER,GENDER,3059,Amit,Verma,user2058@example.com,9876502058,,2005-08-28,Hyderabad,66006
null_blank,Null values detected in column GENDER,GENDER,3060,Arjun,Singh,user2059@example.com,9876502059,,1999-02-27,Bangalore,89096
null_blank,Null values detected in column GENDER,GENDER,3061,Sneha,Sharma,invalid@,9876502060,,2007-12-30,Chennai,47310
null_blank,Null values detected in column GENDER,GENDER,3066,Sneha,Verma,user2065@example.com,9876502065,,2008-04-13,Bangalore,65540
null_blank,Null values detected in column GENDER,GENDER,3071,Sneha,Verma,user2070@example.com,9876502070,,1972-12-09,Delhi,698408
null_blank,Null values detected in column GENDER,GENDER,3075,Neha,Verma,user2074@example.com,9876502074,,1984-02-28,Ahmedabad,56787
null_blank,Null values detected in column GENDER,GENDER,3077,Priya,Reddy,user2076@example.com,9876502076,,2050-01-01,Chennai,48859
null_blank,Null values detected in column GENDER,GENDER,3084,Neha,Joshi,user2083@example.com,9876502083,,2013-01-13,Kolkata,97868
null_blank,Null values detected in column GENDER,GENDER,3088,Amit,Kumar,user2087@example.com,9876502087,,2001-12-07,Ahmedabad,80254
null_blank,Null values detected in column GENDER,GENDER,3091,Vijay,Mehta,user2090@example.com,9876502090,,1988-03-12,Chennai,58351
null_blank,Null values detected in column GENDER,GENDER,3093,Kavya,Patel,user2092@example.com,9876502092,,1992-05-11,Bangalore,54807
null_blank,Null values detected in column GENDER,GENDER,3096,Arjun,Patel,user2095@example.com,9876502095,,1972-05-28,Bangalore,45591
null_blank,Null values detected in column GENDER,GENDER,3097,Sameer,Reddy,user2096@example.com,9876502096,,1999-04-23,Chennai,80089
null_blank,Null values detected in column GENDER,GENDER,3100,Anjali,Joshi,user2099@example.com,9876502099,,2050-01-01,Delhi,71488
null_blank,Null values detected in column GENDER,GENDER,3101,Neha,Sharma,invalid@,,,1973-08-14,Pune,652420
null_blank,Null values detected in column GENDER,GENDER,3102,Kavya,Rao,user2101@example.com,9876502101,,2001-09-23,Hyderabad,64161
null_blank,Null values detected in column GENDER,GENDER,3104,Priya,Joshi,user2103@example.com,9876502103,,1999-08-03,Ahmedabad,68289
null_blank,Null values detected in column GENDER,GENDER,3105,Sameer,Rao,user2104@example.com,9876502104,,1993-03-03,Bangalore,44946
null_blank,Null values detected in column GENDER,GENDER,3106,Priya,Singh,user2105@example.com,9876502105,,2050-01-01,Delhi,55411
null_blank,Null values detected in column GENDER,GENDER,3108,Rakesh,Joshi,user2107@example.com,9876502107,,1992-05-31,Bangalore,74116
null_blank,Null values detected in column GENDER,GENDER,3109,Neha,Gupta,user2108@example.com,9876502108,,1983-12-18,Delhi,83859
null_blank,Null values detected in column GENDER,GENDER,3112,Anjali,Reddy,user2111@example.com,9876502111,,2017-03-10,Delhi,66793
null_blank,Null values detected in column GENDER,GENDER,3116,Sneha,Mehta,user2115@example.com,9876502115,,2003-08-12,Bangalore,1000
null_blank,Null values detected in column GENDER,GENDER,3119,Sameer,Mehta,user2118@example.com,9876502118,,2003-11-28,Chennai,51842
null_blank,Null values detected in column GENDER,GENDER,3121,Neha,Patel,,9876502120,,1975-10-22,Mumbai,33704
null_blank,Null values detected in column GENDER,GENDER,3122,Vijay,Rao,user2121@example.com,9876502121,,1972-09-20,Bangalore,72346
null_blank,Null values detected in column GENDER,GENDER,3125,Kavya,Patel,user2124@example.com,9876502124,,1977-08-13,Kolkata,65547
null_blank,Null values detected in column GENDER,GENDER,3128,Kavya,Joshi,user2127@example.com,9876502127,,1992-09-12,Mumbai,61274
null_blank,Null values detected in column GENDER,GENDER,3129,Neha,Joshi,user2128@example.com,9876502128,,2011-10-13,Hyderabad,94294
null_blank,Null values detected in column GENDER,GENDER,3132,Vijay,Sharma,user2131@example.com,9876502131,,1985-01-16,Mumbai,66239
null_blank,Null values detected in column GENDER,GENDER,3139,Priya,Kumar,user2138@example.com,9876502138,,2014-01-12,Kolkata,67098
null_blank,Null values detected in column GENDER,GENDER,3140,Neha,Mehta,user2139@example.com,9876502139,,2017-09-22,Ahmedabad,54238
null_blank,Null values detected in column GENDER,GENDER,3149,Rakesh,Reddy,user2148@example.com,9876502148,,2001-04-29,Mumbai,41242
null_blank,Null values detected in column GENDER,GENDER,3150,Kavya,Rao,user2149@example.com,9876502149,,1982-07-07,Bangalore,64452
null_blank,Null values detected in column GENDER,GENDER,3154,Neha,Patel,user2153@example.com,9876502153,,1983-03-27,Pune,54385
null_blank,Null values detected in column GENDER,GENDER,3156,Priya,Singh,user2155@example.com,9876502155,,1979-02-23,Pune,59949
null_blank,Null values detected in column GENDER,GENDER,3159,Sameer,Reddy,user2158@example.com,9876502158,,1980-07-11,Delhi,47671
null_blank,Null values detected in column GENDER,GENDER,3161,Rakesh,Verma,,9876502160,,2001-04-08,Ahmedabad,1000000
null_blank,Null values detected in column GENDER,GENDER,3163,Kavya,Verma,user2162@example.com,9876502162,,2006-12-14,Bangalore,74736
null_blank,Null values detected in column GENDER,GENDER,3164,Anjali,Reddy,user2163@example.com,9876502163,,1992-04-26,Ahmedabad,85257
null_blank,Null values detected in column GENDER,GENDER,3165,Vijay,Sharma,user2164@example.com,9876502164,,1992-12-08,Mumbai,42611
null_blank,Null values detected in column GENDER,GENDER,3170,Amit,Joshi,user2169@example.com,9876502169,,1978-12-04,Mumbai,85496
null_blank,Null values detected in column GENDER,GENDER,3175,Vijay,Rao,user2174@example.com,9876502174,,2018-06-26,Ahmedabad,50824
null_blank,Null values detected in column GENDER,GENDER,3176,Sameer,Singh,user2175@example.com,123,,1982-01-22,Ahmedabad,1000
null_blank,Null values detected in column GENDER,GENDER,3179,Neha,Patel,user2178@example.com,9876502178,,1973-12-05,Delhi,59383
null_blank,Null values detected in column GENDER,GENDER,3180,Neha,Sharma,user2179@example.com,9876502179,,1993-11-25,Pune,42743
null_blank,Null values detected in column GENDER,GENDER,3181,Amit,Kumar,invalid@,9876502180,,1983-07-25,Pune,119422
null_blank,Null values detected in column GENDER,GENDER,3183,Arjun,Gupta,user2182@example.com,9876502182,,1992-12-15,Pune,73637
null_blank,Null values detected in column GENDER,GENDER,3184,Rakesh,Verma,user2183@example.com,9876502183,,2006-12-25,Delhi,53046
null_blank,Null values detected in column GENDER,GENDER,3185,Amit,Reddy,user2184@example.com,9876502184,,1990-03-15,Ahmedabad,78763
null_blank,Null values detected in column GENDER,GENDER,3189,Priya,Verma,user2188@example.com,9876502188,,2001-09-06,Kolkata,73059
null_blank,Null values detected in column GENDER,GENDER,3190,Amit,Rao,user2189@example.com,9876502189,,1982-06-19,Mumbai,95666
null_blank,Null values detected in column GENDER,GENDER,3194,Sameer,Reddy,user2193@example.com,9876502193,,1987-02-26,Chennai,46280
null_blank,Null values detected in column GENDER,GENDER,3195,Amit,Patel,user2194@example.com,9876502194,,2002-02-03,Pune,65050
null_blank,Null values detected in column GENDER,GENDER,3198,Rakesh,Patel,user2197@example.com,9876502197,,1975-01-12,Kolkata,68349
null_blank,Null values detected in column GENDER,GENDER,3200,Rakesh,Mehta,user2199@example.com,9876502199,,2016-08-29,Ahmedabad,60823
null_blank,Null values detected in column GENDER,GENDER,3203,Rakesh,Gupta,user2202@example.com,9876502202,,2015-08-12,Hyderabad,51406
null_blank,Null values detected in column GENDER,GENDER,3205,Priya,Gupta,user2204@example.com,9876502204,,2004-11-17,Pune,46845
null_blank,Null values detected in column GENDER,GENDER,3210,Sneha,Rao,user2209@example.com,9876502209,,1998-06-26,Delhi,91907
null_blank,Null values detected in column GENDER,GENDER,3211,Amit,Sharma,user2210@example.com,9876502210,,1992-06-06,Delhi,95765
null_blank,Null values detected in column GENDER,GENDER,3212,Rakesh,Singh,user2211@example.com,9876502211,,1975-12-25,Mumbai,57925
null_blank,Null values detected in column GENDER,GENDER,3214,Rakesh,Verma,user2213@example.com,9876502213,,1978-11-26,Delhi,53524
null_blank,Null values detected in column GENDER,GENDER,3219,Kavya,Rao,user2218@example.com,9876502218,,2007-01-23,Kolkata,43783
null_blank,Null values detected in column GENDER,GENDER,3221,Neha,Rao,invalid@,9876502220,,2014-01-07,Chennai,589277
null_blank,Null values detected in column GENDER,GENDER,3224,Arjun,Sharma,user2223@example.com,9876502223,,1990-04-02,Bangalore,23371
null_blank,Null values detected in column GENDER,GENDER,3225,Rakesh,Patel,user2224@example.com,9876502224,,1990-01-05,Kolkata,96752
null_blank,Null values detected in column GENDER,GENDER,3226,Neha,Singh,user2225@example.com,123,,2002-10-21,Kolkata,98552
null_blank,Null values detected in column GENDER,GENDER,3227,Amit,Rao,user2226@example.com,9876502226,,1971-11-17,Pune,52601
null_blank,Null values detected in column GENDER,GENDER,3229,Anjali,Singh,user2228@example.com,9876502228,,1983-10-03,Pune,75437
null_blank,Null values detected in column GENDER,GENDER,3231,Kavya,Joshi,user2230@example.com,9876502230,,2016-10-20,Ahmedabad,94958
null_blank,Null values detected in column GENDER,GENDER,3232,Neha,Mehta,user2231@example.com,9876502231,,1983-12-04,Kolkata,74817
null_blank,Null values detected in column GENDER,GENDER,3234,Sneha,Gupta,user2233@example.com,9876502233,,2008-10-05,Bangalore,70846
null_blank,Null values detected in column GENDER,GENDER,3239,Anjali,Joshi,user2238@example.com,9876502238,,2013-02-05,Delhi,72589
null_blank,Null values detected in column GENDER,GENDER,3240,Rakesh,Gupta,user2239@example.com,9876502239,,2014-09-11,Bangalore,76327
null_blank,Null values detected in column GENDER,GENDER,3241,Anjali,Joshi,,9876502240,,2002-12-02,Kolkata,89130
null_blank,Null values detected in column GENDER,GENDER,3242,Arjun,Verma,user2241@example.com,9876502241,,1996-05-19,Hyderabad,50906
null_blank,Null values detected in column GENDER,GENDER,3243,Vijay,Sharma,user2242@example.com,9876502242,,2010-11-19,Hyderabad,35358
null_blank,Null values detected in column GENDER,GENDER,3245,Sneha,Mehta,user2244@example.com,9876502244,,1990-12-06,Delhi,50878
null_blank,Null values detected in column GENDER,GENDER,3250,Arjun,Gupta,user2249@example.com,9876502249,,1979-11-15,Bangalore,75021
null_blank,Null values detected in column GENDER,GENDER,3251,Anjali,Joshi,user2250@example.com,,,2016-01-05,Bangalore,844010
null_blank,Null values detected in column GENDER,GENDER,3253,Anjali,Mehta,user2252@example.com,9876502252,,1993-08-25,Delhi,42251
null_blank,Null values detected in column GENDER,GENDER,3254,Sneha,Gupta,user2253@example.com,9876502253,,1995-01-22,Bangalore,59418
null_blank,Null values detected in column GENDER,GENDER,3255,Rakesh,Verma,user2254@example.com,9876502254,,1970-05-11,Hyderabad,85408
null_blank,Null values detected in column GENDER,GENDER,3256,Amit,Patel,user2255@example.com,9876502255,,1977-04-01,Bangalore,77605
null_blank,Null values detected in column GENDER,GENDER,3257,Kavya,Joshi,user2256@example.com,9876502256,,2003-08-07,Mumbai,43653
null_blank,Null values detected in column GENDER,GENDER,3258,Sneha,Mehta,user2257@example.com,9876502257,,2010-04-10,Hyderabad,88548
null_blank,Null values detected in column GENDER,GENDER,3259,Priya,Gupta,user2258@example.com,9876502258,,2010-10-04,Pune,58387
null_blank,Null values detected in column GENDER,GENDER,3260,Sneha,Sharma,user2259@example.com,9876502259,,1988-04-09,Chennai,43545
null_blank,Null values detected in column GENDER,GENDER,3264,Sneha,Joshi,user2263@example.com,9876502263,,1972-10-21,Kolkata,87892
null_blank,Null values detected in column GENDER,GENDER,3267,Arjun,Patel,user2266@example.com,9876502266,,1982-07-28,Bangalore,82432
null_blank,Null values detected in column GENDER,GENDER,3269,Rakesh,Singh,user2268@example.com,9876502268,,1980-09-29,Ahmedabad,40572
null_blank,Null values detected in column GENDER,GENDER,3270,Sneha,Reddy,user2269@example.com,9876502269,,1994-04-17,Ahmedabad,60259
null_blank,Null values detected in column GENDER,GENDER,3272,Vijay,Rao,user2271@example.com,9876502271,,2013-02-26,Chennai,65976
null_blank,Null values detected in column GENDER,GENDER,3273,Amit,Gupta,user2272@example.com,9876502272,,1982-09-30,Pune,62898
null_blank,Null values detected in column GENDER,GENDER,3275,Sameer,Sharma,user2274@example.com,9876502274,,1983-09-29,Pune,32699
null_blank,Null values detected in column GENDER,GENDER,3277,Sameer,Sharma,user2276@example.com,9876502276,,1987-12-04,Delhi,75057
null_blank,Null values detected in column GENDER,GENDER,3279,Arjun,Verma,user2278@example.com,9876502278,,2014-05-20,Hyderabad,63220
null_blank,Null values detected in column GENDER,GENDER,3280,Rakesh,Singh,user2279@example.com,9876502279,,2016-05-03,Pune,79210
null_blank,Null values detected in column GENDER,GENDER,3281,Neha,Singh,,9876502280,,2006-12-05,Hyderabad,528364
null_blank,Null values detected in column GENDER,GENDER,3283,Sneha,Patel,user2282@example.com,9876502282,,2010-08-09,Ahmedabad,83483
null_blank,Null values detected in column GENDER,GENDER,3286,Neha,Reddy,user2285@example.com,9876502285,,1984-03-07,Kolkata,62051
null_blank,Null values detected in column GENDER,GENDER,3287,Sameer,Joshi,user2286@example.com,9876502286,,2011-02-18,Hyderabad,41835
null_blank,Null values detected in column GENDER,GENDER,3292,Rakesh,Joshi,user2291@example.com,9876502291,,1998-12-11,Delhi,57606
null_blank,Null values detected in column GENDER,GENDER,3293,Rakesh,Patel,user2292@example.com,9876502292,,1993-07-09,Kolkata,70637
null_blank,Null values detected in column GENDER,GENDER,3302,Vijay,Verma,user2301@example.com,9876502301,,1985-02-14,Ahmedabad,66680
null_blank,Null values detected in column GENDER,GENDER,3303,Kavya,Reddy,user2302@example.com,9876502302,,2005-08-30,Mumbai,74761
null_blank,Null values detected in column GENDER,GENDER,3304,Kavya,Kumar,user2303@example.com,9876502303,,1980-04-21,Kolkata,53916
null_blank,Null values detected in column GENDER,GENDER,3306,Arjun,Joshi,user2305@example.com,9876502305,,2006-12-09,Pune,80276
null_blank,Null values detected in column GENDER,GENDER,3308,Neha,Singh,user2307@example.com,9876502307,,1976-10-01,Delhi,45124
null_blank,Null values detected in column GENDER,GENDER,3309,Vijay,Gupta,user2308@example.com,9876502308,,1982-03-10,Bangalore,50300
null_blank,Null values detected in column GENDER,GENDER,3310,Vijay,Kumar,user2309@example.com,9876502309,,2013-12-22,Delhi,51822
null_blank,Null values detected in column GENDER,GENDER,3314,Kavya,Reddy,user2313@example.com,9876502313,,2013-04-29,Mumbai,49402
null_blank,Null values detected in column GENDER,GENDER,3315,Anjali,Verma,user2314@example.com,9876502314,,1991-10-06,Pune,97158
null_blank,Null values detected in column GENDER,GENDER,3316,Rakesh,Mehta,user2315@example.com,9876502315,,1983-02-11,Pune,84552
null_blank,Null values detected in column GENDER,GENDER,3329,Vijay,Singh,user2328@example.com,9876502328,,2005-12-31,Kolkata,64285
null_blank,Null values detected in column GENDER,GENDER,3332,Vijay,Rao,user2331@example.com,9876502331,,1980-11-28,Chennai,37487
null_blank,Null values detected in column GENDER,GENDER,3334,Priya,Singh,user2333@example.com,9876502333,,1978-04-28,Kolkata,56940
null_blank,Null values detected in column GENDER,GENDER,3336,Neha,Verma,user2335@example.com,9876502335,,2016-07-04,Delhi,61064
null_blank,Null values detected in column GENDER,GENDER,3337,Rakesh,Verma,user2336@example.com,9876502336,,2011-04-07,Hyderabad,57527
null_blank,Null values detected in column GENDER,GENDER,3340,Sneha,Gupta,user2339@example.com,9876502339,,2004-08-24,Pune,63515
null_blank,Null values detected in column GENDER,GENDER,3341,Rakesh,Kumar,invalid@,9876502340,,1993-02-16,Ahmedabad,966549
null_blank,Null values detected in column GENDER,GENDER,3346,Arjun,Verma,user2345@example.com,9876502345,,1986-10-15,Bangalore,75803
null_blank,Null values detected in column GENDER,GENDER,3347,Vijay,Verma,user2346@example.com,9876502346,,1978-09-02,Mumbai,61166
null_blank,Null values detected in column GENDER,GENDER,3348,Kavya,Sharma,user2347@example.com,9876502347,,1972-04-05,Pune,67815
null_blank,Null values detected in column GENDER,GENDER,3354,Amit,Patel,user2353@example.com,9876502353,,2016-04-26,Pune,80694
null_blank,Null values detected in column GENDER,GENDER,3357,Vijay,Rao,user2356@example.com,9876502356,,2000-01-12,Pune,40872
null_blank,Null values detected in column GENDER,GENDER,3358,Priya,Singh,user2357@example.com,9876502357,,1973-05-22,Pune,120154
null_blank,Null values detected in column GENDER,GENDER,3360,Kavya,Reddy,user2359@example.com,9876502359,,1998-03-07,Pune,60138
null_blank,Null values detected in column GENDER,GENDER,3361,Rakesh,Mehta,,9876502360,,invalid,Bangalore,68371
null_blank,Null values detected in column GENDER,GENDER,3366,Sneha,Rao,user2365@example.com,9876502365,,2004-12-17,Mumbai,67896
null_blank,Null values detected in column GENDER,GENDER,3367,Priya,Kumar,user2366@example.com,9876502366,,2015-03-09,Kolkata,53147
null_blank,Null values detected in column GENDER,GENDER,3369,Arjun,Verma,user2368@example.com,9876502368,,1993-04-19,Mumbai,70474
null_blank,Null values detected in column GENDER,GENDER,3374,Amit,Singh,user2373@example.com,9876502373,,1978-11-03,Hyderabad,60698
null_blank,Null values detected in column GENDER,GENDER,3376,Vijay,Sharma,user2375@example.com,123,,1979-05-04,Mumbai,78473
null_blank,Null values detected in column GENDER,GENDER,3377,Rakesh,Rao,user2376@example.com,9876502376,,1971-02-13,Chennai,48796
null_blank,Null values detected in column GENDER,GENDER,3381,Sneha,Gupta,invalid@,9876502380,,1990-01-03,Delhi,101605
null_blank,Null values detected in column GENDER,GENDER,3384,Sameer,Joshi,user2383@example.com,9876502383,,1977-05-25,Pune,51926
null_blank,Null values detected in column GENDER,GENDER,3385,Arjun,Gupta,user2384@example.com,9876502384,,1980-09-12,Pune,69831
null_blank,Null values detected in column GENDER,GENDER,3387,Sneha,Verma,user2386@example.com,9876502386,,2016-09-15,Delhi,38235
null_blank,Null values detected in column GENDER,GENDER,3392,Anjali,Reddy,user2391@example.com,9876502391,,2015-04-23,Bangalore,40196
null_blank,Null values detected in column GENDER,GENDER,3393,Rakesh,Gupta,user2392@example.com,9876502392,,2017-07-21,Mumbai,51054
null_blank,Null values detected in column GENDER,GENDER,3396,Vijay,Joshi,user2395@example.com,9876502395,,1985-06-10,Pune,24986
null_blank,Null values detected in column GENDER,GENDER,3398,Neha,Singh,user2397@example.com,9876502397,,2050-01-01,Ahmedabad,95004
null_blank,Null values detected in column GENDER,GENDER,3399,Neha,Mehta,user2398@example.com,9876502398,,2004-07-06,Kolkata,43265
null_blank,Null values detected in column GENDER,GENDER,3400,Priya,Kumar,user2399@example.com,9876502399,,2010-12-15,Bangalore,56814
null_blank,Null values detected in column GENDER,GENDER,3403,Anjali,Gupta,user2402@example.com,9876502402,,invalid,Hyderabad,68977
null_blank,Null values detected in column GENDER,GENDER,3404,Priya,Reddy,user2403@example.com,9876502403,,1978-06-07,Mumbai,51374
null_blank,Null values detected in column GENDER,GENDER,3405,Arjun,Rao,user2404@example.com,9876502404,,2015-11-27,Hyderabad,91222
null_blank,Null values detected in column GENDER,GENDER,3410,Neha,Mehta,user2409@example.com,9876502409,,2017-04-25,Pune,21110
null_blank,Null values detected in column GENDER,GENDER,3414,Sneha,Reddy,user2413@example.com,9876502413,,1976-06-26,Bangalore,58609
null_blank,Null values detected in column GENDER,GENDER,3416,Rakesh,Rao,user2415@example.com,9876502415,,2000-10-07,Ahmedabad,1000
null_blank,Null values detected in column GENDER,GENDER,3417,Anjali,Mehta,user2416@example.com,9876502416,,2050-01-01,Delhi,86894
null_blank,Null values detected in column GENDER,GENDER,3419,Neha,Joshi,user2418@example.com,9876502418,,1977-02-01,Ahmedabad,55266
null_blank,Null values detected in column GENDER,GENDER,3423,Priya,Rao,user2422@example.com,9876502422,,2010-03-27,Delhi,67308
null_blank,Null values detected in column GENDER,GENDER,3424,Sameer,Singh,user2423@example.com,9876502423,,1973-11-04,Hyderabad,63916
null_blank,Null values detected in column GENDER,GENDER,3428,Rakesh,Singh,user2427@example.com,9876502427,,1974-09-25,Bangalore,32475
null_blank,Null values detected in column GENDER,GENDER,3430,Sneha,Sharma,user2429@example.com,9876502429,,1973-06-03,Ahmedabad,83661
null_blank,Null values detected in column GENDER,GENDER,3434,Priya,Joshi,user2433@example.com,9876502433,,2014-01-22,Chennai,95122
null_blank,Null values detected in column GENDER,GENDER,3437,Neha,Joshi,user2436@example.com,9876502436,,1999-03-18,Hyderabad,107288
null_blank,Null values detected in column GENDER,GENDER,3440,Amit,Rao,user2439@example.com,9876502439,,1994-11-23,Kolkata,82440
null_blank,Null values detected in column GENDER,GENDER,3441,Neha,Rao,,9876502440,,1974-01-06,Kolkata,52341
null_blank,Null values detected in column GENDER,GENDER,3442,Sameer,Gupta,user2441@example.com,9876502441,,2000-09-07,Delhi,70807
null_blank,Null values detected in column GENDER,GENDER,3445,Anjali,Reddy,user2444@example.com,9876502444,,1997-12-31,Ahmedabad,83873
null_blank,Null values detected in column GENDER,GENDER,3447,Neha,Reddy,user2446@example.com,9876502446,,1999-11-08,Bangalore,41119
null_blank,Null values detected in column GENDER,GENDER,3450,Sneha,Reddy,user2449@example.com,9876502449,,1986-09-13,Chennai,49843
null_blank,Null values detected in column GENDER,GENDER,3453,Sameer,Verma,user2452@example.com,9876502452,,2007-10-24,Pune,65849
null_blank,Null values detected in column GENDER,GENDER,3454,Sameer,Gupta,user2453@example.com,9876502453,,1996-08-18,Ahmedabad,30236
null_blank,Null values detected in column GENDER,GENDER,3455,Arjun,Joshi,user2454@example.com,9876502454,,2050-01-01,Mumbai,69912
null_blank,Null values detected in column GENDER,GENDER,3456,Sameer,Patel,user2455@example.com,9876502455,,1992-03-08,Mumbai,81550
null_blank,Null values detected in column GENDER,GENDER,3457,Priya,Rao,user2456@example.com,9876502456,,2004-12-02,Mumbai,74242
null_blank,Null values detected in column GENDER,GENDER,3458,Sneha,Mehta,user2457@example.com,9876502457,,1980-07-11,Delhi,91494
null_blank,Null values detected in column GENDER,GENDER,3459,Anjali,Kumar,user2458@example.com,9876502458,,1971-08-19,Bangalore,52913
null_blank,Null values detected in column GENDER,GENDER,3460,Priya,Reddy,user2459@example.com,9876502459,,1992-10-22,Ahmedabad,100354
null_blank,Null values detected in column GENDER,GENDER,3463,Sameer,Kumar,user2462@example.com,9876502462,,2011-01-28,Pune,90552
null_blank,Null values detected in column GENDER,GENDER,3465,Amit,Rao,user2464@example.com,9876502464,,1970-05-15,Chennai,43376
null_blank,Null values detected in column GENDER,GENDER,3478,Neha,Patel,user2477@example.com,9876502477,,1979-05-05,Bangalore,58643
null_blank,Null values detected in column GENDER,GENDER,3482,Anjali,Singh,user2481@example.com,9876502481,,2000-06-04,Mumbai,87024
null_blank,Null values detected in column GENDER,GENDER,3489,Arjun,Singh,user2488@example.com,9876502488,,2004-04-17,Mumbai,108287
null_blank,Null values detected in column GENDER,GENDER,3490,Priya,Mehta,user2489@example.com,9876502489,,1991-08-25,Kolkata,50496
null_blank,Null values detected in column GENDER,GENDER,3493,Sameer,Patel,user2492@example.com,9876502492,,2018-08-01,Bangalore,62734
null_blank,Null values detected in column GENDER,GENDER,3495,Sameer,Gupta,user2494@example.com,9876502494,,2017-07-14,Delhi,30299
null_blank,Null values detected in column GENDER,GENDER,3497,Sameer,Mehta,user2496@example.com,9876502496,,1974-06-26,Chennai,82000
null_blank,Null values detected in column GENDER,GENDER,3501,Rakesh,Mehta,invalid@,,,2016-06-14,Mumbai,80429
null_blank,Null values detected in column GENDER,GENDER,3506,Rakesh,Verma,user2505@example.com,9876502505,,1973-05-23,Chennai,1000
null_blank,Null values detected in column GENDER,GENDER,3507,Neha,Sharma,user2506@example.com,9876502506,,1979-06-29,Delhi,57554
null_blank,Null values detected in column GENDER,GENDER,3509,Anjali,Singh,user2508@example.com,9876502508,,1978-09-02,Mumbai,45286
null_blank,Null values detected in column GENDER,GENDER,3511,Amit,Rao,user2510@example.com,9876502510,,1975-11-05,Mumbai,65375
null_blank,Null values detected in column GENDER,GENDER,3512,Amit,Verma,user2511@example.com,9876502511,,1993-07-30,Mumbai,90604
null_blank,Null values detected in column GENDER,GENDER,3516,Sneha,Mehta,user2515@example.com,9876502515,,1989-11-06,Pune,77890
null_blank,Null values detected in column GENDER,GENDER,3517,Vijay,Patel,user2516@example.com,9876502516,,2003-01-10,Delhi,54923
null_blank,Null values detected in column GENDER,GENDER,3518,Neha,Joshi,user2517@example.com,9876502517,,1980-05-24,Ahmedabad,62158
null_blank,Null values detected in column GENDER,GENDER,3519,Priya,Gupta,user2518@example.com,9876502518,,2011-12-04,Mumbai,43381
null_blank,Null values detected in column GENDER,GENDER,3523,Neha,Sharma,user2522@example.com,9876502522,,1974-09-14,Delhi,39287
null_blank,Null values detected in column GENDER,GENDER,3524,Sneha,Rao,user2523@example.com,9876502523,,1986-03-11,Hyderabad,59910
null_blank,Null values detected in column GENDER,GENDER,3525,Vijay,Sharma,user2524@example.com,9876502524,,2001-03-09,Kolkata,86211
null_blank,Null values detected in column GENDER,GENDER,3528,Sneha,Kumar,user2527@example.com,9876502527,,1988-01-21,Kolkata,50698
null_blank,Null values detected in column GENDER,GENDER,3529,Anjali,Verma,user2528@example.com,9876502528,,2002-08-26,Mumbai,68255
null_blank,Null values detected in column GENDER,GENDER,3533,Amit,Sharma,user2532@example.com,9876502532,,2003-07-17,Chennai,62081
null_blank,Null values detected in column GENDER,GENDER,3534,Sneha,Singh,user2533@example.com,9876502533,,2012-03-09,Delhi,76368
null_blank,Null values detected in column GENDER,GENDER,3535,Anjali,Sharma,user2534@example.com,9876502534,,1998-04-30,Delhi,85261
null_blank,Null values detected in column GENDER,GENDER,3542,Sneha,Gupta,user2541@example.com,9876502541,,1999-04-06,Ahmedabad,45547
null_blank,Null values detected in column GENDER,GENDER,3550,Arjun,Joshi,user2549@example.com,9876502549,,1983-09-28,Ahmedabad,72390
null_blank,Null values detected in column GENDER,GENDER,3552,Priya,Kumar,user2551@example.com,9876502551,,1997-05-25,Hyderabad,58096
null_blank,Null values detected in column GENDER,GENDER,3557,Amit,Sharma,user2556@example.com,9876502556,,1998-10-22,Mumbai,67979
null_blank,Null values detected in column GENDER,GENDER,3558,Rakesh,Sharma,user2557@example.com,9876502557,,1980-03-07,Ahmedabad,67937
null_blank,Null values detected in column GENDER,GENDER,3568,Sameer,Verma,user2567@example.com,9876502567,,1983-06-23,Bangalore,87297
null_blank,Null values detected in column GENDER,GENDER,3569,Amit,Joshi,user2568@example.com,9876502568,,2006-07-16,Chennai,85210
null_blank,Null values detected in column GENDER,GENDER,3571,Rakesh,Joshi,user2570@example.com,9876502570,,1987-02-10,Mumbai,78447
null_blank,Null values detected in column GENDER,GENDER,3572,Sneha,Rao,user2571@example.com,9876502571,,1972-03-04,Pune,85866
null_blank,Null values detected in column GENDER,GENDER,3574,Sameer,Kumar,user2573@example.com,9876502573,,1972-09-13,Bangalore,44383
null_blank,Null values detected in column GENDER,GENDER,3575,Sameer,Rao,user2574@example.com,9876502574,,1979-11-05,Ahmedabad,78715
null_blank,Null values detected in column GENDER,GENDER,3576,Vijay,Patel,user2575@example.com,123,,2012-07-06,Chennai,66127
null_blank,Null values detected in column GENDER,GENDER,3579,Vijay,Gupta,user2578@example.com,9876502578,,2019-02-26,Bangalore,69739
null_blank,Null values detected in column GENDER,GENDER,3582,Rakesh,Verma,user2581@example.com,9876502581,,2007-07-28,Delhi,54097
null_blank,Null values detected in column GENDER,GENDER,3583,Neha,Rao,user2582@example.com,9876502582,,1998-07-07,Ahmedabad,46142
null_blank,Null values detected in column GENDER,GENDER,3588,Amit,Rao,user2587@example.com,9876502587,,1993-01-29,Delhi,42555
null_blank,Null values detected in column GENDER,GENDER,3589,Arjun,Patel,user2588@example.com,9876502588,,2007-09-27,Ahmedabad,71195
null_blank,Null values detected in column GENDER,GENDER,3590,Arjun,Singh,user2589@example.com,9876502589,,2005-05-14,Bangalore,66746
null_blank,Null values detected in column GENDER,GENDER,3592,Kavya,Verma,user2591@example.com,9876502591,,2012-05-15,Mumbai,88107
null_blank,Null values detected in column GENDER,GENDER,3595,Amit,Kumar,user2594@example.com,9876502594,,1989-04-06,Mumbai,82763
null_blank,Null values detected in column GENDER,GENDER,3597,Arjun,Kumar,user2596@example.com,9876502596,,1995-02-15,Kolkata,66576
null_blank,Null values detected in column GENDER,GENDER,3604,Anjali,Patel,user2603@example.com,9876502603,,1972-08-04,Bangalore,52470
null_blank,Null values detected in column GENDER,GENDER,3605,Rakesh,Mehta,user2604@example.com,9876502604,,1981-01-13,Chennai,70839
null_blank,Null values detected in column GENDER,GENDER,3608,Priya,Gupta,user2607@example.com,9876502607,,1973-02-10,Chennai,61222
null_blank,Null values detected in column GENDER,GENDER,3609,Vijay,Sharma,user2608@example.com,9876502608,,1971-07-09,Chennai,48378
null_blank,Null values detected in column GENDER,GENDER,3613,Sameer,Rao,user2612@example.com,9876502612,,1972-08-06,Hyderabad,78563
null_blank,Null values detected in column GENDER,GENDER,3614,Amit,Joshi,user2613@example.com,9876502613,,1992-09-17,Delhi,71195
null_blank,Null values detected in column GENDER,GENDER,3615,Priya,Patel,user2614@example.com,9876502614,,1989-09-25,Delhi,78214
null_blank,Null values detected in column GENDER,GENDER,3620,Sameer,Gupta,user2619@example.com,9876502619,,1990-01-18,Ahmedabad,86075
null_blank,Null values detected in column GENDER,GENDER,3621,Sameer,Joshi,invalid@,9876502620,,1977-02-27,Bangalore,45039
null_blank,Null values detected in column GENDER,GENDER,3622,Arjun,Mehta,user2621@example.com,9876502621,,2012-05-05,Mumbai,49140
null_blank,Null values detected in column GENDER,GENDER,3623,Amit,Reddy,user2622@example.com,9876502622,,2001-07-20,Pune,49703
null_blank,Null values detected in column GENDER,GENDER,3627,Neha,Joshi,user2626@example.com,9876502626,,2017-04-09,Bangalore,62641
null_blank,Null values detected in column GENDER,GENDER,3629,Priya,Rao,user2628@example.com,9876502628,,2012-08-19,Hyderabad,55359
null_blank,Null values detected in column GENDER,GENDER,3632,Rakesh,Rao,user2631@example.com,9876502631,,1976-01-08,Bangalore,48971
null_blank,Null values detected in column GENDER,GENDER,3633,Priya,Sharma,user2632@example.com,9876502632,,1995-10-04,Bangalore,58558
null_blank,Null values detected in column GENDER,GENDER,3634,Neha,Singh,user2633@example.com,9876502633,,1994-11-03,Bangalore,94291
null_blank,Null values detected in column GENDER,GENDER,3635,Vijay,Gupta,user2634@example.com,9876502634,,2016-12-03,Hyderabad,44614
null_blank,Null values detected in column GENDER,GENDER,3636,Sneha,Kumar,user2635@example.com,9876502635,,1984-04-14,Hyderabad,43150
null_blank,Null values detected in column GENDER,GENDER,3637,Anjali,Joshi,user2636@example.com,9876502636,,1994-05-07,Chennai,28591
null_blank,Null values detected in column GENDER,GENDER,3639,Arjun,Joshi,user2638@example.com,9876502638,,1971-01-06,Delhi,60730
null_blank,Null values detected in column GENDER,GENDER,3640,Kavya,Singh,user2639@example.com,9876502639,,1974-09-29,Bangalore,39117
null_blank,Null values detected in column GENDER,GENDER,3642,Sneha,Patel,user2641@example.com,9876502641,,1984-05-26,Hyderabad,53333
null_blank,Null values detected in column GENDER,GENDER,3643,Sameer,Patel,user2642@example.com,9876502642,,2008-08-25,Chennai,90903
null_blank,Null values detected in column GENDER,GENDER,3645,Arjun,Mehta,user2644@example.com,9876502644,,1995-02-20,Mumbai,98962
null_blank,Null values detected in column GENDER,GENDER,3647,Neha,Patel,user2646@example.com,9876502646,,1979-02-20,Kolkata,57102
null_blank,Null values detected in column GENDER,GENDER,3652,Amit,Mehta,user2651@example.com,9876502651,,1991-11-20,Hyderabad,77618
null_blank,Null values detected in column GENDER,GENDER,3653,Vijay,Rao,user2652@example.com,9876502652,,1990-03-23,Hyderabad,84830
null_blank,Null values detected in column GENDER,GENDER,3654,Kavya,Kumar,user2653@example.com,9876502653,,1983-05-26,Ahmedabad,85543
null_blank,Null values detected in column GENDER,GENDER,3656,Rakesh,Sharma,user2655@example.com,9876502655,,1980-01-04,Delhi,1000
null_blank,Null values detected in column GENDER,GENDER,3659,Anjali,Singh,user2658@example.com,9876502658,,2004-01-07,Delhi,53779
null_blank,Null values detected in column GENDER,GENDER,3660,Sneha,Kumar,user2659@example.com,9876502659,,1981-10-18,Hyderabad,83413
null_blank,Null values detected in column GENDER,GENDER,3661,Sneha,Sharma,invalid@,9876502660,,1971-09-11,Chennai,31342
null_blank,Null values detected in column GENDER,GENDER,3666,Sneha,Gupta,user2665@example.com,9876502665,,2003-05-16,Pune,56134
null_blank,Null values detected in column GENDER,GENDER,3669,Sneha,Sharma,user2668@example.com,9876502668,,1989-10-23,Ahmedabad,55820
null_blank,Null values detected in column GENDER,GENDER,3672,Neha,Joshi,user2671@example.com,9876502671,,1997-08-08,Hyderabad,119872
null_blank,Null values detected in column GENDER,GENDER,3676,Sameer,Gupta,user2675@example.com,123,,1995-06-10,Delhi,80081
null_blank,Null values detected in column GENDER,GENDER,3677,Sameer,Sharma,user2676@example.com,9876502676,,invalid,Bangalore,50117
null_blank,Null values detected in column GENDER,GENDER,3679,Sneha,Sharma,user2678@example.com,9876502678,,1972-04-24,Kolkata,92312
null_blank,Null values detected in column GENDER,GENDER,3680,Priya,Sharma,user2679@example.com,9876502679,,1974-07-02,Pune,60118
null_blank,Null values detected in column GENDER,GENDER,3684,Sneha,Sharma,user2683@example.com,9876502683,,1970-08-04,Delhi,59762
null_blank,Null values detected in column GENDER,GENDER,3686,Rakesh,Verma,user2685@example.com,9876502685,,2050-01-01,Mumbai,1000
null_blank,Null values detected in column GENDER,GENDER,3687,Neha,Joshi,user2686@example.com,9876502686,,1996-07-22,Mumbai,70876
null_blank,Null values detected in column GENDER,GENDER,3688,Priya,Rao,user2687@example.com,9876502687,,1973-01-21,Bangalore,88527
null_blank,Null values detected in column GENDER,GENDER,3689,Priya,Sharma,user2688@example.com,9876502688,,1991-03-22,Pune,30509
null_blank,Null values detected in column GENDER,GENDER,3690,Sameer,Gupta,user2689@example.com,9876502689,,2007-03-08,Mumbai,66051
null_blank,Null values detected in column GENDER,GENDER,3691,Vijay,Joshi,user2690@example.com,9876502690,,2008-02-23,Delhi,50820
null_blank,Null values detected in column GENDER,GENDER,3692,Amit,Joshi,user2691@example.com,9876502691,,1999-12-07,Hyderabad,104687
null_blank,Null values detected in column GENDER,GENDER,3695,Rakesh,Singh,user2694@example.com,9876502694,,1987-06-21,Mumbai,84945
null_blank,Null values detected in column GENDER,GENDER,3696,Rakesh,Verma,user2695@example.com,9876502695,,2011-01-14,Pune,57533
null_blank,Null values detected in column GENDER,GENDER,3697,Kavya,Kumar,user2696@example.com,9876502696,,2013-05-08,Delhi,83592
null_blank,Null values detected in column GENDER,GENDER,3701,Amit,Verma,invalid@,,,2008-11-02,Pune,363868
null_blank,Null values detected in column GENDER,GENDER,3705,Arjun,Gupta,user2704@example.com,9876502704,,1988-08-12,Pune,55706
null_blank,Null values detected in column GENDER,GENDER,3706,Neha,Gupta,user2705@example.com,9876502705,,2017-03-03,Kolkata,106956
null_blank,Null values detected in column GENDER,GENDER,3707,Vijay,Patel,user2706@example.com,9876502706,,1978-02-19,Hyderabad,55034
null_blank,Null values detected in column GENDER,GENDER,3709,Kavya,Singh,user2708@example.com,9876502708,,2013-09-04,Kolkata,111440
null_blank,Null values detected in column GENDER,GENDER,3710,Anjali,Rao,user2709@example.com,9876502709,,1982-12-28,Chennai,33033
null_blank,Null values detected in column GENDER,GENDER,3712,Sameer,Kumar,user2711@example.com,9876502711,,2009-10-31,Kolkata,64494
null_blank,Null values detected in column GENDER,GENDER,3717,Priya,Rao,user2716@example.com,9876502716,,1976-03-14,Pune,65743
null_blank,Null values detected in column GENDER,GENDER,3723,Sneha,Gupta,user2722@example.com,9876502722,,2002-03-09,Hyderabad,117491
null_blank,Null values detected in column GENDER,GENDER,3727,Anjali,Verma,user2726@example.com,9876502726,,2007-05-25,Kolkata,33684
null_blank,Null values detected in column GENDER,GENDER,3729,Sneha,Singh,user2728@example.com,9876502728,,1984-04-23,Delhi,83445
null_blank,Null values detected in column GENDER,GENDER,3731,Arjun,Sharma,user2730@example.com,9876502730,,2005-09-05,Hyderabad,722112
null_blank,Null values detected in column GENDER,GENDER,3732,Rakesh,Kumar,user2731@example.com,9876502731,,1980-12-02,Kolkata,44932
null_blank,Null values detected in column GENDER,GENDER,3735,Kavya,Patel,user2734@example.com,9876502734,,1987-09-19,Kolkata,107582
null_blank,Null values detected in column GENDER,GENDER,3736,Vijay,Singh,user2735@example.com,9876502735,,2004-12-14,Mumbai,63289
null_blank,Null values detected in column GENDER,GENDER,3737,Sameer,Reddy,user2736@example.com,9876502736,,1983-01-14,Mumbai,49437
null_blank,Null values detected in column GENDER,GENDER,3743,Arjun,Joshi,user2742@example.com,9876502742,,1997-02-21,Pune,67974
null_blank,Null values detected in column GENDER,GENDER,3746,Arjun,Joshi,user2745@example.com,9876502745,,2001-10-17,Chennai,1000
null_blank,Null values detected in column GENDER,GENDER,3749,Kavya,Rao,user2748@example.com,9876502748,,1991-11-13,Kolkata,47657
null_blank,Null values detected in column GENDER,GENDER,3750,Sameer,Verma,user2749@example.com,9876502749,,2005-12-29,Hyderabad,86201
null_blank,Null values detected in column GENDER,GENDER,3751,Sneha,Mehta,user2750@example.com,,,1997-06-30,Chennai,58742
null_blank,Null values detected in column GENDER,GENDER,3752,Sneha,Joshi,user2751@example.com,9876502751,,1972-04-11,Hyderabad,71668
null_blank,Null values detected in column GENDER,GENDER,3754,Priya,Sharma,user2753@example.com,9876502753,,1999-06-21,Pune,59027
null_blank,Null values detected in column GENDER,GENDER,3755,Vijay,Joshi,user2754@example.com,9876502754,,1993-03-29,Delhi,48766
null_blank,Null values detected in column GENDER,GENDER,3757,Arjun,Joshi,user2756@example.com,9876502756,,invalid,Hyderabad,40595
null_blank,Null values detected in column GENDER,GENDER,3760,Amit,Verma,user2759@example.com,9876502759,,1983-05-13,Ahmedabad,41703
null_blank,Null values detected in column GENDER,GENDER,3761,Sameer,Patel,,9876502760,,2015-12-25,Delhi,930468
null_blank,Null values detected in column GENDER,GENDER,3762,Neha,Singh,user2761@example.com,9876502761,,1999-09-12,Chennai,66878
null_blank,Null values detected in column GENDER,GENDER,3768,Vijay,Joshi,user2767@example.com,9876502767,,1984-04-14,Pune,52358
null_blank,Null values detected in column GENDER,GENDER,3769,Rakesh,Patel,user2768@example.com,9876502768,,1989-05-27,Mumbai,68263
null_blank,Null values detected in column GENDER,GENDER,3770,Rakesh,Reddy,user2769@example.com,9876502769,,2003-09-11,Delhi,85770
null_blank,Null values detected in column GENDER,GENDER,3771,Neha,Verma,user2770@example.com,9876502770,,1970-11-09,Kolkata,38696
null_blank,Null values detected in column GENDER,GENDER,3772,Neha,Joshi,user2771@example.com,9876502771,,2000-07-28,Kolkata,39838
null_blank,Null values detected in column GENDER,GENDER,3773,Arjun,Gupta,user2772@example.com,9876502772,,1988-04-07,Chennai,92416
null_blank,Null values detected in column GENDER,GENDER,3775,Vijay,Singh,user2774@example.com,9876502774,,1976-10-28,Bangalore,46153
null_blank,Null values detected in column GENDER,GENDER,3777,Kavya,Verma,user2776@example.com,9876502776,,2015-06-28,Mumbai,107158
null_blank,Null values detected in column GENDER,GENDER,3778,Sameer,Joshi,user2777@example.com,9876502777,,1999-09-30,Kolkata,82603
null_blank,Null values detected in column GENDER,GENDER,3779,Arjun,Singh,user2778@example.com,9876502778,,2012-01-07,Mumbai,64012
null_blank,Null values detected in column GENDER,GENDER,3780,Priya,Mehta,user2779@example.com,9876502779,,2011-09-07,Kolkata,87850
null_blank,Null values detected in column GENDER,GENDER,3781,Amit,Kumar,invalid@,9876502780,,2010-03-26,Chennai,55350
null_blank,Null values detected in column GENDER,GENDER,3783,Sneha,Singh,user2782@example.com,9876502782,,2002-03-29,Delhi,58801
null_blank,Null values detected in column GENDER,GENDER,3786,Rakesh,Kumar,user2785@example.com,9876502785,,1984-09-28,Mumbai,69462
null_blank,Null values detected in column GENDER,GENDER,3787,Sneha,Verma,user2786@example.com,9876502786,,1985-05-17,Delhi,75081
null_blank,Null values detected in column GENDER,GENDER,3789,Sameer,Mehta,user2788@example.com,9876502788,,2005-11-21,Hyderabad,74325
null_blank,Null values detected in column GENDER,GENDER,3794,Sneha,Verma,user2793@example.com,9876502793,,1996-12-01,Chennai,73315
null_blank,Null values detected in column GENDER,GENDER,3798,Priya,Verma,user2797@example.com,9876502797,,1987-09-03,Hyderabad,49192
null_blank,Null values detected in column GENDER,GENDER,3800,Sameer,Gupta,user2799@example.com,9876502799,,1994-12-15,Delhi,46085
null_blank,Null values detected in column GENDER,GENDER,3802,Sameer,Rao,user2801@example.com,9876502801,,1983-09-09,Bangalore,62370
null_blank,Null values detected in column GENDER,GENDER,3803,Anjali,Mehta,user2802@example.com,9876502802,,1974-09-27,Delhi,44873
null_blank,Null values detected in column GENDER,GENDER,3804,Sameer,Joshi,user2803@example.com,9876502803,,1979-05-18,Mumbai,89156
null_blank,Null values detected in column GENDER,GENDER,3805,Vijay,Joshi,user2804@example.com,9876502804,,1986-08-07,Chennai,73545
null_blank,Null values detected in column GENDER,GENDER,3806,Neha,Verma,user2805@example.com,9876502805,,1976-01-17,Mumbai,1000
null_blank,Null values detected in column GENDER,GENDER,3811,Sameer,Patel,user2810@example.com,9876502810,,2013-02-18,Kolkata,74401
null_blank,Null values detected in column GENDER,GENDER,3813,Sneha,Sharma,user2812@example.com,9876502812,,2005-02-03,Ahmedabad,91653
null_blank,Null values detected in column GENDER,GENDER,3815,Rakesh,Gupta,user2814@example.com,9876502814,,2009-04-28,Ahmedabad,73833
null_blank,Null values detected in column GENDER,GENDER,3818,Arjun,Joshi,user2817@example.com,9876502817,,2002-01-25,Pune,71473
null_blank,Null values detected in column GENDER,GENDER,3819,Vijay,Patel,user2818@example.com,9876502818,,1970-07-08,Chennai,77039
null_blank,Null values detected in column GENDER,GENDER,3820,Arjun,Kumar,user2819@example.com,9876502819,,1995-10-11,Ahmedabad,76006
null_blank,Null values detected in column GENDER,GENDER,3823,Vijay,Joshi,user2822@example.com,9876502822,,1988-06-21,Kolkata,35089
null_blank,Null values detected in column GENDER,GENDER,3828,Neha,Rao,user2827@example.com,9876502827,,1982-08-18,Chennai,48470
null_blank,Null values detected in column GENDER,GENDER,3830,Sneha,Mehta,user2829@example.com,9876502829,,2013-04-05,Hyderabad,47168
null_blank,Null values detected in column GENDER,GENDER,3831,Kavya,Sharma,user2830@example.com,9876502830,,2009-11-17,Kolkata,69293
null_blank,Null values detected in column GENDER,GENDER,3833,Priya,Reddy,user2832@example.com,9876502832,,2001-05-05,Pune,47581
null_blank,Null values detected in column GENDER,GENDER,3835,Sneha,Gupta,user2834@example.com,9876502834,,2000-02-11,Pune,49774
null_blank,Null values detected in column GENDER,GENDER,3836,Amit,Rao,user2835@example.com,9876502835,,1970-02-03,Kolkata,1000
null_blank,Null values detected in column GENDER,GENDER,3839,Kavya,Kumar,user2838@example.com,9876502838,,1998-06-04,Kolkata,97121
null_blank,Null values detected in column GENDER,GENDER,3844,Rakesh,Mehta,user2843@example.com,9876502843,,2014-06-25,Hyderabad,92425
null_blank,Null values detected in column GENDER,GENDER,3846,Arjun,Kumar,user2845@example.com,9876502845,,1974-03-28,Pune,59299
null_blank,Null values detected in column GENDER,GENDER,3847,Rakesh,Joshi,user2846@example.com,9876502846,,2016-02-15,Hyderabad,77952
null_blank,Null values detected in column GENDER,GENDER,3851,Sameer,Reddy,user2850@example.com,,,2007-02-06,Ahmedabad,1000000
null_blank,Null values detected in column GENDER,GENDER,3853,Kavya,Reddy,user2852@example.com,9876502852,,1979-10-07,Chennai,68004
null_blank,Null values detected in column GENDER,GENDER,3854,Sneha,Patel,user2853@example.com,9876502853,,1980-10-13,Chennai,85394
null_blank,Null values detected in column GENDER,GENDER,3855,Arjun,Verma,user2854@example.com,9876502854,,1974-01-11,Bangalore,74725
null_blank,Null values detected in column GENDER,GENDER,3858,Sneha,Gupta,user2857@example.com,9876502857,,1990-05-20,Chennai,40202
null_blank,Null values detected in column GENDER,GENDER,3860,Vijay,Joshi,user2859@example.com,9876502859,,1976-07-20,Kolkata,87177
null_blank,Null values detected in column GENDER,GENDER,3862,Anjali,Reddy,user2861@example.com,9876502861,,1972-09-03,Chennai,100718
null_blank,Null values detected in column GENDER,GENDER,3863,Neha,Verma,user2862@example.com,9876502862,,1998-07-30,Hyderabad,83475
null_blank,Null values detected in column GENDER,GENDER,3864,Priya,Mehta,user2863@example.com,9876502863,,1981-02-20,Bangalore,62160
null_blank,Null values detected in column GENDER,GENDER,3865,Sneha,Kumar,user2864@example.com,9876502864,,1997-02-03,Hyderabad,44716
null_blank,Null values detected in column GENDER,GENDER,3866,Rakesh,Reddy,user2865@example.com,9876502865,,2017-03-30,Pune,1000
null_blank,Null values detected in column GENDER,GENDER,3868,Priya,Singh,user2867@example.com,9876502867,,2004-11-22,Kolkata,80996
null_blank,Null values detected in column GENDER,GENDER,3870,Vijay,Reddy,user2869@example.com,9876502869,,2011-04-21,Hyderabad,88726
null_blank,Null values detected in column GENDER,GENDER,3871,Sameer,Joshi,user2870@example.com,9876502870,,2002-01-12,Bangalore,34525
null_blank,Null values detected in column GENDER,GENDER,3873,Amit,Mehta,user2872@example.com,9876502872,,1977-03-06,Hyderabad,47563
null_blank,Null values detected in column GENDER,GENDER,3874,Amit,Gupta,user2873@example.com,9876502873,,1976-12-04,Delhi,72282
null_blank,Null values detected in column GENDER,GENDER,3876,Priya,Verma,user2875@example.com,123,,2010-05-12,Kolkata,87564
null_blank,Null values detected in column GENDER,GENDER,3878,Priya,Singh,user2877@example.com,9876502877,,1998-03-09,Mumbai,111374
null_blank,Null values detected in column GENDER,GENDER,3880,Sneha,Kumar,user2879@example.com,9876502879,,1997-11-26,Delhi,67783
null_blank,Null values detected in column GENDER,GENDER,3886,Amit,Patel,user2885@example.com,9876502885,,1988-09-06,Delhi,56741
null_blank,Null values detected in column GENDER,GENDER,3891,Kavya,Kumar,user2890@example.com,9876502890,,2000-08-11,Delhi,37803
null_blank,Null values detected in column GENDER,GENDER,3892,Arjun,Singh,user2891@example.com,9876502891,,1994-07-17,Delhi,73037
null_blank,Null values detected in column GENDER,GENDER,3898,Arjun,Gupta,user2897@example.com,9876502897,,1995-12-09,Hyderabad,48000
null_blank,Null values detected in column GENDER,GENDER,3900,Arjun,Patel,user2899@example.com,9876502899,,2000-03-04,Pune,73991
null_blank,Null values detected in column GENDER,GENDER,3903,Sameer,Gupta,user2902@example.com,9876502902,,2012-01-05,Ahmedabad,114134
null_blank,Null values detected in column GENDER,GENDER,3905,Sneha,Verma,user2904@example.com,9876502904,,2005-12-08,Pune,40430
null_blank,Null values detected in column GENDER,GENDER,3908,Arjun,Sharma,user2907@example.com,9876502907,,1971-12-11,Ahmedabad,59825
null_blank,Null values detected in column GENDER,GENDER,3909,Arjun,Sharma,user2908@example.com,9876502908,,1989-02-22,Mumbai,54899
null_blank,Null values detected in column GENDER,GENDER,3910,Sneha,Sharma,user2909@example.com,9876502909,,1972-01-09,Delhi,78845
null_blank,Null values detected in column GENDER,GENDER,3912,Arjun,Sharma,user2911@example.com,9876502911,,2010-03-24,Pune,33422
null_blank,Null values detected in column GENDER,GENDER,3916,Rakesh,Kumar,user2915@example.com,9876502915,,2005-11-18,Delhi,95416
null_blank,Null values detected in column GENDER,GENDER,3917,Arjun,Verma,user2916@example.com,9876502916,,1992-06-15,Bangalore,82513
null_blank,Null values detected in column GENDER,GENDER,3918,Anjali,Mehta,user2917@example.com,9876502917,,1983-11-30,Mumbai,51568
null_blank,Null values detected in column GENDER,GENDER,3930,Amit,Reddy,user2929@example.com,9876502929,,invalid,Ahmedabad,63289
null_blank,Null values detected in column GENDER,GENDER,3932,Vijay,Rao,user2931@example.com,9876502931,,1999-10-20,Pune,65120
null_blank,Null values detected in column GENDER,GENDER,3937,Sameer,Joshi,user2936@example.com,9876502936,,2005-04-14,Kolkata,67661
null_blank,Null values detected in column GENDER,GENDER,3938,Sneha,Singh,user2937@example.com,9876502937,,1984-03-30,Pune,44932
null_blank,Null values detected in column GENDER,GENDER,3940,Rakesh,Reddy,user2939@example.com,9876502939,,2002-07-14,Pune,97784
null_blank,Null values detected in column GENDER,GENDER,3942,Anjali,Gupta,user2941@example.com,9876502941,,1982-03-02,Pune,75184
null_blank,Null values detected in column GENDER,GENDER,3944,Anjali,Joshi,user2943@example.com,9876502943,,1993-05-02,Pune,27178
null_blank,Null values detected in column GENDER,GENDER,3945,Rakesh,Mehta,user2944@example.com,9876502944,,1997-10-02,Pune,62922
null_blank,Null values detected in column GENDER,GENDER,3947,Vijay,Sharma,user2946@example.com,9876502946,,1972-01-17,Mumbai,58325
null_blank,Null values detected in column GENDER,GENDER,3950,Arjun,Rao,user2949@example.com,9876502949,,1996-03-21,Hyderabad,88072
null_blank,Null values detected in column GENDER,GENDER,3955,Neha,Sharma,user2954@example.com,9876502954,,2012-05-13,Chennai,59883
null_blank,Null values detected in column GENDER,GENDER,3959,Rakesh,Verma,user2958@example.com,9876502958,,2009-04-23,Ahmedabad,79812
null_blank,Null values detected in column GENDER,GENDER,3965,Anjali,Kumar,user2964@example.com,9876502964,,1990-12-17,Hyderabad,33675
null_blank,Null values detected in column GENDER,GENDER,3966,Sameer,Joshi,user2965@example.com,9876502965,,1984-10-31,Hyderabad,65413
null_blank,Null values detected in column GENDER,GENDER,3971,Anjali,Patel,user2970@example.com,9876502970,,2015-08-02,Kolkata,867456
null_blank,Null values detected in column GENDER,GENDER,3973,Sameer,Mehta,user2972@example.com,9876502972,,1983-08-15,Ahmedabad,23097
null_blank,Null values detected in column GENDER,GENDER,3974,Anjali,Mehta,user2973@example.com,9876502973,,2004-11-01,Delhi,58463
null_blank,Null values detected in column GENDER,GENDER,3975,Kavya,Kumar,user2974@example.com,9876502974,,2012-05-13,Delhi,48221
null_blank,Null values detected in column GENDER,GENDER,3977,Priya,Gupta,user2976@example.com,9876502976,,2013-03-07,Hyderabad,34601
null_blank,Null values detected in column GENDER,GENDER,3979,Vijay,Kumar,user2978@example.com,9876502978,,1998-04-30,Kolkata,53501
null_blank,Null values detected in column GENDER,GENDER,3980,Amit,Verma,user2979@example.com,9876502979,,1989-09-20,Bangalore,104758
null_blank,Null values detected in column GENDER,GENDER,3983,Priya,Gupta,user2982@example.com,9876502982,,1985-05-13,Bangalore,60437
null_blank,Null values detected in column GENDER,GENDER,3985,Kavya,Patel,user2984@example.com,9876502984,,1984-05-30,Hyderabad,74705
null_blank,Null values detected in column GENDER,GENDER,3986,Priya,Rao,user2985@example.com,9876502985,,1993-08-14,Kolkata,1000
null_blank,Null values detected in column GENDER,GENDER,3987,Sameer,Joshi,user2986@example.com,9876502986,,2002-11-05,Ahmedabad,86085
null_blank,Null values detected in column GENDER,GENDER,3988,Sneha,Reddy,user2987@example.com,9876502987,,1999-08-02,Kolkata,57296
null_blank,Null values detected in column GENDER,GENDER,3989,Kavya,Patel,user2988@example.com,9876502988,,1994-12-08,Pune,79591
null_blank,Null values detected in column GENDER,GENDER,3992,Sameer,Patel,user2991@example.com,9876502991,,invalid,Delhi,73028
null_blank,Null values detected in column GENDER,GENDER,3994,Amit,Kumar,user2993@example.com,9876502993,,2008-01-09,Bangalore,64415
null_blank,Null values detected in column GENDER,GENDER,3995,Anjali,Gupta,user2994@example.com,9876502994,,1976-06-19,Hyderabad,67222
null_blank,Null values detected in column GENDER,GENDER,3998,Arjun,Verma,user2997@example.com,9876502997,,1974-03-28,Ahmedabad,52134
null_blank,Null values detected in column GENDER,GENDER,3999,Vijay,Verma,user2998@example.com,9876502998,,1992-08-28,Pune,67721
null_blank,Null values detected in column GENDER,GENDER,4009,Amit,Joshi,user3008@example.com,9876503008,,1974-04-17,Delhi,74206
null_blank,Null values detected in column GENDER,GENDER,4010,Vijay,Rao,user3009@example.com,9876503009,,1981-06-23,Chennai,52741
null_blank,Null values detected in column GENDER,GENDER,4016,Sameer,Sharma,user3015@example.com,9876503015,,1989-08-23,Delhi,1000
null_blank,Null values detected in column GENDER,GENDER,4017,Vijay,Sharma,user3016@example.com,9876503016,,1992-01-27,Chennai,53439
null_blank,Null values detected in column GENDER,GENDER,4020,Anjali,Mehta,user3019@example.com,9876503019,,1994-01-20,Delhi,64554
null_blank,Null values detected in column GENDER,GENDER,4026,Amit,Rao,user3025@example.com,123,,1983-12-28,Delhi,70463
null_blank,Null values detected in column GENDER,GENDER,4027,Kavya,Rao,user3026@example.com,9876503026,,2004-11-27,Pune,85863
null_blank,Null values detected in column GENDER,GENDER,4030,Amit,Rao,user3029@example.com,9876503029,,2050-01-01,Bangalore,73772
null_blank,Null values detected in column GENDER,GENDER,4032,Rakesh,Gupta,user3031@example.com,9876503031,,1975-08-16,Ahmedabad,71606
null_blank,Null values detected in column GENDER,GENDER,4033,Sneha,Singh,user3032@example.com,9876503032,,1991-04-04,Delhi,87207
null_blank,Null values detected in column GENDER,GENDER,4035,Arjun,Mehta,user3034@example.com,9876503034,,1970-03-25,Kolkata,82492
null_blank,Null values detected in column GENDER,GENDER,4037,Sameer,Joshi,user3036@example.com,9876503036,,2012-04-01,Delhi,85526
null_blank,Null values detected in column GENDER,GENDER,4038,Anjali,Sharma,user3037@example.com,9876503037,,1984-04-28,Delhi,48172
null_blank,Null values detected in column GENDER,GENDER,4039,Kavya,Joshi,user3038@example.com,9876503038,,1998-07-04,Bangalore,50484
null_blank,Null values detected in column GENDER,GENDER,4042,Arjun,Reddy,user3041@example.com,9876503041,,1995-06-09,Ahmedabad,59087
null_blank,Null values detected in column GENDER,GENDER,4044,Rakesh,Joshi,user3043@example.com,9876503043,,1977-12-04,Delhi,25352
null_blank,Null values detected in column GENDER,GENDER,4045,Sneha,Kumar,user3044@example.com,9876503044,,1979-05-11,Pune,112766
null_blank,Null values detected in column GENDER,GENDER,4051,Neha,Reddy,user3050@example.com,,,2004-08-20,Hyderabad,46796
null_blank,Null values detected in column GENDER,GENDER,4054,Rakesh,Kumar,user3053@example.com,9876503053,,1985-06-22,Hyderabad,75521
null_blank,Null values detected in column GENDER,GENDER,4055,Sneha,Joshi,user3054@example.com,9876503054,,1974-12-12,Kolkata,49715
null_blank,Null values detected in column GENDER,GENDER,4058,Neha,Joshi,user3057@example.com,9876503057,,2014-06-02,Kolkata,56710
null_blank,Null values detected in column GENDER,GENDER,4063,Kavya,Rao,user3062@example.com,9876503062,,2014-06-04,Delhi,112532
null_blank,Null values detected in column GENDER,GENDER,4064,Priya,Kumar,user3063@example.com,9876503063,,2004-06-23,Kolkata,49263
null_blank,Null values detected in column GENDER,GENDER,4065,Rakesh,Sharma,user3064@example.com,9876503064,,1972-03-03,Ahmedabad,50808
null_blank,Null values detected in column GENDER,GENDER,4070,Anjali,Singh,user3069@example.com,9876503069,,2006-11-23,Pune,56278
null_blank,Null values detected in column GENDER,GENDER,4072,Sameer,Kumar,user3071@example.com,9876503071,,1986-04-28,Kolkata,87878
null_blank,Null values detected in column GENDER,GENDER,4073,Amit,Kumar,user3072@example.com,9876503072,,2002-12-27,Delhi,99704
null_blank,Null values detected in column GENDER,GENDER,4075,Neha,Sharma,user3074@example.com,9876503074,,1970-11-10,Delhi,63130
null_blank,Null values detected in column GENDER,GENDER,4079,Neha,Sharma,user3078@example.com,9876503078,,1977-06-04,Delhi,30633
null_blank,Null values detected in column GENDER,GENDER,4080,Arjun,Gupta,user3079@example.com,9876503079,,2004-04-23,Chennai,93046
null_blank,Null values detected in column GENDER,GENDER,4081,Priya,Gupta,,9876503080,,1998-09-11,Pune,94937
null_blank,Null values detected in column GENDER,GENDER,4082,Neha,Kumar,user3081@example.com,9876503081,,1991-09-28,Pune,89745
null_blank,Null values detected in column GENDER,GENDER,4085,Vijay,Patel,user3084@example.com,9876503084,,1980-05-07,Hyderabad,85507
null_blank,Null values detected in column GENDER,GENDER,4086,Arjun,Singh,user3085@example.com,9876503085,,1985-06-25,Hyderabad,65319
null_blank,Null values detected in column GENDER,GENDER,4089,Rakesh,Reddy,user3088@example.com,9876503088,,1973-03-18,Pune,48472
null_blank,Null values detected in column GENDER,GENDER,4092,Sameer,Kumar,user3091@example.com,9876503091,,1975-10-31,Kolkata,62946
null_blank,Null values detected in column GENDER,GENDER,4095,Sameer,Verma,user3094@example.com,9876503094,,1987-04-28,Hyderabad,78376
null_blank,Null values detected in column GENDER,GENDER,4097,Arjun,Gupta,user3096@example.com,9876503096,,2009-09-22,Ahmedabad,70638
null_blank,Null values detected in column GENDER,GENDER,4099,Rakesh,Singh,user3098@example.com,9876503098,,1975-05-15,Mumbai,105176
null_blank,Null values detected in column GENDER,GENDER,4101,Neha,Kumar,invalid@,,,2008-06-03,Mumbai,45768
null_blank,Null values detected in column GENDER,GENDER,4103,Arjun,Singh,user3102@example.com,9876503102,,1982-11-11,Mumbai,60827
null_blank,Null values detected in column GENDER,GENDER,4105,Sameer,Sharma,user3104@example.com,9876503104,,1973-11-20,Mumbai,48460
null_blank,Null values detected in column GENDER,GENDER,4107,Neha,Singh,user3106@example.com,9876503106,,2008-11-23,Kolkata,63778
null_blank,Null values detected in column GENDER,GENDER,4108,Sameer,Patel,user3107@example.com,9876503107,,2004-07-21,Bangalore,69350
null_blank,Null values detected in column GENDER,GENDER,4112,Sneha,Gupta,user3111@example.com,9876503111,,1984-03-26,Kolkata,77159
null_blank,Null values detected in column GENDER,GENDER,4113,Priya,Patel,user3112@example.com,9876503112,,2000-11-10,Pune,74560
null_blank,Null values detected in column GENDER,GENDER,4117,Sameer,Mehta,user3116@example.com,9876503116,,1994-04-05,Pune,95604
null_blank,Null values detected in column GENDER,GENDER,4118,Rakesh,Kumar,user3117@example.com,9876503117,,2013-02-26,Pune,83532
null_blank,Null values detected in column GENDER,GENDER,4120,Rakesh,Joshi,user3119@example.com,9876503119,,1985-11-18,Ahmedabad,87156
null_blank,Null values detected in column GENDER,GENDER,4121,Sneha,Gupta,,9876503120,,invalid,Delhi,715259
null_blank,Null values detected in column GENDER,GENDER,4123,Arjun,Mehta,user3122@example.com,9876503122,,1978-11-10,Bangalore,114911
null_blank,Null values detected in column GENDER,GENDER,4124,Rakesh,Patel,user3123@example.com,9876503123,,2015-07-19,Mumbai,69931
null_blank,Null values detected in column GENDER,GENDER,4127,Sameer,Verma,user3126@example.com,9876503126,,2012-11-17,Mumbai,60134
null_blank,Null values detected in column GENDER,GENDER,4129,Kavya,Sharma,user3128@example.com,9876503128,,1980-12-12,Kolkata,56257
null_blank,Null values detected in column GENDER,GENDER,4132,Rakesh,Reddy,user3131@example.com,9876503131,,2004-11-30,Mumbai,23432
null_blank,Null values detected in column GENDER,GENDER,4134,Amit,Reddy,user3133@example.com,9876503133,,2018-12-14,Pune,84110
null_blank,Null values detected in column GENDER,GENDER,4137,Sneha,Patel,user3136@example.com,9876503136,,1999-11-04,Mumbai,66971
null_blank,Null values detected in column GENDER,GENDER,4139,Vijay,Mehta,user3138@example.com,9876503138,,1984-09-22,Pune,51043
null_blank,Null values detected in column GENDER,GENDER,4144,Sameer,Rao,user3143@example.com,9876503143,,2017-10-03,Ahmedabad,42746
null_blank,Null values detected in column GENDER,GENDER,4146,Neha,Sharma,user3145@example.com,9876503145,,1980-01-08,Delhi,82911
null_blank,Null values detected in column GENDER,GENDER,4149,Anjali,Joshi,user3148@example.com,9876503148,,1997-08-11,Hyderabad,57542
null_blank,Null values detected in column GENDER,GENDER,4150,Neha,Patel,user3149@example.com,9876503149,,1990-06-17,Pune,54066
null_blank,Null values detected in column GENDER,GENDER,4151,Priya,Kumar,user3150@example.com,,,2012-09-13,Chennai,800602
null_blank,Null values detected in column GENDER,GENDER,4152,Arjun,Gupta,user3151@example.com,9876503151,,2015-06-20,Pune,62138
null_blank,Null values detected in column GENDER,GENDER,4153,Sneha,Gupta,user3152@example.com,9876503152,,1996-12-01,Bangalore,57257
null_blank,Null values detected in column GENDER,GENDER,4155,Vijay,Gupta,user3154@example.com,9876503154,,2007-01-24,Pune,83311
null_blank,Null values detected in column GENDER,GENDER,4156,Sameer,Sharma,user3155@example.com,9876503155,,1997-03-29,Bangalore,85730
null_blank,Null values detected in column GENDER,GENDER,4157,Kavya,Verma,user3156@example.com,9876503156,,1994-09-19,Hyderabad,68226
null_blank,Null values detected in column GENDER,GENDER,4158,Arjun,Gupta,user3157@example.com,9876503157,,1976-12-11,Kolkata,41682
null_blank,Null values detected in column GENDER,GENDER,4159,Sameer,Singh,user3158@example.com,9876503158,,1976-11-30,Chennai,71051
null_blank,Null values detected in column GENDER,GENDER,4162,Sameer,Singh,user3161@example.com,9876503161,,1983-05-20,Bangalore,82631
null_blank,Null values detected in column GENDER,GENDER,4167,Sneha,Singh,user3166@example.com,9876503166,,2014-01-25,Mumbai,33638
null_blank,Null values detected in column GENDER,GENDER,4168,Neha,Mehta,user3167@example.com,9876503167,,1986-09-18,Bangalore,61619
null_blank,Null values detected in column GENDER,GENDER,4169,Arjun,Mehta,user3168@example.com,9876503168,,1973-02-16,Pune,53724
null_blank,Null values detected in column GENDER,GENDER,4170,Arjun,Verma,user3169@example.com,9876503169,,2004-11-04,Hyderabad,36562
null_blank,Null values detected in column GENDER,GENDER,4171,Arjun,Sharma,user3170@example.com,9876503170,,1988-11-20,Chennai,77437
null_blank,Null values detected in column GENDER,GENDER,4172,Arjun,Gupta,user3171@example.com,9876503171,,2019-03-17,Mumbai,65016
null_blank,Null values detected in column GENDER,GENDER,4174,Sameer,Reddy,user3173@example.com,9876503173,,2005-05-13,Kolkata,95923
null_blank,Null values detected in column GENDER,GENDER,4176,Sameer,Kumar,user3175@example.com,123,,2003-02-23,Ahmedabad,52682
null_blank,Null values detected in column GENDER,GENDER,4179,Kavya,Verma,user3178@example.com,9876503178,,2050-01-01,Mumbai,86837
null_blank,Null values detected in column GENDER,GENDER,4187,Kavya,Kumar,user3186@example.com,9876503186,,2002-08-30,Pune,80227
null_blank,Null values detected in column GENDER,GENDER,4189,Sneha,Rao,user3188@example.com,9876503188,,2006-04-30,Ahmedabad,81232
null_blank,Null values detected in column GENDER,GENDER,4194,Sameer,Gupta,user3193@example.com,9876503193,,1985-05-17,Delhi,69241
null_blank,Null values detected in column GENDER,GENDER,4196,Sneha,Rao,user3195@example.com,9876503195,,2010-08-19,Delhi,1000
null_blank,Null values detected in column GENDER,GENDER,4199,Sneha,Verma,user3198@example.com,9876503198,,2001-11-15,Hyderabad,93005
null_blank,Null values detected in column GENDER,GENDER,4202,Sameer,Mehta,user3201@example.com,9876503201,,2000-12-24,Hyderabad,47922
null_blank,Null values detected in column GENDER,GENDER,4203,Arjun,Joshi,user3202@example.com,9876503202,,2000-05-06,Hyderabad,78963
null_blank,Null values detected in column GENDER,GENDER,4206,Rakesh,Reddy,user3205@example.com,9876503205,,1996-07-07,Pune,87216
null_blank,Null values detected in column GENDER,GENDER,4208,Rakesh,Verma,user3207@example.com,9876503207,,1998-08-17,Bangalore,65480
null_blank,Null values detected in column GENDER,GENDER,4209,Sneha,Singh,user3208@example.com,9876503208,,2005-10-08,Kolkata,72822
null_blank,Null values detected in column GENDER,GENDER,4210,Sneha,Gupta,user3209@example.com,9876503209,,1988-09-05,Hyderabad,45798
null_blank,Null values detected in column GENDER,GENDER,4211,Rakesh,Kumar,user3210@example.com,9876503210,,2004-03-20,Delhi,378222
null_blank,Null values detected in column GENDER,GENDER,4212,Vijay,Patel,user3211@example.com,9876503211,,2009-01-07,Pune,70595
null_blank,Null values detected in column GENDER,GENDER,4213,Arjun,Singh,user3212@example.com,9876503212,,1998-05-31,Mumbai,50161
null_blank,Null values detected in column GENDER,GENDER,4215,Sameer,Patel,user3214@example.com,9876503214,,1988-02-08,Mumbai,80379
null_blank,Null values detected in column GENDER,GENDER,4216,Kavya,Singh,user3215@example.com,9876503215,,2014-07-21,Delhi,95336
null_blank,Null values detected in column GENDER,GENDER,4218,Amit,Joshi,user3217@example.com,9876503217,,2018-03-15,Delhi,41308
null_blank,Null values detected in column GENDER,GENDER,4220,Kavya,Rao,user3219@example.com,9876503219,,1976-02-18,Delhi,58810
null_blank,Null values detected in column GENDER,GENDER,4222,Priya,Rao,user3221@example.com,9876503221,,2004-07-15,Ahmedabad,66702
null_blank,Null values detected in column GENDER,GENDER,4224,Sneha,Sharma,user3223@example.com,9876503223,,2010-07-13,Ahmedabad,60346
null_blank,Null values detected in column GENDER,GENDER,4225,Sameer,Patel,user3224@example.com,9876503224,,2005-01-12,Pune,84762
null_blank,Null values detected in column GENDER,GENDER,4226,Kavya,Reddy,user3225@example.com,123,,2009-07-16,Delhi,1000
null_blank,Null values detected in column GENDER,GENDER,4227,Sameer,Kumar,user3226@example.com,9876503226,,2012-11-09,Delhi,58534
null_blank,Null values detected in column GENDER,GENDER,4231,Arjun,Joshi,user3230@example.com,9876503230,,1989-08-01,Bangalore,71628
null_blank,Null values detected in column GENDER,GENDER,4232,Amit,Gupta,user3231@example.com,9876503231,,2019-03-30,Mumbai,50808
null_blank,Null values detected in column GENDER,GENDER,4234,Anjali,Rao,user3233@example.com,9876503233,,2017-01-25,Ahmedabad,35061
null_blank,Null values detected in column GENDER,GENDER,4235,Priya,Reddy,user3234@example.com,9876503234,,1999-09-17,Bangalore,33571
null_blank,Null values detected in column GENDER,GENDER,4236,Kavya,Kumar,user3235@example.com,9876503235,,1992-09-28,Mumbai,41383
null_blank,Null values detected in column GENDER,GENDER,4237,Kavya,Rao,user3236@example.com,9876503236,,2005-05-15,Mumbai,59971
null_blank,Null values detected in column GENDER,GENDER,4241,Amit,Sharma,,9876503240,,2011-04-20,Hyderabad,693743
null_blank,Null values detected in column GENDER,GENDER,4242,Sameer,Sharma,user3241@example.com,9876503241,,2050-01-01,Delhi,95719
null_blank,Null values detected in column GENDER,GENDER,4243,Sneha,Kumar,user3242@example.com,9876503242,,2009-03-24,Kolkata,66116
null_blank,Null values detected in column GENDER,GENDER,4246,Amit,Singh,user3245@example.com,9876503245,,2016-11-20,Pune,101733
null_blank,Null values detected in column GENDER,GENDER,4247,Priya,Sharma,user3246@example.com,9876503246,,1997-03-02,Hyderabad,80291
null_blank,Null values detected in column GENDER,GENDER,4248,Amit,Gupta,user3247@example.com,9876503247,,1983-06-06,Delhi,42777
null_blank,Null values detected in column GENDER,GENDER,4252,Arjun,Verma,user3251@example.com,9876503251,,1986-03-07,Chennai,78206
null_blank,Null values detected in column GENDER,GENDER,4254,Rakesh,Mehta,user3253@example.com,9876503253,,invalid,Bangalore,49939
null_blank,Null values detected in column GENDER,GENDER,4257,Rakesh,Patel,user3256@example.com,9876503256,,2018-09-21,Delhi,40199
null_blank,Null values detected in column GENDER,GENDER,4260,Vijay,Joshi,user3259@example.com,9876503259,,2017-08-28,Hyderabad,57286
null_blank,Null values detected in column GENDER,GENDER,4268,Sneha,Kumar,user3267@example.com,9876503267,,1983-06-09,Bangalore,89598
null_blank,Null values detected in column GENDER,GENDER,4269,Priya,Joshi,user3268@example.com,9876503268,,2001-12-22,Hyderabad,60547
null_blank,Null values detected in column GENDER,GENDER,4270,Neha,Joshi,user3269@example.com,9876503269,,1978-10-31,Mumbai,61601
null_blank,Null values detected in column GENDER,GENDER,4276,Sneha,Rao,user3275@example.com,123,,1978-07-04,Kolkata,90199
null_blank,Null values detected in column GENDER,GENDER,4279,Amit,Rao,user3278@example.com,9876503278,,2000-01-05,Ahmedabad,53083
null_blank,Null values detected in column GENDER,GENDER,4281,Kavya,Kumar,,9876503280,,1977-01-28,Hyderabad,53890
null_blank,Null values detected in column GENDER,GENDER,4282,Amit,Singh,user3281@example.com,9876503281,,1983-07-14,Pune,54827
null_blank,Null values detected in column GENDER,GENDER,4292,Anjali,Rao,user3291@example.com,9876503291,,2013-06-28,Bangalore,50916
null_blank,Null values detected in column GENDER,GENDER,4296,Arjun,Singh,user3295@example.com,9876503295,,1976-10-05,Ahmedabad,50621
null_blank,Null values detected in column GENDER,GENDER,4297,Amit,Reddy,user3296@example.com,9876503296,,2010-08-15,Pune,67791
null_blank,Null values detected in column GENDER,GENDER,4299,Kavya,Sharma,user3298@example.com,9876503298,,1998-12-04,Ahmedabad,56507
null_blank,Null values detected in column GENDER,GENDER,4300,Sneha,Joshi,user3299@example.com,9876503299,,1996-10-13,Mumbai,50675
null_blank,Null values detected in column GENDER,GENDER,4301,Vijay,Singh,invalid@,,,2013-10-25,Pune,682781
null_blank,Null values detected in column GENDER,GENDER,4304,Vijay,Kumar,user3303@example.com,9876503303,,1980-09-12,Bangalore,56893
null_blank,Null values detected in column GENDER,GENDER,4305,Vijay,Kumar,user3304@example.com,9876503304,,1980-03-20,Ahmedabad,25640
null_blank,Null values detected in column GENDER,GENDER,4306,Arjun,Kumar,user3305@example.com,9876503305,,2011-11-05,Mumbai,64391
null_blank,Null values detected in column GENDER,GENDER,4310,Neha,Verma,user3309@example.com,9876503309,,2006-11-26,Pune,70075
null_blank,Null values detected in column GENDER,GENDER,4311,Neha,Rao,user3310@example.com,9876503310,,2001-02-15,Hyderabad,75539
null_blank,Null values detected in column GENDER,GENDER,4312,Kavya,Joshi,user3311@example.com,9876503311,,1997-06-05,Pune,55172
null_blank,Null values detected in column GENDER,GENDER,4313,Sameer,Gupta,user3312@example.com,9876503312,,2010-08-02,Kolkata,62156
null_blank,Null values detected in column GENDER,GENDER,4314,Sameer,Gupta,user3313@example.com,9876503313,,2007-04-18,Pune,75107
null_blank,Null values detected in column GENDER,GENDER,4319,Rakesh,Rao,user3318@example.com,9876503318,,1989-01-01,Kolkata,75655
null_blank,Null values detected in column GENDER,GENDER,4320,Arjun,Mehta,user3319@example.com,9876503319,,2016-07-25,Chennai,48631
null_blank,Null values detected in column GENDER,GENDER,4323,Anjali,Reddy,user3322@example.com,9876503322,,1970-06-20,Hyderabad,102592
null_blank,Null values detected in column GENDER,GENDER,4327,Amit,Gupta,user3326@example.com,9876503326,,1992-06-06,Delhi,79941
null_blank,Null values detected in column GENDER,GENDER,4328,Anjali,Patel,user3327@example.com,9876503327,,1976-01-08,Chennai,88778
null_blank,Null values detected in column GENDER,GENDER,4329,Amit,Gupta,user3328@example.com,9876503328,,2017-04-29,Chennai,74448
null_blank,Null values detected in column GENDER,GENDER,4332,Rakesh,Rao,user3331@example.com,9876503331,,1991-03-27,Pune,73439
null_blank,Null values detected in column GENDER,GENDER,4334,Sneha,Reddy,user3333@example.com,9876503333,,1975-08-29,Ahmedabad,78672
null_blank,Null values detected in column GENDER,GENDER,4335,Arjun,Gupta,user3334@example.com,9876503334,,1997-05-30,Ahmedabad,63109
null_blank,Null values detected in column GENDER,GENDER,4337,Vijay,Verma,user3336@example.com,9876503336,,2050-01-01,Mumbai,77322
null_blank,Null values detected in column GENDER,GENDER,4338,Vijay,Joshi,user3337@example.com,9876503337,,1998-01-20,Mumbai,77699
null_blank,Null values detected in column GENDER,GENDER,4340,Neha,Reddy,user3339@example.com,9876503339,,2004-08-28,Delhi,113375
null_blank,Null values detected in column GENDER,GENDER,4341,Sameer,Sharma,invalid@,9876503340,,invalid,Delhi,70077
null_blank,Null values detected in column GENDER,GENDER,4343,Rakesh,Reddy,user3342@example.com,9876503342,,2050-01-01,Bangalore,66180
null_blank,Null values detected in column GENDER,GENDER,4345,Arjun,Reddy,user3344@example.com,9876503344,,2007-08-24,Chennai,80657
null_blank,Null values detected in column GENDER,GENDER,4346,Rakesh,Reddy,user3345@example.com,9876503345,,1980-07-08,Kolkata,1000
null_blank,Null values detected in column GENDER,GENDER,4349,Vijay,Rao,user3348@example.com,9876503348,,2004-12-16,Kolkata,58353
null_blank,Null values detected in column GENDER,GENDER,4350,Sameer,Gupta,user3349@example.com,9876503349,,1981-11-18,Kolkata,70357
null_blank,Null values detected in column GENDER,GENDER,4351,Kavya,Singh,user3350@example.com,,,1970-08-27,Chennai,65965
null_blank,Null values detected in column GENDER,GENDER,4354,Amit,Kumar,user3353@example.com,9876503353,,1990-03-25,Hyderabad,93596
null_blank,Null values detected in column GENDER,GENDER,4356,Kavya,Kumar,user3355@example.com,9876503355,,1990-11-09,Kolkata,88460
null_blank,Null values detected in column GENDER,GENDER,4359,Kavya,Gupta,user3358@example.com,9876503358,,2008-02-13,Kolkata,69862
null_blank,Null values detected in column GENDER,GENDER,4364,Sneha,Sharma,user3363@example.com,9876503363,,2011-09-18,Ahmedabad,92504
null_blank,Null values detected in column GENDER,GENDER,4366,Arjun,Patel,user3365@example.com,9876503365,,1992-12-22,Mumbai,50617
null_blank,Null values detected in column GENDER,GENDER,4367,Neha,Joshi,user3366@example.com,9876503366,,1992-11-30,Bangalore,113939
null_blank,Null values detected in column GENDER,GENDER,4368,Amit,Singh,user3367@example.com,9876503367,,1985-03-05,Delhi,54722
null_blank,Null values detected in column GENDER,GENDER,4369,Kavya,Sharma,user3368@example.com,9876503368,,1994-12-23,Pune,95487
null_blank,Null values detected in column GENDER,GENDER,4373,Amit,Gupta,user3372@example.com,9876503372,,invalid,Chennai,92809
null_blank,Null values detected in column GENDER,GENDER,4374,Neha,Singh,user3373@example.com,9876503373,,1981-09-03,Kolkata,53514
null_blank,Null values detected in column GENDER,GENDER,4378,Rakesh,Mehta,user3377@example.com,9876503377,,1987-04-28,Ahmedabad,72419
null_blank,Null values detected in column GENDER,GENDER,4387,Arjun,Rao,user3386@example.com,9876503386,,1973-04-23,Kolkata,87648
null_blank,Null values detected in column GENDER,GENDER,4389,Priya,Singh,user3388@example.com,9876503388,,1973-01-18,Pune,106961
null_blank,Null values detected in column GENDER,GENDER,4391,Rakesh,Verma,user3390@example.com,9876503390,,2001-06-29,Ahmedabad,248116
null_blank,Null values detected in column GENDER,GENDER,4398,Priya,Rao,user3397@example.com,9876503397,,1993-03-23,Pune,81545
null_blank,Null values detected in column GENDER,GENDER,4399,Arjun,Patel,user3398@example.com,9876503398,,2005-02-15,Pune,37555
null_blank,Null values detected in column GENDER,GENDER,4400,Neha,Mehta,user3399@example.com,9876503399,,1975-03-25,Bangalore,85529
null_blank,Null values detected in column GENDER,GENDER,4402,Sameer,Singh,user3401@example.com,9876503401,,invalid,Ahmedabad,96049
null_blank,Null values detected in column GENDER,GENDER,4406,Arjun,Rao,user3405@example.com,9876503405,,1999-05-08,Mumbai,1000
null_blank,Null values detected in column GENDER,GENDER,4407,Priya,Patel,user3406@example.com,9876503406,,1973-09-10,Ahmedabad,101456
null_blank,Null values detected in column GENDER,GENDER,4409,Sneha,Sharma,user3408@example.com,9876503408,,1997-02-04,Pune,64482
null_blank,Null values detected in column GENDER,GENDER,4411,Neha,Singh,user3410@example.com,9876503410,,1985-11-07,Chennai,62912
null_blank,Null values detected in column GENDER,GENDER,4413,Anjali,Kumar,user3412@example.com,9876503412,,2000-05-09,Bangalore,34837
null_blank,Null values detected in column GENDER,GENDER,4414,Priya,Rao,user3413@example.com,9876503413,,1987-12-26,Delhi,56899
null_blank,Null values detected in column GENDER,GENDER,4415,Arjun,Rao,user3414@example.com,9876503414,,2006-11-01,Hyderabad,32710
null_blank,Null values detected in column GENDER,GENDER,4416,Neha,Gupta,user3415@example.com,9876503415,,1994-03-28,Ahmedabad,44179
null_blank,Null values detected in column GENDER,GENDER,4420,Anjali,Joshi,user3419@example.com,9876503419,,1975-11-13,Delhi,79035
null_blank,Null values detected in column GENDER,GENDER,4432,Amit,Mehta,user3431@example.com,9876503431,,2050-01-01,Kolkata,49838
null_blank,Null values detected in column GENDER,GENDER,4435,Neha,Singh,user3434@example.com,9876503434,,2017-06-09,Ahmedabad,63415
null_blank,Null values detected in column GENDER,GENDER,4440,Neha,Rao,user3439@example.com,9876503439,,1991-05-27,Hyderabad,54541
null_blank,Null values detected in column GENDER,GENDER,4442,Vijay,Gupta,user3441@example.com,9876503441,,2015-07-26,Pune,34177
null_blank,Null values detected in column GENDER,GENDER,4443,Sneha,Patel,user3442@example.com,9876503442,,2017-11-24,Pune,57394
null_blank,Null values detected in column GENDER,GENDER,4444,Arjun,Sharma,user3443@example.com,9876503443,,1987-10-06,Hyderabad,70762
null_blank,Null values detected in column GENDER,GENDER,4448,Sneha,Verma,user3447@example.com,9876503447,,1989-06-03,Bangalore,67987
null_blank,Null values detected in column GENDER,GENDER,4451,Sneha,Reddy,user3450@example.com,,,1995-09-26,Chennai,544531
null_blank,Null values detected in column GENDER,GENDER,4452,Sameer,Sharma,user3451@example.com,9876503451,,1975-01-14,Delhi,47502
null_blank,Null values detected in column GENDER,GENDER,4453,Vijay,Sharma,user3452@example.com,9876503452,,1991-01-06,Pune,76755
null_blank,Null values detected in column GENDER,GENDER,4454,Kavya,Sharma,user3453@example.com,9876503453,,2001-08-10,Mumbai,38858
null_blank,Null values detected in column GENDER,GENDER,4458,Neha,Gupta,user3457@example.com,9876503457,,2008-12-17,Ahmedabad,53356
null_blank,Null values detected in column GENDER,GENDER,4459,Anjali,Verma,user3458@example.com,9876503458,,1999-03-14,Ahmedabad,43643
null_blank,Null values detected in column GENDER,GENDER,4461,Vijay,Kumar,invalid@,9876503460,,2000-07-21,Pune,97319
null_blank,Null values detected in column GENDER,GENDER,4462,Amit,Reddy,user3461@example.com,9876503461,,2006-05-31,Chennai,45611
null_blank,Null values detected in column GENDER,GENDER,4463,Rakesh,Reddy,user3462@example.com,9876503462,,2017-06-27,Kolkata,72082
null_blank,Null values detected in column GENDER,GENDER,4469,Arjun,Verma,user3468@example.com,9876503468,,1974-02-21,Pune,81743
null_blank,Null values detected in column GENDER,GENDER,4470,Anjali,Patel,user3469@example.com,9876503469,,1982-12-22,Pune,60118
null_blank,Null values detected in column GENDER,GENDER,4475,Vijay,Verma,user3474@example.com,9876503474,,2012-06-04,Delhi,107253
null_blank,Null values detected in column GENDER,GENDER,4477,Sameer,Gupta,user3476@example.com,9876503476,,1986-07-17,Pune,62623
null_blank,Null values detected in column GENDER,GENDER,4485,Priya,Gupta,user3484@example.com,9876503484,,2006-04-08,Mumbai,23394
null_blank,Null values detected in column GENDER,GENDER,4486,Sneha,Kumar,user3485@example.com,9876503485,,1986-04-11,Delhi,60368
null_blank,Null values detected in column GENDER,GENDER,4489,Vijay,Gupta,user3488@example.com,9876503488,,1977-08-11,Ahmedabad,60584
null_blank,Null values detected in column GENDER,GENDER,4490,Kavya,Kumar,user3489@example.com,9876503489,,2006-04-21,Ahmedabad,33086
null_blank,Null values detected in column GENDER,GENDER,4491,Anjali,Verma,user3490@example.com,9876503490,,invalid,Bangalore,95495
null_blank,Null values detected in column GENDER,GENDER,4493,Kavya,Patel,user3492@example.com,9876503492,,1994-11-25,Mumbai,75301
null_blank,Null values detected in column GENDER,GENDER,4494,Rakesh,Kumar,user3493@example.com,9876503493,,2001-10-29,Bangalore,97882
null_blank,Null values detected in column GENDER,GENDER,4495,Neha,Joshi,user3494@example.com,9876503494,,1970-01-24,Hyderabad,64323
null_blank,Null values detected in column GENDER,GENDER,4500,Arjun,Gupta,user3499@example.com,9876503499,,2003-02-13,Ahmedabad,63518
null_blank,Null values detected in column GENDER,GENDER,4503,Kavya,Reddy,user3502@example.com,9876503502,,1992-02-18,Kolkata,57603
null_blank,Null values detected in column GENDER,GENDER,4506,Rakesh,Verma,user3505@example.com,9876503505,,1984-08-12,Ahmedabad,39087
null_blank,Null values detected in column GENDER,GENDER,4510,Kavya,Verma,user3509@example.com,9876503509,,2016-09-17,Delhi,63154
null_blank,Null values detected in column GENDER,GENDER,4512,Sameer,Mehta,user3511@example.com,9876503511,,1978-02-22,Bangalore,85648
null_blank,Null values detected in column GENDER,GENDER,4513,Priya,Verma,user3512@example.com,9876503512,,2013-07-17,Bangalore,91904
null_blank,Null values detected in column GENDER,GENDER,4515,Arjun,Mehta,user3514@example.com,9876503514,,1975-02-22,Kolkata,54779
null_blank,Null values detected in column GENDER,GENDER,4519,Vijay,Verma,user3518@example.com,9876503518,,2013-02-27,Mumbai,46977
null_blank,Null values detected in column GENDER,GENDER,4520,Neha,Mehta,user3519@example.com,9876503519,,2011-03-04,Bangalore,69514
null_blank,Null values detected in column GENDER,GENDER,4521,Sameer,Kumar,,9876503520,,2002-01-03,Hyderabad,58822
null_blank,Null values detected in column GENDER,GENDER,4523,Anjali,Verma,user3522@example.com,9876503522,,1979-01-28,Chennai,49649
null_blank,Null values detected in column GENDER,GENDER,4524,Vijay,Kumar,user3523@example.com,9876503523,,2006-09-26,Ahmedabad,65581
null_blank,Null values detected in column GENDER,GENDER,4525,Rakesh,Reddy,user3524@example.com,9876503524,,1973-10-10,Pune,27945
null_blank,Null values detected in column GENDER,GENDER,4529,Amit,Patel,user3528@example.com,9876503528,,2050-01-01,Kolkata,62652
null_blank,Null values detected in column GENDER,GENDER,4534,Anjali,Verma,user3533@example.com,9876503533,,1971-01-28,Chennai,56828
null_blank,Null values detected in column GENDER,GENDER,4538,Kavya,Patel,user3537@example.com,9876503537,,2008-04-28,Hyderabad,61084
null_blank,Null values detected in column GENDER,GENDER,4539,Arjun,Kumar,user3538@example.com,9876503538,,1995-02-01,Pune,62811
null_blank,Null values detected in column GENDER,GENDER,4541,Kavya,Kumar,invalid@,9876503540,,2012-09-13,Chennai,538759
null_blank,Null values detected in column GENDER,GENDER,4543,Amit,Patel,user3542@example.com,9876503542,,2015-04-24,Hyderabad,101984
null_blank,Null values detected in column GENDER,GENDER,4546,Sneha,Joshi,user3545@example.com,9876503545,,1987-06-04,Delhi,78043
null_blank,Null values detected in column GENDER,GENDER,4547,Neha,Reddy,user3546@example.com,9876503546,,2000-12-04,Delhi,65912
null_blank,Null values detected in column GENDER,GENDER,4552,Sneha,Joshi,user3551@example.com,9876503551,,1995-11-14,Pune,88047
null_blank,Null values detected in column GENDER,GENDER,4553,Kavya,Joshi,user3552@example.com,9876503552,,2006-04-02,Mumbai,78682
null_blank,Null values detected in column GENDER,GENDER,4555,Priya,Gupta,user3554@example.com,9876503554,,1970-07-29,Pune,77977
null_blank,Null values detected in column GENDER,GENDER,4560,Rakesh,Gupta,user3559@example.com,9876503559,,2008-11-03,Hyderabad,57119
null_blank,Null values detected in column GENDER,GENDER,4561,Anjali,Gupta,,9876503560,,1997-12-31,Hyderabad,71598
null_blank,Null values detected in column GENDER,GENDER,4563,Sneha,Verma,user3562@example.com,9876503562,,2015-08-11,Chennai,100247
null_blank,Null values detected in column GENDER,GENDER,4564,Anjali,Patel,user3563@example.com,9876503563,,2008-05-17,Delhi,59178
null_blank,Null values detected in column GENDER,GENDER,4567,Amit,Verma,user3566@example.com,9876503566,,2015-01-01,Chennai,44281
null_blank,Null values detected in column GENDER,GENDER,4568,Sneha,Verma,user3567@example.com,9876503567,,1991-04-16,Pune,47470
null_blank,Null values detected in column GENDER,GENDER,4570,Rakesh,Gupta,user3569@example.com,9876503569,,2008-09-11,Chennai,84805
null_blank,Null values detected in column GENDER,GENDER,4579,Kavya,Reddy,user3578@example.com,9876503578,,1974-01-14,Delhi,87883
null_blank,Null values detected in column GENDER,GENDER,4582,Vijay,Verma,user3581@example.com,9876503581,,1970-12-04,Hyderabad,77717
null_blank,Null values detected in column GENDER,GENDER,4584,Arjun,Joshi,user3583@example.com,9876503583,,2001-01-29,Delhi,33213
null_blank,Null values detected in column GENDER,GENDER,4587,Neha,Rao,user3586@example.com,9876503586,,1994-03-24,Delhi,81395
null_blank,Null values detected in column GENDER,GENDER,4588,Rakesh,Rao,user3587@example.com,9876503587,,1986-05-01,Delhi,56246
null_blank,Null values detected in column GENDER,GENDER,4590,Sameer,Rao,user3589@example.com,9876503589,,1987-09-21,Chennai,96265
null_blank,Null values detected in column GENDER,GENDER,4595,Kavya,Verma,user3594@example.com,9876503594,,2011-07-26,Delhi,51883
null_blank,Null values detected in column GENDER,GENDER,4597,Neha,Kumar,user3596@example.com,9876503596,,1973-04-27,Chennai,58728
null_blank,Null values detected in column GENDER,GENDER,4604,Anjali,Gupta,user3603@example.com,9876503603,,1982-11-02,Ahmedabad,70824
null_blank,Null values detected in column GENDER,GENDER,4607,Neha,Reddy,user3606@example.com,9876503606,,2006-11-14,Hyderabad,82953
null_blank,Null values detected in column GENDER,GENDER,4610,Vijay,Patel,user3609@example.com,9876503609,,2011-01-27,Pune,77050
null_blank,Null values detected in column GENDER,GENDER,4611,Vijay,Rao,user3610@example.com,9876503610,,1993-05-12,Bangalore,107346
null_blank,Null values detected in column GENDER,GENDER,4612,Rakesh,Sharma,user3611@example.com,9876503611,,2005-04-18,Ahmedabad,70159
null_blank,Null values detected in column GENDER,GENDER,4613,Anjali,Rao,user3612@example.com,9876503612,,1972-01-04,Hyderabad,70827
null_blank,Null values detected in column GENDER,GENDER,4616,Priya,Mehta,user3615@example.com,9876503615,,2000-07-08,Ahmedabad,1000
null_blank,Null values detected in column GENDER,GENDER,4618,Sneha,Rao,user3617@example.com,9876503617,,1982-09-10,Kolkata,74998
null_blank,Null values detected in column GENDER,GENDER,4619,Vijay,Reddy,user3618@example.com,9876503618,,2000-09-27,Hyderabad,95012
null_blank,Null values detected in column GENDER,GENDER,4622,Sneha,Patel,user3621@example.com,9876503621,,1999-03-21,Chennai,38356
null_blank,Null values detected in column GENDER,GENDER,4625,Sameer,Kumar,user3624@example.com,9876503624,,invalid,Chennai,70216
null_blank,Null values detected in column GENDER,GENDER,4627,Sameer,Patel,user3626@example.com,9876503626,,2050-01-01,Pune,77321
null_blank,Null values detected in column GENDER,GENDER,4628,Sameer,Rao,user3627@example.com,9876503627,,1973-12-12,Bangalore,102757
null_blank,Null values detected in column GENDER,GENDER,4636,Neha,Patel,user3635@example.com,9876503635,,2012-08-16,Delhi,96081
null_blank,Null values detected in column GENDER,GENDER,4637,Amit,Sharma,user3636@example.com,9876503636,,1993-09-26,Pune,56526
null_blank,Null values detected in column GENDER,GENDER,4638,Anjali,Joshi,user3637@example.com,9876503637,,1981-09-11,Bangalore,51596
null_blank,Null values detected in column GENDER,GENDER,4640,Kavya,Rao,user3639@example.com,9876503639,,2011-09-11,Kolkata,58584
null_blank,Null values detected in column GENDER,GENDER,4642,Sneha,Rao,user3641@example.com,9876503641,,2004-12-27,Ahmedabad,73239
null_blank,Null values detected in column GENDER,GENDER,4643,Vijay,Patel,user3642@example.com,9876503642,,2009-07-09,Chennai,54183
null_blank,Null values detected in column GENDER,GENDER,4646,Vijay,Mehta,user3645@example.com,9876503645,,1987-08-18,Kolkata,1000
null_blank,Null values detected in column GENDER,GENDER,4649,Sameer,Reddy,user3648@example.com,9876503648,,1976-05-22,Bangalore,39131
null_blank,Null values detected in column GENDER,GENDER,4650,Rakesh,Rao,user3649@example.com,9876503649,,1982-01-04,Pune,74147
null_blank,Null values detected in column GENDER,GENDER,4655,Neha,Sharma,user3654@example.com,9876503654,,1979-09-13,Bangalore,102890
null_blank,Null values detected in column GENDER,GENDER,4657,Sneha,Reddy,user3656@example.com,9876503656,,1992-01-20,Hyderabad,54930
null_blank,Null values detected in column GENDER,GENDER,4658,Sneha,Singh,user3657@example.com,9876503657,,1988-12-06,Kolkata,50003
null_blank,Null values detected in column GENDER,GENDER,4659,Anjali,Joshi,user3658@example.com,9876503658,,1990-07-28,Kolkata,49690
null_blank,Null values detected in column GENDER,GENDER,4660,Neha,Joshi,user3659@example.com,9876503659,,1992-08-22,Kolkata,52297
null_blank,Null values detected in column GENDER,GENDER,4661,Sameer,Joshi,invalid@,9876503660,,2000-05-13,Kolkata,515575
null_blank,Null values detected in column GENDER,GENDER,4662,Kavya,Kumar,user3661@example.com,9876503661,,1973-01-13,Bangalore,50702
null_blank,Null values detected in column GENDER,GENDER,4666,Rakesh,Singh,user3665@example.com,9876503665,,1993-12-22,Delhi,42577
null_blank,Null values detected in column GENDER,GENDER,4669,Amit,Verma,user3668@example.com,9876503668,,2004-06-12,Hyderabad,64998
null_blank,Null values detected in column GENDER,GENDER,4672,Vijay,Gupta,user3671@example.com,9876503671,,1977-04-01,Bangalore,76664
null_blank,Null values detected in column GENDER,GENDER,4674,Vijay,Patel,user3673@example.com,9876503673,,1979-02-21,Bangalore,69771
null_blank,Null values detected in column GENDER,GENDER,4675,Priya,Rao,user3674@example.com,9876503674,,1985-11-22,Delhi,93087
null_blank,Null values detected in column GENDER,GENDER,4676,Priya,Reddy,user3675@example.com,123,,2003-12-06,Ahmedabad,1000
null_blank,Null values detected in column GENDER,GENDER,4677,Rakesh,Singh,user3676@example.com,9876503676,,1998-08-10,Bangalore,53850
null_blank,Null values detected in column GENDER,GENDER,4678,Vijay,Rao,user3677@example.com,9876503677,,1979-05-11,Kolkata,48668
null_blank,Null values detected in column GENDER,GENDER,4682,Amit,Mehta,user3681@example.com,9876503681,,2017-04-11,Delhi,84092
null_blank,Null values detected in column GENDER,GENDER,4688,Priya,Kumar,user3687@example.com,9876503687,,2006-05-08,Hyderabad,62859
null_blank,Null values detected in column GENDER,GENDER,4690,Priya,Patel,user3689@example.com,9876503689,,2002-10-03,Delhi,60095
null_blank,Null values detected in column GENDER,GENDER,4691,Sameer,Joshi,user3690@example.com,9876503690,,1992-05-07,Bangalore,490141
null_blank,Null values detected in column GENDER,GENDER,4699,Vijay,Verma,user3698@example.com,9876503698,,1979-06-01,Pune,103859
null_blank,Null values detected in column GENDER,GENDER,4703,Neha,Reddy,user3702@example.com,9876503702,,2006-01-24,Pune,32647
null_blank,Null values detected in column GENDER,GENDER,4712,Amit,Patel,user3711@example.com,9876503711,,1990-04-30,Pune,70934
null_blank,Null values detected in column GENDER,GENDER,4713,Anjali,Reddy,user3712@example.com,9876503712,,1994-05-20,Pune,32716
null_blank,Null values detected in column GENDER,GENDER,4716,Vijay,Gupta,user3715@example.com,9876503715,,2000-08-04,Ahmedabad,53255
null_blank,Null values detected in column GENDER,GENDER,4717,Arjun,Patel,user3716@example.com,9876503716,,2015-01-18,Ahmedabad,68857
null_blank,Null values detected in column GENDER,GENDER,4719,Priya,Verma,user3718@example.com,9876503718,,2005-12-13,Mumbai,42890
null_blank,Null values detected in column GENDER,GENDER,4721,Arjun,Reddy,,9876503720,,1999-12-12,Delhi,858912
null_blank,Null values detected in column GENDER,GENDER,4722,Neha,Rao,user3721@example.com,9876503721,,1994-06-18,Bangalore,85841
null_blank,Null values detected in column GENDER,GENDER,4728,Arjun,Joshi,user3727@example.com,9876503727,,2018-02-19,Chennai,100618
null_blank,Null values detected in column GENDER,GENDER,4730,Vijay,Reddy,user3729@example.com,9876503729,,1992-02-21,Bangalore,72940
null_blank,Null values detected in column GENDER,GENDER,4734,Vijay,Reddy,user3733@example.com,9876503733,,2050-01-01,Bangalore,58494
null_blank,Null values detected in column GENDER,GENDER,4740,Arjun,Mehta,user3739@example.com,9876503739,,1993-10-07,Bangalore,85514
null_blank,Null values detected in column GENDER,GENDER,4744,Vijay,Sharma,user3743@example.com,9876503743,,2013-05-24,Hyderabad,74571
null_blank,Null values detected in column GENDER,GENDER,4747,Vijay,Joshi,user3746@example.com,9876503746,,1992-01-30,Bangalore,63187
null_blank,Null values detected in column GENDER,GENDER,4754,Sameer,Sharma,user3753@example.com,9876503753,,1973-09-16,Hyderabad,54482
null_blank,Null values detected in column GENDER,GENDER,4755,Arjun,Sharma,user3754@example.com,9876503754,,2018-05-26,Chennai,106578
null_blank,Null values detected in column GENDER,GENDER,4756,Arjun,Joshi,user3755@example.com,9876503755,,1977-06-06,Kolkata,59932
null_blank,Null values detected in column GENDER,GENDER,4757,Amit,Reddy,user3756@example.com,9876503756,,1993-07-14,Bangalore,87702
null_blank,Null values detected in column GENDER,GENDER,4763,Neha,Patel,user3762@example.com,9876503762,,1979-03-29,Ahmedabad,96942
null_blank,Null values detected in column GENDER,GENDER,4768,Sameer,Gupta,user3767@example.com,9876503767,,1992-11-27,Kolkata,72092
null_blank,Null values detected in column GENDER,GENDER,4770,Anjali,Sharma,user3769@example.com,9876503769,,1989-06-15,Bangalore,63490
null_blank,Null values detected in column GENDER,GENDER,4771,Arjun,Patel,user3770@example.com,9876503770,,2018-08-04,Hyderabad,81590
null_blank,Null values detected in column GENDER,GENDER,4774,Neha,Singh,user3773@example.com,9876503773,,1990-07-04,Hyderabad,48937
null_blank,Null values detected in column GENDER,GENDER,4775,Sneha,Kumar,user3774@example.com,9876503774,,2014-08-22,Bangalore,74816
null_blank,Null values detected in column GENDER,GENDER,4779,Arjun,Reddy,user3778@example.com,9876503778,,1970-05-29,Mumbai,101078
null_blank,Null values detected in column GENDER,GENDER,4780,Arjun,Patel,user3779@example.com,9876503779,,1983-12-17,Bangalore,44154
null_blank,Null values detected in column GENDER,GENDER,4781,Sneha,Reddy,invalid@,9876503780,,2009-11-11,Hyderabad,738346
null_blank,Null values detected in column GENDER,GENDER,4783,Rakesh,Patel,user3782@example.com,9876503782,,2015-10-29,Delhi,67810
null_blank,Null values detected in column GENDER,GENDER,4788,Sameer,Reddy,user3787@example.com,9876503787,,1997-11-04,Bangalore,65339
null_blank,Null values detected in column GENDER,GENDER,4791,Vijay,Gupta,user3790@example.com,9876503790,,1978-07-04,Chennai,35215
null_blank,Null values detected in column GENDER,GENDER,4792,Neha,Singh,user3791@example.com,9876503791,,1980-10-11,Hyderabad,104982
null_blank,Null values detected in column GENDER,GENDER,4793,Neha,Reddy,user3792@example.com,9876503792,,2000-02-07,Ahmedabad,106957
null_blank,Null values detected in column GENDER,GENDER,4795,Kavya,Singh,user3794@example.com,9876503794,,2014-09-27,Delhi,47597
null_blank,Null values detected in column GENDER,GENDER,4796,Sneha,Joshi,user3795@example.com,9876503795,,2000-08-11,Ahmedabad,1000
null_blank,Null values detected in column GENDER,GENDER,4797,Priya,Reddy,user3796@example.com,9876503796,,1993-03-02,Mumbai,46161
null_blank,Null values detected in column GENDER,GENDER,4798,Sameer,Singh,user3797@example.com,9876503797,,1996-08-15,Ahmedabad,44356
null_blank,Null values detected in column GENDER,GENDER,4801,Sneha,Joshi,,,,2005-11-10,Pune,67569
null_blank,Null values detected in column GENDER,GENDER,4806,Kavya,Verma,user3805@example.com,9876503805,,2017-06-14,Mumbai,67893
null_blank,Null values detected in column GENDER,GENDER,4808,Sameer,Joshi,user3807@example.com,9876503807,,2016-12-14,Kolkata,55551
null_blank,Null values detected in column GENDER,GENDER,4809,Sameer,Mehta,user3808@example.com,9876503808,,2000-06-07,Ahmedabad,92308
null_blank,Null values detected in column GENDER,GENDER,4811,Neha,Mehta,user3810@example.com,9876503810,,1976-11-01,Chennai,823355
null_blank,Null values detected in column GENDER,GENDER,4814,Arjun,Patel,user3813@example.com,9876503813,,1984-10-24,Ahmedabad,60995
null_blank,Null values detected in column GENDER,GENDER,4815,Rakesh,Mehta,user3814@example.com,9876503814,,1971-06-27,Chennai,78735
null_blank,Null values detected in column GENDER,GENDER,4816,Rakesh,Singh,user3815@example.com,9876503815,,1999-10-07,Chennai,101909
null_blank,Null values detected in column GENDER,GENDER,4818,Priya,Reddy,user3817@example.com,9876503817,,2000-07-08,Bangalore,60696
null_blank,Null values detected in column GENDER,GENDER,4819,Arjun,Kumar,user3818@example.com,9876503818,,2013-04-14,Bangalore,76495
null_blank,Null values detected in column GENDER,GENDER,4821,Vijay,Joshi,invalid@,9876503820,,2012-05-19,Delhi,46985
null_blank,Null values detected in column GENDER,GENDER,4824,Sneha,Joshi,user3823@example.com,9876503823,,1998-03-24,Mumbai,57671
null_blank,Null values detected in column GENDER,GENDER,4826,Kavya,Gupta,user3825@example.com,123,,1999-10-08,Pune,1000
null_blank,Null values detected in column GENDER,GENDER,4827,Vijay,Rao,user3826@example.com,9876503826,,1989-04-03,Ahmedabad,54095
null_blank,Null values detected in column GENDER,GENDER,4828,Sameer,Singh,user3827@example.com,9876503827,,1982-11-02,Pune,60841
null_blank,Null values detected in column GENDER,GENDER,4829,Priya,Gupta,user3828@example.com,9876503828,,2005-03-12,Kolkata,44963
null_blank,Null values detected in column GENDER,GENDER,4830,Rakesh,Gupta,user3829@example.com,9876503829,,1983-02-08,Delhi,53924
null_blank,Null values detected in column GENDER,GENDER,4831,Kavya,Verma,user3830@example.com,9876503830,,1980-01-30,Bangalore,78906
null_blank,Null values detected in column GENDER,GENDER,4837,Amit,Mehta,user3836@example.com,9876503836,,1973-11-17,Pune,57882
null_blank,Null values detected in column GENDER,GENDER,4842,Sneha,Joshi,user3841@example.com,9876503841,,1986-04-18,Pune,19683
null_blank,Null values detected in column GENDER,GENDER,4843,Neha,Mehta,user3842@example.com,9876503842,,1981-11-23,Ahmedabad,32925
null_blank,Null values detected in column GENDER,GENDER,4844,Sneha,Singh,user3843@example.com,9876503843,,1990-05-02,Mumbai,91349
null_blank,Null values detected in column GENDER,GENDER,4845,Kavya,Sharma,user3844@example.com,9876503844,,1997-05-12,Kolkata,38965
null_blank,Null values detected in column GENDER,GENDER,4847,Vijay,Rao,user3846@example.com,9876503846,,1994-10-10,Bangalore,85523
null_blank,Null values detected in column GENDER,GENDER,4848,Vijay,Sharma,user3847@example.com,9876503847,,1997-07-26,Chennai,55638
null_blank,Null values detected in column GENDER,GENDER,4851,Anjali,Mehta,user3850@example.com,,,1974-11-30,Bangalore,96196
null_blank,Null values detected in column GENDER,GENDER,4852,Arjun,Kumar,user3851@example.com,9876503851,,1977-06-13,Pune,84855
null_blank,Null values detected in column GENDER,GENDER,4856,Rakesh,Rao,user3855@example.com,9876503855,,2012-05-02,Delhi,1000
null_blank,Null values detected in column GENDER,GENDER,4860,Anjali,Singh,user3859@example.com,9876503859,,1996-05-03,Hyderabad,29669
null_blank,Null values detected in column GENDER,GENDER,4861,Neha,Kumar,invalid@,9876503860,,1985-12-14,Pune,97702
null_blank,Null values detected in column GENDER,GENDER,4863,Arjun,Mehta,user3862@example.com,9876503862,,2011-10-03,Delhi,47115
null_blank,Null values detected in column GENDER,GENDER,4865,Amit,Joshi,user3864@example.com,9876503864,,2016-04-26,Bangalore,53554
null_blank,Null values detected in column GENDER,GENDER,4867,Anjali,Rao,user3866@example.com,9876503866,,2012-07-08,Chennai,55074
null_blank,Null values detected in column GENDER,GENDER,4868,Kavya,Reddy,user3867@example.com,9876503867,,2010-07-05,Hyderabad,65166
null_blank,Null values detected in column GENDER,GENDER,4869,Vijay,Rao,user3868@example.com,9876503868,,2000-08-11,Hyderabad,80148
null_blank,Null values detected in column GENDER,GENDER,4870,Sameer,Joshi,user3869@example.com,9876503869,,2012-01-31,Delhi,34421
null_blank,Null values detected in column GENDER,GENDER,4873,Anjali,Patel,user3872@example.com,9876503872,,2000-11-30,Bangalore,70123
null_blank,Null values detected in column GENDER,GENDER,4877,Amit,Sharma,user3876@example.com,9876503876,,1981-04-07,Chennai,49116
null_blank,Null values detected in column GENDER,GENDER,4878,Amit,Gupta,user3877@example.com,9876503877,,2009-04-13,Ahmedabad,93376
null_blank,Null values detected in column GENDER,GENDER,4879,Priya,Singh,user3878@example.com,9876503878,,1977-01-28,Hyderabad,78360
null_blank,Null values detected in column GENDER,GENDER,4880,Neha,Kumar,user3879@example.com,9876503879,,1996-09-01,Ahmedabad,50009
null_blank,Null values detected in column GENDER,GENDER,4881,Vijay,Joshi,,9876503880,,1974-01-28,Bangalore,41031
null_blank,Null values detected in column GENDER,GENDER,4883,Neha,Sharma,user3882@example.com,9876503882,,1970-08-16,Ahmedabad,42178
null_blank,Null values detected in column GENDER,GENDER,4884,Sameer,Patel,user3883@example.com,9876503883,,1984-05-09,Pune,62337
null_blank,Null values detected in column GENDER,GENDER,4886,Sameer,Patel,user3885@example.com,9876503885,,invalid,Hyderabad,1000
null_blank,Null values detected in column GENDER,GENDER,4888,Rakesh,Sharma,user3887@example.com,9876503887,,2014-04-17,Bangalore,50406
null_blank,Null values detected in column GENDER,GENDER,4889,Kavya,Mehta,user3888@example.com,9876503888,,1990-01-11,Kolkata,79441
null_blank,Null values detected in column GENDER,GENDER,4892,Priya,Patel,user3891@example.com,9876503891,,2006-02-19,Mumbai,39066
null_blank,Null values detected in column GENDER,GENDER,4893,Anjali,Patel,user3892@example.com,9876503892,,1971-11-30,Chennai,47455
null_blank,Null values detected in column GENDER,GENDER,4894,Vijay,Sharma,user3893@example.com,9876503893,,1971-03-14,Chennai,72366
null_blank,Null values detected in column GENDER,GENDER,4896,Priya,Sharma,user3895@example.com,9876503895,,2050-01-01,Delhi,88145
null_blank,Null values detected in column GENDER,GENDER,4897,Vijay,Verma,user3896@example.com,9876503896,,1997-01-15,Bangalore,79128
null_blank,Null values detected in column GENDER,GENDER,4898,Neha,Patel,user3897@example.com,9876503897,,2005-04-29,Bangalore,51049
null_blank,Null values detected in column GENDER,GENDER,4899,Kavya,Joshi,user3898@example.com,9876503898,,1984-06-14,Ahmedabad,60494
null_blank,Null values detected in column GENDER,GENDER,4900,Neha,Joshi,user3899@example.com,9876503899,,1972-08-17,Kolkata,42927
null_blank,Null values detected in column GENDER,GENDER,4901,Arjun,Sharma,invalid@,,,1997-06-19,Bangalore,744595
null_blank,Null values detected in column GENDER,GENDER,4905,Anjali,Kumar,user3904@example.com,9876503904,,1996-07-20,Hyderabad,71468
null_blank,Null values detected in column GENDER,GENDER,4906,Rakesh,Patel,user3905@example.com,9876503905,,1973-09-09,Pune,39999
null_blank,Null values detected in column GENDER,GENDER,4908,Sameer,Patel,user3907@example.com,9876503907,,1983-05-01,Delhi,28833
null_blank,Null values detected in column GENDER,GENDER,4913,Kavya,Mehta,user3912@example.com,9876503912,,2013-05-18,Mumbai,28959
null_blank,Null values detected in column GENDER,GENDER,4914,Vijay,Joshi,user3913@example.com,9876503913,,2017-11-22,Delhi,90700
null_blank,Null values detected in column GENDER,GENDER,4915,Arjun,Patel,user3914@example.com,9876503914,,2017-09-12,Kolkata,21918
null_blank,Null values detected in column GENDER,GENDER,4916,Arjun,Verma,user3915@example.com,9876503915,,2050-01-01,Hyderabad,1000
null_blank,Null values detected in column GENDER,GENDER,4917,Neha,Gupta,user3916@example.com,9876503916,,1994-12-04,Hyderabad,31029
null_blank,Null values detected in column GENDER,GENDER,4921,Neha,Sharma,,9876503920,,1986-04-20,Ahmedabad,70001
null_blank,Null values detected in column GENDER,GENDER,4922,Sameer,Joshi,user3921@example.com,9876503921,,1972-12-12,Mumbai,82554
null_blank,Null values detected in column GENDER,GENDER,4930,Arjun,Gupta,user3929@example.com,9876503929,,1972-12-11,Delhi,97586
null_blank,Null values detected in column GENDER,GENDER,4932,Kavya,Reddy,user3931@example.com,9876503931,,2009-07-08,Pune,88023
null_blank,Null values detected in column GENDER,GENDER,4933,Priya,Kumar,user3932@example.com,9876503932,,1979-07-10,Hyderabad,55323
null_blank,Null values detected in column GENDER,GENDER,4939,Neha,Reddy,user3938@example.com,9876503938,,2001-04-05,Hyderabad,66244
null_blank,Null values detected in column GENDER,GENDER,4940,Vijay,Kumar,user3939@example.com,9876503939,,2005-06-05,Ahmedabad,37385
null_blank,Null values detected in column GENDER,GENDER,4941,Anjali,Kumar,invalid@,9876503940,,1993-10-13,Kolkata,54331
null_blank,Null values detected in column GENDER,GENDER,4942,Sameer,Joshi,user3941@example.com,9876503941,,1976-08-13,Pune,91312
null_blank,Null values detected in column GENDER,GENDER,4944,Arjun,Rao,user3943@example.com,9876503943,,1998-01-08,Chennai,91694
null_blank,Null values detected in column GENDER,GENDER,4945,Vijay,Reddy,user3944@example.com,9876503944,,1970-07-27,Bangalore,52888
null_blank,Null values detected in column GENDER,GENDER,4947,Anjali,Sharma,user3946@example.com,9876503946,,1993-09-21,Chennai,69298
null_blank,Null values detected in column GENDER,GENDER,4954,Amit,Verma,user3953@example.com,9876503953,,2005-08-09,Chennai,52028
null_blank,Null values detected in column GENDER,GENDER,4955,Neha,Singh,user3954@example.com,9876503954,,1993-10-25,Chennai,62475
null_blank,Null values detected in column GENDER,GENDER,4956,Arjun,Mehta,user3955@example.com,9876503955,,1999-07-25,Delhi,76226
null_blank,Null values detected in column GENDER,GENDER,4957,Vijay,Rao,user3956@example.com,9876503956,,1977-08-13,Chennai,40291
null_blank,Null values detected in column GENDER,GENDER,4958,Rakesh,Gupta,user3957@example.com,9876503957,,1971-03-20,Delhi,47176
null_blank,Null values detected in column GENDER,GENDER,4959,Kavya,Patel,user3958@example.com,9876503958,,2015-03-07,Mumbai,100285
null_blank,Null values detected in column GENDER,GENDER,4961,Kavya,Singh,,9876503960,,2000-01-06,Pune,752941
null_blank,Null values detected in column GENDER,GENDER,4962,Sameer,Gupta,user3961@example.com,9876503961,,1971-07-21,Pune,90592
null_blank,Null values detected in column GENDER,GENDER,4963,Anjali,Verma,user3962@example.com,9876503962,,1981-06-15,Delhi,57101
null_blank,Null values detected in column GENDER,GENDER,4965,Kavya,Rao,user3964@example.com,9876503964,,1996-12-14,Pune,77061
null_blank,Null values detected in column GENDER,GENDER,4967,Anjali,Verma,user3966@example.com,9876503966,,2007-10-10,Pune,68930
null_blank,Null values detected in column GENDER,GENDER,4968,Kavya,Rao,user3967@example.com,9876503967,,2013-11-12,Pune,59093
null_blank,Null values detected in column GENDER,GENDER,4970,Sameer,Mehta,user3969@example.com,9876503969,,1984-10-16,Hyderabad,54298
null_blank,Null values detected in column GENDER,GENDER,4972,Sneha,Singh,user3971@example.com,9876503971,,1977-05-10,Delhi,65345
null_blank,Null values detected in column GENDER,GENDER,4973,Sameer,Patel,user3972@example.com,9876503972,,2012-06-24,Kolkata,81612
null_blank,Null values detected in column GENDER,GENDER,4974,Anjali,Reddy,user3973@example.com,9876503973,,2018-02-25,Kolkata,81615
null_blank,Null values detected in column GENDER,GENDER,4975,Priya,Sharma,user3974@example.com,9876503974,,1983-11-05,Delhi,29475
null_blank,Null values detected in column GENDER,GENDER,4977,Amit,Kumar,user3976@example.com,9876503976,,1989-04-28,Kolkata,78771
null_blank,Null values detected in column GENDER,GENDER,4982,Arjun,Mehta,user3981@example.com,9876503981,,2014-09-13,Delhi,76787
null_blank,Null values detected in column GENDER,GENDER,4985,Vijay,Singh,user3984@example.com,9876503984,,2019-01-16,Delhi,71136
null_blank,Null values detected in column GENDER,GENDER,4987,Arjun,Reddy,user3986@example.com,9876503986,,1996-09-18,Chennai,46084
null_blank,Null values detected in column GENDER,GENDER,4988,Arjun,Reddy,user3987@example.com,9876503987,,2013-02-24,Mumbai,27464
null_blank,Null values detected in column GENDER,GENDER,4991,Vijay,Gupta,user3990@example.com,9876503990,,2011-09-27,Hyderabad,833266
null_blank,Null values detected in column GENDER,GENDER,4995,Kavya,Verma,user3994@example.com,9876503994,,1971-11-03,Delhi,63041
null_blank,Null values detected in column GENDER,GENDER,4998,Anjali,Reddy,user3997@example.com,9876503997,,1988-07-21,Chennai,81834
null_blank,Null values detected in column GENDER,GENDER,5004,Kavya,Kumar,user4003@example.com,9876504003,,2019-02-12,Ahmedabad,88527
null_blank,Null values detected in column GENDER,GENDER,5006,Anjali,Gupta,user4005@example.com,9876504005,,1999-04-19,Hyderabad,1000
null_blank,Null values detected in column GENDER,GENDER,5007,Vijay,Reddy,user4006@example.com,9876504006,,1972-10-25,Bangalore,77519
null_blank,Null values detected in column GENDER,GENDER,5011,Priya,Sharma,user4010@example.com,9876504010,,1982-07-31,Bangalore,56023
null_blank,Null values detected in column GENDER,GENDER,5013,Neha,Kumar,user4012@example.com,9876504012,,2006-09-03,Delhi,56553
null_blank,Null values detected in column GENDER,GENDER,5016,Sameer,Verma,user4015@example.com,9876504015,,2011-01-11,Hyderabad,105582
null_blank,Null values detected in column GENDER,GENDER,5019,Vijay,Rao,user4018@example.com,9876504018,,1997-01-19,Ahmedabad,75442
null_blank,Null values detected in column GENDER,GENDER,5022,Priya,Mehta,user4021@example.com,9876504021,,2017-12-30,Delhi,70224
null_blank,Null values detected in column GENDER,GENDER,5025,Arjun,Verma,user4024@example.com,9876504024,,1983-06-02,Ahmedabad,57146
null_blank,Null values detected in column GENDER,GENDER,5027,Rakesh,Sharma,user4026@example.com,9876504026,,2014-12-07,Delhi,63372
null_blank,Null values detected in column GENDER,GENDER,5029,Amit,Kumar,user4028@example.com,9876504028,,1984-08-24,Kolkata,56022
null_blank,Null values detected in column GENDER,GENDER,5030,Sameer,Verma,user4029@example.com,9876504029,,1972-10-26,Delhi,49352
null_blank,Null values detected in column GENDER,GENDER,5035,Rakesh,Verma,user4034@example.com,9876504034,,1971-01-10,Delhi,68922
null_blank,Null values detected in column GENDER,GENDER,5037,Neha,Mehta,user4036@example.com,9876504036,,1978-05-04,Bangalore,75069
null_blank,Null values detected in column GENDER,GENDER,5039,Anjali,Verma,user4038@example.com,9876504038,,2007-11-21,Bangalore,88752
null_blank,Null values detected in column GENDER,GENDER,5048,Amit,Kumar,user4047@example.com,9876504047,,2018-07-04,Chennai,65118
null_blank,Null values detected in column GENDER,GENDER,5049,Rakesh,Sharma,user4048@example.com,9876504048,,1992-01-31,Hyderabad,85775
null_blank,Null values detected in column GENDER,GENDER,5055,Amit,Singh,user4054@example.com,9876504054,,1989-12-06,Pune,62982
null_blank,Null values detected in column GENDER,GENDER,5057,Arjun,Mehta,user4056@example.com,9876504056,,1984-03-19,Hyderabad,53991
null_blank,Null values detected in column GENDER,GENDER,5058,Rakesh,Mehta,user4057@example.com,9876504057,,1993-04-18,Chennai,73838
null_blank,Null values detected in column GENDER,GENDER,5060,Priya,Patel,user4059@example.com,9876504059,,1984-07-13,Delhi,84956
null_blank,Null values detected in column GENDER,GENDER,5062,Sameer,Verma,user4061@example.com,9876504061,,1973-09-27,Ahmedabad,49406
null_blank,Null values detected in column GENDER,GENDER,5063,Amit,Kumar,user4062@example.com,9876504062,,1988-08-10,Mumbai,45065
null_blank,Null values detected in column GENDER,GENDER,5064,Priya,Rao,user4063@example.com,9876504063,,1994-12-28,Ahmedabad,77555
null_blank,Null values detected in column GENDER,GENDER,5070,Arjun,Patel,user4069@example.com,9876504069,,1992-01-14,Bangalore,85855
null_blank,Null values detected in column GENDER,GENDER,5071,Amit,Kumar,user4070@example.com,9876504070,,2010-02-27,Bangalore,77978
null_blank,Null values detected in column GENDER,GENDER,5074,Priya,Kumar,user4073@example.com,9876504073,,1982-03-04,Chennai,60729
null_blank,Null values detected in column GENDER,GENDER,5075,Vijay,Kumar,user4074@example.com,9876504074,,2011-07-18,Hyderabad,30406
null_blank,Null values detected in column GENDER,GENDER,5078,Neha,Verma,user4077@example.com,9876504077,,1987-12-13,Chennai,67132
null_blank,Null values detected in column GENDER,GENDER,5081,Amit,Singh,,9876504080,,1991-08-19,Chennai,422162
null_blank,Null values detected in column GENDER,GENDER,5082,Sneha,Singh,user4081@example.com,9876504081,,1982-08-03,Bangalore,95163
null_blank,Null values detected in column GENDER,GENDER,5086,Priya,Gupta,user4085@example.com,9876504085,,1991-10-16,Bangalore,97121
null_blank,Null values detected in column GENDER,GENDER,5088,Priya,Verma,user4087@example.com,9876504087,,2009-03-11,Kolkata,42754
null_blank,Null values detected in column GENDER,GENDER,5090,Arjun,Sharma,user4089@example.com,9876504089,,1986-10-20,Delhi,51374
null_blank,Null values detected in column GENDER,GENDER,5091,Arjun,Mehta,user4090@example.com,9876504090,,2000-08-26,Bangalore,94901
null_blank,Null values detected in column GENDER,GENDER,5092,Anjali,Patel,user4091@example.com,9876504091,,1988-02-02,Ahmedabad,53802
null_blank,Null values detected in column GENDER,GENDER,5093,Sameer,Singh,user4092@example.com,9876504092,,1999-03-16,Pune,56659
null_blank,Null values detected in column GENDER,GENDER,5095,Anjali,Singh,user4094@example.com,9876504094,,1997-08-09,Kolkata,64376
null_blank,Null values detected in column GENDER,GENDER,5096,Sameer,Verma,user4095@example.com,9876504095,,1993-04-08,Hyderabad,1000
null_blank,Null values detected in column GENDER,GENDER,5098,Kavya,Singh,user4097@example.com,9876504097,,2011-01-12,Pune,71545
null_blank,Null values detected in column GENDER,GENDER,5100,Anjali,Singh,user4099@example.com,9876504099,,1978-06-30,Pune,84196
null_blank,Null values detected in column GENDER,GENDER,5104,Sameer,Patel,user4103@example.com,9876504103,,2018-03-08,Delhi,88234
null_blank,Null values detected in column GENDER,GENDER,5105,Priya,Patel,user4104@example.com,9876504104,,1975-05-16,Kolkata,48261
null_blank,Null values detected in column GENDER,GENDER,5109,Arjun,Patel,user4108@example.com,9876504108,,2011-07-13,Ahmedabad,57411
null_blank,Null values detected in column GENDER,GENDER,5113,Anjali,Reddy,user4112@example.com,9876504112,,1997-06-21,Chennai,69748
null_blank,Null values detected in column GENDER,GENDER,5116,Arjun,Joshi,user4115@example.com,9876504115,,1974-02-05,Hyderabad,62035
null_blank,Null values detected in column GENDER,GENDER,5117,Kavya,Rao,user4116@example.com,9876504116,,1995-11-01,Pune,27052
null_blank,Null values detected in column GENDER,GENDER,5118,Kavya,Rao,user4117@example.com,9876504117,,1982-07-19,Chennai,91742
null_blank,Null values detected in column GENDER,GENDER,5122,Kavya,Kumar,user4121@example.com,9876504121,,2017-02-21,Chennai,67264
null_blank,Null values detected in column GENDER,GENDER,5123,Arjun,Verma,user4122@example.com,9876504122,,2016-07-25,Chennai,39158
null_blank,Null values detected in column GENDER,GENDER,5125,Amit,Rao,user4124@example.com,9876504124,,2019-02-21,Hyderabad,59508
null_blank,Null values detected in column GENDER,GENDER,5129,Amit,Singh,user4128@example.com,9876504128,,1998-08-17,Kolkata,67444
null_blank,Null values detected in column GENDER,GENDER,5131,Anjali,Gupta,user4130@example.com,9876504130,,1972-07-04,Pune,88723
null_blank,Null values detected in column GENDER,GENDER,5132,Arjun,Mehta,user4131@example.com,9876504131,,2000-11-13,Ahmedabad,101596
null_blank,Null values detected in column GENDER,GENDER,5133,Sameer,Singh,user4132@example.com,9876504132,,2015-01-30,Chennai,103228
null_blank,Null values detected in column GENDER,GENDER,5134,Amit,Gupta,user4133@example.com,9876504133,,2006-05-13,Delhi,44492
null_blank,Null values detected in column GENDER,GENDER,5135,Anjali,Kumar,user4134@example.com,9876504134,,1973-03-25,Kolkata,77385
null_blank,Null values detected in column GENDER,GENDER,5136,Arjun,Mehta,user4135@example.com,9876504135,,1998-08-09,Chennai,80936
null_blank,Null values detected in column GENDER,GENDER,5138,Rakesh,Joshi,user4137@example.com,9876504137,,1994-08-21,Bangalore,70742
null_blank,Null values detected in column GENDER,GENDER,5145,Anjali,Gupta,user4144@example.com,9876504144,,1993-10-06,Hyderabad,88026
null_blank,Null values detected in column GENDER,GENDER,5146,Vijay,Reddy,user4145@example.com,9876504145,,1994-02-07,Ahmedabad,66499
null_blank,Null values detected in column GENDER,GENDER,5147,Priya,Mehta,user4146@example.com,9876504146,,2011-11-12,Delhi,66565
null_blank,Null values detected in column GENDER,GENDER,5148,Vijay,Sharma,user4147@example.com,9876504147,,1996-04-03,Pune,48077
null_blank,Null values detected in column GENDER,GENDER,5149,Sneha,Verma,user4148@example.com,9876504148,,1989-10-02,Ahmedabad,82875
null_blank,Null values detected in column GENDER,GENDER,5150,Sneha,Singh,user4149@example.com,9876504149,,2018-11-05,Chennai,42304
null_blank,Null values detected in column GENDER,GENDER,5151,Arjun,Sharma,user4150@example.com,,,1998-06-08,Pune,20838
null_blank,Null values detected in column GENDER,GENDER,5154,Vijay,Reddy,user4153@example.com,9876504153,,2011-12-15,Ahmedabad,71767
null_blank,Null values detected in column GENDER,GENDER,5156,Sameer,Gupta,user4155@example.com,9876504155,,1998-06-15,Pune,1000
null_blank,Null values detected in column GENDER,GENDER,5159,Amit,Mehta,user4158@example.com,9876504158,,1998-04-12,Kolkata,69995
null_blank,Null values detected in column GENDER,GENDER,5164,Sameer,Rao,user4163@example.com,9876504163,,1985-06-23,Mumbai,46770
null_blank,Null values detected in column GENDER,GENDER,5166,Vijay,Rao,user4165@example.com,9876504165,,2015-04-23,Ahmedabad,70937
null_blank,Null values detected in column GENDER,GENDER,5167,Sneha,Verma,user4166@example.com,9876504166,,2000-08-07,Delhi,49217
null_blank,Null values detected in column GENDER,GENDER,5169,Sameer,Gupta,user4168@example.com,9876504168,,1973-02-20,Pune,26946
null_blank,Null values detected in column GENDER,GENDER,5171,Sneha,Rao,user4170@example.com,9876504170,,2012-08-09,Chennai,1000000
null_blank,Null values detected in column GENDER,GENDER,5174,Vijay,Patel,user4173@example.com,9876504173,,1984-12-02,Bangalore,69813
null_blank,Null values detected in column GENDER,GENDER,5175,Sneha,Mehta,user4174@example.com,9876504174,,2018-11-12,Delhi,52563
null_blank,Null values detected in column GENDER,GENDER,5179,Arjun,Joshi,user4178@example.com,9876504178,,2010-08-12,Chennai,55581
null_blank,Null values detected in column GENDER,GENDER,5181,Kavya,Mehta,invalid@,9876504180,,2011-01-04,Bangalore,123723
null_blank,Null values detected in column GENDER,GENDER,5182,Priya,Rao,user4181@example.com,9876504181,,2017-01-06,Kolkata,91110
null_blank,Null values detected in column GENDER,GENDER,5183,Neha,Reddy,user4182@example.com,9876504182,,2007-04-03,Delhi,66713
null_blank,Null values detected in column GENDER,GENDER,5186,Sameer,Rao,user4185@example.com,9876504185,,1989-11-09,Kolkata,1000
null_blank,Null values detected in column GENDER,GENDER,5188,Priya,Reddy,user4187@example.com,9876504187,,2005-03-07,Pune,25969
null_blank,Null values detected in column GENDER,GENDER,5191,Neha,Joshi,user4190@example.com,9876504190,,1988-06-20,Ahmedabad,54124
null_blank,Null values detected in column GENDER,GENDER,5194,Kavya,Patel,user4193@example.com,9876504193,,1983-01-15,Hyderabad,54364
null_blank,Null values detected in column GENDER,GENDER,5195,Arjun,Gupta,user4194@example.com,9876504194,,1996-05-24,Pune,81460
null_blank,Null values detected in column GENDER,GENDER,5197,Kavya,Kumar,user4196@example.com,9876504196,,1970-04-18,Pune,44050
null_blank,Null values detected in column GENDER,GENDER,5202,Vijay,Joshi,user4201@example.com,9876504201,,1995-05-06,Delhi,64124
null_blank,Null values detected in column GENDER,GENDER,5203,Anjali,Patel,user4202@example.com,9876504202,,2013-11-06,Bangalore,89360
null_blank,Null values detected in column GENDER,GENDER,5210,Sameer,Reddy,user4209@example.com,9876504209,,2004-05-08,Mumbai,54861
null_blank,Null values detected in column GENDER,GENDER,5214,Vijay,Patel,user4213@example.com,9876504213,,1984-09-29,Chennai,82544
null_blank,Null values detected in column GENDER,GENDER,5215,Priya,Patel,user4214@example.com,9876504214,,1970-08-18,Delhi,56082
null_blank,Null values detected in column GENDER,GENDER,5217,Arjun,Mehta,user4216@example.com,9876504216,,2002-02-02,Bangalore,150977
null_blank,Null values detected in column GENDER,GENDER,5220,Rakesh,Mehta,user4219@example.com,9876504219,,1982-12-01,Delhi,18989
null_blank,Null values detected in column GENDER,GENDER,5221,Anjali,Reddy,invalid@,9876504220,,2006-03-28,Mumbai,90085
null_blank,Null values detected in column GENDER,GENDER,5228,Anjali,Reddy,user4227@example.com,9876504227,,1980-03-14,Ahmedabad,76543
null_blank,Null values detected in column GENDER,GENDER,5230,Sneha,Mehta,user4229@example.com,9876504229,,1998-03-12,Hyderabad,16608
null_blank,Null values detected in column GENDER,GENDER,5235,Anjali,Rao,user4234@example.com,9876504234,,1988-09-01,Ahmedabad,67539
null_blank,Null values detected in column GENDER,GENDER,5237,Anjali,Reddy,user4236@example.com,9876504236,,1985-01-11,Chennai,51425
null_blank,Null values detected in column GENDER,GENDER,5240,Sameer,Patel,user4239@example.com,9876504239,,1981-06-17,Delhi,84707
null_blank,Null values detected in column GENDER,GENDER,5242,Amit,Verma,user4241@example.com,9876504241,,1991-01-23,Delhi,31031
null_blank,Null values detected in column GENDER,GENDER,5244,Arjun,Sharma,user4243@example.com,9876504243,,1978-08-24,Mumbai,35219
null_blank,Null values detected in column GENDER,GENDER,5245,Priya,Joshi,user4244@example.com,9876504244,,1975-10-07,Mumbai,46775
null_blank,Null values detected in column GENDER,GENDER,5249,Sameer,Patel,user4248@example.com,9876504248,,1970-07-09,Delhi,80187
null_blank,Null values detected in column GENDER,GENDER,5251,Rakesh,Reddy,user4250@example.com,,,2004-02-22,Bangalore,72134
null_blank,Null values detected in column GENDER,GENDER,5257,Amit,Patel,user4256@example.com,9876504256,,2000-06-10,Kolkata,80357
null_blank,Null values detected in column GENDER,GENDER,5258,Rakesh,Singh,user4257@example.com,9876504257,,2012-03-12,Hyderabad,61813
null_blank,Null values detected in column GENDER,GENDER,5260,Amit,Sharma,user4259@example.com,9876504259,,1971-06-02,Delhi,81486
null_blank,Null values detected in column GENDER,GENDER,5264,Neha,Sharma,user4263@example.com,9876504263,,2014-05-07,Hyderabad,57528
null_blank,Null values detected in column GENDER,GENDER,5266,Rakesh,Gupta,user4265@example.com,9876504265,,1983-02-14,Chennai,60391
null_blank,Null values detected in column GENDER,GENDER,5267,Neha,Kumar,user4266@example.com,9876504266,,2017-01-28,Kolkata,40380
null_blank,Null values detected in column GENDER,GENDER,5268,Arjun,Joshi,user4267@example.com,9876504267,,2002-09-25,Pune,28409
null_blank,Null values detected in column GENDER,GENDER,5270,Arjun,Reddy,user4269@example.com,9876504269,,1992-08-21,Mumbai,79062
null_blank,Null values detected in column GENDER,GENDER,5273,Priya,Gupta,user4272@example.com,9876504272,,2012-02-01,Delhi,78471
null_blank,Null values detected in column GENDER,GENDER,5275,Sameer,Gupta,user4274@example.com,9876504274,,1999-12-08,Hyderabad,51239
null_blank,Null values detected in column GENDER,GENDER,5276,Rakesh,Joshi,user4275@example.com,123,,1987-06-30,Bangalore,1000
null_blank,Null values detected in column GENDER,GENDER,5277,Sneha,Reddy,user4276@example.com,9876504276,,2001-04-08,Kolkata,80448
null_blank,Null values detected in column GENDER,GENDER,5279,Priya,Joshi,user4278@example.com,9876504278,,2017-03-04,Delhi,14115
null_blank,Null values detected in column GENDER,GENDER,5282,Sneha,Gupta,user4281@example.com,9876504281,,2000-09-29,Delhi,68657
null_blank,Null values detected in column GENDER,GENDER,5284,Amit,Mehta,user4283@example.com,9876504283,,2050-01-01,Chennai,50078
null_blank,Null values detected in column GENDER,GENDER,5288,Kavya,Patel,user4287@example.com,9876504287,,1979-01-08,Kolkata,62332
null_blank,Null values detected in column GENDER,GENDER,5289,Sneha,Reddy,user4288@example.com,9876504288,,2015-10-12,Delhi,57993
null_blank,Null values detected in column GENDER,GENDER,5290,Arjun,Verma,user4289@example.com,9876504289,,2006-10-24,Hyderabad,43370
null_blank,Null values detected in column GENDER,GENDER,5292,Priya,Verma,user4291@example.com,9876504291,,1971-05-10,Mumbai,32156
null_blank,Null values detected in column GENDER,GENDER,5294,Anjali,Mehta,user4293@example.com,9876504293,,1980-08-22,Ahmedabad,76583
null_blank,Null values detected in column GENDER,GENDER,5296,Sameer,Kumar,user4295@example.com,9876504295,,1975-07-30,Delhi,66006
null_blank,Null values detected in column GENDER,GENDER,5300,Rakesh,Mehta,user4299@example.com,9876504299,,1996-07-22,Pune,41846
null_blank,Null values detected in column GENDER,GENDER,5304,Sameer,Joshi,user4303@example.com,9876504303,,2002-11-28,Ahmedabad,57954
null_blank,Null values detected in column GENDER,GENDER,5305,Priya,Gupta,user4304@example.com,9876504304,,2001-12-16,Mumbai,77620
null_blank,Null values detected in column GENDER,GENDER,5307,Sneha,Rao,user4306@example.com,9876504306,,2010-07-04,Kolkata,105360
null_blank,Null values detected in column GENDER,GENDER,5308,Kavya,Mehta,user4307@example.com,9876504307,,2010-05-19,Delhi,52512
null_blank,Null values detected in column GENDER,GENDER,5311,Amit,Kumar,user4310@example.com,9876504310,,1977-11-21,Bangalore,66959
null_blank,Null values detected in column GENDER,GENDER,5314,Sameer,Kumar,user4313@example.com,9876504313,,1978-09-13,Bangalore,48652
null_blank,Null values detected in column GENDER,GENDER,5315,Rakesh,Verma,user4314@example.com,9876504314,,2001-12-10,Pune,66631
null_blank,Null values detected in column GENDER,GENDER,5319,Vijay,Rao,user4318@example.com,9876504318,,1993-11-23,Chennai,86188
null_blank,Null values detected in column GENDER,GENDER,5324,Vijay,Sharma,user4323@example.com,9876504323,,2013-09-08,Delhi,63350
null_blank,Null values detected in column GENDER,GENDER,5325,Neha,Patel,user4324@example.com,9876504324,,1989-01-29,Pune,60700
null_blank,Null values detected in column GENDER,GENDER,5328,Sneha,Sharma,user4327@example.com,9876504327,,2007-08-07,Chennai,69245
null_blank,Null values detected in column GENDER,GENDER,5330,Amit,Rao,user4329@example.com,9876504329,,1970-12-24,Hyderabad,77489
null_blank,Null values detected in column GENDER,GENDER,5333,Sameer,Singh,user4332@example.com,9876504332,,1994-06-26,Ahmedabad,69922
null_blank,Null values detected in column GENDER,GENDER,5334,Rakesh,Gupta,user4333@example.com,9876504333,,2050-01-01,Mumbai,58403
null_blank,Null values detected in column GENDER,GENDER,5335,Kavya,Verma,user4334@example.com,9876504334,,1978-11-25,Bangalore,34807
null_blank,Null values detected in column GENDER,GENDER,5344,Amit,Gupta,user4343@example.com,9876504343,,1984-01-05,Kolkata,68797
null_blank,Null values detected in column GENDER,GENDER,5345,Priya,Gupta,user4344@example.com,9876504344,,1991-09-26,Ahmedabad,90071
null_blank,Null values detected in column GENDER,GENDER,5346,Kavya,Reddy,user4345@example.com,9876504345,,1998-04-17,Chennai,73850
null_blank,Null values detected in column GENDER,GENDER,5348,Amit,Verma,user4347@example.com,9876504347,,1988-06-21,Bangalore,47295
null_blank,Null values detected in column GENDER,GENDER,5350,Rakesh,Singh,user4349@example.com,9876504349,,1976-10-13,Delhi,74631
null_blank,Null values detected in column GENDER,GENDER,5351,Amit,Reddy,user4350@example.com,,,1986-10-21,Kolkata,332468
null_blank,Null values detected in column GENDER,GENDER,5355,Priya,Patel,user4354@example.com,9876504354,,1993-07-14,Mumbai,60687
null_blank,Null values detected in column GENDER,GENDER,5357,Priya,Reddy,user4356@example.com,9876504356,,1998-07-01,Hyderabad,74302
null_blank,Null values detected in column GENDER,GENDER,5358,Sameer,Joshi,user4357@example.com,9876504357,,1988-10-02,Ahmedabad,84332
null_blank,Null values detected in column GENDER,GENDER,5360,Amit,Mehta,user4359@example.com,9876504359,,1998-04-25,Mumbai,60257
null_blank,Null values detected in column GENDER,GENDER,5361,Neha,Singh,,9876504360,,2012-11-17,Chennai,53181
null_blank,Null values detected in column GENDER,GENDER,5364,Priya,Joshi,user4363@example.com,9876504363,,1973-07-27,Bangalore,45243
null_blank,Null values detected in column GENDER,GENDER,5365,Priya,Verma,user4364@example.com,9876504364,,2017-11-26,Chennai,74393
null_blank,Null values detected in column GENDER,GENDER,5366,Kavya,Sharma,user4365@example.com,9876504365,,1990-05-28,Delhi,1000
null_blank,Null values detected in column GENDER,GENDER,5367,Arjun,Joshi,user4366@example.com,9876504366,,1986-10-02,Ahmedabad,34507
null_blank,Null values detected in column GENDER,GENDER,5373,Sneha,Reddy,user4372@example.com,9876504372,,1973-09-15,Kolkata,52856
null_blank,Null values detected in column GENDER,GENDER,5377,Sameer,Rao,user4376@example.com,9876504376,,1970-06-18,Pune,49731
null_blank,Null values detected in column GENDER,GENDER,5380,Kavya,Gupta,user4379@example.com,9876504379,,2015-11-23,Kolkata,60754
null_blank,Null values detected in column GENDER,GENDER,5384,Kavya,Kumar,user4383@example.com,9876504383,,1997-12-12,Ahmedabad,86397
null_blank,Null values detected in column GENDER,GENDER,5386,Priya,Mehta,user4385@example.com,9876504385,,1983-09-24,Mumbai,61487
null_blank,Null values detected in column GENDER,GENDER,5387,Anjali,Mehta,user4386@example.com,9876504386,,1991-07-28,Hyderabad,48531
null_blank,Null values detected in column GENDER,GENDER,5388,Sneha,Joshi,user4387@example.com,9876504387,,2010-07-24,Chennai,50110
null_blank,Null values detected in column GENDER,GENDER,5391,Neha,Kumar,user4390@example.com,9876504390,,1979-03-28,Kolkata,60555
null_blank,Null values detected in column GENDER,GENDER,5392,Sneha,Reddy,user4391@example.com,9876504391,,1996-08-21,Mumbai,83101
null_blank,Null values detected in column GENDER,GENDER,5393,Sneha,Kumar,user4392@example.com,9876504392,,1973-10-15,Kolkata,66176
null_blank,Null values detected in column GENDER,GENDER,5396,Neha,Gupta,user4395@example.com,9876504395,,2001-01-29,Chennai,1000
null_blank,Null values detected in column GENDER,GENDER,5404,Vijay,Patel,user4403@example.com,9876504403,,2016-07-06,Chennai,38857
null_blank,Null values detected in column GENDER,GENDER,5405,Sameer,Joshi,user4404@example.com,9876504404,,1971-09-13,Bangalore,81173
null_blank,Null values detected in column GENDER,GENDER,5408,Rakesh,Singh,user4407@example.com,9876504407,,1989-06-08,Mumbai,51039
null_blank,Null values detected in column GENDER,GENDER,5409,Anjali,Joshi,user4408@example.com,9876504408,,1970-06-05,Ahmedabad,85724
null_blank,Null values detected in column GENDER,GENDER,5410,Arjun,Singh,user4409@example.com,9876504409,,2050-01-01,Bangalore,69434
null_blank,Null values detected in column GENDER,GENDER,5416,Amit,Rao,user4415@example.com,9876504415,,1981-11-18,Delhi,116892
null_blank,Null values detected in column GENDER,GENDER,5421,Anjali,Sharma,invalid@,9876504420,,1980-12-31,Pune,59620
null_blank,Null values detected in column GENDER,GENDER,5422,Sameer,Sharma,user4421@example.com,9876504421,,1977-09-20,Hyderabad,63079
null_blank,Null values detected in column GENDER,GENDER,5425,Amit,Mehta,user4424@example.com,9876504424,,1998-01-01,Kolkata,25222
null_blank,Null values detected in column GENDER,GENDER,5427,Kavya,Joshi,user4426@example.com,9876504426,,2018-09-09,Mumbai,65275
null_blank,Null values detected in column GENDER,GENDER,5431,Sneha,Patel,user4430@example.com,9876504430,,1987-06-16,Ahmedabad,64630
null_blank,Null values detected in column GENDER,GENDER,5432,Anjali,Kumar,user4431@example.com,9876504431,,2013-04-10,Mumbai,72455
null_blank,Null values detected in column GENDER,GENDER,5434,Rakesh,Joshi,user4433@example.com,9876504433,,1996-05-17,Delhi,42996
null_blank,Null values detected in column GENDER,GENDER,5435,Neha,Rao,user4434@example.com,9876504434,,1984-06-09,Bangalore,77915
null_blank,Null values detected in column GENDER,GENDER,5444,Sneha,Singh,user4443@example.com,9876504443,,2011-02-24,Delhi,110569
null_blank,Null values detected in column GENDER,GENDER,5446,Sneha,Reddy,user4445@example.com,9876504445,,2012-11-03,Mumbai,61522
null_blank,Null values detected in column GENDER,GENDER,5447,Anjali,Mehta,user4446@example.com,9876504446,,1980-09-27,Bangalore,63270
null_blank,Null values detected in column GENDER,GENDER,5450,Neha,Gupta,user4449@example.com,9876504449,,1991-12-10,Mumbai,80866
null_blank,Null values detected in column GENDER,GENDER,5451,Neha,Verma,user4450@example.com,,,1996-07-01,Chennai,49819
null_blank,Null values detected in column GENDER,GENDER,5452,Rakesh,Patel,user4451@example.com,9876504451,,1980-04-12,Bangalore,48432
null_blank,Null values detected in column GENDER,GENDER,5453,Anjali,Joshi,user4452@example.com,9876504452,,2000-08-18,Hyderabad,72416
null_blank,Null values detected in column GENDER,GENDER,5454,Priya,Kumar,user4453@example.com,9876504453,,1981-12-14,Chennai,89284
null_blank,Null values detected in column GENDER,GENDER,5455,Neha,Reddy,user4454@example.com,9876504454,,2013-10-29,Mumbai,57333
null_blank,Null values detected in column GENDER,GENDER,5461,Priya,Gupta,invalid@,9876504460,,2012-12-13,Delhi,44213
null_blank,Null values detected in column GENDER,GENDER,5462,Kavya,Joshi,user4461@example.com,9876504461,,1975-05-23,Pune,63767
null_blank,Null values detected in column GENDER,GENDER,5464,Rakesh,Gupta,user4463@example.com,9876504463,,1973-06-13,Hyderabad,62402
null_blank,Null values detected in column GENDER,GENDER,5467,Sneha,Verma,user4466@example.com,9876504466,,2003-05-28,Hyderabad,40066
null_blank,Null values detected in column GENDER,GENDER,5469,Sameer,Sharma,user4468@example.com,9876504468,,2019-02-19,Hyderabad,86012
null_blank,Null values detected in column GENDER,GENDER,5473,Amit,Patel,user4472@example.com,9876504472,,2015-06-02,Bangalore,99390
null_blank,Null values detected in column GENDER,GENDER,5477,Anjali,Joshi,user4476@example.com,9876504476,,1989-04-20,Pune,48325
null_blank,Null values detected in column GENDER,GENDER,5482,Priya,Verma,user4481@example.com,9876504481,,2013-11-18,Bangalore,51892
null_blank,Null values detected in column GENDER,GENDER,5485,Sameer,Mehta,user4484@example.com,9876504484,,1981-06-29,Ahmedabad,70972
null_blank,Null values detected in column GENDER,GENDER,5486,Sneha,Sharma,user4485@example.com,9876504485,,2011-05-01,Kolkata,1000
null_blank,Null values detected in column GENDER,GENDER,5489,Amit,Patel,user4488@example.com,9876504488,,2002-01-16,Mumbai,56306
null_blank,Null values detected in column GENDER,GENDER,5490,Amit,Patel,user4489@example.com,9876504489,,1998-06-21,Hyderabad,72500
null_blank,Null values detected in column GENDER,GENDER,5491,Arjun,Reddy,user4490@example.com,9876504490,,1987-04-08,Delhi,82525
null_blank,Null values detected in column GENDER,GENDER,5495,Anjali,Kumar,user4494@example.com,9876504494,,2016-05-20,Delhi,52093
null_blank,Null values detected in column GENDER,GENDER,5497,Kavya,Reddy,user4496@example.com,9876504496,,2005-11-01,Bangalore,59867
null_blank,Null values detected in column GENDER,GENDER,5498,Vijay,Reddy,user4497@example.com,9876504497,,2014-02-23,Ahmedabad,73325
null_blank,Null values detected in column GENDER,GENDER,5499,Priya,Singh,user4498@example.com,9876504498,,2016-01-31,Kolkata,51199
null_blank,Null values detected in column GENDER,GENDER,5500,Sameer,Singh,user4499@example.com,9876504499,,1974-12-27,Delhi,84096
null_blank,Null values detected in column GENDER,GENDER,5501,Amit,Verma,invalid@,,,1980-06-16,Delhi,645004
null_blank,Null values detected in column GENDER,GENDER,5502,Vijay,Patel,user4501@example.com,9876504501,,2000-07-26,Bangalore,47921
null_blank,Null values detected in column GENDER,GENDER,5505,Amit,Joshi,user4504@example.com,9876504504,,1995-11-09,Pune,55798
null_blank,Null values detected in column GENDER,GENDER,5507,Neha,Sharma,user4506@example.com,9876504506,,2001-06-25,Delhi,58746
null_blank,Null values detected in column GENDER,GENDER,5508,Vijay,Verma,user4507@example.com,9876504507,,1970-04-12,Ahmedabad,55918
null_blank,Null values detected in column GENDER,GENDER,5510,Arjun,Sharma,user4509@example.com,9876504509,,1981-08-06,Kolkata,75077
null_blank,Null values detected in column GENDER,GENDER,5515,Vijay,Rao,user4514@example.com,9876504514,,1988-05-22,Delhi,26591
null_blank,Null values detected in column GENDER,GENDER,5518,Neha,Kumar,user4517@example.com,9876504517,,1993-12-18,Hyderabad,113004
null_blank,Null values detected in column GENDER,GENDER,5519,Amit,Singh,user4518@example.com,9876504518,,1978-01-04,Hyderabad,89995
null_blank,Null values detected in column GENDER,GENDER,5525,Rakesh,Gupta,user4524@example.com,9876504524,,1978-07-11,Mumbai,53508
null_blank,Null values detected in column GENDER,GENDER,5529,Kavya,Patel,user4528@example.com,9876504528,,2018-12-10,Chennai,53597
null_blank,Null values detected in column GENDER,GENDER,5534,Sneha,Verma,user4533@example.com,9876504533,,1973-05-18,Kolkata,28331
null_blank,Null values detected in column GENDER,GENDER,5535,Vijay,Gupta,user4534@example.com,9876504534,,1985-06-02,Ahmedabad,46225
null_blank,Null values detected in column GENDER,GENDER,5536,Priya,Patel,user4535@example.com,9876504535,,2009-09-28,Kolkata,56922
null_blank,Null values detected in column GENDER,GENDER,5537,Sameer,Kumar,user4536@example.com,9876504536,,1970-05-10,Chennai,61001
null_blank,Null values detected in column GENDER,GENDER,5538,Anjali,Sharma,user4537@example.com,9876504537,,1980-03-05,Ahmedabad,55318
null_blank,Null values detected in column GENDER,GENDER,5542,Neha,Singh,user4541@example.com,9876504541,,1985-05-30,Mumbai,60132
null_blank,Null values detected in column GENDER,GENDER,5547,Neha,Sharma,user4546@example.com,9876504546,,1970-04-07,Hyderabad,60094
null_blank,Null values detected in column GENDER,GENDER,5551,Anjali,Singh,user4550@example.com,,,2016-06-30,Kolkata,25277
null_blank,Null values detected in column GENDER,GENDER,5555,Neha,Rao,user4554@example.com,9876504554,,1973-08-17,Kolkata,65263
null_blank,Null values detected in column GENDER,GENDER,5556,Arjun,Sharma,user4555@example.com,9876504555,,1999-01-15,Hyderabad,69495
null_blank,Null values detected in column GENDER,GENDER,5558,Neha,Singh,user4557@example.com,9876504557,,1984-02-21,Chennai,67092
null_blank,Null values detected in column GENDER,GENDER,5559,Arjun,Sharma,user4558@example.com,9876504558,,1973-09-01,Mumbai,88530
null_blank,Null values detected in column GENDER,GENDER,5562,Sneha,Gupta,user4561@example.com,9876504561,,2001-09-30,Chennai,21507
null_blank,Null values detected in column GENDER,GENDER,5563,Anjali,Kumar,user4562@example.com,9876504562,,2007-04-26,Chennai,52466
null_blank,Null values detected in column GENDER,GENDER,5564,Sneha,Reddy,user4563@example.com,9876504563,,2007-07-27,Pune,79609
null_blank,Null values detected in column GENDER,GENDER,5570,Amit,Sharma,user4569@example.com,9876504569,,1970-08-07,Hyderabad,63453
null_blank,Null values detected in column GENDER,GENDER,5572,Arjun,Reddy,user4571@example.com,9876504571,,2011-01-03,Bangalore,72635
null_blank,Null values detected in column GENDER,GENDER,5576,Priya,Joshi,user4575@example.com,123,,2015-01-13,Delhi,1000
null_blank,Null values detected in column GENDER,GENDER,5577,Kavya,Gupta,user4576@example.com,9876504576,,1981-11-20,Bangalore,23390
null_blank,Null values detected in column GENDER,GENDER,5578,Arjun,Rao,user4577@example.com,9876504577,,1983-12-01,Pune,89120
null_blank,Null values detected in column GENDER,GENDER,5581,Kavya,Patel,invalid@,9876504580,,2013-12-29,Bangalore,58749
null_blank,Null values detected in column GENDER,GENDER,5584,Amit,Verma,user4583@example.com,9876504583,,2012-08-30,Mumbai,56948
null_blank,Null values detected in column GENDER,GENDER,5586,Sneha,Mehta,user4585@example.com,9876504585,,2004-12-14,Chennai,51866
null_blank,Null values detected in column GENDER,GENDER,5590,Neha,Verma,user4589@example.com,9876504589,,1970-11-05,Ahmedabad,17398
null_blank,Null values detected in column GENDER,GENDER,5591,Anjali,Reddy,user4590@example.com,9876504590,,1991-01-26,Pune,598867
null_blank,Null values detected in column GENDER,GENDER,5592,Rakesh,Gupta,user4591@example.com,9876504591,,1991-02-07,Hyderabad,46640
null_blank,Null values detected in column GENDER,GENDER,5594,Neha,Kumar,user4593@example.com,9876504593,,1978-05-06,Kolkata,24063
null_blank,Null values detected in column GENDER,GENDER,5596,Vijay,Joshi,user4595@example.com,9876504595,,1975-07-11,Mumbai,72447
null_blank,Null values detected in column GENDER,GENDER,5597,Neha,Joshi,user4596@example.com,9876504596,,2006-08-06,Mumbai,56131
null_blank,Null values detected in column GENDER,GENDER,5598,Vijay,Mehta,user4597@example.com,9876504597,,1983-05-14,Mumbai,67066
null_blank,Null values detected in column GENDER,GENDER,5602,Kavya,Gupta,user4601@example.com,9876504601,,1995-10-20,Delhi,49309
null_blank,Null values detected in column GENDER,GENDER,5603,Vijay,Mehta,user4602@example.com,9876504602,,1984-11-17,Mumbai,38505
null_blank,Null values detected in column GENDER,GENDER,5606,Vijay,Rao,user4605@example.com,9876504605,,2001-11-09,Mumbai,1000
null_blank,Null values detected in column GENDER,GENDER,5609,Arjun,Singh,user4608@example.com,9876504608,,2010-08-13,Chennai,31026
null_blank,Null values detected in column GENDER,GENDER,5610,Sneha,Mehta,user4609@example.com,9876504609,,1981-08-21,Ahmedabad,42190
null_blank,Null values detected in column GENDER,GENDER,5612,Sameer,Rao,user4611@example.com,9876504611,,1970-06-07,Delhi,74953
null_blank,Null values detected in column GENDER,GENDER,5614,Arjun,Gupta,user4613@example.com,9876504613,,1979-02-01,Chennai,76823
null_blank,Null values detected in column GENDER,GENDER,5618,Rakesh,Gupta,user4617@example.com,9876504617,,1994-07-11,Hyderabad,57750
null_blank,Null values detected in column GENDER,GENDER,5620,Amit,Verma,user4619@example.com,9876504619,,1977-02-25,Kolkata,79451
null_blank,Null values detected in column GENDER,GENDER,5621,Sneha,Gupta,invalid@,9876504620,,2002-11-29,Hyderabad,915970
null_blank,Null values detected in column GENDER,GENDER,5623,Priya,Reddy,user4622@example.com,9876504622,,1971-03-20,Chennai,112569
null_blank,Null values detected in column GENDER,GENDER,5624,Kavya,Gupta,user4623@example.com,9876504623,,1986-05-10,Pune,49829
null_blank,Null values detected in column GENDER,GENDER,5629,Sneha,Verma,user4628@example.com,9876504628,,2017-05-23,Hyderabad,42841
null_blank,Null values detected in column GENDER,GENDER,5630,Vijay,Verma,user4629@example.com,9876504629,,2002-08-14,Kolkata,54052
null_blank,Null values detected in column GENDER,GENDER,5633,Sameer,Joshi,user4632@example.com,9876504632,,1995-10-23,Kolkata,44682
null_blank,Null values detected in column GENDER,GENDER,5639,Sneha,Singh,user4638@example.com,9876504638,,1997-04-07,Bangalore,102549
null_blank,Null values detected in column GENDER,GENDER,5640,Sameer,Verma,user4639@example.com,9876504639,,1985-04-07,Kolkata,79864
null_blank,Null values detected in column GENDER,GENDER,5645,Sneha,Reddy,user4644@example.com,9876504644,,2016-01-26,Chennai,56172
null_blank,Null values detected in column GENDER,GENDER,5647,Kavya,Rao,user4646@example.com,9876504646,,2003-03-23,Mumbai,70341
null_blank,Null values detected in column GENDER,GENDER,5653,Neha,Rao,user4652@example.com,9876504652,,2002-06-02,Ahmedabad,63004
null_blank,Null values detected in column GENDER,GENDER,5654,Priya,Rao,user4653@example.com,9876504653,,1975-08-15,Mumbai,51612
null_blank,Null values detected in column GENDER,GENDER,5658,Anjali,Rao,user4657@example.com,9876504657,,2000-09-25,Delhi,78408
null_blank,Null values detected in column GENDER,GENDER,5659,Neha,Gupta,user4658@example.com,9876504658,,1996-10-01,Hyderabad,80664
null_blank,Null values detected in column GENDER,GENDER,5660,Anjali,Mehta,user4659@example.com,9876504659,,2006-12-17,Chennai,63016
null_blank,Null values detected in column GENDER,GENDER,5661,Arjun,Gupta,invalid@,9876504660,,1970-01-26,Bangalore,73009
null_blank,Null values detected in column GENDER,GENDER,5663,Neha,Rao,user4662@example.com,9876504662,,1989-12-24,Ahmedabad,13536
null_blank,Null values detected in column GENDER,GENDER,5664,Amit,Rao,user4663@example.com,9876504663,,2010-09-16,Delhi,35003
null_blank,Null values detected in column GENDER,GENDER,5667,Sameer,Joshi,user4666@example.com,9876504666,,1991-03-27,Mumbai,70354
null_blank,Null values detected in column GENDER,GENDER,5671,Anjali,Joshi,user4670@example.com,9876504670,,2003-09-01,Ahmedabad,74844
null_blank,Null values detected in column GENDER,GENDER,5672,Kavya,Reddy,user4671@example.com,9876504671,,1985-06-12,Mumbai,95660
null_blank,Null values detected in column GENDER,GENDER,5674,Arjun,Rao,user4673@example.com,9876504673,,2009-05-07,Pune,64328
null_blank,Null values detected in column GENDER,GENDER,5676,Sneha,Verma,user4675@example.com,123,,1980-08-31,Ahmedabad,81313
null_blank,Null values detected in column GENDER,GENDER,5678,Neha,Reddy,user4677@example.com,9876504677,,1983-02-19,Delhi,43103
null_blank,Null values detected in column GENDER,GENDER,5683,Amit,Joshi,user4682@example.com,9876504682,,2016-05-22,Hyderabad,101219
null_blank,Null values detected in column GENDER,GENDER,5687,Anjali,Rao,user4686@example.com,9876504686,,1996-06-16,Chennai,95100
null_blank,Null values detected in column GENDER,GENDER,5688,Sneha,Verma,user4687@example.com,9876504687,,2050-01-01,Delhi,73466
null_blank,Null values detected in column GENDER,GENDER,5689,Priya,Patel,user4688@example.com,9876504688,,1985-04-19,Ahmedabad,55639
null_blank,Null values detected in column GENDER,GENDER,5691,Vijay,Rao,user4690@example.com,9876504690,,1982-08-18,Hyderabad,68703
null_blank,Null values detected in column GENDER,GENDER,5694,Sneha,Sharma,user4693@example.com,9876504693,,1990-02-12,Delhi,67748
null_blank,Null values detected in column GENDER,GENDER,5696,Sameer,Mehta,user4695@example.com,9876504695,,2018-03-07,Ahmedabad,1000
null_blank,Null values detected in column GENDER,GENDER,5700,Sameer,Joshi,user4699@example.com,9876504699,,2018-08-23,Chennai,51123
null_blank,Null values detected in column GENDER,GENDER,5701,Anjali,Mehta,invalid@,,,2008-06-15,Hyderabad,78366
null_blank,Null values detected in column GENDER,GENDER,5702,Arjun,Sharma,user4701@example.com,9876504701,,1992-06-12,Kolkata,60622
null_blank,Null values detected in column GENDER,GENDER,5705,Rakesh,Kumar,user4704@example.com,9876504704,,1985-01-28,Kolkata,67388
null_blank,Null values detected in column GENDER,GENDER,5706,Anjali,Rao,user4705@example.com,9876504705,,1975-11-08,Mumbai,54098
null_blank,Null values detected in column GENDER,GENDER,5707,Kavya,Singh,user4706@example.com,9876504706,,2013-08-29,Delhi,94018
null_blank,Null values detected in column GENDER,GENDER,5709,Kavya,Mehta,user4708@example.com,9876504708,,2010-08-02,Hyderabad,70742
null_blank,Null values detected in column GENDER,GENDER,5711,Amit,Joshi,user4710@example.com,9876504710,,2050-01-01,Mumbai,419490
null_blank,Null values detected in column GENDER,GENDER,5712,Neha,Verma,user4711@example.com,9876504711,,1982-04-24,Hyderabad,41874
null_blank,Null values detected in column GENDER,GENDER,5713,Amit,Mehta,user4712@example.com,9876504712,,1988-11-20,Pune,51911
null_blank,Null values detected in column GENDER,GENDER,5714,Amit,Mehta,user4713@example.com,9876504713,,1976-12-21,Hyderabad,105002
null_blank,Null values detected in column GENDER,GENDER,5715,Arjun,Singh,user4714@example.com,9876504714,,1983-07-01,Kolkata,54028
null_blank,Null values detected in column GENDER,GENDER,5716,Priya,Gupta,user4715@example.com,9876504715,,2004-10-31,Kolkata,91341
null_blank,Null values detected in column GENDER,GENDER,5717,Vijay,Mehta,user4716@example.com,9876504716,,1989-10-02,Hyderabad,50548
null_blank,Null values detected in column GENDER,GENDER,5719,Sameer,Kumar,user4718@example.com,9876504718,,1976-07-23,Mumbai,54992
null_blank,Null values detected in column GENDER,GENDER,5722,Vijay,Gupta,user4721@example.com,9876504721,,1993-04-04,Mumbai,96230
null_blank,Null values detected in column GENDER,GENDER,5723,Neha,Joshi,user4722@example.com,9876504722,,2009-10-20,Hyderabad,63916
null_blank,Null values detected in column GENDER,GENDER,5725,Neha,Kumar,user4724@example.com,9876504724,,2013-07-06,Ahmedabad,65507
null_blank,Null values detected in column GENDER,GENDER,5726,Priya,Patel,user4725@example.com,123,,1970-01-14,Delhi,1000
null_blank,Null values detected in column GENDER,GENDER,5730,Priya,Patel,user4729@example.com,9876504729,,1982-06-07,Delhi,43618
null_blank,Null values detected in column GENDER,GENDER,5735,Rakesh,Reddy,user4734@example.com,9876504734,,1997-06-23,Delhi,42943
null_blank,Null values detected in column GENDER,GENDER,5737,Vijay,Patel,user4736@example.com,9876504736,,1999-11-15,Bangalore,87207
null_blank,Null values detected in column GENDER,GENDER,5739,Rakesh,Reddy,user4738@example.com,9876504738,,1979-06-27,Delhi,55824
null_blank,Null values detected in column GENDER,GENDER,5741,Arjun,Joshi,invalid@,9876504740,,2016-04-22,Mumbai,472923
null_blank,Null values detected in column GENDER,GENDER,5744,Kavya,Kumar,user4743@example.com,9876504743,,1973-07-10,Hyderabad,50924
null_blank,Null values detected in column GENDER,GENDER,5745,Rakesh,Singh,user4744@example.com,9876504744,,invalid,Chennai,62686
null_blank,Null values detected in column GENDER,GENDER,5746,Sameer,Gupta,user4745@example.com,9876504745,,1994-05-13,Delhi,77812
null_blank,Null values detected in column GENDER,GENDER,5747,Priya,Mehta,user4746@example.com,9876504746,,2001-03-28,Chennai,63311
null_blank,Null values detected in column GENDER,GENDER,5748,Sneha,Joshi,user4747@example.com,9876504747,,2019-02-18,Hyderabad,44849
null_blank,Null values detected in column GENDER,GENDER,5751,Sneha,Sharma,user4750@example.com,,,2050-01-01,Hyderabad,51776
null_blank,Null values detected in column GENDER,GENDER,5755,Neha,Mehta,user4754@example.com,9876504754,,1978-05-22,Bangalore,96934
null_blank,Null values detected in column GENDER,GENDER,5756,Arjun,Mehta,user4755@example.com,9876504755,,1977-10-11,Kolkata,1000
null_blank,Null values detected in column GENDER,GENDER,5759,Rakesh,Singh,user4758@example.com,9876504758,,2000-07-07,Delhi,88328
null_blank,Null values detected in column GENDER,GENDER,5762,Amit,Reddy,user4761@example.com,9876504761,,1987-05-17,Hyderabad,58229
null_blank,Null values detected in column GENDER,GENDER,5763,Rakesh,Rao,user4762@example.com,9876504762,,2006-06-23,Bangalore,77470
null_blank,Null values detected in column GENDER,GENDER,5764,Sneha,Reddy,user4763@example.com,9876504763,,1991-03-19,Pune,73404
null_blank,Null values detected in column GENDER,GENDER,5766,Rakesh,Mehta,user4765@example.com,9876504765,,2000-12-29,Mumbai,74802
null_blank,Null values detected in column GENDER,GENDER,5767,Vijay,Mehta,user4766@example.com,9876504766,,1978-08-02,Pune,121044
null_blank,Null values detected in column GENDER,GENDER,5770,Sneha,Sharma,user4769@example.com,9876504769,,1974-07-15,Chennai,55295
null_blank,Null values detected in column GENDER,GENDER,5772,Amit,Kumar,user4771@example.com,9876504771,,2008-06-18,Kolkata,87982
null_blank,Null values detected in column GENDER,GENDER,5777,Vijay,Joshi,user4776@example.com,9876504776,,1988-12-02,Chennai,88453
null_blank,Null values detected in column GENDER,GENDER,5780,Rakesh,Singh,user4779@example.com,9876504779,,1977-07-17,Chennai,71477
null_blank,Null values detected in column GENDER,GENDER,5786,Arjun,Gupta,user4785@example.com,9876504785,,2010-11-15,Pune,1000
null_blank,Null values detected in column GENDER,GENDER,5793,Vijay,Singh,user4792@example.com,9876504792,,1977-09-04,Bangalore,70153
null_blank,Null values detected in column GENDER,GENDER,5795,Priya,Verma,user4794@example.com,9876504794,,1976-04-12,Kolkata,74142
null_blank,Null values detected in column GENDER,GENDER,5797,Rakesh,Reddy,user4796@example.com,9876504796,,1971-07-26,Hyderabad,120382
null_blank,Null values detected in column GENDER,GENDER,5800,Priya,Singh,user4799@example.com,9876504799,,1993-06-23,Delhi,59805
null_blank,Null values detected in column GENDER,GENDER,5805,Priya,Rao,user4804@example.com,9876504804,,2016-12-22,Hyderabad,43115
null_blank,Null values detected in column GENDER,GENDER,5807,Arjun,Rao,user4806@example.com,9876504806,,1991-05-04,Chennai,69456
null_blank,Null values detected in column GENDER,GENDER,5811,Sameer,Singh,user4810@example.com,9876504810,,1973-11-04,Ahmedabad,82926
null_blank,Null values detected in column GENDER,GENDER,5812,Sneha,Singh,user4811@example.com,9876504811,,1979-02-03,Ahmedabad,39252
null_blank,Null values detected in column GENDER,GENDER,5813,Priya,Verma,user4812@example.com,9876504812,,1989-10-27,Chennai,43229
null_blank,Null values detected in column GENDER,GENDER,5819,Rakesh,Reddy,user4818@example.com,9876504818,,1987-08-22,Kolkata,83387
null_blank,Null values detected in column GENDER,GENDER,5820,Priya,Mehta,user4819@example.com,9876504819,,1995-05-25,Ahmedabad,67563
null_blank,Null values detected in column GENDER,GENDER,5822,Arjun,Gupta,user4821@example.com,9876504821,,1997-05-13,Delhi,63740
null_blank,Null values detected in column GENDER,GENDER,5825,Kavya,Joshi,user4824@example.com,9876504824,,2018-02-10,Pune,78678
null_blank,Null values detected in column GENDER,GENDER,5826,Anjali,Patel,user4825@example.com,123,,1984-02-04,Chennai,55399
null_blank,Null values detected in column GENDER,GENDER,5827,Rakesh,Kumar,user4826@example.com,9876504826,,1979-06-06,Bangalore,75804
null_blank,Null values detected in column GENDER,GENDER,5828,Anjali,Gupta,user4827@example.com,9876504827,,2003-03-15,Mumbai,71676
null_blank,Null values detected in column GENDER,GENDER,5830,Priya,Reddy,user4829@example.com,9876504829,,2007-03-23,Hyderabad,104866
null_blank,Null values detected in column GENDER,GENDER,5831,Priya,Joshi,user4830@example.com,9876504830,,1973-08-14,Chennai,765384
null_blank,Null values detected in column GENDER,GENDER,5836,Vijay,Sharma,user4835@example.com,9876504835,,2004-10-13,Delhi,76215
null_blank,Null values detected in column GENDER,GENDER,5838,Amit,Mehta,user4837@example.com,9876504837,,1970-06-14,Delhi,86747
null_blank,Null values detected in column GENDER,GENDER,5841,Arjun,Mehta,,9876504840,,1979-03-05,Kolkata,75063
null_blank,Null values detected in column GENDER,GENDER,5842,Sameer,Sharma,user4841@example.com,9876504841,,2017-07-24,Delhi,36900
null_blank,Null values detected in column GENDER,GENDER,5843,Sameer,Sharma,user4842@example.com,9876504842,,1976-12-04,Mumbai,43241
null_blank,Null values detected in column GENDER,GENDER,5846,Sameer,Singh,user4845@example.com,9876504845,,1992-03-11,Pune,1000
null_blank,Null values detected in column GENDER,GENDER,5847,Anjali,Rao,user4846@example.com,9876504846,,2018-06-28,Mumbai,21552
null_blank,Null values detected in column GENDER,GENDER,5848,Sneha,Verma,user4847@example.com,9876504847,,1997-12-21,Bangalore,64599
null_blank,Null values detected in column GENDER,GENDER,5851,Amit,Patel,user4850@example.com,,,1987-07-12,Bangalore,65697
null_blank,Null values detected in column GENDER,GENDER,5853,Arjun,Verma,user4852@example.com,9876504852,,1997-01-21,Kolkata,84536
null_blank,Null values detected in column GENDER,GENDER,5861,Neha,Rao,invalid@,9876504860,,1980-08-19,Hyderabad,579900
null_blank,Null values detected in column GENDER,GENDER,5863,Kavya,Joshi,user4862@example.com,9876504862,,2011-09-16,Bangalore,45340
null_blank,Null values detected in column GENDER,GENDER,5864,Sameer,Reddy,user4863@example.com,9876504863,,2003-03-13,Delhi,54405
null_blank,Null values detected in column GENDER,GENDER,5865,Priya,Gupta,user4864@example.com,9876504864,,1973-02-02,Mumbai,66048
null_blank,Null values detected in column GENDER,GENDER,5866,Sneha,Joshi,user4865@example.com,9876504865,,2010-04-17,Pune,66734
null_blank,Null values detected in column GENDER,GENDER,5871,Sneha,Mehta,user4870@example.com,9876504870,,1989-11-02,Ahmedabad,37768
null_blank,Null values detected in column GENDER,GENDER,5872,Amit,Mehta,user4871@example.com,9876504871,,1982-10-10,Delhi,97279
null_blank,Null values detected in column GENDER,GENDER,5875,Amit,Mehta,user4874@example.com,9876504874,,2000-08-11,Chennai,74742
null_blank,Null values detected in column GENDER,GENDER,5882,Kavya,Gupta,user4881@example.com,9876504881,,2015-12-16,Chennai,96862
null_blank,Null values detected in column GENDER,GENDER,5884,Rakesh,Gupta,user4883@example.com,9876504883,,1970-05-02,Mumbai,68192
null_blank,Null values detected in column GENDER,GENDER,5887,Amit,Patel,user4886@example.com,9876504886,,1988-12-26,Kolkata,91671
null_blank,Null values detected in column GENDER,GENDER,5890,Sneha,Singh,user4889@example.com,9876504889,,2005-03-13,Chennai,49646
null_blank,Null values detected in column GENDER,GENDER,5891,Anjali,Reddy,user4890@example.com,9876504890,,2018-04-07,Chennai,664652
null_blank,Null values detected in column GENDER,GENDER,5892,Neha,Sharma,user4891@example.com,9876504891,,1995-03-12,Delhi,77430
null_blank,Null values detected in column GENDER,GENDER,5893,Amit,Reddy,user4892@example.com,9876504892,,1978-12-27,Pune,69072
null_blank,Null values detected in column GENDER,GENDER,5898,Anjali,Patel,user4897@example.com,9876504897,,2003-03-27,Delhi,89296
null_blank,Null values detected in column GENDER,GENDER,5900,Rakesh,Joshi,user4899@example.com,9876504899,,1983-11-15,Pune,68092
null_blank,Null values detected in column GENDER,GENDER,5903,Priya,Sharma,user4902@example.com,9876504902,,1975-04-20,Chennai,90557
null_blank,Null values detected in column GENDER,GENDER,5908,Neha,Verma,user4907@example.com,9876504907,,1990-06-09,Kolkata,48649
null_blank,Null values detected in column GENDER,GENDER,5911,Vijay,Kumar,user4910@example.com,9876504910,,2005-07-31,Hyderabad,81667
null_blank,Null values detected in column GENDER,GENDER,5926,Amit,Sharma,user4925@example.com,123,,1976-05-07,Mumbai,70193
null_blank,Null values detected in column GENDER,GENDER,5928,Kavya,Singh,user4927@example.com,9876504927,,1984-08-22,Chennai,56173
null_blank,Null values detected in column GENDER,GENDER,5930,Vijay,Joshi,user4929@example.com,9876504929,,2007-03-09,Ahmedabad,76121
null_blank,Null values detected in column GENDER,GENDER,5932,Amit,Reddy,user4931@example.com,9876504931,,1978-11-01,Delhi,34433
null_blank,Null values detected in column GENDER,GENDER,5934,Sameer,Reddy,user4933@example.com,9876504933,,2011-10-25,Pune,64843
null_blank,Null values detected in column GENDER,GENDER,5935,Rakesh,Kumar,user4934@example.com,9876504934,,1977-09-20,Bangalore,30222
null_blank,Null values detected in column GENDER,GENDER,5936,Neha,Mehta,user4935@example.com,9876504935,,1980-11-14,Mumbai,1000
null_blank,Null values detected in column GENDER,GENDER,5937,Amit,Verma,user4936@example.com,9876504936,,1998-02-01,Chennai,60973
null_blank,Null values detected in column GENDER,GENDER,5938,Vijay,Joshi,user4937@example.com,9876504937,,2016-01-08,Chennai,65505
null_blank,Null values detected in column GENDER,GENDER,5945,Anjali,Kumar,user4944@example.com,9876504944,,2005-11-15,Hyderabad,78739
null_blank,Null values detected in column GENDER,GENDER,5948,Vijay,Verma,user4947@example.com,9876504947,,1997-05-20,Chennai,103775
null_blank,Null values detected in column GENDER,GENDER,5949,Sameer,Rao,user4948@example.com,9876504948,,1970-08-23,Ahmedabad,64597
null_blank,Null values detected in column GENDER,GENDER,5953,Sameer,Verma,user4952@example.com,9876504952,,1976-10-10,Mumbai,30535
null_blank,Null values detected in column GENDER,GENDER,5959,Arjun,Singh,user4958@example.com,9876504958,,2018-09-20,Pune,64905
null_blank,Null values detected in column GENDER,GENDER,5961,Vijay,Joshi,,9876504960,,2009-12-11,Chennai,62238
null_blank,Null values detected in column GENDER,GENDER,5962,Anjali,Verma,user4961@example.com,9876504961,,1997-06-25,Bangalore,87294
null_blank,Null values detected in column GENDER,GENDER,5965,Arjun,Mehta,user4964@example.com,9876504964,,2015-03-07,Mumbai,47346
null_blank,Null values detected in column GENDER,GENDER,5966,Sameer,Verma,user4965@example.com,9876504965,,1974-12-19,Ahmedabad,1000
null_blank,Null values detected in column GENDER,GENDER,5967,Kavya,Reddy,user4966@example.com,9876504966,,1996-10-10,Delhi,61804
null_blank,Null values detected in column GENDER,GENDER,5974,Neha,Patel,user4973@example.com,9876504973,,1979-11-24,Pune,53213
null_blank,Null values detected in column GENDER,GENDER,5975,Amit,Mehta,user4974@example.com,9876504974,,1975-11-20,Hyderabad,61288
null_blank,Null values detected in column GENDER,GENDER,5976,Priya,Rao,user4975@example.com,123,,1993-06-28,Bangalore,63270
null_blank,Null values detected in column GENDER,GENDER,5978,Anjali,Gupta,user4977@example.com,9876504977,,1977-05-20,Delhi,68563
null_blank,Null values detected in column GENDER,GENDER,5979,Sneha,Verma,user4978@example.com,9876504978,,2004-07-27,Ahmedabad,100990
null_blank,Null values detected in column GENDER,GENDER,5981,Amit,Verma,invalid@,9876504980,,2011-12-06,Pune,749983
null_blank,Null values detected in column GENDER,GENDER,5988,Sneha,Verma,user4987@example.com,9876504987,,1993-04-15,Kolkata,73650
null_blank,Null values detected in column GENDER,GENDER,5994,Amit,Singh,user4993@example.com,9876504993,,1978-05-22,Bangalore,55876
null_blank,Null values detected in column GENDER,GENDER,5997,Neha,Verma,user4996@example.com,9876504996,,1998-06-02,Hyderabad,5301
null_blank,Null values detected in column GENDER,GENDER,5999,Sameer,Kumar,user4998@example.com,9876504998,,1980-08-28,Kolkata,19182
null_blank,Null values detected in column GENDER,GENDER,6001,Neha,Sharma,,,,1979-04-19,Bangalore,55494
null_blank,Null values detected in column GENDER,GENDER,6002,Sameer,Kumar,user5001@example.com,9876505001,,2014-10-16,Delhi,82198
null_blank,Null values detected in column GENDER,GENDER,6003,Anjali,Sharma,user5002@example.com,9876505002,,1976-09-20,Bangalore,81156
null_blank,Null values detected in column GENDER,GENDER,6004,Rakesh,Singh,user5003@example.com,9876505003,,2013-05-03,Kolkata,80577
null_blank,Null values detected in column GENDER,GENDER,6005,Rakesh,Rao,user5004@example.com,9876505004,,1983-07-29,Hyderabad,76203
null_blank,Null values detected in column GENDER,GENDER,6006,Amit,Kumar,user5005@example.com,9876505005,,1987-03-25,Pune,38178
null_blank,Null values detected in column GENDER,GENDER,6012,Kavya,Verma,user5011@example.com,9876505011,,2012-02-13,Hyderabad,63646
null_blank,Null values detected in column GENDER,GENDER,6018,Sameer,Gupta,user5017@example.com,9876505017,,2012-05-11,Bangalore,49967
null_blank,Null values detected in column GENDER,GENDER,6020,Kavya,Rao,user5019@example.com,9876505019,,2000-02-24,Chennai,63558
null_blank,Null values detected in column GENDER,GENDER,6022,Neha,Verma,user5021@example.com,9876505021,,1990-01-30,Ahmedabad,46639
null_blank,Null values detected in column GENDER,GENDER,6023,Priya,Patel,user5022@example.com,9876505022,,2002-10-24,Pune,91914
null_blank,Null values detected in column GENDER,GENDER,6025,Neha,Kumar,user5024@example.com,9876505024,,1994-09-25,Delhi,74241
null_blank,Null values detected in column GENDER,GENDER,6026,Neha,Reddy,user5025@example.com,123,,2010-10-07,Kolkata,1000
null_blank,Null values detected in column GENDER,GENDER,6031,Priya,Singh,user5030@example.com,9876505030,,2000-03-07,Kolkata,71890
null_blank,Null values detected in column GENDER,GENDER,6032,Priya,Reddy,user5031@example.com,9876505031,,2004-10-21,Kolkata,67442
null_blank,Null values detected in column GENDER,GENDER,6033,Neha,Rao,user5032@example.com,9876505032,,1972-10-26,Hyderabad,69549
null_blank,Null values detected in column GENDER,GENDER,6034,Vijay,Kumar,user5033@example.com,9876505033,,1991-03-27,Chennai,42344
null_blank,Null values detected in column GENDER,GENDER,6036,Vijay,Rao,user5035@example.com,9876505035,,2015-08-04,Mumbai,58671
null_blank,Null values detected in column GENDER,GENDER,6039,Kavya,Patel,user5038@example.com,9876505038,,1981-05-22,Kolkata,75339
null_blank,Null values detected in column GENDER,GENDER,6043,Rakesh,Rao,user5042@example.com,9876505042,,1997-12-20,Mumbai,94595
null_blank,Null values detected in column GENDER,GENDER,6045,Anjali,Sharma,user5044@example.com,9876505044,,2013-09-03,Pune,97972
null_blank,Null values detected in column GENDER,GENDER,6046,Neha,Mehta,user5045@example.com,9876505045,,1984-07-19,Bangalore,65570
null_blank,Null values detected in column GENDER,GENDER,6047,Kavya,Verma,user5046@example.com,9876505046,,2011-03-14,Mumbai,52193
null_blank,Null values detected in column GENDER,GENDER,6048,Anjali,Kumar,user5047@example.com,9876505047,,1998-01-26,Delhi,63092
null_blank,Null values detected in column GENDER,GENDER,6049,Vijay,Patel,user5048@example.com,9876505048,,1981-10-27,Mumbai,69754
null_blank,Null values detected in column GENDER,GENDER,6053,Sameer,Rao,user5052@example.com,9876505052,,2008-02-13,Chennai,43032
null_blank,Null values detected in column GENDER,GENDER,6055,Sameer,Singh,user5054@example.com,9876505054,,2005-04-30,Pune,79698
null_blank,Null values detected in column GENDER,GENDER,6057,Rakesh,Joshi,user5056@example.com,9876505056,,1975-09-07,Bangalore,36948
null_blank,Null values detected in column GENDER,GENDER,6059,Rakesh,Patel,user5058@example.com,9876505058,,2014-07-28,Chennai,63614
null_blank,Null values detected in column GENDER,GENDER,6060,Kavya,Gupta,user5059@example.com,9876505059,,invalid,Delhi,86021
null_blank,Null values detected in column GENDER,GENDER,6062,Anjali,Verma,user5061@example.com,9876505061,,2004-04-25,Bangalore,40209
null_blank,Null values detected in column GENDER,GENDER,6063,Kavya,Sharma,user5062@example.com,9876505062,,2010-04-24,Bangalore,55267
null_blank,Null values detected in column GENDER,GENDER,6065,Sneha,Patel,user5064@example.com,9876505064,,2014-06-25,Bangalore,19899
null_blank,Null values detected in column GENDER,GENDER,6066,Arjun,Singh,user5065@example.com,9876505065,,2009-12-23,Delhi,63933
null_blank,Null values detected in column GENDER,GENDER,6071,Amit,Mehta,user5070@example.com,9876505070,,1987-11-09,Chennai,693600
null_blank,Null values detected in column GENDER,GENDER,6077,Arjun,Kumar,user5076@example.com,9876505076,,1985-11-14,Bangalore,62122
null_blank,Null values detected in column GENDER,GENDER,6078,Arjun,Verma,user5077@example.com,9876505077,,1972-03-19,Chennai,38122
null_blank,Null values detected in column GENDER,GENDER,6080,Rakesh,Rao,user5079@example.com,9876505079,,1979-01-07,Hyderabad,68635
null_blank,Null values detected in column GENDER,GENDER,6081,Anjali,Patel,,9876505080,,1996-01-02,Mumbai,61025
null_blank,Null values detected in column GENDER,GENDER,6082,Amit,Gupta,user5081@example.com,9876505081,,1979-06-22,Ahmedabad,30881
null_blank,Null values detected in column GENDER,GENDER,6089,Sneha,Sharma,user5088@example.com,9876505088,,2012-03-12,Hyderabad,95090
null_blank,Null values detected in column GENDER,GENDER,6095,Priya,Kumar,user5094@example.com,9876505094,,1984-07-25,Mumbai,53243
null_blank,Null values detected in column GENDER,GENDER,6102,Vijay,Joshi,user5101@example.com,9876505101,,1983-07-21,Mumbai,93957
null_blank,Null values detected in column GENDER,GENDER,6107,Sneha,Sharma,user5106@example.com,9876505106,,1981-05-29,Ahmedabad,68691
null_blank,Null values detected in column GENDER,GENDER,6114,Vijay,Rao,user5113@example.com,9876505113,,2011-06-11,Mumbai,67514
null_blank,Null values detected in column GENDER,GENDER,6120,Vijay,Verma,user5119@example.com,9876505119,,1985-04-13,Kolkata,113322
null_blank,Null values detected in column GENDER,GENDER,6122,Sneha,Reddy,user5121@example.com,9876505121,,1979-07-12,Ahmedabad,60377
null_blank,Null values detected in column GENDER,GENDER,6124,Anjali,Gupta,user5123@example.com,9876505123,,1986-09-05,Mumbai,27000
null_blank,Null values detected in column GENDER,GENDER,6132,Arjun,Rao,user5131@example.com,9876505131,,1997-10-22,Mumbai,79756
null_blank,Null values detected in column GENDER,GENDER,6133,Sameer,Verma,user5132@example.com,9876505132,,1981-02-03,Bangalore,39940
null_blank,Null values detected in column GENDER,GENDER,6134,Neha,Patel,user5133@example.com,9876505133,,2014-06-06,Bangalore,80719
null_blank,Null values detected in column GENDER,GENDER,6135,Sneha,Verma,user5134@example.com,9876505134,,1986-12-20,Bangalore,51331
null_blank,Null values detected in column GENDER,GENDER,6140,Rakesh,Reddy,user5139@example.com,9876505139,,2006-09-23,Bangalore,74693
null_blank,Null values detected in column GENDER,GENDER,6141,Neha,Verma,invalid@,9876505140,,1988-09-20,Pune,62928
null_blank,Null values detected in column GENDER,GENDER,6145,Anjali,Sharma,user5144@example.com,9876505144,,1979-10-18,Delhi,24266
null_blank,Null values detected in column GENDER,GENDER,6146,Rakesh,Rao,user5145@example.com,9876505145,,2010-05-10,Mumbai,1000
null_blank,Null values detected in column GENDER,GENDER,6147,Kavya,Patel,user5146@example.com,9876505146,,2001-09-25,Ahmedabad,64643
null_blank,Null values detected in column GENDER,GENDER,6150,Anjali,Mehta,user5149@example.com,9876505149,,2000-12-27,Hyderabad,71641
null_blank,Null values detected in column GENDER,GENDER,6152,Sneha,Verma,user5151@example.com,9876505151,,2012-03-31,Mumbai,56693
null_blank,Null values detected in column GENDER,GENDER,6153,Priya,Reddy,user5152@example.com,9876505152,,1989-10-23,Hyderabad,75985
null_blank,Null values detected in column GENDER,GENDER,6155,Neha,Joshi,user5154@example.com,9876505154,,1992-02-03,Hyderabad,93363
null_blank,Null values detected in column GENDER,GENDER,6156,Priya,Kumar,user5155@example.com,9876505155,,1973-07-08,Chennai,91292
null_blank,Null values detected in column GENDER,GENDER,6161,Neha,Gupta,,9876505160,,1993-05-01,Delhi,839976
null_blank,Null values detected in column GENDER,GENDER,6163,Kavya,Reddy,user5162@example.com,9876505162,,2014-10-22,Kolkata,57661
null_blank,Null values detected in column GENDER,GENDER,6165,Sameer,Sharma,user5164@example.com,9876505164,,1997-07-17,Mumbai,53732
null_blank,Null values detected in column GENDER,GENDER,6166,Amit,Reddy,user5165@example.com,9876505165,,1999-04-26,Pune,77271
null_blank,Null values detected in column GENDER,GENDER,6167,Rakesh,Joshi,user5166@example.com,9876505166,,1971-02-17,Kolkata,60185
null_blank,Null values detected in column GENDER,GENDER,6171,Sameer,Mehta,user5170@example.com,9876505170,,1987-12-15,Delhi,87413
null_blank,Null values detected in column GENDER,GENDER,6172,Amit,Patel,user5171@example.com,9876505171,,1998-08-29,Chennai,62283
null_blank,Null values detected in column GENDER,GENDER,6174,Arjun,Sharma,user5173@example.com,9876505173,,2011-06-01,Bangalore,84266
null_blank,Null values detected in column GENDER,GENDER,6175,Amit,Rao,user5174@example.com,9876505174,,1977-11-22,Bangalore,45609
null_blank,Null values detected in column GENDER,GENDER,6177,Arjun,Joshi,user5176@example.com,9876505176,,1976-11-24,Delhi,44200
null_blank,Null values detected in column GENDER,GENDER,6178,Vijay,Verma,user5177@example.com,9876505177,,2005-01-22,Pune,52784
null_blank,Null values detected in column GENDER,GENDER,6181,Rakesh,Sharma,invalid@,9876505180,,2015-05-09,Delhi,80616
null_blank,Null values detected in column GENDER,GENDER,6182,Neha,Sharma,user5181@example.com,9876505181,,1978-04-08,Mumbai,61577
null_blank,Null values detected in column GENDER,GENDER,6183,Amit,Rao,user5182@example.com,9876505182,,1972-02-04,Hyderabad,61697
null_blank,Null values detected in column GENDER,GENDER,6184,Sneha,Kumar,user5183@example.com,9876505183,,1998-11-28,Pune,63873
null_blank,Null values detected in column GENDER,GENDER,6191,Amit,Kumar,user5190@example.com,9876505190,,1985-07-22,Ahmedabad,661454
null_blank,Null values detected in column GENDER,GENDER,6195,Rakesh,Patel,user5194@example.com,9876505194,,1981-04-25,Kolkata,85289
null_blank,Null values detected in column GENDER,GENDER,6198,Vijay,Reddy,user5197@example.com,9876505197,,1999-01-24,Mumbai,89653
null_blank,Null values detected in column GENDER,GENDER,6202,Vijay,Verma,user5201@example.com,9876505201,,1973-08-28,Bangalore,42054
null_blank,Null values detected in column GENDER,GENDER,6207,Amit,Gupta,user5206@example.com,9876505206,,1980-03-02,Bangalore,80890
null_blank,Null values detected in column GENDER,GENDER,6209,Priya,Mehta,user5208@example.com,9876505208,,1973-04-25,Kolkata,23455
null_blank,Null values detected in column GENDER,GENDER,6210,Sneha,Sharma,user5209@example.com,9876505209,,2008-11-28,Pune,63164
null_blank,Null values detected in column GENDER,GENDER,6211,Priya,Mehta,user5210@example.com,9876505210,,2014-01-28,Ahmedabad,73439
null_blank,Null values detected in column GENDER,GENDER,6215,Sameer,Sharma,user5214@example.com,9876505214,,2013-04-21,Hyderabad,78603
null_blank,Null values detected in column GENDER,GENDER,6218,Rakesh,Singh,user5217@example.com,9876505217,,1986-09-24,Mumbai,67374
null_blank,Null values detected in column GENDER,GENDER,6219,Arjun,Singh,user5218@example.com,9876505218,,1974-12-23,Mumbai,64365
null_blank,Null values detected in column GENDER,GENDER,6220,Arjun,Kumar,user5219@example.com,9876505219,,1988-02-09,Delhi,75230
null_blank,Null values detected in column GENDER,GENDER,6221,Kavya,Sharma,invalid@,9876505220,,1981-10-29,Chennai,668882
null_blank,Null values detected in column GENDER,GENDER,6222,Neha,Gupta,user5221@example.com,9876505221,,2018-05-08,Mumbai,34399
null_blank,Null values detected in column GENDER,GENDER,6225,Sameer,Rao,user5224@example.com,9876505224,,1977-11-17,Kolkata,73461
null_blank,Null values detected in column GENDER,GENDER,6227,Sameer,Rao,user5226@example.com,9876505226,,1973-02-21,Delhi,81753
null_blank,Null values detected in column GENDER,GENDER,6231,Neha,Mehta,user5230@example.com,9876505230,,1996-08-29,Kolkata,58202
null_blank,Null values detected in column GENDER,GENDER,6236,Priya,Verma,user5235@example.com,9876505235,,2002-08-19,Chennai,1000
null_blank,Null values detected in column GENDER,GENDER,6237,Sameer,Joshi,user5236@example.com,9876505236,,2013-04-18,Delhi,83269
null_blank,Null values detected in column GENDER,GENDER,6238,Priya,Gupta,user5237@example.com,9876505237,,2003-02-10,Chennai,66586
null_blank,Null values detected in column GENDER,GENDER,6239,Vijay,Kumar,user5238@example.com,9876505238,,2016-11-01,Delhi,64571
null_blank,Null values detected in column GENDER,GENDER,6240,Priya,Kumar,user5239@example.com,9876505239,,1972-12-31,Bangalore,40588
null_blank,Null values detected in column GENDER,GENDER,6244,Sameer,Sharma,user5243@example.com,9876505243,,2014-04-21,Delhi,45740
null_blank,Null values detected in column GENDER,GENDER,6246,Neha,Gupta,user5245@example.com,9876505245,,1997-08-14,Kolkata,81534
null_blank,Null values detected in column GENDER,GENDER,6253,Vijay,Sharma,user5252@example.com,9876505252,,2000-05-03,Delhi,64433
null_blank,Null values detected in column GENDER,GENDER,6256,Sameer,Kumar,user5255@example.com,9876505255,,1977-04-23,Bangalore,62297
null_blank,Null values detected in column GENDER,GENDER,6259,Amit,Reddy,user5258@example.com,9876505258,,2012-07-02,Pune,36299
null_blank,Null values detected in column GENDER,GENDER,6260,Anjali,Verma,user5259@example.com,9876505259,,2004-05-01,Pune,44925
null_blank,Null values detected in column GENDER,GENDER,6262,Priya,Patel,user5261@example.com,9876505261,,1996-02-25,Hyderabad,73575
null_blank,Null values detected in column GENDER,GENDER,6264,Sameer,Mehta,user5263@example.com,9876505263,,1979-06-02,Bangalore,86231
null_blank,Null values detected in column GENDER,GENDER,6269,Anjali,Gupta,user5268@example.com,9876505268,,2000-10-14,Pune,62823
null_blank,Null values detected in column GENDER,GENDER,6270,Arjun,Singh,user5269@example.com,9876505269,,2017-12-27,Mumbai,82014
null_blank,Null values detected in column GENDER,GENDER,6272,Sneha,Singh,user5271@example.com,9876505271,,2008-05-28,Mumbai,55532
null_blank,Null values detected in column GENDER,GENDER,6273,Sneha,Gupta,user5272@example.com,9876505272,,1973-05-09,Pune,42991
null_blank,Null values detected in column GENDER,GENDER,6276,Sneha,Mehta,user5275@example.com,123,,1970-07-01,Hyderabad,48678
null_blank,Null values detected in column GENDER,GENDER,6280,Vijay,Sharma,user5279@example.com,9876505279,,1999-12-14,Bangalore,74563
null_blank,Null values detected in column GENDER,GENDER,6282,Priya,Verma,user5281@example.com,9876505281,,2002-04-17,Chennai,39692
null_blank,Null values detected in column GENDER,GENDER,6291,Priya,Singh,user5290@example.com,9876505290,,1993-06-08,Pune,50495
null_blank,Null values detected in column GENDER,GENDER,6292,Vijay,Singh,user5291@example.com,9876505291,,invalid,Kolkata,53581
null_blank,Null values detected in column GENDER,GENDER,6293,Neha,Gupta,user5292@example.com,9876505292,,1999-09-10,Hyderabad,51500
null_blank,Null values detected in column GENDER,GENDER,6294,Priya,Rao,user5293@example.com,9876505293,,2018-04-12,Chennai,78746
null_blank,Null values detected in column GENDER,GENDER,6295,Neha,Patel,user5294@example.com,9876505294,,1978-03-03,Chennai,63305
null_blank,Null values detected in column GENDER,GENDER,6301,Amit,Patel,invalid@,,,1974-11-18,Bangalore,54583
null_blank,Null values detected in column GENDER,GENDER,6303,Kavya,Sharma,user5302@example.com,9876505302,,1982-01-30,Mumbai,29477
null_blank,Null values detected in column GENDER,GENDER,6304,Vijay,Gupta,user5303@example.com,9876505303,,2010-05-10,Delhi,74733
null_blank,Null values detected in column GENDER,GENDER,6305,Anjali,Reddy,user5304@example.com,9876505304,,2011-04-23,Bangalore,61434
null_blank,Null values detected in column GENDER,GENDER,6307,Priya,Reddy,user5306@example.com,9876505306,,1999-01-25,Chennai,59674
null_blank,Null values detected in column GENDER,GENDER,6308,Sameer,Reddy,user5307@example.com,9876505307,,2050-01-01,Hyderabad,97407
null_blank,Null values detected in column GENDER,GENDER,6319,Anjali,Sharma,user5318@example.com,9876505318,,2008-03-01,Bangalore,77299
null_blank,Null values detected in column GENDER,GENDER,6325,Amit,Gupta,user5324@example.com,9876505324,,1977-06-26,Chennai,55560
null_blank,Null values detected in column GENDER,GENDER,6329,Priya,Kumar,user5328@example.com,9876505328,,1978-11-13,Bangalore,70991
null_blank,Null values detected in column GENDER,GENDER,6330,Arjun,Gupta,user5329@example.com,9876505329,,1997-04-13,Ahmedabad,31222
null_blank,Null values detected in column GENDER,GENDER,6334,Anjali,Rao,user5333@example.com,9876505333,,2050-01-01,Chennai,105171
null_blank,Null values detected in column GENDER,GENDER,6338,Kavya,Singh,user5337@example.com,9876505337,,2050-01-01,Mumbai,90243
null_blank,Null values detected in column GENDER,GENDER,6340,Neha,Gupta,user5339@example.com,9876505339,,1973-09-20,Delhi,41999
null_blank,Null values detected in column GENDER,GENDER,6341,Arjun,Gupta,invalid@,9876505340,,2002-04-19,Delhi,690820
null_blank,Null values detected in column GENDER,GENDER,6342,Arjun,Joshi,user5341@example.com,9876505341,,2000-08-16,Delhi,58548
null_blank,Null values detected in column GENDER,GENDER,6345,Neha,Mehta,user5344@example.com,9876505344,,2016-04-30,Hyderabad,44993
null_blank,Null values detected in column GENDER,GENDER,6346,Arjun,Singh,user5345@example.com,9876505345,,1982-07-13,Chennai,72896
null_blank,Null values detected in column GENDER,GENDER,6347,Neha,Mehta,user5346@example.com,9876505346,,1991-08-17,Pune,51068
null_blank,Null values detected in column GENDER,GENDER,6351,Arjun,Patel,user5350@example.com,,,2003-12-12,Delhi,71413
null_blank,Null values detected in column GENDER,GENDER,6352,Amit,Mehta,user5351@example.com,9876505351,,2008-04-25,Mumbai,63215
null_blank,Null values detected in column GENDER,GENDER,6353,Kavya,Mehta,user5352@example.com,9876505352,,1994-10-04,Ahmedabad,79485
null_blank,Null values detected in column GENDER,GENDER,6360,Kavya,Singh,user5359@example.com,9876505359,,2000-07-31,Pune,78606
null_blank,Null values detected in column GENDER,GENDER,6361,Neha,Singh,,9876505360,,1990-03-18,Pune,46897
null_blank,Null values detected in column GENDER,GENDER,6362,Vijay,Gupta,user5361@example.com,9876505361,,1976-06-24,Ahmedabad,52917
null_blank,Null values detected in column GENDER,GENDER,6363,Kavya,Mehta,user5362@example.com,9876505362,,2006-12-12,Ahmedabad,58551
null_blank,Null values detected in column GENDER,GENDER,6368,Amit,Joshi,user5367@example.com,9876505367,,1981-06-06,Hyderabad,46249
null_blank,Null values detected in column GENDER,GENDER,6369,Anjali,Joshi,user5368@example.com,9876505368,,1972-07-12,Delhi,78958
null_blank,Null values detected in column GENDER,GENDER,6370,Amit,Mehta,user5369@example.com,9876505369,,2016-07-20,Chennai,36783
null_blank,Null values detected in column GENDER,GENDER,6372,Neha,Reddy,user5371@example.com,9876505371,,2008-01-07,Ahmedabad,44213
null_blank,Null values detected in column GENDER,GENDER,6375,Neha,Mehta,user5374@example.com,9876505374,,1990-10-23,Mumbai,80050
null_blank,Null values detected in column GENDER,GENDER,6376,Kavya,Sharma,user5375@example.com,123,,1992-03-28,Ahmedabad,69666
null_blank,Null values detected in column GENDER,GENDER,6377,Anjali,Kumar,user5376@example.com,9876505376,,2015-01-31,Mumbai,54343
null_blank,Null values detected in column GENDER,GENDER,6378,Rakesh,Kumar,user5377@example.com,9876505377,,2015-02-10,Mumbai,33131
null_blank,Null values detected in column GENDER,GENDER,6380,Arjun,Reddy,user5379@example.com,9876505379,,1991-06-17,Mumbai,47999
null_blank,Null values detected in column GENDER,GENDER,6382,Anjali,Verma,user5381@example.com,9876505381,,2011-08-02,Kolkata,67660
null_blank,Null values detected in column GENDER,GENDER,6383,Amit,Joshi,user5382@example.com,9876505382,,2002-11-18,Kolkata,39216
null_blank,Null values detected in column GENDER,GENDER,6385,Priya,Sharma,user5384@example.com,9876505384,,1994-08-06,Delhi,80159
null_blank,Null values detected in column GENDER,GENDER,6386,Priya,Mehta,user5385@example.com,9876505385,,1971-04-21,Delhi,1000
null_blank,Null values detected in column GENDER,GENDER,6387,Sneha,Singh,user5386@example.com,9876505386,,1993-10-22,Pune,58813
null_blank,Null values detected in column GENDER,GENDER,6394,Vijay,Patel,user5393@example.com,9876505393,,1999-01-10,Bangalore,64223
null_blank,Null values detected in column GENDER,GENDER,6398,Rakesh,Singh,user5397@example.com,9876505397,,2018-05-29,Kolkata,99517
null_blank,Null values detected in column GENDER,GENDER,6399,Priya,Joshi,user5398@example.com,9876505398,,1999-01-03,Hyderabad,100089
null_blank,Null values detected in column GENDER,GENDER,6400,Amit,Reddy,user5399@example.com,9876505399,,1982-01-14,Kolkata,42103
null_blank,Null values detected in column GENDER,GENDER,6403,Rakesh,Kumar,user5402@example.com,9876505402,,1998-08-04,Bangalore,79708
null_blank,Null values detected in column GENDER,GENDER,6404,Amit,Patel,user5403@example.com,9876505403,,2050-01-01,Hyderabad,53538
null_blank,Null values detected in column GENDER,GENDER,6407,Kavya,Reddy,user5406@example.com,9876505406,,2050-01-01,Hyderabad,32957
null_blank,Null values detected in column GENDER,GENDER,6409,Amit,Reddy,user5408@example.com,9876505408,,2014-04-13,Hyderabad,90775
null_blank,Null values detected in column GENDER,GENDER,6410,Rakesh,Reddy,user5409@example.com,9876505409,,2018-06-25,Mumbai,64439
null_blank,Null values detected in column GENDER,GENDER,6416,Priya,Patel,user5415@example.com,9876505415,,1979-06-10,Mumbai,1000
null_blank,Null values detected in column GENDER,GENDER,6418,Anjali,Sharma,user5417@example.com,9876505417,,1998-01-10,Kolkata,110492
null_blank,Null values detected in column GENDER,GENDER,6422,Kavya,Rao,user5421@example.com,9876505421,,2006-05-08,Ahmedabad,47446
null_blank,Null values detected in column GENDER,GENDER,6423,Neha,Joshi,user5422@example.com,9876505422,,2010-08-07,Ahmedabad,91577
null_blank,Null values detected in column GENDER,GENDER,6424,Arjun,Gupta,user5423@example.com,9876505423,,1986-11-02,Bangalore,77318
null_blank,Null values detected in column GENDER,GENDER,6425,Kavya,Joshi,user5424@example.com,9876505424,,2000-08-25,Chennai,63088
null_blank,Null values detected in column GENDER,GENDER,6426,Sneha,Verma,user5425@example.com,123,,1986-03-14,Hyderabad,79553
null_blank,Null values detected in column GENDER,GENDER,6427,Priya,Verma,user5426@example.com,9876505426,,1982-06-13,Hyderabad,62253
null_blank,Null values detected in column GENDER,GENDER,6430,Anjali,Kumar,user5429@example.com,9876505429,,2003-03-23,Delhi,64558
null_blank,Null values detected in column GENDER,GENDER,6432,Amit,Singh,user5431@example.com,9876505431,,1990-10-27,Bangalore,63209
null_blank,Null values detected in column GENDER,GENDER,6434,Rakesh,Verma,user5433@example.com,9876505433,,1980-12-28,Chennai,42567
null_blank,Null values detected in column GENDER,GENDER,6436,Amit,Patel,user5435@example.com,9876505435,,1973-04-04,Bangalore,48084
null_blank,Null values detected in column GENDER,GENDER,6438,Amit,Reddy,user5437@example.com,9876505437,,1972-09-09,Pune,48657
null_blank,Null values detected in column GENDER,GENDER,6439,Arjun,Verma,user5438@example.com,9876505438,,1971-07-30,Bangalore,85842
null_blank,Null values detected in column GENDER,GENDER,6441,Anjali,Rao,,9876505440,,1981-10-17,Kolkata,88702
null_blank,Null values detected in column GENDER,GENDER,6443,Rakesh,Sharma,user5442@example.com,9876505442,,1998-06-28,Mumbai,58839
null_blank,Null values detected in column GENDER,GENDER,6445,Rakesh,Rao,user5444@example.com,9876505444,,2002-12-04,Chennai,76642
null_blank,Null values detected in column GENDER,GENDER,6446,Anjali,Kumar,user5445@example.com,9876505445,,2050-01-01,Kolkata,1000
null_blank,Null values detected in column GENDER,GENDER,6449,Amit,Sharma,user5448@example.com,9876505448,,1973-08-17,Chennai,53612
null_blank,Null values detected in column GENDER,GENDER,6450,Anjali,Joshi,user5449@example.com,9876505449,,2012-02-10,Chennai,86938
null_blank,Null values detected in column GENDER,GENDER,6451,Amit,Patel,user5450@example.com,,,1979-11-05,Ahmedabad,66719
null_blank,Null values detected in column GENDER,GENDER,6458,Sameer,Rao,user5457@example.com,9876505457,,1984-06-28,Bangalore,106051
null_blank,Null values detected in column GENDER,GENDER,6460,Sneha,Mehta,user5459@example.com,9876505459,,2000-10-13,Bangalore,43140
null_blank,Null values detected in column GENDER,GENDER,6462,Amit,Patel,user5461@example.com,9876505461,,1999-01-08,Ahmedabad,73323
null_blank,Null values detected in column GENDER,GENDER,6463,Anjali,Mehta,user5462@example.com,9876505462,,2015-09-12,Hyderabad,68311
null_blank,Null values detected in column GENDER,GENDER,6465,Neha,Singh,user5464@example.com,9876505464,,1988-03-30,Bangalore,71816
null_blank,Null values detected in column GENDER,GENDER,6468,Sameer,Patel,user5467@example.com,9876505467,,1979-10-30,Delhi,47888
null_blank,Null values detected in column GENDER,GENDER,6472,Vijay,Singh,user5471@example.com,9876505471,,2012-05-21,Bangalore,67157
null_blank,Null values detected in column GENDER,GENDER,6476,Amit,Rao,user5475@example.com,123,,1984-02-24,Bangalore,1000
null_blank,Null values detected in column GENDER,GENDER,6477,Priya,Sharma,user5476@example.com,9876505476,,2000-01-19,Mumbai,78550
null_blank,Null values detected in column GENDER,GENDER,6480,Priya,Gupta,user5479@example.com,9876505479,,1993-09-09,Ahmedabad,78862
null_blank,Null values detected in column GENDER,GENDER,6485,Anjali,Patel,user5484@example.com,9876505484,,1975-02-11,Ahmedabad,62593
null_blank,Null values detected in column GENDER,GENDER,6494,Vijay,Kumar,user5493@example.com,9876505493,,2008-11-19,Mumbai,50231
null_blank,Null values detected in column GENDER,GENDER,6495,Neha,Reddy,user5494@example.com,9876505494,,1981-03-07,Hyderabad,70728
null_blank,Null values detected in column GENDER,GENDER,6497,Amit,Sharma,user5496@example.com,9876505496,,1973-05-16,Bangalore,80756
null_blank,Null values detected in column GENDER,GENDER,6500,Vijay,Joshi,user5499@example.com,9876505499,,invalid,Delhi,55454
null_blank,Null values detected in column GENDER,GENDER,6502,Kavya,Gupta,user5501@example.com,9876505501,,1985-11-27,Ahmedabad,76997
null_blank,Null values detected in column GENDER,GENDER,6503,Vijay,Sharma,user5502@example.com,9876505502,,2007-03-01,Hyderabad,58479
null_blank,Null values detected in column GENDER,GENDER,6504,Sameer,Rao,user5503@example.com,9876505503,,2015-11-15,Chennai,71355
null_blank,Null values detected in column GENDER,GENDER,6506,Vijay,Mehta,user5505@example.com,9876505505,,2050-01-01,Ahmedabad,1000
null_blank,Null values detected in column GENDER,GENDER,6510,Neha,Verma,user5509@example.com,9876505509,,1996-04-11,Hyderabad,46602
null_blank,Null values detected in column GENDER,GENDER,6511,Vijay,Verma,user5510@example.com,9876505510,,2014-07-19,Hyderabad,56442
null_blank,Null values detected in column GENDER,GENDER,6515,Sneha,Mehta,user5514@example.com,9876505514,,2017-07-09,Mumbai,70843
null_blank,Null values detected in column GENDER,GENDER,6519,Rakesh,Patel,user5518@example.com,9876505518,,2017-01-26,Hyderabad,89976
null_blank,Null values detected in column GENDER,GENDER,6521,Neha,Mehta,,9876505520,,2005-04-13,Delhi,615942
null_blank,Null values detected in column GENDER,GENDER,6524,Kavya,Rao,user5523@example.com,9876505523,,2015-10-03,Chennai,60208
null_blank,Null values detected in column GENDER,GENDER,6525,Kavya,Reddy,user5524@example.com,9876505524,,2016-09-22,Kolkata,46551
null_blank,Null values detected in column GENDER,GENDER,6529,Kavya,Sharma,user5528@example.com,9876505528,,1992-03-20,Mumbai,45143
null_blank,Null values detected in column GENDER,GENDER,6530,Vijay,Sharma,user5529@example.com,9876505529,,1974-05-26,Chennai,72747
null_blank,Null values detected in column GENDER,GENDER,6532,Sameer,Mehta,user5531@example.com,9876505531,,1979-10-19,Delhi,64095
null_blank,Null values detected in column GENDER,GENDER,6533,Sameer,Mehta,user5532@example.com,9876505532,,2012-05-08,Bangalore,36966
null_blank,Null values detected in column GENDER,GENDER,6537,Priya,Mehta,user5536@example.com,9876505536,,2007-12-28,Mumbai,89903
null_blank,Null values detected in column GENDER,GENDER,6541,Sameer,Gupta,invalid@,9876505540,,2014-10-10,Delhi,74158
null_blank,Null values detected in column GENDER,GENDER,6544,Amit,Singh,user5543@example.com,9876505543,,2009-09-21,Hyderabad,90953
null_blank,Null values detected in column GENDER,GENDER,6545,Sneha,Sharma,user5544@example.com,9876505544,,2000-02-15,Ahmedabad,65524
null_blank,Null values detected in column GENDER,GENDER,6546,Priya,Mehta,user5545@example.com,9876505545,,1995-09-19,Mumbai,79915
null_blank,Null values detected in column GENDER,GENDER,6547,Sameer,Verma,user5546@example.com,9876505546,,1984-02-25,Kolkata,35672
null_blank,Null values detected in column GENDER,GENDER,6548,Kavya,Rao,user5547@example.com,9876505547,,2006-10-01,Mumbai,68783
null_blank,Null values detected in column GENDER,GENDER,6550,Arjun,Patel,user5549@example.com,9876505549,,2008-07-11,Kolkata,61418
null_blank,Null values detected in column GENDER,GENDER,6551,Sameer,Singh,user5550@example.com,,,1994-02-14,Hyderabad,514253
null_blank,Null values detected in column GENDER,GENDER,6552,Neha,Mehta,user5551@example.com,9876505551,,1983-07-26,Kolkata,51975
null_blank,Null values detected in column GENDER,GENDER,6553,Arjun,Rao,user5552@example.com,9876505552,,1980-03-12,Ahmedabad,48751
null_blank,Null values detected in column GENDER,GENDER,6558,Sameer,Reddy,user5557@example.com,9876505557,,2013-11-14,Pune,64088
null_blank,Null values detected in column GENDER,GENDER,6559,Sneha,Verma,user5558@example.com,9876505558,,1981-08-10,Chennai,70821
null_blank,Null values detected in column GENDER,GENDER,6564,Sameer,Patel,user5563@example.com,9876505563,,1983-07-04,Pune,47382
null_blank,Null values detected in column GENDER,GENDER,6565,Sneha,Joshi,user5564@example.com,9876505564,,2014-05-15,Chennai,45123
null_blank,Null values detected in column GENDER,GENDER,6566,Amit,Rao,user5565@example.com,9876505565,,2015-12-04,Hyderabad,1000
null_blank,Null values detected in column GENDER,GENDER,6567,Amit,Mehta,user5566@example.com,9876505566,,1984-03-11,Bangalore,69040
null_blank,Null values detected in column GENDER,GENDER,6570,Anjali,Mehta,user5569@example.com,9876505569,,1992-11-20,Bangalore,29396
null_blank,Null values detected in column GENDER,GENDER,6572,Rakesh,Rao,user5571@example.com,9876505571,,2005-12-20,Kolkata,67411
null_blank,Null values detected in column GENDER,GENDER,6574,Vijay,Verma,user5573@example.com,9876505573,,1992-03-12,Bangalore,93842
null_blank,Null values detected in column GENDER,GENDER,6575,Arjun,Gupta,user5574@example.com,9876505574,,2004-02-13,Chennai,49805
null_blank,Null values detected in column GENDER,GENDER,6577,Amit,Kumar,user5576@example.com,9876505576,,2015-05-15,Bangalore,71689
null_blank,Null values detected in column GENDER,GENDER,6581,Kavya,Mehta,invalid@,9876505580,,2006-05-28,Kolkata,504129
null_blank,Null values detected in column GENDER,GENDER,6583,Arjun,Reddy,user5582@example.com,9876505582,,1982-09-02,Delhi,61295
null_blank,Null values detected in column GENDER,GENDER,6585,Vijay,Sharma,user5584@example.com,9876505584,,1973-04-20,Bangalore,72472
null_blank,Null values detected in column GENDER,GENDER,6586,Amit,Singh,user5585@example.com,9876505585,,1988-05-09,Bangalore,70205
null_blank,Null values detected in column GENDER,GENDER,6587,Amit,Rao,user5586@example.com,9876505586,,2015-06-25,Mumbai,70376
null_blank,Null values detected in column GENDER,GENDER,6592,Sameer,Gupta,user5591@example.com,9876505591,,2015-07-17,Delhi,62434
null_blank,Null values detected in column GENDER,GENDER,6594,Amit,Sharma,user5593@example.com,9876505593,,1978-04-07,Hyderabad,38834
null_blank,Null values detected in column GENDER,GENDER,6595,Kavya,Sharma,user5594@example.com,9876505594,,2050-01-01,Bangalore,65900
null_blank,Null values detected in column GENDER,GENDER,6596,Neha,Rao,user5595@example.com,9876505595,,1976-01-25,Hyderabad,1000
null_blank,Null values detected in column GENDER,GENDER,6599,Rakesh,Rao,user5598@example.com,9876505598,,1970-10-24,Chennai,39450
null_blank,Null values detected in column GENDER,GENDER,6600,Vijay,Reddy,user5599@example.com,9876505599,,1975-04-12,Bangalore,88918
null_blank,Null values detected in column GENDER,GENDER,6605,Amit,Reddy,user5604@example.com,9876505604,,1979-09-17,Chennai,55557
null_blank,Null values detected in column GENDER,GENDER,6608,Priya,Singh,user5607@example.com,9876505607,,1990-02-26,Hyderabad,46387
null_blank,Null values detected in column GENDER,GENDER,6613,Vijay,Joshi,user5612@example.com,9876505612,,1986-10-24,Ahmedabad,64595
null_blank,Null values detected in column GENDER,GENDER,6619,Priya,Mehta,user5618@example.com,9876505618,,2002-11-11,Mumbai,62335
null_blank,Null values detected in column GENDER,GENDER,6622,Sneha,Verma,user5621@example.com,9876505621,,1987-11-04,Kolkata,45739
null_blank,Null values detected in column GENDER,GENDER,6623,Sameer,Sharma,user5622@example.com,9876505622,,2015-06-19,Chennai,79388
null_blank,Null values detected in column GENDER,GENDER,6628,Sneha,Kumar,user5627@example.com,9876505627,,2004-03-24,Kolkata,61663
null_blank,Null values detected in column GENDER,GENDER,6629,Sameer,Reddy,user5628@example.com,9876505628,,1973-04-03,Delhi,22696
null_blank,Null values detected in column GENDER,GENDER,6630,Kavya,Kumar,user5629@example.com,9876505629,,2009-08-19,Bangalore,76117
null_blank,Null values detected in column GENDER,GENDER,6631,Arjun,Mehta,user5630@example.com,9876505630,,1993-07-19,Hyderabad,80995
null_blank,Null values detected in column GENDER,GENDER,6632,Neha,Patel,user5631@example.com,9876505631,,1999-03-27,Delhi,94263
null_blank,Null values detected in column GENDER,GENDER,6634,Sameer,Joshi,user5633@example.com,9876505633,,2009-04-14,Delhi,43918
null_blank,Null values detected in column GENDER,GENDER,6637,Vijay,Gupta,user5636@example.com,9876505636,,2017-03-19,Pune,75767
null_blank,Null values detected in column GENDER,GENDER,6639,Kavya,Gupta,user5638@example.com,9876505638,,1992-05-20,Kolkata,83985
null_blank,Null values detected in column GENDER,GENDER,6642,Sameer,Joshi,user5641@example.com,9876505641,,2012-04-21,Mumbai,58793
null_blank,Null values detected in column GENDER,GENDER,6643,Amit,Mehta,user5642@example.com,9876505642,,1983-07-08,Bangalore,20299
null_blank,Null values detected in column GENDER,GENDER,6645,Vijay,Kumar,user5644@example.com,9876505644,,2016-03-22,Hyderabad,53142
null_blank,Null values detected in column GENDER,GENDER,6652,Arjun,Joshi,user5651@example.com,9876505651,,1999-04-04,Ahmedabad,73351
null_blank,Null values detected in column GENDER,GENDER,6654,Sneha,Patel,user5653@example.com,9876505653,,invalid,Bangalore,102512
null_blank,Null values detected in column GENDER,GENDER,6655,Amit,Sharma,user5654@example.com,9876505654,,2003-02-03,Mumbai,63586
null_blank,Null values detected in column GENDER,GENDER,6656,Kavya,Singh,user5655@example.com,9876505655,,2001-03-08,Kolkata,1000
null_blank,Null values detected in column GENDER,GENDER,6657,Kavya,Rao,user5656@example.com,9876505656,,2016-02-24,Hyderabad,95317
null_blank,Null values detected in column GENDER,GENDER,6658,Vijay,Patel,user5657@example.com,9876505657,,1986-08-29,Ahmedabad,64843
null_blank,Null values detected in column GENDER,GENDER,6659,Priya,Reddy,user5658@example.com,9876505658,,1995-11-23,Hyderabad,45079
null_blank,Null values detected in column GENDER,GENDER,6660,Rakesh,Gupta,user5659@example.com,9876505659,,1973-01-16,Delhi,44443
null_blank,Null values detected in column GENDER,GENDER,6661,Anjali,Verma,invalid@,9876505660,,1971-08-21,Hyderabad,56005
null_blank,Null values detected in column GENDER,GENDER,6662,Priya,Rao,user5661@example.com,9876505661,,2001-03-27,Chennai,71666
null_blank,Null values detected in column GENDER,GENDER,6663,Vijay,Patel,user5662@example.com,9876505662,,2018-07-26,Kolkata,73758
null_blank,Null values detected in column GENDER,GENDER,6664,Amit,Sharma,user5663@example.com,9876505663,,1991-07-27,Bangalore,87597
null_blank,Null values detected in column GENDER,GENDER,6666,Anjali,Rao,user5665@example.com,9876505665,,2001-04-15,Bangalore,69434
null_blank,Null values detected in column GENDER,GENDER,6669,Kavya,Sharma,user5668@example.com,9876505668,,2050-01-01,Delhi,16662
null_blank,Null values detected in column GENDER,GENDER,6670,Sneha,Singh,user5669@example.com,9876505669,,1981-02-27,Mumbai,57560
null_blank,Null values detected in column GENDER,GENDER,6671,Neha,Joshi,user5670@example.com,9876505670,,2016-02-16,Kolkata,812744
null_blank,Null values detected in column GENDER,GENDER,6674,Sneha,Joshi,user5673@example.com,9876505673,,1984-11-29,Pune,76277
null_blank,Null values detected in column GENDER,GENDER,6675,Vijay,Gupta,user5674@example.com,9876505674,,2016-02-26,Pune,70983
null_blank,Null values detected in column GENDER,GENDER,6678,Neha,Verma,user5677@example.com,9876505677,,2010-04-04,Hyderabad,38706
null_blank,Null values detected in column GENDER,GENDER,6686,Neha,Patel,user5685@example.com,9876505685,,1970-09-17,Ahmedabad,1000
null_blank,Null values detected in column GENDER,GENDER,6687,Kavya,Verma,user5686@example.com,9876505686,,1974-07-15,Hyderabad,48959
null_blank,Null values detected in column GENDER,GENDER,6689,Neha,Verma,user5688@example.com,9876505688,,2000-12-20,Bangalore,66523
null_blank,Null values detected in column GENDER,GENDER,6691,Anjali,Singh,user5690@example.com,9876505690,,1986-03-11,Pune,91698
null_blank,Null values detected in column GENDER,GENDER,6692,Vijay,Verma,user5691@example.com,9876505691,,1991-10-31,Mumbai,74833
null_blank,Null values detected in column GENDER,GENDER,6696,Rakesh,Singh,user5695@example.com,9876505695,,1999-03-29,Chennai,50728
null_blank,Null values detected in column GENDER,GENDER,6701,Sneha,Verma,invalid@,,,2007-03-03,Mumbai,454068
null_blank,Null values detected in column GENDER,GENDER,6706,Neha,Singh,user5705@example.com,9876505705,,1982-07-08,Chennai,46865
null_blank,Null values detected in column GENDER,GENDER,6708,Kavya,Joshi,user5707@example.com,9876505707,,2009-01-16,Ahmedabad,57499
null_blank,Null values detected in column GENDER,GENDER,6710,Sneha,Gupta,user5709@example.com,9876505709,,2006-02-06,Chennai,60296
null_blank,Null values detected in column GENDER,GENDER,6712,Amit,Joshi,user5711@example.com,9876505711,,1990-06-25,Kolkata,71698
null_blank,Null values detected in column GENDER,GENDER,6713,Sneha,Verma,user5712@example.com,9876505712,,2018-02-07,Ahmedabad,70128
null_blank,Null values detected in column GENDER,GENDER,6715,Rakesh,Sharma,user5714@example.com,9876505714,,1981-07-19,Kolkata,71471
null_blank,Null values detected in column GENDER,GENDER,6718,Sameer,Singh,user5717@example.com,9876505717,,2007-02-06,Delhi,114427
null_blank,Null values detected in column GENDER,GENDER,6720,Amit,Kumar,user5719@example.com,9876505719,,1970-01-02,Bangalore,65432
null_blank,Null values detected in column GENDER,GENDER,6722,Kavya,Kumar,user5721@example.com,9876505721,,1991-08-01,Bangalore,49860
null_blank,Null values detected in column GENDER,GENDER,6735,Sameer,Reddy,user5734@example.com,9876505734,,1989-09-13,Hyderabad,84708
null_blank,Null values detected in column GENDER,GENDER,6738,Neha,Verma,user5737@example.com,9876505737,,2013-10-15,Kolkata,67516
null_blank,Null values detected in column GENDER,GENDER,6739,Rakesh,Gupta,user5738@example.com,9876505738,,2005-02-01,Hyderabad,81305
null_blank,Null values detected in column GENDER,GENDER,6740,Sameer,Patel,user5739@example.com,9876505739,,1997-09-19,Pune,53008
null_blank,Null values detected in column GENDER,GENDER,6742,Sameer,Kumar,user5741@example.com,9876505741,,2005-05-01,Mumbai,43505
null_blank,Null values detected in column GENDER,GENDER,6743,Sneha,Singh,user5742@example.com,9876505742,,1977-06-07,Ahmedabad,62822
null_blank,Null values detected in column GENDER,GENDER,6748,Sameer,Joshi,user5747@example.com,9876505747,,1972-01-12,Delhi,78752
null_blank,Null values detected in column GENDER,GENDER,6752,Priya,Mehta,user5751@example.com,9876505751,,2006-05-17,Ahmedabad,49072
null_blank,Null values detected in column GENDER,GENDER,6753,Neha,Kumar,user5752@example.com,9876505752,,1998-12-10,Bangalore,92443
null_blank,Null values detected in column GENDER,GENDER,6755,Sameer,Mehta,user5754@example.com,9876505754,,1974-10-20,Mumbai,68876
null_blank,Null values detected in column GENDER,GENDER,6757,Vijay,Sharma,user5756@example.com,9876505756,,2009-12-09,Delhi,61833
null_blank,Null values detected in column GENDER,GENDER,6759,Sneha,Gupta,user5758@example.com,9876505758,,1972-10-21,Hyderabad,75584
null_blank,Null values detected in column GENDER,GENDER,6760,Sameer,Sharma,user5759@example.com,9876505759,,1996-06-27,Kolkata,67079
null_blank,Null values detected in column GENDER,GENDER,6763,Neha,Verma,user5762@example.com,9876505762,,2002-08-09,Ahmedabad,75355
null_blank,Null values detected in column GENDER,GENDER,6765,Anjali,Verma,user5764@example.com,9876505764,,2008-05-23,Mumbai,78539
null_blank,Null values detected in column GENDER,GENDER,6766,Arjun,Gupta,user5765@example.com,9876505765,,2000-07-19,Delhi,91981
null_blank,Null values detected in column GENDER,GENDER,6767,Amit,Joshi,user5766@example.com,9876505766,,1999-12-27,Mumbai,49331
null_blank,Null values detected in column GENDER,GENDER,6769,Kavya,Patel,user5768@example.com,9876505768,,1989-05-23,Pune,80875
null_blank,Null values detected in column GENDER,GENDER,6772,Priya,Sharma,user5771@example.com,9876505771,,1988-03-28,Delhi,71657
null_blank,Null values detected in column GENDER,GENDER,6773,Sneha,Sharma,user5772@example.com,9876505772,,1987-03-08,Hyderabad,55171
null_blank,Null values detected in column GENDER,GENDER,6774,Kavya,Patel,user5773@example.com,9876505773,,1998-01-01,Chennai,107407
null_blank,Null values detected in column GENDER,GENDER,6783,Kavya,Gupta,user5782@example.com,9876505782,,1997-05-22,Delhi,72937
null_blank,Null values detected in column GENDER,GENDER,6786,Sameer,Singh,user5785@example.com,9876505785,,1970-05-27,Chennai,117463
null_blank,Null values detected in column GENDER,GENDER,6790,Sneha,Patel,user5789@example.com,9876505789,,1999-09-21,Kolkata,88110
null_blank,Null values detected in column GENDER,GENDER,6794,Neha,Joshi,user5793@example.com,9876505793,,1985-09-28,Ahmedabad,37307
null_blank,Null values detected in column GENDER,GENDER,6795,Priya,Joshi,user5794@example.com,9876505794,,1970-09-12,Pune,73881
null_blank,Null values detected in column GENDER,GENDER,6798,Arjun,Sharma,user5797@example.com,9876505797,,2000-11-22,Kolkata,36524
null_blank,Null values detected in column GENDER,GENDER,6799,Sneha,Patel,user5798@example.com,9876505798,,1982-01-11,Mumbai,83169
null_blank,Null values detected in column GENDER,GENDER,6802,Neha,Mehta,user5801@example.com,9876505801,,2014-02-18,Mumbai,91332
null_blank,Null values detected in column GENDER,GENDER,6808,Arjun,Sharma,user5807@example.com,9876505807,,2000-03-15,Kolkata,48332
null_blank,Null values detected in column GENDER,GENDER,6810,Amit,Gupta,user5809@example.com,9876505809,,1978-03-09,Ahmedabad,42778
null_blank,Null values detected in column GENDER,GENDER,6811,Amit,Reddy,user5810@example.com,9876505810,,1985-07-06,Hyderabad,77964
null_blank,Null values detected in column GENDER,GENDER,6817,Neha,Verma,user5816@example.com,9876505816,,1996-02-21,Delhi,66094
null_blank,Null values detected in column GENDER,GENDER,6820,Arjun,Gupta,user5819@example.com,9876505819,,2013-05-20,Ahmedabad,55384
null_blank,Null values detected in column GENDER,GENDER,6821,Sameer,Kumar,invalid@,9876505820,,2005-11-17,Hyderabad,609246
null_blank,Null values detected in column GENDER,GENDER,6822,Rakesh,Reddy,user5821@example.com,9876505821,,2013-05-30,Mumbai,42700
null_blank,Null values detected in column GENDER,GENDER,6825,Sameer,Sharma,user5824@example.com,9876505824,,1972-07-08,Delhi,93658
null_blank,Null values detected in column GENDER,GENDER,6829,Neha,Joshi,user5828@example.com,9876505828,,1995-08-21,Ahmedabad,99199
null_blank,Null values detected in column GENDER,GENDER,6830,Amit,Kumar,user5829@example.com,9876505829,,2015-11-04,Delhi,38076
null_blank,Null values detected in column GENDER,GENDER,6833,Priya,Mehta,user5832@example.com,9876505832,,2050-01-01,Ahmedabad,46572
null_blank,Null values detected in column GENDER,GENDER,6834,Kavya,Verma,user5833@example.com,9876505833,,2000-06-03,Pune,50215
null_blank,Null values detected in column GENDER,GENDER,6836,Kavya,Verma,user5835@example.com,9876505835,,2001-05-03,Ahmedabad,1000
null_blank,Null values detected in column GENDER,GENDER,6839,Sneha,Sharma,user5838@example.com,9876505838,,2003-03-01,Chennai,73010
null_blank,Null values detected in column GENDER,GENDER,6841,Vijay,Joshi,,9876505840,,1974-03-16,Hyderabad,44949
null_blank,Null values detected in column GENDER,GENDER,6842,Kavya,Joshi,user5841@example.com,9876505841,,2010-11-18,Mumbai,46310
null_blank,Null values detected in column GENDER,GENDER,6843,Sneha,Verma,user5842@example.com,9876505842,,1987-03-15,Mumbai,24266
null_blank,Null values detected in column GENDER,GENDER,6850,Kavya,Gupta,user5849@example.com,9876505849,,1974-08-16,Delhi,46581
null_blank,Null values detected in column GENDER,GENDER,6852,Priya,Reddy,user5851@example.com,9876505851,,2019-03-24,Bangalore,63697
null_blank,Null values detected in column GENDER,GENDER,6853,Amit,Rao,user5852@example.com,9876505852,,2014-03-25,Chennai,111743
null_blank,Null values detected in column GENDER,GENDER,6856,Priya,Mehta,user5855@example.com,9876505855,,1985-11-04,Kolkata,57603
null_blank,Null values detected in column GENDER,GENDER,6857,Sneha,Verma,user5856@example.com,9876505856,,1984-01-17,Pune,71232
null_blank,Null values detected in column GENDER,GENDER,6858,Priya,Sharma,user5857@example.com,9876505857,,1977-10-16,Hyderabad,82628
null_blank,Null values detected in column GENDER,GENDER,6859,Kavya,Rao,user5858@example.com,9876505858,,1993-02-17,Mumbai,48310
null_blank,Null values detected in column GENDER,GENDER,6860,Arjun,Rao,user5859@example.com,9876505859,,2015-09-15,Kolkata,74251
null_blank,Null values detected in column GENDER,GENDER,6863,Sneha,Gupta,user5862@example.com,9876505862,,2005-05-20,Hyderabad,74025
null_blank,Null values detected in column GENDER,GENDER,6864,Neha,Singh,user5863@example.com,9876505863,,2005-10-28,Kolkata,45503
null_blank,Null values detected in column GENDER,GENDER,6868,Sameer,Joshi,user5867@example.com,9876505867,,1977-03-13,Bangalore,80844
null_blank,Null values detected in column GENDER,GENDER,6870,Kavya,Patel,user5869@example.com,9876505869,,1971-09-12,Mumbai,85209
null_blank,Null values detected in column GENDER,GENDER,6871,Anjali,Patel,user5870@example.com,9876505870,,2007-09-30,Delhi,25748
null_blank,Null values detected in column GENDER,GENDER,6873,Arjun,Reddy,user5872@example.com,9876505872,,1996-08-21,Bangalore,39206
null_blank,Null values detected in column GENDER,GENDER,6877,Neha,Patel,user5876@example.com,9876505876,,2050-01-01,Kolkata,48475
null_blank,Null values detected in column GENDER,GENDER,6878,Rakesh,Singh,user5877@example.com,9876505877,,2019-02-22,Bangalore,78273
null_blank,Null values detected in column GENDER,GENDER,6885,Rakesh,Sharma,user5884@example.com,9876505884,,2050-01-01,Pune,101226
null_blank,Null values detected in column GENDER,GENDER,6889,Vijay,Kumar,user5888@example.com,9876505888,,1997-07-27,Hyderabad,45950
null_blank,Null values detected in column GENDER,GENDER,6892,Vijay,Joshi,user5891@example.com,9876505891,,1972-09-14,Hyderabad,71007
null_blank,Null values detected in column GENDER,GENDER,6893,Rakesh,Rao,user5892@example.com,9876505892,,2013-07-31,Bangalore,69338
null_blank,Null values detected in column GENDER,GENDER,6895,Vijay,Kumar,user5894@example.com,9876505894,,1977-07-10,Kolkata,94983
null_blank,Null values detected in column GENDER,GENDER,6898,Neha,Verma,user5897@example.com,9876505897,,1982-04-24,Pune,79163
null_blank,Null values detected in column GENDER,GENDER,6901,Priya,Patel,invalid@,,,1980-03-10,Bangalore,92574
null_blank,Null values detected in column GENDER,GENDER,6908,Arjun,Patel,user5907@example.com,9876505907,,2009-02-10,Delhi,49077
null_blank,Null values detected in column GENDER,GENDER,6912,Neha,Gupta,user5911@example.com,9876505911,,1981-04-15,Mumbai,69089
null_blank,Null values detected in column GENDER,GENDER,6913,Neha,Gupta,user5912@example.com,9876505912,,2003-08-26,Delhi,51368
null_blank,Null values detected in column GENDER,GENDER,6916,Anjali,Gupta,user5915@example.com,9876505915,,1980-12-24,Bangalore,73924
null_blank,Null values detected in column GENDER,GENDER,6917,Vijay,Joshi,user5916@example.com,9876505916,,1992-08-28,Delhi,59686
null_blank,Null values detected in column GENDER,GENDER,6919,Neha,Reddy,user5918@example.com,9876505918,,1991-06-08,Bangalore,84961
null_blank,Null values detected in column GENDER,GENDER,6920,Priya,Patel,user5919@example.com,9876505919,,1991-08-04,Mumbai,76263
null_blank,Null values detected in column GENDER,GENDER,6921,Kavya,Patel,,9876505920,,1989-11-05,Bangalore,63154
null_blank,Null values detected in column GENDER,GENDER,6924,Anjali,Sharma,user5923@example.com,9876505923,,1978-05-21,Bangalore,65463
null_blank,Null values detected in column GENDER,GENDER,6925,Sneha,Mehta,user5924@example.com,9876505924,,1980-07-19,Bangalore,59242
null_blank,Null values detected in column GENDER,GENDER,6927,Arjun,Rao,user5926@example.com,9876505926,,2014-09-09,Pune,54168
null_blank,Null values detected in column GENDER,GENDER,6928,Sneha,Patel,user5927@example.com,9876505927,,1971-01-23,Kolkata,38205
null_blank,Null values detected in column GENDER,GENDER,6929,Kavya,Rao,user5928@example.com,9876505928,,2008-09-01,Kolkata,84075
null_blank,Null values detected in column GENDER,GENDER,6930,Priya,Patel,user5929@example.com,9876505929,,1989-04-08,Mumbai,76462
null_blank,Null values detected in column GENDER,GENDER,6931,Arjun,Sharma,user5930@example.com,9876505930,,1988-12-02,Hyderabad,59690
null_blank,Null values detected in column GENDER,GENDER,6933,Amit,Singh,user5932@example.com,9876505932,,1975-06-27,Mumbai,37225
null_blank,Null values detected in column GENDER,GENDER,6935,Arjun,Reddy,user5934@example.com,9876505934,,2019-01-28,Delhi,90078
null_blank,Null values detected in column GENDER,GENDER,6936,Kavya,Kumar,user5935@example.com,9876505935,,1979-09-18,Ahmedabad,63240
null_blank,Null values detected in column GENDER,GENDER,6937,Amit,Mehta,user5936@example.com,9876505936,,1994-10-13,Delhi,71535
null_blank,Null values detected in column GENDER,GENDER,6943,Neha,Verma,user5942@example.com,9876505942,,2015-06-27,Delhi,56514
null_blank,Null values detected in column GENDER,GENDER,6944,Sameer,Joshi,user5943@example.com,9876505943,,invalid,Pune,62434
null_blank,Null values detected in column GENDER,GENDER,6945,Amit,Gupta,user5944@example.com,9876505944,,2014-04-18,Delhi,86132
null_blank,Null values detected in column GENDER,GENDER,6949,Amit,Patel,user5948@example.com,9876505948,,1986-02-13,Bangalore,68894
null_blank,Null values detected in column GENDER,GENDER,6950,Sneha,Reddy,user5949@example.com,9876505949,,2018-11-27,Mumbai,49404
null_blank,Null values detected in column GENDER,GENDER,6951,Priya,Rao,user5950@example.com,,,1975-09-20,Bangalore,107104
null_blank,Null values detected in column GENDER,GENDER,6952,Priya,Mehta,user5951@example.com,9876505951,,1986-07-16,Mumbai,118926
null_blank,Null values detected in column GENDER,GENDER,6954,Arjun,Rao,user5953@example.com,9876505953,,2009-06-26,Pune,45171
null_blank,Null values detected in column GENDER,GENDER,6956,Arjun,Sharma,user5955@example.com,9876505955,,1989-09-06,Ahmedabad,1000
null_blank,Null values detected in column GENDER,GENDER,6957,Neha,Patel,user5956@example.com,9876505956,,1973-05-23,Bangalore,73012
null_blank,Null values detected in column GENDER,GENDER,6959,Rakesh,Singh,user5958@example.com,9876505958,,1988-10-09,Chennai,84706
null_blank,Null values detected in column GENDER,GENDER,6960,Anjali,Rao,user5959@example.com,9876505959,,2050-01-01,Hyderabad,72988
null_blank,Null values detected in column GENDER,GENDER,6963,Sameer,Rao,user5962@example.com,9876505962,,1970-04-03,Ahmedabad,40550
null_blank,Null values detected in column GENDER,GENDER,6965,Sameer,Rao,user5964@example.com,9876505964,,1981-08-25,Bangalore,66617
null_blank,Null values detected in column GENDER,GENDER,6967,Neha,Verma,user5966@example.com,9876505966,,1982-05-31,Chennai,88033
null_blank,Null values detected in column GENDER,GENDER,6970,Sneha,Sharma,user5969@example.com,9876505969,,1978-04-21,Delhi,102183
null_blank,Null values detected in column GENDER,GENDER,6971,Arjun,Singh,user5970@example.com,9876505970,,1998-12-08,Ahmedabad,460241
null_blank,Null values detected in column GENDER,GENDER,6973,Arjun,Mehta,user5972@example.com,9876505972,,2008-10-24,Mumbai,80334
null_blank,Null values detected in column GENDER,GENDER,6974,Arjun,Reddy,user5973@example.com,9876505973,,1978-11-09,Mumbai,93124
null_blank,Null values detected in column GENDER,GENDER,6976,Amit,Mehta,user5975@example.com,123,,2017-12-17,Kolkata,84942
null_blank,Null values detected in column GENDER,GENDER,6977,Sameer,Reddy,user5976@example.com,9876505976,,2002-05-23,Bangalore,79692
null_blank,Null values detected in column GENDER,GENDER,6979,Vijay,Sharma,user5978@example.com,9876505978,,1975-08-25,Delhi,59437
null_blank,Null values detected in column GENDER,GENDER,6980,Amit,Singh,user5979@example.com,9876505979,,1982-09-02,Mumbai,48974
null_blank,Null values detected in column GENDER,GENDER,6982,Priya,Joshi,user5981@example.com,9876505981,,1971-04-14,Mumbai,31086
null_blank,Null values detected in column GENDER,GENDER,6983,Neha,Mehta,user5982@example.com,9876505982,,1973-09-06,Kolkata,58833
null_blank,Null values detected in column GENDER,GENDER,6987,Kavya,Patel,user5986@example.com,9876505986,,1982-12-20,Pune,94729
null_blank,Null values detected in column GENDER,GENDER,6991,Anjali,Joshi,user5990@example.com,9876505990,,1970-04-02,Bangalore,30454
null_blank,Null values detected in column GENDER,GENDER,6994,Amit,Joshi,user5993@example.com,9876505993,,2006-10-11,Pune,52844
null_blank,Null values detected in column GENDER,GENDER,6998,Sameer,Sharma,user5997@example.com,9876505997,,1990-12-04,Mumbai,85327
null_blank,Null values detected in column GENDER,GENDER,7000,Amit,Joshi,user5999@example.com,9876505999,,1996-04-09,Mumbai,45005
null_blank,Null values detected in column GENDER,GENDER,7002,Vijay,Verma,user6001@example.com,9876506001,,1975-06-05,Chennai,81223
null_blank,Null values detected in column GENDER,GENDER,7003,Kavya,Verma,user6002@example.com,9876506002,,2008-02-09,Chennai,71131
null_blank,Null values detected in column GENDER,GENDER,7006,Arjun,Sharma,user6005@example.com,9876506005,,1982-03-25,Chennai,55364
null_blank,Null values detected in column GENDER,GENDER,7008,Rakesh,Joshi,user6007@example.com,9876506007,,1992-12-27,Bangalore,65232
null_blank,Null values detected in column GENDER,GENDER,7012,Sameer,Rao,user6011@example.com,9876506011,,1995-09-10,Mumbai,115716
null_blank,Null values detected in column GENDER,GENDER,7015,Rakesh,Patel,user6014@example.com,9876506014,,2019-03-27,Pune,63758
null_blank,Null values detected in column GENDER,GENDER,7018,Anjali,Kumar,user6017@example.com,9876506017,,2050-01-01,Mumbai,94901
null_blank,Null values detected in column GENDER,GENDER,7020,Neha,Rao,user6019@example.com,9876506019,,invalid,Chennai,82406
null_blank,Null values detected in column GENDER,GENDER,7021,Anjali,Kumar,invalid@,9876506020,,2011-11-09,Hyderabad,78877
null_blank,Null values detected in column GENDER,GENDER,7023,Vijay,Verma,user6022@example.com,9876506022,,2002-01-17,Mumbai,86781
null_blank,Null values detected in column GENDER,GENDER,7026,Rakesh,Verma,user6025@example.com,123,,1978-10-30,Mumbai,101897
null_blank,Null values detected in column GENDER,GENDER,7027,Amit,Sharma,user6026@example.com,9876506026,,1983-04-19,Chennai,38614
null_blank,Null values detected in column GENDER,GENDER,7028,Kavya,Reddy,user6027@example.com,9876506027,,2019-01-26,Mumbai,70660
null_blank,Null values detected in column GENDER,GENDER,7030,Amit,Verma,user6029@example.com,9876506029,,2011-10-16,Kolkata,83392
null_blank,Null values detected in column GENDER,GENDER,7033,Anjali,Joshi,user6032@example.com,9876506032,,2007-01-25,Chennai,74647
null_blank,Null values detected in column GENDER,GENDER,7035,Arjun,Verma,user6034@example.com,9876506034,,2014-04-28,Hyderabad,56544
null_blank,Null values detected in column GENDER,GENDER,7036,Rakesh,Mehta,user6035@example.com,9876506035,,1976-06-21,Chennai,120804
null_blank,Null values detected in column GENDER,GENDER,7040,Neha,Rao,user6039@example.com,9876506039,,1973-12-22,Hyderabad,62448
null_blank,Null values detected in column GENDER,GENDER,7043,Rakesh,Mehta,user6042@example.com,9876506042,,2050-01-01,Chennai,65713
null_blank,Null values detected in column GENDER,GENDER,7044,Anjali,Kumar,user6043@example.com,9876506043,,2003-11-21,Mumbai,81362
null_blank,Null values detected in column GENDER,GENDER,7045,Priya,Verma,user6044@example.com,9876506044,,1999-07-08,Bangalore,51667
null_blank,Null values detected in column GENDER,GENDER,7049,Arjun,Mehta,user6048@example.com,9876506048,,1978-06-25,Pune,85876
null_blank,Null values detected in column GENDER,GENDER,7054,Anjali,Joshi,user6053@example.com,9876506053,,1980-03-05,Chennai,46370
null_blank,Null values detected in column GENDER,GENDER,7058,Vijay,Mehta,user6057@example.com,9876506057,,1975-12-28,Pune,99911
null_blank,Null values detected in column GENDER,GENDER,7059,Rakesh,Sharma,user6058@example.com,9876506058,,1992-01-24,Pune,61606
null_blank,Null values detected in column GENDER,GENDER,7061,Amit,Verma,invalid@,9876506060,,1998-11-06,Ahmedabad,787788
null_blank,Null values detected in column GENDER,GENDER,7067,Anjali,Kumar,user6066@example.com,9876506066,,1996-11-28,Hyderabad,106835
null_blank,Null values detected in column GENDER,GENDER,7068,Sameer,Kumar,user6067@example.com,9876506067,,2017-12-28,Delhi,50975
null_blank,Null values detected in column GENDER,GENDER,7070,Amit,Verma,user6069@example.com,9876506069,,1970-01-18,Hyderabad,59529
null_blank,Null values detected in column GENDER,GENDER,7071,Kavya,Sharma,user6070@example.com,9876506070,,2050-01-01,Ahmedabad,81268
null_blank,Null values detected in column GENDER,GENDER,7073,Vijay,Singh,user6072@example.com,9876506072,,2003-12-11,Bangalore,62359
null_blank,Null values detected in column GENDER,GENDER,7074,Vijay,Joshi,user6073@example.com,9876506073,,2004-07-19,Ahmedabad,76848
null_blank,Null values detected in column GENDER,GENDER,7075,Amit,Mehta,user6074@example.com,9876506074,,2019-03-25,Bangalore,69705
null_blank,Null values detected in column GENDER,GENDER,7078,Anjali,Joshi,user6077@example.com,9876506077,,1971-03-11,Mumbai,58069
null_blank,Null values detected in column GENDER,GENDER,7079,Kavya,Singh,user6078@example.com,9876506078,,1976-11-02,Kolkata,64622
null_blank,Null values detected in column GENDER,GENDER,7082,Arjun,Mehta,user6081@example.com,9876506081,,1991-05-17,Pune,27833
null_blank,Null values detected in column GENDER,GENDER,7084,Priya,Reddy,user6083@example.com,9876506083,,invalid,Delhi,51821
null_blank,Null values detected in column GENDER,GENDER,7086,Anjali,Singh,user6085@example.com,9876506085,,2013-02-20,Ahmedabad,70332
null_blank,Null values detected in column GENDER,GENDER,7095,Sameer,Joshi,user6094@example.com,9876506094,,1983-05-19,Chennai,95952
null_blank,Null values detected in column GENDER,GENDER,7100,Arjun,Joshi,user6099@example.com,9876506099,,2011-04-30,Hyderabad,48201
null_blank,Null values detected in column GENDER,GENDER,7101,Kavya,Patel,invalid@,,,2002-11-06,Chennai,51996
null_blank,Null values detected in column GENDER,GENDER,7106,Amit,Mehta,user6105@example.com,9876506105,,invalid,Pune,1000
null_blank,Null values detected in column GENDER,GENDER,7107,Vijay,Patel,user6106@example.com,9876506106,,2016-04-27,Delhi,40814
null_blank,Null values detected in column GENDER,GENDER,7109,Priya,Joshi,user6108@example.com,9876506108,,invalid,Ahmedabad,69894
null_blank,Null values detected in column GENDER,GENDER,7111,Arjun,Sharma,user6110@example.com,9876506110,,1991-11-14,Pune,63849
null_blank,Null values detected in column GENDER,GENDER,7112,Anjali,Mehta,user6111@example.com,9876506111,,1999-09-27,Delhi,90015
null_blank,Null values detected in column GENDER,GENDER,7113,Vijay,Verma,user6112@example.com,9876506112,,1993-10-22,Bangalore,60615
null_blank,Null values detected in column GENDER,GENDER,7117,Vijay,Rao,user6116@example.com,9876506116,,2009-03-12,Chennai,104216
null_blank,Null values detected in column GENDER,GENDER,7118,Sneha,Mehta,user6117@example.com,9876506117,,1993-06-17,Chennai,83236
null_blank,Null values detected in column GENDER,GENDER,7120,Sneha,Mehta,user6119@example.com,9876506119,,1989-05-03,Delhi,93682
null_blank,Null values detected in column GENDER,GENDER,7122,Arjun,Kumar,user6121@example.com,9876506121,,1977-10-18,Chennai,76221
null_blank,Null values detected in column GENDER,GENDER,7124,Rakesh,Singh,user6123@example.com,9876506123,,1990-01-09,Kolkata,60932
null_blank,Null values detected in column GENDER,GENDER,7126,Kavya,Singh,user6125@example.com,123,,1975-11-29,Chennai,87265
null_blank,Null values detected in column GENDER,GENDER,7129,Vijay,Sharma,user6128@example.com,9876506128,,1998-10-04,Mumbai,36391
null_blank,Null values detected in column GENDER,GENDER,7131,Arjun,Reddy,user6130@example.com,9876506130,,2001-10-11,Bangalore,63993
null_blank,Null values detected in column GENDER,GENDER,7133,Rakesh,Sharma,user6132@example.com,9876506132,,2012-08-06,Delhi,54328
null_blank,Null values detected in column GENDER,GENDER,7134,Kavya,Sharma,user6133@example.com,9876506133,,2016-12-06,Kolkata,66087
null_blank,Null values detected in column GENDER,GENDER,7135,Sneha,Joshi,user6134@example.com,9876506134,,1972-07-07,Delhi,40423
null_blank,Null values detected in column GENDER,GENDER,7138,Rakesh,Verma,user6137@example.com,9876506137,,1977-11-01,Ahmedabad,29436
null_blank,Null values detected in column GENDER,GENDER,7139,Kavya,Patel,user6138@example.com,9876506138,,1974-12-13,Mumbai,34821
null_blank,Null values detected in column GENDER,GENDER,7140,Amit,Singh,user6139@example.com,9876506139,,1977-04-03,Chennai,59323
null_blank,Null values detected in column GENDER,GENDER,7146,Neha,Verma,user6145@example.com,9876506145,,1977-02-08,Delhi,106508
null_blank,Null values detected in column GENDER,GENDER,7147,Rakesh,Mehta,user6146@example.com,9876506146,,2006-02-27,Kolkata,74107
null_blank,Null values detected in column GENDER,GENDER,7149,Arjun,Mehta,user6148@example.com,9876506148,,2017-10-17,Pune,101540
null_blank,Null values detected in column GENDER,GENDER,7150,Vijay,Rao,user6149@example.com,9876506149,,1981-02-27,Mumbai,42713
null_blank,Null values detected in column GENDER,GENDER,7154,Neha,Rao,user6153@example.com,9876506153,,1980-02-10,Chennai,88635
null_blank,Null values detected in column GENDER,GENDER,7156,Sneha,Gupta,user6155@example.com,9876506155,,1972-06-30,Bangalore,40904
null_blank,Null values detected in column GENDER,GENDER,7157,Vijay,Rao,user6156@example.com,9876506156,,1994-08-30,Chennai,91990
null_blank,Null values detected in column GENDER,GENDER,7159,Amit,Reddy,user6158@example.com,9876506158,,1997-10-20,Chennai,67421
null_blank,Null values detected in column GENDER,GENDER,7160,Sameer,Reddy,user6159@example.com,9876506159,,2006-08-17,Ahmedabad,42621
null_blank,Null values detected in column GENDER,GENDER,7163,Anjali,Sharma,user6162@example.com,9876506162,,1984-01-21,Chennai,72703
null_blank,Null values detected in column GENDER,GENDER,7165,Anjali,Mehta,user6164@example.com,9876506164,,1972-08-27,Chennai,27424
null_blank,Null values detected in column GENDER,GENDER,7166,Anjali,Mehta,user6165@example.com,9876506165,,1981-03-03,Pune,1000
null_blank,Null values detected in column GENDER,GENDER,7169,Rakesh,Singh,user6168@example.com,9876506168,,1979-02-02,Pune,62262
null_blank,Null values detected in column GENDER,GENDER,7170,Sameer,Kumar,user6169@example.com,9876506169,,1982-11-19,Delhi,56492
null_blank,Null values detected in column GENDER,GENDER,7171,Kavya,Rao,user6170@example.com,9876506170,,1988-02-07,Delhi,77398
null_blank,Null values detected in column GENDER,GENDER,7174,Sameer,Mehta,user6173@example.com,9876506173,,2008-04-16,Bangalore,73294
null_blank,Null values detected in column GENDER,GENDER,7175,Arjun,Patel,user6174@example.com,9876506174,,1992-02-02,Ahmedabad,91950
null_blank,Null values detected in column GENDER,GENDER,7178,Sneha,Verma,user6177@example.com,9876506177,,1993-11-03,Kolkata,78496
null_blank,Null values detected in column GENDER,GENDER,7179,Sameer,Verma,user6178@example.com,9876506178,,1977-11-30,Bangalore,47238
null_blank,Null values detected in column GENDER,GENDER,7180,Arjun,Singh,user6179@example.com,9876506179,,2003-10-07,Hyderabad,51598
null_blank,Null values detected in column GENDER,GENDER,7185,Neha,Verma,user6184@example.com,9876506184,,1977-01-30,Kolkata,42999
null_blank,Null values detected in column GENDER,GENDER,7190,Neha,Reddy,user6189@example.com,9876506189,,2004-08-17,Hyderabad,48118
null_blank,Null values detected in column GENDER,GENDER,7191,Sneha,Sharma,user6190@example.com,9876506190,,invalid,Pune,65180
null_blank,Null values detected in column GENDER,GENDER,7192,Priya,Kumar,user6191@example.com,9876506191,,1981-03-11,Delhi,98108
null_blank,Null values detected in column GENDER,GENDER,7196,Anjali,Reddy,user6195@example.com,9876506195,,1978-04-27,Mumbai,1000
null_blank,Null values detected in column GENDER,GENDER,7198,Anjali,Gupta,user6197@example.com,9876506197,,2009-06-18,Hyderabad,40175
null_blank,Null values detected in column GENDER,GENDER,7200,Amit,Patel,user6199@example.com,9876506199,,1995-02-17,Mumbai,107322
null_blank,Null values detected in column GENDER,GENDER,7201,Priya,Patel,,,,2000-12-07,Bangalore,57519
null_blank,Null values detected in column GENDER,GENDER,7202,Neha,Kumar,user6201@example.com,9876506201,,1985-03-20,Kolkata,58983
null_blank,Null values detected in column GENDER,GENDER,7203,Amit,Kumar,user6202@example.com,9876506202,,1998-11-21,Kolkata,121526
null_blank,Null values detected in column GENDER,GENDER,7204,Vijay,Kumar,user6203@example.com,9876506203,,2015-05-25,Bangalore,58225
null_blank,Null values detected in column GENDER,GENDER,7206,Anjali,Verma,user6205@example.com,9876506205,,1988-06-14,Delhi,50816
null_blank,Null values detected in column GENDER,GENDER,7208,Arjun,Singh,user6207@example.com,9876506207,,1998-02-06,Kolkata,55502
null_blank,Null values detected in column GENDER,GENDER,7210,Vijay,Patel,user6209@example.com,9876506209,,1996-12-31,Bangalore,64140
null_blank,Null values detected in column GENDER,GENDER,7211,Neha,Sharma,user6210@example.com,9876506210,,2011-10-11,Hyderabad,1000000
null_blank,Null values detected in column GENDER,GENDER,7213,Neha,Joshi,user6212@example.com,9876506212,,1987-02-14,Bangalore,45978
null_blank,Null values detected in column GENDER,GENDER,7219,Arjun,Kumar,user6218@example.com,9876506218,,2008-06-25,Delhi,74399
null_blank,Null values detected in column GENDER,GENDER,7222,Anjali,Kumar,user6221@example.com,9876506221,,2007-08-30,Kolkata,68741
null_blank,Null values detected in column GENDER,GENDER,7224,Neha,Sharma,user6223@example.com,9876506223,,2013-08-19,Hyderabad,60221
null_blank,Null values detected in column GENDER,GENDER,7225,Sneha,Kumar,user6224@example.com,9876506224,,1975-06-16,Kolkata,26138
null_blank,Null values detected in column GENDER,GENDER,7229,Amit,Kumar,user6228@example.com,9876506228,,2002-02-23,Delhi,106009
null_blank,Null values detected in column GENDER,GENDER,7235,Sameer,Joshi,user6234@example.com,9876506234,,1982-06-15,Hyderabad,63941
null_blank,Null values detected in column GENDER,GENDER,7236,Amit,Kumar,user6235@example.com,9876506235,,2009-01-19,Delhi,83969
null_blank,Null values detected in column GENDER,GENDER,7241,Kavya,Reddy,,9876506240,,2012-02-26,Chennai,678100
null_blank,Null values detected in column GENDER,GENDER,7246,Neha,Joshi,user6245@example.com,9876506245,,1982-10-05,Delhi,61203
null_blank,Null values detected in column GENDER,GENDER,7248,Rakesh,Gupta,user6247@example.com,9876506247,,1972-03-31,Delhi,67867
null_blank,Null values detected in column GENDER,GENDER,7249,Sameer,Verma,user6248@example.com,9876506248,,2016-02-24,Pune,77726
null_blank,Null values detected in column GENDER,GENDER,7250,Sneha,Sharma,user6249@example.com,9876506249,,2013-08-03,Bangalore,15839
null_blank,Null values detected in column GENDER,GENDER,7251,Amit,Verma,user6250@example.com,,,2015-03-11,Bangalore,44596
null_blank,Null values detected in column GENDER,GENDER,7252,Sameer,Rao,user6251@example.com,9876506251,,invalid,Ahmedabad,98571
null_blank,Null values detected in column GENDER,GENDER,7257,Amit,Patel,user6256@example.com,9876506256,,1975-12-18,Mumbai,69353
null_blank,Null values detected in column GENDER,GENDER,7261,Rakesh,Gupta,invalid@,9876506260,,2002-06-16,Kolkata,79241
null_blank,Null values detected in column GENDER,GENDER,7262,Amit,Kumar,user6261@example.com,9876506261,,1976-10-08,Bangalore,43159
null_blank,Null values detected in column GENDER,GENDER,7264,Rakesh,Kumar,user6263@example.com,9876506263,,2005-08-23,Delhi,58724
null_blank,Null values detected in column GENDER,GENDER,7265,Vijay,Kumar,user6264@example.com,9876506264,,2003-12-12,Hyderabad,44970
null_blank,Null values detected in column GENDER,GENDER,7267,Priya,Verma,user6266@example.com,9876506266,,1992-10-18,Chennai,92243
null_blank,Null values detected in column GENDER,GENDER,7269,Anjali,Joshi,user6268@example.com,9876506268,,1994-02-05,Bangalore,73455
null_blank,Null values detected in column GENDER,GENDER,7270,Rakesh,Patel,user6269@example.com,9876506269,,2000-09-26,Bangalore,60698
null_blank,Null values detected in column GENDER,GENDER,7271,Sneha,Mehta,user6270@example.com,9876506270,,1980-05-02,Chennai,671432
null_blank,Null values detected in column GENDER,GENDER,7273,Vijay,Patel,user6272@example.com,9876506272,,1988-10-21,Kolkata,93835
null_blank,Null values detected in column GENDER,GENDER,7274,Priya,Joshi,user6273@example.com,9876506273,,1988-08-31,Chennai,89837
null_blank,Null values detected in column GENDER,GENDER,7277,Sneha,Sharma,user6276@example.com,9876506276,,2015-07-05,Hyderabad,24772
null_blank,Null values detected in column GENDER,GENDER,7278,Sameer,Gupta,user6277@example.com,9876506277,,1979-03-10,Delhi,77660
null_blank,Null values detected in column GENDER,GENDER,7280,Amit,Singh,user6279@example.com,9876506279,,1973-03-04,Mumbai,86246
null_blank,Null values detected in column GENDER,GENDER,7286,Anjali,Patel,user6285@example.com,9876506285,,2050-01-01,Bangalore,1000
null_blank,Null values detected in column GENDER,GENDER,7287,Anjali,Reddy,user6286@example.com,9876506286,,1985-02-25,Kolkata,68844
null_blank,Null values detected in column GENDER,GENDER,7288,Arjun,Kumar,user6287@example.com,9876506287,,1984-06-22,Chennai,106386
null_blank,Null values detected in column GENDER,GENDER,7289,Arjun,Patel,user6288@example.com,9876506288,,1974-06-02,Delhi,78760
null_blank,Null values detected in column GENDER,GENDER,7292,Arjun,Mehta,user6291@example.com,9876506291,,1979-09-23,Kolkata,76562
null_blank,Null values detected in column GENDER,GENDER,7294,Neha,Patel,user6293@example.com,9876506293,,2013-12-22,Bangalore,69925
null_blank,Null values detected in column GENDER,GENDER,7295,Anjali,Sharma,user6294@example.com,9876506294,,1983-09-06,Ahmedabad,45477
null_blank,Null values detected in column GENDER,GENDER,7297,Anjali,Joshi,user6296@example.com,9876506296,,1987-03-15,Delhi,48888
null_blank,Null values detected in column GENDER,GENDER,7298,Rakesh,Joshi,user6297@example.com,9876506297,,1987-02-06,Kolkata,98324
null_blank,Null values detected in column GENDER,GENDER,7300,Vijay,Gupta,user6299@example.com,9876506299,,1978-06-28,Pune,58903
null_blank,Null values detected in column GENDER,GENDER,7301,Neha,Singh,invalid@,,,1981-04-06,Chennai,600220
null_blank,Null values detected in column GENDER,GENDER,7304,Sameer,Joshi,user6303@example.com,9876506303,,1998-01-02,Kolkata,54331
null_blank,Null values detected in column GENDER,GENDER,7305,Kavya,Joshi,user6304@example.com,9876506304,,1979-10-20,Hyderabad,93085
null_blank,Null values detected in column GENDER,GENDER,7306,Arjun,Reddy,user6305@example.com,9876506305,,1996-03-16,Bangalore,48756
null_blank,Null values detected in column GENDER,GENDER,7307,Anjali,Sharma,user6306@example.com,9876506306,,1990-09-19,Pune,73420
null_blank,Null values detected in column GENDER,GENDER,7308,Kavya,Reddy,user6307@example.com,9876506307,,1995-04-13,Mumbai,63280
null_blank,Null values detected in column GENDER,GENDER,7314,Kavya,Sharma,user6313@example.com,9876506313,,2005-08-08,Pune,48484
null_blank,Null values detected in column GENDER,GENDER,7317,Rakesh,Patel,user6316@example.com,9876506316,,2002-07-18,Ahmedabad,87000
null_blank,Null values detected in column GENDER,GENDER,7318,Neha,Joshi,user6317@example.com,9876506317,,1972-11-15,Delhi,96022
null_blank,Null values detected in column GENDER,GENDER,7320,Rakesh,Gupta,user6319@example.com,9876506319,,1976-04-20,Pune,8026
null_blank,Null values detected in column GENDER,GENDER,7321,Neha,Gupta,,9876506320,,2014-12-09,Kolkata,66404
null_blank,Null values detected in column GENDER,GENDER,7323,Neha,Singh,user6322@example.com,9876506322,,2001-01-30,Kolkata,73826
null_blank,Null values detected in column GENDER,GENDER,7325,Priya,Joshi,user6324@example.com,9876506324,,1978-10-04,Hyderabad,71846
null_blank,Null values detected in column GENDER,GENDER,7327,Rakesh,Reddy,user6326@example.com,9876506326,,2008-02-21,Delhi,41713
null_blank,Null values detected in column GENDER,GENDER,7329,Rakesh,Singh,user6328@example.com,9876506328,,1996-08-25,Mumbai,72940
null_blank,Null values detected in column GENDER,GENDER,7332,Neha,Kumar,user6331@example.com,9876506331,,1992-04-24,Delhi,100544
null_blank,Null values detected in column GENDER,GENDER,7333,Sneha,Rao,user6332@example.com,9876506332,,2011-02-27,Bangalore,98420
null_blank,Null values detected in column GENDER,GENDER,7335,Amit,Rao,user6334@example.com,9876506334,,1999-03-08,Ahmedabad,38055
null_blank,Null values detected in column GENDER,GENDER,7336,Vijay,Singh,user6335@example.com,9876506335,,1998-07-26,Ahmedabad,74624
null_blank,Null values detected in column GENDER,GENDER,7338,Anjali,Singh,user6337@example.com,9876506337,,1988-10-18,Bangalore,77375
null_blank,Null values detected in column GENDER,GENDER,7340,Priya,Verma,user6339@example.com,9876506339,,1999-05-04,Ahmedabad,63569
null_blank,Null values detected in column GENDER,GENDER,7343,Anjali,Singh,user6342@example.com,9876506342,,1991-01-15,Hyderabad,62661
null_blank,Null values detected in column GENDER,GENDER,7350,Priya,Joshi,user6349@example.com,9876506349,,1994-02-26,Hyderabad,81697
null_blank,Null values detected in column GENDER,GENDER,7352,Sameer,Mehta,user6351@example.com,9876506351,,2011-09-06,Hyderabad,63977
null_blank,Null values detected in column GENDER,GENDER,7357,Sneha,Sharma,user6356@example.com,9876506356,,1970-07-27,Pune,26482
null_blank,Null values detected in column GENDER,GENDER,7358,Priya,Sharma,user6357@example.com,9876506357,,1993-03-04,Hyderabad,58080
null_blank,Null values detected in column GENDER,GENDER,7359,Rakesh,Verma,user6358@example.com,9876506358,,1980-01-27,Delhi,68638
null_blank,Null values detected in column GENDER,GENDER,7361,Amit,Gupta,,9876506360,,2004-09-10,Delhi,67832
null_blank,Null values detected in column GENDER,GENDER,7363,Arjun,Kumar,user6362@example.com,9876506362,,1983-08-27,Chennai,67613
null_blank,Null values detected in column GENDER,GENDER,7366,Vijay,Reddy,user6365@example.com,9876506365,,1995-04-13,Ahmedabad,42496
null_blank,Null values detected in column GENDER,GENDER,7367,Neha,Sharma,user6366@example.com,9876506366,,1988-08-17,Chennai,51006
null_blank,Null values detected in column GENDER,GENDER,7368,Anjali,Patel,user6367@example.com,9876506367,,2002-08-06,Kolkata,62260
null_blank,Null values detected in column GENDER,GENDER,7369,Anjali,Kumar,user6368@example.com,9876506368,,1976-09-27,Ahmedabad,30664
null_blank,Null values detected in column GENDER,GENDER,7372,Anjali,Patel,user6371@example.com,9876506371,,1999-12-29,Delhi,75040
null_blank,Null values detected in column GENDER,GENDER,7373,Anjali,Singh,user6372@example.com,9876506372,,2008-05-05,Kolkata,46712
null_blank,Null values detected in column GENDER,GENDER,7374,Anjali,Joshi,user6373@example.com,9876506373,,1998-07-13,Chennai,38854
null_blank,Null values detected in column GENDER,GENDER,7378,Vijay,Reddy,user6377@example.com,9876506377,,2003-07-18,Hyderabad,87043
null_blank,Null values detected in column GENDER,GENDER,7379,Neha,Joshi,user6378@example.com,9876506378,,2007-01-07,Pune,83977
null_blank,Null values detected in column GENDER,GENDER,7381,Amit,Gupta,invalid@,9876506380,,1975-03-21,Delhi,67692
null_blank,Null values detected in column GENDER,GENDER,7382,Amit,Reddy,user6381@example.com,9876506381,,1996-01-20,Mumbai,86954
null_blank,Null values detected in column GENDER,GENDER,7384,Arjun,Rao,user6383@example.com,9876506383,,2050-01-01,Mumbai,69803
null_blank,Null values detected in column GENDER,GENDER,7386,Kavya,Sharma,user6385@example.com,9876506385,,1985-07-02,Pune,60489
null_blank,Null values detected in column GENDER,GENDER,7389,Rakesh,Sharma,user6388@example.com,9876506388,,2008-11-09,Delhi,57330
null_blank,Null values detected in column GENDER,GENDER,7393,Sameer,Reddy,user6392@example.com,9876506392,,1975-06-13,Mumbai,56950
null_blank,Null values detected in column GENDER,GENDER,7400,Anjali,Sharma,user6399@example.com,9876506399,,2013-10-03,Chennai,46937
null_blank,Null values detected in column GENDER,GENDER,7402,Neha,Singh,user6401@example.com,9876506401,,1994-04-16,Pune,45655
null_blank,Null values detected in column GENDER,GENDER,7403,Arjun,Reddy,user6402@example.com,9876506402,,1973-04-06,Bangalore,54943
null_blank,Null values detected in column GENDER,GENDER,7404,Kavya,Patel,user6403@example.com,9876506403,,2017-12-14,Hyderabad,72707
null_blank,Null values detected in column GENDER,GENDER,7405,Anjali,Reddy,user6404@example.com,9876506404,,2018-09-13,Hyderabad,63789
null_blank,Null values detected in column GENDER,GENDER,7408,Arjun,Kumar,user6407@example.com,9876506407,,1983-10-10,Bangalore,52780
null_blank,Null values detected in column GENDER,GENDER,7409,Sneha,Kumar,user6408@example.com,9876506408,,1973-10-13,Bangalore,77260
null_blank,Null values detected in column GENDER,GENDER,7415,Rakesh,Rao,user6414@example.com,9876506414,,1975-04-28,Pune,17104
null_blank,Null values detected in column GENDER,GENDER,7417,Anjali,Sharma,user6416@example.com,9876506416,,2013-09-27,Pune,92419
null_blank,Null values detected in column GENDER,GENDER,7419,Priya,Patel,user6418@example.com,9876506418,,2019-01-21,Bangalore,34326
null_blank,Null values detected in column GENDER,GENDER,7421,Sneha,Rao,invalid@,9876506420,,1993-07-20,Mumbai,540628
null_blank,Null values detected in column GENDER,GENDER,7422,Kavya,Rao,user6421@example.com,9876506421,,1970-02-23,Kolkata,16316
null_blank,Null values detected in column GENDER,GENDER,7427,Vijay,Reddy,user6426@example.com,9876506426,,2009-06-21,Hyderabad,107621
null_blank,Null values detected in column GENDER,GENDER,7428,Rakesh,Mehta,user6427@example.com,9876506427,,1989-11-10,Delhi,43932
null_blank,Null values detected in column GENDER,GENDER,7429,Anjali,Kumar,user6428@example.com,9876506428,,1998-07-09,Mumbai,90559
null_blank,Null values detected in column GENDER,GENDER,7431,Sameer,Patel,user6430@example.com,9876506430,,2001-02-12,Pune,71871
null_blank,Null values detected in column GENDER,GENDER,7432,Sameer,Singh,user6431@example.com,9876506431,,2008-09-11,Mumbai,68448
null_blank,Null values detected in column GENDER,GENDER,7436,Anjali,Patel,user6435@example.com,9876506435,,2008-05-09,Hyderabad,1000
null_blank,Null values detected in column GENDER,GENDER,7438,Kavya,Mehta,user6437@example.com,9876506437,,1970-03-14,Mumbai,78871
null_blank,Null values detected in column GENDER,GENDER,7440,Priya,Joshi,user6439@example.com,9876506439,,2011-04-25,Pune,60737
null_blank,Null values detected in column GENDER,GENDER,7442,Rakesh,Joshi,user6441@example.com,9876506441,,1998-01-11,Bangalore,69067
null_blank,Null values detected in column GENDER,GENDER,7443,Amit,Reddy,user6442@example.com,9876506442,,2002-01-07,Kolkata,51499
null_blank,Null values detected in column GENDER,GENDER,7444,Anjali,Sharma,user6443@example.com,9876506443,,1979-08-03,Kolkata,40397
null_blank,Null values detected in column GENDER,GENDER,7445,Anjali,Singh,user6444@example.com,9876506444,,1998-08-30,Ahmedabad,81609
null_blank,Null values detected in column GENDER,GENDER,7446,Sneha,Patel,user6445@example.com,9876506445,,2050-01-01,Hyderabad,52382
null_blank,Null values detected in column GENDER,GENDER,7448,Sneha,Singh,user6447@example.com,9876506447,,2004-02-16,Pune,65044
null_blank,Null values detected in column GENDER,GENDER,7449,Vijay,Reddy,user6448@example.com,9876506448,,2000-04-16,Hyderabad,61959
null_blank,Null values detected in column GENDER,GENDER,7453,Neha,Mehta,user6452@example.com,9876506452,,2007-03-17,Chennai,57013
null_blank,Null values detected in column GENDER,GENDER,7456,Kavya,Rao,user6455@example.com,9876506455,,2018-02-12,Ahmedabad,57929
null_blank,Null values detected in column GENDER,GENDER,7459,Amit,Singh,user6458@example.com,9876506458,,1970-01-12,Delhi,58405
null_blank,Null values detected in column GENDER,GENDER,7460,Sneha,Singh,user6459@example.com,9876506459,,2003-05-22,Chennai,89933
null_blank,Null values detected in column GENDER,GENDER,7462,Neha,Reddy,user6461@example.com,9876506461,,1992-01-26,Ahmedabad,71130
null_blank,Null values detected in column GENDER,GENDER,7467,Anjali,Mehta,user6466@example.com,9876506466,,1971-03-03,Mumbai,59176
null_blank,Null values detected in column GENDER,GENDER,7468,Rakesh,Kumar,user6467@example.com,9876506467,,1989-06-09,Mumbai,20629
null_blank,Null values detected in column GENDER,GENDER,7471,Arjun,Singh,user6470@example.com,9876506470,,invalid,Pune,67091
null_blank,Null values detected in column GENDER,GENDER,7472,Amit,Patel,user6471@example.com,9876506471,,2002-08-28,Chennai,94167
null_blank,Null values detected in column GENDER,GENDER,7477,Rakesh,Singh,user6476@example.com,9876506476,,1979-05-01,Mumbai,62848
null_blank,Null values detected in column GENDER,GENDER,7484,Rakesh,Sharma,user6483@example.com,9876506483,,1986-05-21,Hyderabad,83838
null_blank,Null values detected in column GENDER,GENDER,7486,Neha,Joshi,user6485@example.com,9876506485,,1987-06-04,Chennai,48787
null_blank,Null values detected in column GENDER,GENDER,7490,Rakesh,Reddy,user6489@example.com,9876506489,,2004-04-04,Ahmedabad,100725
null_blank,Null values detected in column GENDER,GENDER,7491,Kavya,Kumar,user6490@example.com,9876506490,,2012-12-26,Ahmedabad,38902
null_blank,Null values detected in column GENDER,GENDER,7492,Kavya,Rao,user6491@example.com,9876506491,,1981-01-20,Mumbai,74729
null_blank,Null values detected in column GENDER,GENDER,7493,Amit,Reddy,user6492@example.com,9876506492,,1988-10-07,Kolkata,75622
null_blank,Null values detected in column GENDER,GENDER,7496,Anjali,Kumar,user6495@example.com,9876506495,,2007-12-03,Ahmedabad,1000
null_blank,Null values detected in column GENDER,GENDER,7504,Sneha,Patel,user6503@example.com,9876506503,,1979-12-16,Hyderabad,73347
null_blank,Null values detected in column GENDER,GENDER,7505,Rakesh,Reddy,user6504@example.com,9876506504,,2001-08-22,Ahmedabad,50951
null_blank,Null values detected in column GENDER,GENDER,7507,Anjali,Verma,user6506@example.com,9876506506,,2007-06-18,Chennai,70014
null_blank,Null values detected in column GENDER,GENDER,7508,Vijay,Reddy,user6507@example.com,9876506507,,2003-11-09,Hyderabad,35674
null_blank,Null values detected in column GENDER,GENDER,7510,Rakesh,Rao,user6509@example.com,9876506509,,1985-09-05,Bangalore,87769
null_blank,Null values detected in column GENDER,GENDER,7520,Vijay,Patel,user6519@example.com,9876506519,,2011-07-18,Kolkata,67558
null_blank,Null values detected in column GENDER,GENDER,7521,Amit,Patel,,9876506520,,1971-10-06,Kolkata,54149
null_blank,Null values detected in column GENDER,GENDER,7522,Kavya,Singh,user6521@example.com,9876506521,,2014-11-30,Hyderabad,66253
null_blank,Null values detected in column GENDER,GENDER,7523,Neha,Verma,user6522@example.com,9876506522,,2000-11-03,Kolkata,43341
null_blank,Null values detected in column GENDER,GENDER,7524,Rakesh,Kumar,user6523@example.com,9876506523,,1971-11-09,Hyderabad,47709
null_blank,Null values detected in column GENDER,GENDER,7526,Vijay,Gupta,user6525@example.com,123,,1995-06-10,Kolkata,1000
null_blank,Null values detected in column GENDER,GENDER,7527,Rakesh,Mehta,user6526@example.com,9876506526,,1977-04-04,Ahmedabad,75469
null_blank,Null values detected in column GENDER,GENDER,7528,Kavya,Sharma,user6527@example.com,9876506527,,1979-07-02,Kolkata,54263
null_blank,Null values detected in column GENDER,GENDER,7530,Vijay,Verma,user6529@example.com,9876506529,,1998-01-30,Chennai,66282
null_blank,Null values detected in column GENDER,GENDER,7537,Anjali,Kumar,user6536@example.com,9876506536,,2011-06-26,Delhi,72406
null_blank,Null values detected in column GENDER,GENDER,7539,Rakesh,Mehta,user6538@example.com,9876506538,,1989-05-15,Mumbai,51719
null_blank,Null values detected in column GENDER,GENDER,7541,Anjali,Joshi,invalid@,9876506540,,2016-12-08,Ahmedabad,337991
null_blank,Null values detected in column GENDER,GENDER,7543,Amit,Mehta,user6542@example.com,9876506542,,2007-05-11,Mumbai,81136
null_blank,Null values detected in column GENDER,GENDER,7546,Sneha,Verma,user6545@example.com,9876506545,,2002-01-22,Delhi,39033
null_blank,Null values detected in column GENDER,GENDER,7547,Sameer,Mehta,user6546@example.com,9876506546,,1997-10-23,Mumbai,22967
null_blank,Null values detected in column GENDER,GENDER,7550,Amit,Joshi,user6549@example.com,9876506549,,2008-08-30,Ahmedabad,28981
null_blank,Null values detected in column GENDER,GENDER,7552,Arjun,Mehta,user6551@example.com,9876506551,,1994-08-22,Ahmedabad,69986
null_blank,Null values detected in column GENDER,GENDER,7556,Neha,Patel,user6555@example.com,9876506555,,1994-11-03,Pune,1000
null_blank,Null values detected in column GENDER,GENDER,7559,Neha,Singh,user6558@example.com,9876506558,,2015-06-20,Ahmedabad,42657
null_blank,Null values detected in column GENDER,GENDER,7561,Amit,Reddy,,9876506560,,1974-11-14,Delhi,82379
null_blank,Null values detected in column GENDER,GENDER,7562,Kavya,Gupta,user6561@example.com,9876506561,,2016-07-22,Chennai,76873
null_blank,Null values detected in column GENDER,GENDER,7568,Sameer,Rao,user6567@example.com,9876506567,,1976-02-19,Pune,75892
null_blank,Null values detected in column GENDER,GENDER,7571,Sneha,Patel,user6570@example.com,9876506570,,1973-09-24,Pune,685424
null_blank,Null values detected in column GENDER,GENDER,7572,Arjun,Kumar,user6571@example.com,9876506571,,1987-11-23,Mumbai,85077
null_blank,Null values detected in column GENDER,GENDER,7578,Priya,Reddy,user6577@example.com,9876506577,,1979-07-03,Ahmedabad,96385
null_blank,Null values detected in column GENDER,GENDER,7580,Priya,Reddy,user6579@example.com,9876506579,,1984-08-26,Hyderabad,63948
null_blank,Null values detected in column GENDER,GENDER,7582,Vijay,Sharma,user6581@example.com,9876506581,,2013-07-31,Pune,41931
null_blank,Null values detected in column GENDER,GENDER,7583,Kavya,Patel,user6582@example.com,9876506582,,2006-12-06,Ahmedabad,23560
null_blank,Null values detected in column GENDER,GENDER,7587,Rakesh,Patel,user6586@example.com,9876506586,,2001-04-14,Bangalore,51417
null_blank,Null values detected in column GENDER,GENDER,7588,Sneha,Reddy,user6587@example.com,9876506587,,1979-12-08,Bangalore,45863
null_blank,Null values detected in column GENDER,GENDER,7594,Neha,Rao,user6593@example.com,9876506593,,2006-03-31,Hyderabad,41878
null_blank,Null values detected in column GENDER,GENDER,7599,Kavya,Rao,user6598@example.com,9876506598,,2010-12-25,Kolkata,44650
null_blank,Null values detected in column GENDER,GENDER,7602,Kavya,Mehta,user6601@example.com,9876506601,,1983-10-29,Bangalore,65325
null_blank,Null values detected in column GENDER,GENDER,7604,Neha,Joshi,user6603@example.com,9876506603,,1982-02-19,Chennai,49792
null_blank,Null values detected in column GENDER,GENDER,7610,Rakesh,Rao,user6609@example.com,9876506609,,1973-06-12,Ahmedabad,63172
null_blank,Null values detected in column GENDER,GENDER,7614,Rakesh,Kumar,user6613@example.com,9876506613,,1990-04-03,Bangalore,81026
null_blank,Null values detected in column GENDER,GENDER,7616,Anjali,Kumar,user6615@example.com,9876506615,,1974-09-29,Hyderabad,1000
null_blank,Null values detected in column GENDER,GENDER,7617,Anjali,Singh,user6616@example.com,9876506616,,2013-06-04,Chennai,55617
null_blank,Null values detected in column GENDER,GENDER,7619,Amit,Sharma,user6618@example.com,9876506618,,2016-02-01,Ahmedabad,30771
null_blank,Null values detected in column GENDER,GENDER,7628,Arjun,Sharma,user6627@example.com,9876506627,,1983-09-30,Pune,80276
null_blank,Null values detected in column GENDER,GENDER,7629,Arjun,Joshi,user6628@example.com,9876506628,,invalid,Hyderabad,65193
null_blank,Null values detected in column GENDER,GENDER,7630,Amit,Gupta,user6629@example.com,9876506629,,1970-04-07,Kolkata,55853
null_blank,Null values detected in column GENDER,GENDER,7631,Rakesh,Sharma,user6630@example.com,9876506630,,1976-08-23,Bangalore,577315
null_blank,Null values detected in column GENDER,GENDER,7632,Rakesh,Patel,user6631@example.com,9876506631,,1999-11-14,Chennai,73858
null_blank,Null values detected in column GENDER,GENDER,7635,Arjun,Rao,user6634@example.com,9876506634,,1992-06-03,Bangalore,72494
null_blank,Null values detected in column GENDER,GENDER,7638,Vijay,Kumar,user6637@example.com,9876506637,,1988-06-15,Bangalore,47173
null_blank,Null values detected in column GENDER,GENDER,7641,Priya,Patel,,9876506640,,2016-09-01,Hyderabad,86691
null_blank,Null values detected in column GENDER,GENDER,7642,Sameer,Reddy,user6641@example.com,9876506641,,1993-09-29,Hyderabad,80615
null_blank,Null values detected in column GENDER,GENDER,7645,Arjun,Gupta,user6644@example.com,9876506644,,1982-10-07,Mumbai,80059
null_blank,Null values detected in column GENDER,GENDER,7646,Sneha,Sharma,user6645@example.com,9876506645,,1991-05-26,Chennai,1000
null_blank,Null values detected in column GENDER,GENDER,7647,Arjun,Reddy,user6646@example.com,9876506646,,1978-12-06,Mumbai,36169
null_blank,Null values detected in column GENDER,GENDER,7651,Anjali,Rao,user6650@example.com,,,2002-06-21,Pune,54311
null_blank,Null values detected in column GENDER,GENDER,7652,Priya,Joshi,user6651@example.com,9876506651,,2006-01-05,Mumbai,64885
null_blank,Null values detected in column GENDER,GENDER,7653,Vijay,Kumar,user6652@example.com,9876506652,,1991-07-06,Ahmedabad,28983
null_blank,Null values detected in column GENDER,GENDER,7654,Arjun,Verma,user6653@example.com,9876506653,,1995-06-28,Hyderabad,104219
null_blank,Null values detected in column GENDER,GENDER,7656,Anjali,Reddy,user6655@example.com,9876506655,,2001-12-18,Ahmedabad,48794
null_blank,Null values detected in column GENDER,GENDER,7657,Rakesh,Joshi,user6656@example.com,9876506656,,1972-01-12,Chennai,44384
null_blank,Null values detected in column GENDER,GENDER,7663,Priya,Mehta,user6662@example.com,9876506662,,1989-03-25,Mumbai,80597
null_blank,Null values detected in column GENDER,GENDER,7667,Rakesh,Patel,user6666@example.com,9876506666,,1982-11-16,Kolkata,72973
null_blank,Null values detected in column GENDER,GENDER,7668,Kavya,Sharma,user6667@example.com,9876506667,,2018-09-28,Pune,78173
null_blank,Null values detected in column GENDER,GENDER,7670,Vijay,Singh,user6669@example.com,9876506669,,2004-03-24,Ahmedabad,83471
null_blank,Null values detected in column GENDER,GENDER,7671,Sameer,Reddy,user6670@example.com,9876506670,,1981-01-21,Delhi,53526
null_blank,Null values detected in column GENDER,GENDER,7674,Sameer,Sharma,user6673@example.com,9876506673,,2015-04-11,Kolkata,50333
null_blank,Null values detected in column GENDER,GENDER,7679,Sneha,Reddy,user6678@example.com,9876506678,,1972-09-19,Delhi,60806
null_blank,Null values detected in column GENDER,GENDER,7682,Priya,Gupta,user6681@example.com,9876506681,,1990-10-20,Mumbai,64540
null_blank,Null values detected in column GENDER,GENDER,7683,Amit,Gupta,user6682@example.com,9876506682,,2016-02-23,Ahmedabad,62488
null_blank,Null values detected in column GENDER,GENDER,7688,Sneha,Kumar,user6687@example.com,9876506687,,2002-12-08,Bangalore,48826
null_blank,Null values detected in column GENDER,GENDER,7691,Priya,Rao,user6690@example.com,9876506690,,2005-10-23,Bangalore,683731
null_blank,Null values detected in column GENDER,GENDER,7693,Rakesh,Verma,user6692@example.com,9876506692,,1993-05-31,Pune,71411
null_blank,Null values detected in column GENDER,GENDER,7695,Amit,Verma,user6694@example.com,9876506694,,2011-05-06,Pune,43725
null_blank,Null values detected in column GENDER,GENDER,7696,Vijay,Joshi,user6695@example.com,9876506695,,1978-12-22,Hyderabad,44424
null_blank,Null values detected in column GENDER,GENDER,7697,Arjun,Mehta,user6696@example.com,9876506696,,1974-10-24,Mumbai,44480
null_blank,Null values detected in column GENDER,GENDER,7698,Kavya,Reddy,user6697@example.com,9876506697,,2006-10-31,Hyderabad,76025
null_blank,Null values detected in column GENDER,GENDER,7700,Sameer,Patel,user6699@example.com,9876506699,,1985-11-05,Chennai,34424
null_blank,Null values detected in column GENDER,GENDER,7701,Sneha,Rao,invalid@,,,1996-04-18,Kolkata,52149
null_blank,Null values detected in column GENDER,GENDER,7708,Arjun,Gupta,user6707@example.com,9876506707,,2009-01-12,Mumbai,88239
null_blank,Null values detected in column GENDER,GENDER,7713,Rakesh,Reddy,user6712@example.com,9876506712,,1991-11-13,Kolkata,61181
null_blank,Null values detected in column GENDER,GENDER,7715,Kavya,Kumar,user6714@example.com,9876506714,,2002-02-04,Delhi,76894
null_blank,Null values detected in column GENDER,GENDER,7716,Rakesh,Patel,user6715@example.com,9876506715,,2008-04-20,Delhi,61862
null_blank,Null values detected in column GENDER,GENDER,7717,Priya,Gupta,user6716@example.com,9876506716,,2000-06-10,Mumbai,69953
null_blank,Null values detected in column GENDER,GENDER,7718,Amit,Patel,user6717@example.com,9876506717,,2006-10-11,Hyderabad,41642
null_blank,Null values detected in column GENDER,GENDER,7719,Arjun,Rao,user6718@example.com,9876506718,,2010-11-06,Ahmedabad,69832
null_blank,Null values detected in column GENDER,GENDER,7721,Neha,Kumar,,9876506720,,2012-09-29,Chennai,539742
null_blank,Null values detected in column GENDER,GENDER,7722,Sneha,Sharma,user6721@example.com,9876506721,,2000-03-20,Pune,52070
null_blank,Null values detected in column GENDER,GENDER,7723,Neha,Singh,user6722@example.com,9876506722,,invalid,Kolkata,95225
null_blank,Null values detected in column GENDER,GENDER,7724,Priya,Patel,user6723@example.com,9876506723,,2000-01-16,Chennai,41405
null_blank,Null values detected in column GENDER,GENDER,7726,Rakesh,Reddy,user6725@example.com,123,,1994-01-10,Delhi,64067
null_blank,Null values detected in column GENDER,GENDER,7727,Neha,Mehta,user6726@example.com,9876506726,,1974-09-05,Delhi,37799
null_blank,Null values detected in column GENDER,GENDER,7728,Sneha,Mehta,user6727@example.com,9876506727,,1987-06-18,Kolkata,59049
null_blank,Null values detected in column GENDER,GENDER,7730,Neha,Sharma,user6729@example.com,9876506729,,1994-04-08,Delhi,99391
null_blank,Null values detected in column GENDER,GENDER,7734,Kavya,Verma,user6733@example.com,9876506733,,2018-11-02,Chennai,53638
null_blank,Null values detected in column GENDER,GENDER,7735,Anjali,Rao,user6734@example.com,9876506734,,1998-09-24,Hyderabad,65586
null_blank,Null values detected in column GENDER,GENDER,7736,Vijay,Gupta,user6735@example.com,9876506735,,2012-01-03,Ahmedabad,1000
null_blank,Null values detected in column GENDER,GENDER,7737,Sameer,Kumar,user6736@example.com,9876506736,,2001-05-08,Ahmedabad,103005
null_blank,Null values detected in column GENDER,GENDER,7739,Arjun,Gupta,user6738@example.com,9876506738,,1987-05-14,Bangalore,63924
null_blank,Null values detected in column GENDER,GENDER,7740,Sneha,Gupta,user6739@example.com,9876506739,,2011-08-30,Kolkata,37018
null_blank,Null values detected in column GENDER,GENDER,7744,Arjun,Patel,user6743@example.com,9876506743,,1996-02-09,Ahmedabad,102863
null_blank,Null values detected in column GENDER,GENDER,7745,Vijay,Patel,user6744@example.com,9876506744,,1986-10-03,Kolkata,75022
null_blank,Null values detected in column GENDER,GENDER,7746,Sneha,Rao,user6745@example.com,9876506745,,2014-11-13,Ahmedabad,72018
null_blank,Null values detected in column GENDER,GENDER,7747,Sameer,Mehta,user6746@example.com,9876506746,,1977-01-04,Hyderabad,78697
null_blank,Null values detected in column GENDER,GENDER,7749,Sameer,Rao,user6748@example.com,9876506748,,invalid,Bangalore,92798
null_blank,Null values detected in column GENDER,GENDER,7750,Neha,Rao,user6749@example.com,9876506749,,1992-04-07,Kolkata,36379
null_blank,Null values detected in column GENDER,GENDER,7751,Arjun,Verma,user6750@example.com,,,2005-08-01,Bangalore,559040
null_blank,Null values detected in column GENDER,GENDER,7756,Amit,Verma,user6755@example.com,9876506755,,2015-06-02,Kolkata,84670
null_blank,Null values detected in column GENDER,GENDER,7759,Kavya,Sharma,user6758@example.com,9876506758,,1991-05-31,Kolkata,81200
null_blank,Null values detected in column GENDER,GENDER,7761,Arjun,Reddy,,9876506760,,1998-02-27,Ahmedabad,21156
null_blank,Null values detected in column GENDER,GENDER,7764,Priya,Rao,user6763@example.com,9876506763,,2015-06-24,Pune,72325
null_blank,Null values detected in column GENDER,GENDER,7768,Kavya,Kumar,user6767@example.com,9876506767,,2008-05-31,Mumbai,71170
null_blank,Null values detected in column GENDER,GENDER,7773,Sameer,Joshi,user6772@example.com,9876506772,,1980-01-03,Kolkata,39997
null_blank,Null values detected in column GENDER,GENDER,7779,Neha,Reddy,user6778@example.com,9876506778,,2000-06-11,Ahmedabad,62110
null_blank,Null values detected in column GENDER,GENDER,7782,Priya,Singh,user6781@example.com,9876506781,,1979-11-24,Delhi,35080
null_blank,Null values detected in column GENDER,GENDER,7784,Neha,Kumar,user6783@example.com,9876506783,,2009-01-10,Delhi,69314
null_blank,Null values detected in column GENDER,GENDER,7786,Amit,Mehta,user6785@example.com,9876506785,,1977-05-28,Mumbai,75544
null_blank,Null values detected in column GENDER,GENDER,7787,Neha,Rao,user6786@example.com,9876506786,,1980-08-29,Ahmedabad,87859
null_blank,Null values detected in column GENDER,GENDER,7788,Sneha,Rao,user6787@example.com,9876506787,,2001-09-08,Delhi,81077
null_blank,Null values detected in column GENDER,GENDER,7789,Vijay,Reddy,user6788@example.com,9876506788,,2000-11-02,Pune,91170
null_blank,Null values detected in column GENDER,GENDER,7792,Vijay,Mehta,user6791@example.com,9876506791,,2050-01-01,Pune,74027
null_blank,Null values detected in column GENDER,GENDER,7796,Anjali,Rao,user6795@example.com,9876506795,,1990-02-06,Bangalore,1000
null_blank,Null values detected in column GENDER,GENDER,7798,Amit,Singh,user6797@example.com,9876506797,,1982-02-04,Delhi,41909
null_blank,Null values detected in column GENDER,GENDER,7802,Anjali,Patel,user6801@example.com,9876506801,,2013-10-25,Pune,68241
null_blank,Null values detected in column GENDER,GENDER,7803,Arjun,Gupta,user6802@example.com,9876506802,,1989-08-01,Kolkata,68990
null_blank,Null values detected in column GENDER,GENDER,7806,Vijay,Rao,user6805@example.com,9876506805,,1983-01-31,Pune,52904
null_blank,Null values detected in column GENDER,GENDER,7808,Amit,Singh,user6807@example.com,9876506807,,2018-05-17,Mumbai,98344
null_blank,Null values detected in column GENDER,GENDER,7809,Amit,Gupta,user6808@example.com,9876506808,,2018-08-19,Kolkata,54690
null_blank,Null values detected in column GENDER,GENDER,7813,Kavya,Singh,user6812@example.com,9876506812,,2007-09-02,Bangalore,92965
null_blank,Null values detected in column GENDER,GENDER,7814,Priya,Mehta,user6813@example.com,9876506813,,2001-01-31,Hyderabad,70654
null_blank,Null values detected in column GENDER,GENDER,7815,Anjali,Reddy,user6814@example.com,9876506814,,2008-10-04,Chennai,81349
null_blank,Null values detected in column GENDER,GENDER,7816,Sameer,Gupta,user6815@example.com,9876506815,,1998-02-14,Kolkata,71114
null_blank,Null values detected in column GENDER,GENDER,7817,Kavya,Rao,user6816@example.com,9876506816,,2014-06-18,Ahmedabad,55928
null_blank,Null values detected in column GENDER,GENDER,7821,Kavya,Patel,invalid@,9876506820,,1986-03-15,Ahmedabad,76630
null_blank,Null values detected in column GENDER,GENDER,7822,Sameer,Mehta,user6821@example.com,9876506821,,1992-08-14,Kolkata,74280
null_blank,Null values detected in column GENDER,GENDER,7823,Sameer,Verma,user6822@example.com,9876506822,,2012-01-11,Chennai,72226
null_blank,Null values detected in column GENDER,GENDER,7829,Arjun,Verma,user6828@example.com,9876506828,,2010-02-21,Ahmedabad,82487
null_blank,Null values detected in column GENDER,GENDER,7831,Sneha,Verma,user6830@example.com,9876506830,,2002-02-25,Ahmedabad,94436
null_blank,Null values detected in column GENDER,GENDER,7833,Neha,Gupta,user6832@example.com,9876506832,,2005-01-15,Bangalore,71758
null_blank,Null values detected in column GENDER,GENDER,7836,Sneha,Reddy,user6835@example.com,9876506835,,1994-11-05,Delhi,64055
null_blank,Null values detected in column GENDER,GENDER,7837,Arjun,Gupta,user6836@example.com,9876506836,,1990-10-26,Ahmedabad,47958
null_blank,Null values detected in column GENDER,GENDER,7838,Neha,Patel,user6837@example.com,9876506837,,1986-02-19,Delhi,57645
null_blank,Null values detected in column GENDER,GENDER,7840,Sameer,Verma,user6839@example.com,9876506839,,1983-01-14,Hyderabad,64110
null_blank,Null values detected in column GENDER,GENDER,7844,Sameer,Verma,user6843@example.com,9876506843,,1975-01-19,Kolkata,88932
null_blank,Null values detected in column GENDER,GENDER,7845,Rakesh,Reddy,user6844@example.com,9876506844,,1989-11-26,Pune,80290
null_blank,Null values detected in column GENDER,GENDER,7846,Sneha,Rao,user6845@example.com,9876506845,,2003-06-03,Ahmedabad,71878
null_blank,Null values detected in column GENDER,GENDER,7847,Priya,Reddy,user6846@example.com,9876506846,,2001-05-01,Delhi,55482
null_blank,Null values detected in column GENDER,GENDER,7849,Sneha,Reddy,user6848@example.com,9876506848,,1985-04-28,Ahmedabad,79136
null_blank,Null values detected in column GENDER,GENDER,7850,Sameer,Kumar,user6849@example.com,9876506849,,1996-04-29,Delhi,58192
null_blank,Null values detected in column GENDER,GENDER,7856,Priya,Kumar,user6855@example.com,9876506855,,1983-01-07,Chennai,1000
null_blank,Null values detected in column GENDER,GENDER,7857,Sameer,Mehta,user6856@example.com,9876506856,,1986-11-26,Mumbai,87977
null_blank,Null values detected in column GENDER,GENDER,7858,Sneha,Sharma,user6857@example.com,9876506857,,1995-06-08,Ahmedabad,70631
null_blank,Null values detected in column GENDER,GENDER,7861,Neha,Gupta,invalid@,9876506860,,2009-06-24,Ahmedabad,57092
null_blank,Null values detected in column GENDER,GENDER,7862,Priya,Patel,user6861@example.com,9876506861,,2011-12-12,Kolkata,56179
null_blank,Null values detected in column GENDER,GENDER,7864,Neha,Reddy,user6863@example.com,9876506863,,1991-08-30,Pune,71463
null_blank,Null values detected in column GENDER,GENDER,7867,Sameer,Kumar,user6866@example.com,9876506866,,2008-09-13,Hyderabad,46737
null_blank,Null values detected in column GENDER,GENDER,7870,Kavya,Singh,user6869@example.com,9876506869,,1991-05-26,Bangalore,46740
null_blank,Null values detected in column GENDER,GENDER,7875,Anjali,Verma,user6874@example.com,9876506874,,1976-11-02,Kolkata,62443
null_blank,Null values detected in column GENDER,GENDER,7876,Priya,Singh,user6875@example.com,123,,2007-02-18,Bangalore,70485
null_blank,Null values detected in column GENDER,GENDER,7881,Sneha,Singh,,9876506880,,2000-12-18,Kolkata,51256
null_blank,Null values detected in column GENDER,GENDER,7885,Amit,Sharma,user6884@example.com,9876506884,,1995-05-02,Mumbai,57668
null_blank,Null values detected in column GENDER,GENDER,7886,Vijay,Sharma,user6885@example.com,9876506885,,2002-01-14,Hyderabad,1000
null_blank,Null values detected in column GENDER,GENDER,7889,Sneha,Verma,user6888@example.com,9876506888,,1992-12-10,Pune,70430
null_blank,Null values detected in column GENDER,GENDER,7890,Anjali,Patel,user6889@example.com,9876506889,,2003-05-04,Pune,60190
null_blank,Null values detected in column GENDER,GENDER,7892,Vijay,Sharma,user6891@example.com,9876506891,,2003-12-09,Mumbai,57171
null_blank,Null values detected in column GENDER,GENDER,7894,Priya,Rao,user6893@example.com,9876506893,,1981-08-11,Pune,93432
null_blank,Null values detected in column GENDER,GENDER,7897,Sneha,Gupta,user6896@example.com,9876506896,,2015-12-02,Kolkata,51519
null_blank,Null values detected in column GENDER,GENDER,7898,Rakesh,Rao,user6897@example.com,9876506897,,2010-10-21,Ahmedabad,20984
null_blank,Null values detected in column GENDER,GENDER,7900,Amit,Singh,user6899@example.com,9876506899,,1986-05-28,Chennai,108913
null_blank,Null values detected in column GENDER,GENDER,7901,Rakesh,Reddy,invalid@,,,1971-07-14,Bangalore,775540
null_blank,Null values detected in column GENDER,GENDER,7902,Sneha,Sharma,user6901@example.com,9876506901,,1975-01-14,Chennai,44295
null_blank,Null values detected in column GENDER,GENDER,7905,Neha,Gupta,user6904@example.com,9876506904,,1996-11-27,Pune,72865
null_blank,Null values detected in column GENDER,GENDER,7908,Sneha,Kumar,user6907@example.com,9876506907,,2050-01-01,Mumbai,69641
null_blank,Null values detected in column GENDER,GENDER,7910,Kavya,Patel,user6909@example.com,9876506909,,2001-06-01,Bangalore,67379
null_blank,Null values detected in column GENDER,GENDER,7914,Vijay,Kumar,user6913@example.com,9876506913,,1976-01-09,Chennai,49346
null_blank,Null values detected in column GENDER,GENDER,7917,Vijay,Patel,user6916@example.com,9876506916,,1998-12-31,Delhi,59908
null_blank,Null values detected in column GENDER,GENDER,7918,Amit,Kumar,user6917@example.com,9876506917,,2006-03-31,Delhi,72504
null_blank,Null values detected in column GENDER,GENDER,7921,Priya,Singh,,9876506920,,1972-05-15,Delhi,79746
null_blank,Null values detected in column GENDER,GENDER,7922,Amit,Verma,user6921@example.com,9876506921,,2050-01-01,Kolkata,74696
null_blank,Null values detected in column GENDER,GENDER,7924,Priya,Gupta,user6923@example.com,9876506923,,1987-02-02,Pune,42254
null_blank,Null values detected in column GENDER,GENDER,7927,Neha,Gupta,user6926@example.com,9876506926,,2014-05-07,Kolkata,46649
null_blank,Null values detected in column GENDER,GENDER,7931,Rakesh,Kumar,user6930@example.com,9876506930,,1980-01-28,Bangalore,690396
null_blank,Null values detected in column GENDER,GENDER,7932,Arjun,Rao,user6931@example.com,9876506931,,2005-05-24,Hyderabad,36147
null_blank,Null values detected in column GENDER,GENDER,7934,Arjun,Verma,user6933@example.com,9876506933,,2016-01-24,Kolkata,94871
null_blank,Null values detected in column GENDER,GENDER,7936,Kavya,Rao,user6935@example.com,9876506935,,1973-04-18,Kolkata,77460
null_blank,Null values detected in column GENDER,GENDER,7938,Amit,Singh,user6937@example.com,9876506937,,2003-09-15,Mumbai,77111
null_blank,Null values detected in column GENDER,GENDER,7939,Kavya,Gupta,user6938@example.com,9876506938,,1988-07-20,Mumbai,77651
null_blank,Null values detected in column GENDER,GENDER,7942,Rakesh,Rao,user6941@example.com,9876506941,,1981-09-10,Chennai,82229
null_blank,Null values detected in column GENDER,GENDER,7943,Rakesh,Rao,user6942@example.com,9876506942,,1992-12-20,Hyderabad,60514
null_blank,Null values detected in column GENDER,GENDER,7949,Arjun,Joshi,user6948@example.com,9876506948,,2000-09-13,Chennai,78796
null_blank,Null values detected in column GENDER,GENDER,7954,Kavya,Gupta,user6953@example.com,9876506953,,2016-09-15,Hyderabad,71805
null_blank,Null values detected in column GENDER,GENDER,7958,Rakesh,Gupta,user6957@example.com,9876506957,,1997-06-02,Bangalore,51507
null_blank,Null values detected in column GENDER,GENDER,7962,Anjali,Reddy,user6961@example.com,9876506961,,2006-05-16,Bangalore,71422
null_blank,Null values detected in column GENDER,GENDER,7965,Anjali,Gupta,user6964@example.com,9876506964,,2006-04-16,Delhi,57232
null_blank,Null values detected in column GENDER,GENDER,7966,Rakesh,Singh,user6965@example.com,9876506965,,1989-05-29,Chennai,42471
null_blank,Null values detected in column GENDER,GENDER,7967,Priya,Joshi,user6966@example.com,9876506966,,1974-06-13,Delhi,77557
null_blank,Null values detected in column GENDER,GENDER,7968,Rakesh,Patel,user6967@example.com,9876506967,,1974-12-12,Kolkata,87053
null_blank,Null values detected in column GENDER,GENDER,7970,Kavya,Joshi,user6969@example.com,9876506969,,1978-01-12,Delhi,72417
null_blank,Null values detected in column GENDER,GENDER,7973,Sameer,Gupta,user6972@example.com,9876506972,,1980-10-20,Kolkata,62831
null_blank,Null values detected in column GENDER,GENDER,7980,Sameer,Mehta,user6979@example.com,9876506979,,2003-11-09,Hyderabad,58021
null_blank,Null values detected in column GENDER,GENDER,7981,Sneha,Rao,invalid@,9876506980,,1999-07-26,Ahmedabad,77225
null_blank,Null values detected in column GENDER,GENDER,7982,Neha,Verma,user6981@example.com,9876506981,,1989-05-28,Pune,38241
null_blank,Null values detected in column GENDER,GENDER,7984,Priya,Singh,user6983@example.com,9876506983,,1975-06-08,Kolkata,21116
null_blank,Null values detected in column GENDER,GENDER,7986,Arjun,Reddy,user6985@example.com,9876506985,,1972-11-18,Bangalore,77901
null_blank,Null values detected in column GENDER,GENDER,7987,Rakesh,Gupta,user6986@example.com,9876506986,,1984-05-21,Hyderabad,49613
null_blank,Null values detected in column GENDER,GENDER,7988,Amit,Kumar,user6987@example.com,9876506987,,1970-12-17,Delhi,43129
null_blank,Null values detected in column GENDER,GENDER,7991,Neha,Patel,user6990@example.com,9876506990,,1999-05-04,Pune,778661
null_blank,Null values detected in column GENDER,GENDER,7993,Arjun,Gupta,user6992@example.com,9876506992,,2013-03-14,Kolkata,54420
null_blank,Null values detected in column GENDER,GENDER,7996,Amit,Verma,user6995@example.com,9876506995,,1978-12-22,Mumbai,94888
null_blank,Null values detected in column GENDER,GENDER,7999,Priya,Patel,user6998@example.com,9876506998,,1972-11-30,Hyderabad,64676
null_blank,Null values detected in column GENDER,GENDER,8001,Sameer,Rao,,,,2011-02-04,Mumbai,61246
null_blank,Null values detected in column GENDER,GENDER,8002,Sameer,Sharma,user7001@example.com,9876507001,,2001-11-29,Bangalore,100967
null_blank,Null values detected in column GENDER,GENDER,8009,Kavya,Singh,user7008@example.com,9876507008,,1992-01-14,Pune,68979
null_blank,Null values detected in column GENDER,GENDER,8010,Priya,Verma,user7009@example.com,9876507009,,2000-07-02,Pune,59852
null_blank,Null values detected in column GENDER,GENDER,8013,Neha,Reddy,user7012@example.com,9876507012,,1996-06-19,Bangalore,43827
null_blank,Null values detected in column GENDER,GENDER,8014,Priya,Joshi,user7013@example.com,9876507013,,1995-07-11,Pune,54614
null_blank,Null values detected in column GENDER,GENDER,8015,Rakesh,Gupta,user7014@example.com,9876507014,,2006-03-16,Pune,82057
null_blank,Null values detected in column GENDER,GENDER,8016,Arjun,Verma,user7015@example.com,9876507015,,2008-10-14,Chennai,45574
null_blank,Null values detected in column GENDER,GENDER,8017,Priya,Kumar,user7016@example.com,9876507016,,1970-01-02,Delhi,94817
null_blank,Null values detected in column GENDER,GENDER,8019,Sameer,Reddy,user7018@example.com,9876507018,,2050-01-01,Ahmedabad,41607
null_blank,Null values detected in column GENDER,GENDER,8022,Anjali,Mehta,user7021@example.com,9876507021,,1974-08-30,Chennai,64881
null_blank,Null values detected in column GENDER,GENDER,8023,Rakesh,Rao,user7022@example.com,9876507022,,1986-04-14,Kolkata,84627
null_blank,Null values detected in column GENDER,GENDER,8029,Arjun,Patel,user7028@example.com,9876507028,,2014-01-05,Kolkata,60167
null_blank,Null values detected in column GENDER,GENDER,8030,Rakesh,Singh,user7029@example.com,9876507029,,1997-11-23,Bangalore,96594
null_blank,Null values detected in column GENDER,GENDER,8036,Kavya,Kumar,user7035@example.com,9876507035,,1986-10-03,Ahmedabad,1000
null_blank,Null values detected in column GENDER,GENDER,8037,Priya,Joshi,user7036@example.com,9876507036,,2016-04-30,Mumbai,59925
null_blank,Null values detected in column GENDER,GENDER,8038,Priya,Sharma,user7037@example.com,9876507037,,1994-08-05,Pune,77636
null_blank,Null values detected in column GENDER,GENDER,8039,Anjali,Rao,user7038@example.com,9876507038,,1988-10-16,Mumbai,80350
null_blank,Null values detected in column GENDER,GENDER,8045,Arjun,Joshi,user7044@example.com,9876507044,,2003-02-21,Mumbai,98945
null_blank,Null values detected in column GENDER,GENDER,8048,Priya,Gupta,user7047@example.com,9876507047,,1983-12-20,Mumbai,64860
null_blank,Null values detected in column GENDER,GENDER,8050,Sneha,Kumar,user7049@example.com,9876507049,,1993-09-28,Kolkata,65548
null_blank,Null values detected in column GENDER,GENDER,8051,Sameer,Patel,user7050@example.com,,,2006-04-06,Bangalore,587598
null_blank,Null values detected in column GENDER,GENDER,8053,Rakesh,Mehta,user7052@example.com,9876507052,,1980-12-13,Delhi,66908
null_blank,Null values detected in column GENDER,GENDER,8054,Sneha,Gupta,user7053@example.com,9876507053,,1997-06-16,Delhi,109486
null_blank,Null values detected in column GENDER,GENDER,8059,Vijay,Joshi,user7058@example.com,9876507058,,2001-10-11,Bangalore,38133
null_blank,Null values detected in column GENDER,GENDER,8063,Priya,Mehta,user7062@example.com,9876507062,,1972-01-11,Chennai,83527
null_blank,Null values detected in column GENDER,GENDER,8070,Amit,Mehta,user7069@example.com,9876507069,,1984-04-16,Pune,46584
null_blank,Null values detected in column GENDER,GENDER,8072,Sneha,Patel,user7071@example.com,9876507071,,1990-10-27,Ahmedabad,55015
null_blank,Null values detected in column GENDER,GENDER,8074,Priya,Patel,user7073@example.com,9876507073,,1996-03-28,Delhi,62504
null_blank,Null values detected in column GENDER,GENDER,8077,Vijay,Patel,user7076@example.com,9876507076,,2014-08-11,Pune,52755
null_blank,Null values detected in column GENDER,GENDER,8079,Vijay,Verma,user7078@example.com,9876507078,,1975-06-03,Mumbai,23746
null_blank,Null values detected in column GENDER,GENDER,8080,Sneha,Mehta,user7079@example.com,9876507079,,1988-02-08,Kolkata,68605
null_blank,Null values detected in column GENDER,GENDER,8083,Arjun,Mehta,user7082@example.com,9876507082,,1996-09-29,Pune,62969
null_blank,Null values detected in column GENDER,GENDER,8086,Rakesh,Kumar,user7085@example.com,9876507085,,1970-10-27,Hyderabad,71982
null_blank,Null values detected in column GENDER,GENDER,8087,Anjali,Singh,user7086@example.com,9876507086,,2009-09-09,Hyderabad,64361
null_blank,Null values detected in column GENDER,GENDER,8089,Anjali,Mehta,user7088@example.com,9876507088,,2018-05-13,Kolkata,51271
null_blank,Null values detected in column GENDER,GENDER,8091,Vijay,Joshi,user7090@example.com,9876507090,,1982-07-26,Kolkata,81478
null_blank,Null values detected in column GENDER,GENDER,8097,Arjun,Reddy,user7096@example.com,9876507096,,1995-06-22,Hyderabad,34644
null_blank,Null values detected in column GENDER,GENDER,8098,Amit,Sharma,user7097@example.com,9876507097,,1995-06-06,Chennai,87895
null_blank,Null values detected in column GENDER,GENDER,8099,Anjali,Sharma,user7098@example.com,9876507098,,2007-12-20,Pune,48817
null_blank,Null values detected in column GENDER,GENDER,8105,Priya,Kumar,user7104@example.com,9876507104,,1999-10-04,Chennai,49876
null_blank,Null values detected in column GENDER,GENDER,8110,Anjali,Reddy,user7109@example.com,9876507109,,2000-08-14,Kolkata,78178
null_blank,Null values detected in column GENDER,GENDER,8111,Anjali,Reddy,user7110@example.com,9876507110,,1996-11-15,Pune,455738
null_blank,Null values detected in column GENDER,GENDER,8114,Kavya,Joshi,user7113@example.com,9876507113,,2050-01-01,Chennai,66664
null_blank,Null values detected in column GENDER,GENDER,8120,Neha,Sharma,user7119@example.com,9876507119,,1974-01-11,Kolkata,30964
null_blank,Null values detected in column GENDER,GENDER,8123,Arjun,Mehta,user7122@example.com,9876507122,,2011-02-24,Kolkata,87142
null_blank,Null values detected in column GENDER,GENDER,8124,Arjun,Gupta,user7123@example.com,9876507123,,1981-10-16,Mumbai,77503
null_blank,Null values detected in column GENDER,GENDER,8125,Rakesh,Sharma,user7124@example.com,9876507124,,2006-01-29,Hyderabad,108349
null_blank,Null values detected in column GENDER,GENDER,8127,Vijay,Sharma,user7126@example.com,9876507126,,1988-04-24,Kolkata,51053
null_blank,Null values detected in column GENDER,GENDER,8129,Amit,Singh,user7128@example.com,9876507128,,1974-06-26,Hyderabad,61523
null_blank,Null values detected in column GENDER,GENDER,8130,Sneha,Singh,user7129@example.com,9876507129,,1983-12-30,Hyderabad,64454
null_blank,Null values detected in column GENDER,GENDER,8135,Anjali,Reddy,user7134@example.com,9876507134,,1985-09-04,Ahmedabad,59189
null_blank,Null values detected in column GENDER,GENDER,8136,Sameer,Reddy,user7135@example.com,9876507135,,2002-06-11,Ahmedabad,79513
null_blank,Null values detected in column GENDER,GENDER,8138,Neha,Reddy,user7137@example.com,9876507137,,1988-01-08,Hyderabad,75917
null_blank,Null values detected in column GENDER,GENDER,8142,Priya,Sharma,user7141@example.com,9876507141,,1987-08-06,Bangalore,73921
null_blank,Null values detected in column GENDER,GENDER,8145,Arjun,Singh,user7144@example.com,9876507144,,1987-04-09,Ahmedabad,75815
null_blank,Null values detected in column GENDER,GENDER,8152,Kavya,Reddy,user7151@example.com,9876507151,,2017-06-13,Bangalore,43504
null_blank,Null values detected in column GENDER,GENDER,8153,Kavya,Gupta,user7152@example.com,9876507152,,1979-06-03,Ahmedabad,79743
null_blank,Null values detected in column GENDER,GENDER,8157,Kavya,Mehta,user7156@example.com,9876507156,,1996-06-16,Chennai,56028
null_blank,Null values detected in column GENDER,GENDER,8159,Amit,Patel,user7158@example.com,9876507158,,1980-01-28,Pune,69312
null_blank,Null values detected in column GENDER,GENDER,8160,Amit,Singh,user7159@example.com,9876507159,,2010-06-04,Mumbai,48963
null_blank,Null values detected in column GENDER,GENDER,8163,Arjun,Rao,user7162@example.com,9876507162,,1988-03-09,Kolkata,75440
null_blank,Null values detected in column GENDER,GENDER,8164,Anjali,Singh,user7163@example.com,9876507163,,1994-03-21,Ahmedabad,74897
null_blank,Null values detected in column GENDER,GENDER,8165,Arjun,Reddy,user7164@example.com,9876507164,,2007-05-15,Kolkata,34709
null_blank,Null values detected in column GENDER,GENDER,8166,Rakesh,Sharma,user7165@example.com,9876507165,,1994-06-16,Mumbai,81746
null_blank,Null values detected in column GENDER,GENDER,8167,Kavya,Sharma,user7166@example.com,9876507166,,1991-10-11,Kolkata,102020
null_blank,Null values detected in column GENDER,GENDER,8168,Vijay,Sharma,user7167@example.com,9876507167,,2000-08-14,Pune,57976
null_blank,Null values detected in column GENDER,GENDER,8175,Arjun,Kumar,user7174@example.com,9876507174,,2014-05-28,Ahmedabad,59499
null_blank,Null values detected in column GENDER,GENDER,8176,Sneha,Mehta,user7175@example.com,123,,2001-04-09,Chennai,68814
null_blank,Null values detected in column GENDER,GENDER,8177,Sameer,Verma,user7176@example.com,9876507176,,1973-10-27,Bangalore,59279
null_blank,Null values detected in column GENDER,GENDER,8181,Amit,Mehta,invalid@,9876507180,,2019-02-01,Pune,60690
null_blank,Null values detected in column GENDER,GENDER,8182,Vijay,Kumar,user7181@example.com,9876507181,,1984-04-22,Delhi,80735
null_blank,Null values detected in column GENDER,GENDER,8183,Anjali,Singh,user7182@example.com,9876507182,,2003-02-10,Pune,50015
null_blank,Null values detected in column GENDER,GENDER,8184,Sameer,Sharma,user7183@example.com,9876507183,,2010-04-03,Delhi,73590
null_blank,Null values detected in column GENDER,GENDER,8186,Rakesh,Singh,user7185@example.com,9876507185,,1991-11-13,Bangalore,1000
null_blank,Null values detected in column GENDER,GENDER,8187,Sameer,Kumar,user7186@example.com,9876507186,,2010-02-20,Pune,45805
null_blank,Null values detected in column GENDER,GENDER,8191,Rakesh,Gupta,user7190@example.com,9876507190,,2007-03-08,Mumbai,35459
null_blank,Null values detected in column GENDER,GENDER,8195,Neha,Joshi,user7194@example.com,9876507194,,1997-09-08,Delhi,71485
null_blank,Null values detected in column GENDER,GENDER,8196,Neha,Rao,user7195@example.com,9876507195,,1979-10-24,Hyderabad,59083
null_blank,Null values detected in column GENDER,GENDER,8198,Rakesh,Reddy,user7197@example.com,9876507197,,2001-01-09,Pune,96527
null_blank,Null values detected in column GENDER,GENDER,8199,Kavya,Mehta,user7198@example.com,9876507198,,1990-08-23,Kolkata,72708
null_blank,Null values detected in column GENDER,GENDER,8200,Kavya,Verma,user7199@example.com,9876507199,,2001-10-16,Ahmedabad,49688
null_blank,Null values detected in column GENDER,GENDER,8201,Vijay,Kumar,,,,1975-08-01,Ahmedabad,511909
null_blank,Null values detected in column GENDER,GENDER,8202,Kavya,Joshi,user7201@example.com,9876507201,,1992-07-07,Mumbai,57922
null_blank,Null values detected in column GENDER,GENDER,8203,Priya,Joshi,user7202@example.com,9876507202,,1997-10-26,Delhi,50445
null_blank,Null values detected in column GENDER,GENDER,8204,Kavya,Verma,user7203@example.com,9876507203,,2001-07-19,Bangalore,80204
null_blank,Null values detected in column GENDER,GENDER,8206,Neha,Gupta,user7205@example.com,9876507205,,2000-12-23,Hyderabad,90192
null_blank,Null values detected in column GENDER,GENDER,8210,Anjali,Patel,user7209@example.com,9876507209,,1990-03-22,Bangalore,38470
null_blank,Null values detected in column GENDER,GENDER,8211,Rakesh,Mehta,user7210@example.com,9876507210,,1986-06-13,Bangalore,55254
null_blank,Null values detected in column GENDER,GENDER,8213,Sameer,Kumar,user7212@example.com,9876507212,,1973-11-09,Bangalore,81445
null_blank,Null values detected in column GENDER,GENDER,8214,Vijay,Joshi,user7213@example.com,9876507213,,1972-07-05,Pune,91802
null_blank,Null values detected in column GENDER,GENDER,8215,Arjun,Sharma,user7214@example.com,9876507214,,1991-04-19,Hyderabad,30388
null_blank,Null values detected in column GENDER,GENDER,8217,Kavya,Rao,user7216@example.com,9876507216,,2009-07-15,Mumbai,87910
null_blank,Null values detected in column GENDER,GENDER,8219,Arjun,Verma,user7218@example.com,9876507218,,2013-06-13,Hyderabad,80964
null_blank,Null values detected in column GENDER,GENDER,8220,Sameer,Mehta,user7219@example.com,9876507219,,1978-09-02,Bangalore,76471
null_blank,Null values detected in column GENDER,GENDER,8221,Anjali,Singh,invalid@,9876507220,,1990-02-09,Delhi,80545
null_blank,Null values detected in column GENDER,GENDER,8223,Anjali,Reddy,user7222@example.com,9876507222,,1979-12-30,Ahmedabad,56467
null_blank,Null values detected in column GENDER,GENDER,8224,Sameer,Kumar,user7223@example.com,9876507223,,2010-04-16,Mumbai,59683
null_blank,Null values detected in column GENDER,GENDER,8226,Kavya,Sharma,user7225@example.com,123,,1975-07-09,Pune,69505
null_blank,Null values detected in column GENDER,GENDER,8227,Sameer,Rao,user7226@example.com,9876507226,,2013-08-23,Delhi,22376
null_blank,Null values detected in column GENDER,GENDER,8228,Vijay,Rao,user7227@example.com,9876507227,,1981-01-07,Mumbai,74648
null_blank,Null values detected in column GENDER,GENDER,8230,Rakesh,Patel,user7229@example.com,9876507229,,1994-03-19,Kolkata,68946
null_blank,Null values detected in column GENDER,GENDER,8232,Neha,Mehta,user7231@example.com,9876507231,,1973-10-19,Mumbai,66471
null_blank,Null values detected in column GENDER,GENDER,8234,Amit,Reddy,user7233@example.com,9876507233,,1985-02-26,Pune,87867
null_blank,Null values detected in column GENDER,GENDER,8238,Anjali,Reddy,user7237@example.com,9876507237,,2000-12-06,Hyderabad,65938
null_blank,Null values detected in column GENDER,GENDER,8239,Anjali,Singh,user7238@example.com,9876507238,,2016-04-30,Mumbai,40962
null_blank,Null values detected in column GENDER,GENDER,8240,Anjali,Mehta,user7239@example.com,9876507239,,2014-07-06,Pune,54053
null_blank,Null values detected in column GENDER,GENDER,8241,Arjun,Singh,,9876507240,,1986-06-04,Delhi,82550
null_blank,Null values detected in column GENDER,GENDER,8244,Vijay,Rao,user7243@example.com,9876507243,,1998-10-15,Mumbai,89289
null_blank,Null values detected in column GENDER,GENDER,8245,Arjun,Mehta,user7244@example.com,9876507244,,1995-01-24,Bangalore,31999
null_blank,Null values detected in column GENDER,GENDER,8247,Neha,Sharma,user7246@example.com,9876507246,,1997-07-19,Pune,48023
null_blank,Null values detected in column GENDER,GENDER,8249,Kavya,Kumar,user7248@example.com,9876507248,,1991-11-01,Delhi,51690
null_blank,Null values detected in column GENDER,GENDER,8253,Vijay,Verma,user7252@example.com,9876507252,,2003-10-13,Ahmedabad,114299
null_blank,Null values detected in column GENDER,GENDER,8258,Kavya,Reddy,user7257@example.com,9876507257,,2006-08-05,Mumbai,53388
null_blank,Null values detected in column GENDER,GENDER,8264,Sameer,Joshi,user7263@example.com,9876507263,,1983-12-01,Mumbai,62267
null_blank,Null values detected in column GENDER,GENDER,8266,Anjali,Mehta,user7265@example.com,9876507265,,2009-01-31,Delhi,56071
null_blank,Null values detected in column GENDER,GENDER,8267,Priya,Rao,user7266@example.com,9876507266,,2012-02-05,Kolkata,85552
null_blank,Null values detected in column GENDER,GENDER,8273,Vijay,Kumar,user7272@example.com,9876507272,,1984-10-29,Pune,29474
null_blank,Null values detected in column GENDER,GENDER,8274,Vijay,Rao,user7273@example.com,9876507273,,1976-02-24,Hyderabad,70116
null_blank,Null values detected in column GENDER,GENDER,8277,Amit,Mehta,user7276@example.com,9876507276,,1997-05-25,Ahmedabad,50498
null_blank,Null values detected in column GENDER,GENDER,8278,Arjun,Mehta,user7277@example.com,9876507277,,1990-06-30,Kolkata,59846
null_blank,Null values detected in column GENDER,GENDER,8279,Neha,Singh,user7278@example.com,9876507278,,2018-05-29,Ahmedabad,89356
null_blank,Null values detected in column GENDER,GENDER,8281,Sneha,Verma,,9876507280,,2011-03-12,Ahmedabad,67726
null_blank,Null values detected in column GENDER,GENDER,8285,Rakesh,Reddy,user7284@example.com,9876507284,,1981-01-08,Bangalore,54600
null_blank,Null values detected in column GENDER,GENDER,8286,Vijay,Gupta,user7285@example.com,9876507285,,2002-07-24,Chennai,91625
null_blank,Null values detected in column GENDER,GENDER,8287,Anjali,Joshi,user7286@example.com,9876507286,,1993-10-21,Chennai,94326
null_blank,Null values detected in column GENDER,GENDER,8288,Arjun,Gupta,user7287@example.com,9876507287,,2007-12-30,Bangalore,47267
null_blank,Null values detected in column GENDER,GENDER,8289,Sameer,Rao,user7288@example.com,9876507288,,1994-08-25,Bangalore,99321
null_blank,Null values detected in column GENDER,GENDER,8290,Kavya,Singh,user7289@example.com,9876507289,,1972-02-25,Chennai,63206
null_blank,Null values detected in column GENDER,GENDER,8291,Sameer,Rao,user7290@example.com,9876507290,,1970-08-16,Chennai,806548
null_blank,Null values detected in column GENDER,GENDER,8294,Vijay,Rao,user7293@example.com,9876507293,,2017-02-14,Bangalore,70238
null_blank,Null values detected in column GENDER,GENDER,8295,Anjali,Rao,user7294@example.com,9876507294,,2015-11-23,Bangalore,79469
null_blank,Null values detected in column GENDER,GENDER,8298,Neha,Verma,user7297@example.com,9876507297,,2010-04-21,Pune,81187
null_blank,Null values detected in column GENDER,GENDER,8300,Sameer,Kumar,user7299@example.com,9876507299,,2001-08-22,Hyderabad,35369
null_blank,Null values detected in column GENDER,GENDER,8304,Amit,Kumar,user7303@example.com,9876507303,,1970-03-01,Hyderabad,63530
null_blank,Null values detected in column GENDER,GENDER,8306,Kavya,Sharma,user7305@example.com,9876507305,,2009-06-29,Hyderabad,1000
null_blank,Null values detected in column GENDER,GENDER,8308,Vijay,Rao,user7307@example.com,9876507307,,1980-01-03,Hyderabad,83344
null_blank,Null values detected in column GENDER,GENDER,8313,Anjali,Joshi,user7312@example.com,9876507312,,2006-07-05,Mumbai,101818
null_blank,Null values detected in column GENDER,GENDER,8317,Kavya,Joshi,user7316@example.com,9876507316,,1998-11-18,Ahmedabad,55677
null_blank,Null values detected in column GENDER,GENDER,8318,Rakesh,Gupta,user7317@example.com,9876507317,,1980-11-17,Delhi,66008
null_blank,Null values detected in column GENDER,GENDER,8321,Priya,Sharma,,9876507320,,1982-03-30,Hyderabad,636166
null_blank,Null values detected in column GENDER,GENDER,8325,Anjali,Singh,user7324@example.com,9876507324,,1980-05-18,Chennai,67428
null_blank,Null values detected in column GENDER,GENDER,8326,Vijay,Joshi,user7325@example.com,123,,1987-11-09,Ahmedabad,73916
null_blank,Null values detected in column GENDER,GENDER,8327,Sneha,Mehta,user7326@example.com,9876507326,,1978-07-08,Pune,48037
null_blank,Null values detected in column GENDER,GENDER,8328,Rakesh,Singh,user7327@example.com,9876507327,,1974-05-21,Ahmedabad,96957
null_blank,Null values detected in column GENDER,GENDER,8332,Anjali,Mehta,user7331@example.com,9876507331,,2013-10-26,Ahmedabad,73311
null_blank,Null values detected in column GENDER,GENDER,8335,Kavya,Gupta,user7334@example.com,9876507334,,2015-05-08,Kolkata,83540
null_blank,Null values detected in column GENDER,GENDER,8339,Kavya,Patel,user7338@example.com,9876507338,,1994-06-13,Chennai,52473
null_blank,Null values detected in column GENDER,GENDER,8340,Rakesh,Patel,user7339@example.com,9876507339,,1980-03-08,Pune,96606
null_blank,Null values detected in column GENDER,GENDER,8341,Neha,Mehta,invalid@,9876507340,,2015-01-03,Kolkata,65168
null_blank,Null values detected in column GENDER,GENDER,8344,Priya,Patel,user7343@example.com,9876507343,,1980-07-22,Mumbai,64130
null_blank,Null values detected in column GENDER,GENDER,8345,Rakesh,Singh,user7344@example.com,9876507344,,2006-08-09,Chennai,57126
null_blank,Null values detected in column GENDER,GENDER,8346,Kavya,Verma,user7345@example.com,9876507345,,1977-07-14,Delhi,57969
null_blank,Null values detected in column GENDER,GENDER,8347,Sneha,Reddy,user7346@example.com,9876507346,,1971-12-26,Ahmedabad,42250
null_blank,Null values detected in column GENDER,GENDER,8349,Vijay,Verma,user7348@example.com,9876507348,,1995-08-27,Ahmedabad,74689
null_blank,Null values detected in column GENDER,GENDER,8351,Sameer,Gupta,user7350@example.com,,,1992-01-15,Mumbai,607501
null_blank,Null values detected in column GENDER,GENDER,8352,Neha,Singh,user7351@example.com,9876507351,,2006-07-28,Hyderabad,60649
null_blank,Null values detected in column GENDER,GENDER,8355,Sameer,Reddy,user7354@example.com,9876507354,,2004-04-30,Pune,86740
null_blank,Null values detected in column GENDER,GENDER,8356,Rakesh,Gupta,user7355@example.com,9876507355,,2008-06-23,Delhi,84281
null_blank,Null values detected in column GENDER,GENDER,8358,Sameer,Singh,user7357@example.com,9876507357,,1995-08-19,Ahmedabad,20464
null_blank,Null values detected in column GENDER,GENDER,8361,Anjali,Joshi,,9876507360,,1998-11-29,Pune,61497
null_blank,Null values detected in column GENDER,GENDER,8363,Kavya,Sharma,user7362@example.com,9876507362,,1996-06-09,Pune,63234
null_blank,Null values detected in column GENDER,GENDER,8364,Anjali,Patel,user7363@example.com,9876507363,,2006-08-10,Chennai,69957
null_blank,Null values detected in column GENDER,GENDER,8365,Amit,Rao,user7364@example.com,9876507364,,1992-04-24,Hyderabad,54182
null_blank,Null values detected in column GENDER,GENDER,8372,Amit,Singh,user7371@example.com,9876507371,,1980-04-24,Chennai,40906
null_blank,Null values detected in column GENDER,GENDER,8373,Amit,Sharma,user7372@example.com,9876507372,,1993-07-06,Bangalore,72944
null_blank,Null values detected in column GENDER,GENDER,8375,Sneha,Reddy,user7374@example.com,9876507374,,1992-09-21,Chennai,62392
null_blank,Null values detected in column GENDER,GENDER,8376,Rakesh,Reddy,user7375@example.com,123,,1979-10-04,Hyderabad,65922
null_blank,Null values detected in column GENDER,GENDER,8379,Rakesh,Mehta,user7378@example.com,9876507378,,2007-09-15,Chennai,71176
null_blank,Null values detected in column GENDER,GENDER,8380,Arjun,Kumar,user7379@example.com,9876507379,,1986-07-11,Kolkata,57984
null_blank,Null values detected in column GENDER,GENDER,8381,Anjali,Kumar,invalid@,9876507380,,2011-05-10,Pune,960031
null_blank,Null values detected in column GENDER,GENDER,8382,Rakesh,Verma,user7381@example.com,9876507381,,1991-10-17,Chennai,75864
null_blank,Null values detected in column GENDER,GENDER,8383,Priya,Joshi,user7382@example.com,9876507382,,1978-10-02,Bangalore,44115
null_blank,Null values detected in column GENDER,GENDER,8385,Amit,Reddy,user7384@example.com,9876507384,,1981-04-24,Kolkata,85035
null_blank,Null values detected in column GENDER,GENDER,8386,Arjun,Sharma,user7385@example.com,9876507385,,1971-02-17,Hyderabad,40871
null_blank,Null values detected in column GENDER,GENDER,8387,Kavya,Kumar,user7386@example.com,9876507386,,1993-10-01,Hyderabad,34474
null_blank,Null values detected in column GENDER,GENDER,8388,Kavya,Patel,user7387@example.com,9876507387,,2000-07-13,Chennai,40441
null_blank,Null values detected in column GENDER,GENDER,8389,Rakesh,Patel,user7388@example.com,9876507388,,1980-07-14,Pune,45358
null_blank,Null values detected in column GENDER,GENDER,8390,Anjali,Kumar,user7389@example.com,9876507389,,1994-01-29,Hyderabad,68025
null_blank,Null values detected in column GENDER,GENDER,8391,Amit,Singh,user7390@example.com,9876507390,,1972-12-17,Mumbai,66644
null_blank,Null values detected in column GENDER,GENDER,8392,Arjun,Sharma,user7391@example.com,9876507391,,1992-06-30,Hyderabad,79696
null_blank,Null values detected in column GENDER,GENDER,8394,Arjun,Reddy,user7393@example.com,9876507393,,1993-08-02,Delhi,59787
null_blank,Null values detected in column GENDER,GENDER,8396,Priya,Mehta,user7395@example.com,9876507395,,1998-01-19,Mumbai,1000
null_blank,Null values detected in column GENDER,GENDER,8399,Priya,Reddy,user7398@example.com,9876507398,,1982-05-25,Pune,91373
null_blank,Null values detected in column GENDER,GENDER,8401,Priya,Reddy,,,,1988-04-29,Bangalore,59102
null_blank,Null values detected in column GENDER,GENDER,8402,Anjali,Mehta,user7401@example.com,9876507401,,1983-06-05,Mumbai,48707
null_blank,Null values detected in column GENDER,GENDER,8404,Kavya,Joshi,user7403@example.com,9876507403,,2006-09-23,Delhi,55373
null_blank,Null values detected in column GENDER,GENDER,8407,Anjali,Patel,user7406@example.com,9876507406,,2011-03-17,Mumbai,44062
null_blank,Null values detected in column GENDER,GENDER,8409,Amit,Reddy,user7408@example.com,9876507408,,1984-06-06,Ahmedabad,68381
null_blank,Null values detected in column GENDER,GENDER,8410,Anjali,Rao,user7409@example.com,9876507409,,2009-01-28,Chennai,65490
null_blank,Null values detected in column GENDER,GENDER,8411,Priya,Gupta,user7410@example.com,9876507410,,2009-10-09,Pune,707080
null_blank,Null values detected in column GENDER,GENDER,8413,Priya,Verma,user7412@example.com,9876507412,,1997-09-02,Ahmedabad,54438
null_blank,Null values detected in column GENDER,GENDER,8416,Amit,Sharma,user7415@example.com,9876507415,,2011-11-17,Hyderabad,73560
null_blank,Null values detected in column GENDER,GENDER,8417,Sameer,Patel,user7416@example.com,9876507416,,2012-08-01,Chennai,111250
null_blank,Null values detected in column GENDER,GENDER,8418,Priya,Rao,user7417@example.com,9876507417,,2001-07-10,Bangalore,78203
null_blank,Null values detected in column GENDER,GENDER,8419,Sameer,Gupta,user7418@example.com,9876507418,,1981-04-29,Hyderabad,61226
null_blank,Null values detected in column GENDER,GENDER,8421,Amit,Sharma,invalid@,9876507420,,2014-11-29,Mumbai,58603
null_blank,Null values detected in column GENDER,GENDER,8423,Kavya,Patel,user7422@example.com,9876507422,,1994-09-08,Mumbai,62765
null_blank,Null values detected in column GENDER,GENDER,8424,Vijay,Mehta,user7423@example.com,9876507423,,2008-03-09,Pune,74505
null_blank,Null values detected in column GENDER,GENDER,8427,Anjali,Joshi,user7426@example.com,9876507426,,1972-01-18,Hyderabad,77968
null_blank,Null values detected in column GENDER,GENDER,8430,Vijay,Gupta,user7429@example.com,9876507429,,1989-03-06,Ahmedabad,63657
null_blank,Null values detected in column GENDER,GENDER,8432,Kavya,Kumar,user7431@example.com,9876507431,,2012-10-28,Kolkata,60840
null_blank,Null values detected in column GENDER,GENDER,8436,Anjali,Verma,user7435@example.com,9876507435,,1993-07-11,Mumbai,85688
null_blank,Null values detected in column GENDER,GENDER,8437,Kavya,Verma,user7436@example.com,9876507436,,1998-10-13,Bangalore,34903
null_blank,Null values detected in column GENDER,GENDER,8441,Anjali,Rao,,9876507440,,1997-09-07,Hyderabad,830130
null_blank,Null values detected in column GENDER,GENDER,8442,Sneha,Reddy,user7441@example.com,9876507441,,2014-11-15,Delhi,32436
null_blank,Null values detected in column GENDER,GENDER,8444,Amit,Verma,user7443@example.com,9876507443,,1996-08-05,Ahmedabad,82019
null_blank,Null values detected in column GENDER,GENDER,8447,Sameer,Reddy,user7446@example.com,9876507446,,1994-09-05,Chennai,69887
null_blank,Null values detected in column GENDER,GENDER,8448,Kavya,Singh,user7447@example.com,9876507447,,1978-06-21,Chennai,54171
null_blank,Null values detected in column GENDER,GENDER,8449,Amit,Gupta,user7448@example.com,9876507448,,2010-06-16,Bangalore,61417
null_blank,Null values detected in column GENDER,GENDER,8451,Neha,Rao,user7450@example.com,,,2017-03-16,Chennai,38385
null_blank,Null values detected in column GENDER,GENDER,8453,Sameer,Gupta,user7452@example.com,9876507452,,1991-11-04,Mumbai,43818
null_blank,Null values detected in column GENDER,GENDER,8455,Neha,Rao,user7454@example.com,9876507454,,1973-05-10,Bangalore,78041
null_blank,Null values detected in column GENDER,GENDER,8457,Arjun,Sharma,user7456@example.com,9876507456,,1994-03-21,Chennai,59502
null_blank,Null values detected in column GENDER,GENDER,8458,Kavya,Gupta,user7457@example.com,9876507457,,1990-05-29,Delhi,54824
null_blank,Null values detected in column GENDER,GENDER,8464,Priya,Mehta,user7463@example.com,9876507463,,1995-05-04,Ahmedabad,58280
null_blank,Null values detected in column GENDER,GENDER,8467,Anjali,Singh,user7466@example.com,9876507466,,1996-10-31,Hyderabad,68185
null_blank,Null values detected in column GENDER,GENDER,8470,Anjali,Singh,user7469@example.com,9876507469,,2006-10-24,Hyderabad,96673
null_blank,Null values detected in column GENDER,GENDER,8471,Vijay,Joshi,user7470@example.com,9876507470,,1983-01-03,Ahmedabad,342082
null_blank,Null values detected in column GENDER,GENDER,8472,Anjali,Mehta,user7471@example.com,9876507471,,2007-11-03,Hyderabad,57490
null_blank,Null values detected in column GENDER,GENDER,8478,Kavya,Gupta,user7477@example.com,9876507477,,1987-04-05,Hyderabad,60121
null_blank,Null values detected in column GENDER,GENDER,8482,Anjali,Verma,user7481@example.com,9876507481,,2012-03-30,Chennai,63430
null_blank,Null values detected in column GENDER,GENDER,8483,Sameer,Gupta,user7482@example.com,9876507482,,1972-04-10,Mumbai,73710
null_blank,Null values detected in column GENDER,GENDER,8484,Anjali,Reddy,user7483@example.com,9876507483,,2007-04-22,Bangalore,60773
null_blank,Null values detected in column GENDER,GENDER,8485,Vijay,Sharma,user7484@example.com,9876507484,,1988-01-01,Hyderabad,96837
null_blank,Null values detected in column GENDER,GENDER,8494,Amit,Reddy,user7493@example.com,9876507493,,2006-04-11,Mumbai,54457
null_blank,Null values detected in column GENDER,GENDER,8498,Rakesh,Verma,user7497@example.com,9876507497,,1986-01-28,Mumbai,64034
null_blank,Null values detected in column GENDER,GENDER,8500,Priya,Rao,user7499@example.com,9876507499,,1980-02-14,Pune,47238
null_blank,Null values detected in column GENDER,GENDER,8502,Neha,Kumar,user7501@example.com,9876507501,,1982-04-17,Chennai,71000
null_blank,Null values detected in column GENDER,GENDER,8504,Sneha,Joshi,user7503@example.com,9876507503,,1992-11-19,Chennai,72747
null_blank,Null values detected in column GENDER,GENDER,8505,Anjali,Rao,user7504@example.com,9876507504,,1972-09-02,Delhi,68594
null_blank,Null values detected in column GENDER,GENDER,8506,Neha,Gupta,user7505@example.com,9876507505,,1990-01-01,Mumbai,53828
null_blank,Null values detected in column GENDER,GENDER,8507,Sameer,Patel,user7506@example.com,9876507506,,2017-03-18,Hyderabad,46462
null_blank,Null values detected in column GENDER,GENDER,8509,Kavya,Reddy,user7508@example.com,9876507508,,2005-09-29,Chennai,59883
null_blank,Null values detected in column GENDER,GENDER,8511,Priya,Mehta,user7510@example.com,9876507510,,1970-08-02,Pune,64909
null_blank,Null values detected in column GENDER,GENDER,8512,Amit,Reddy,user7511@example.com,9876507511,,1985-10-31,Ahmedabad,24128
null_blank,Null values detected in column GENDER,GENDER,8514,Vijay,Sharma,user7513@example.com,9876507513,,1970-10-31,Delhi,52482
null_blank,Null values detected in column GENDER,GENDER,8518,Arjun,Singh,user7517@example.com,9876507517,,1975-12-08,Delhi,53080
null_blank,Null values detected in column GENDER,GENDER,8525,Amit,Patel,user7524@example.com,9876507524,,1996-02-26,Mumbai,81989
null_blank,Null values detected in column GENDER,GENDER,8529,Vijay,Joshi,user7528@example.com,9876507528,,2002-10-09,Ahmedabad,78331
null_blank,Null values detected in column GENDER,GENDER,8530,Sameer,Verma,user7529@example.com,9876507529,,2006-07-16,Hyderabad,67232
null_blank,Null values detected in column GENDER,GENDER,8532,Amit,Joshi,user7531@example.com,9876507531,,1973-07-23,Bangalore,72275
null_blank,Null values detected in column GENDER,GENDER,8534,Rakesh,Rao,user7533@example.com,9876507533,,2003-02-14,Pune,75096
null_blank,Null values detected in column GENDER,GENDER,8535,Anjali,Reddy,user7534@example.com,9876507534,,1992-10-29,Hyderabad,41800
null_blank,Null values detected in column GENDER,GENDER,8542,Kavya,Rao,user7541@example.com,9876507541,,2018-06-20,Mumbai,104316
null_blank,Null values detected in column GENDER,GENDER,8546,Anjali,Mehta,user7545@example.com,9876507545,,1998-08-12,Bangalore,1000
null_blank,Null values detected in column GENDER,GENDER,8549,Vijay,Gupta,user7548@example.com,9876507548,,1984-12-11,Bangalore,19383
null_blank,Null values detected in column GENDER,GENDER,8552,Arjun,Verma,user7551@example.com,9876507551,,1987-04-07,Hyderabad,47388
null_blank,Null values detected in column GENDER,GENDER,8554,Rakesh,Mehta,user7553@example.com,9876507553,,1972-02-25,Delhi,69567
null_blank,Null values detected in column GENDER,GENDER,8557,Vijay,Reddy,user7556@example.com,9876507556,,2009-02-04,Mumbai,56938
null_blank,Null values detected in column GENDER,GENDER,8558,Sameer,Gupta,user7557@example.com,9876507557,,2009-01-28,Hyderabad,92682
null_blank,Null values detected in column GENDER,GENDER,8561,Kavya,Sharma,,9876507560,,1978-07-07,Hyderabad,693759
null_blank,Null values detected in column GENDER,GENDER,8562,Priya,Reddy,user7561@example.com,9876507561,,2004-04-07,Hyderabad,51309
null_blank,Null values detected in column GENDER,GENDER,8567,Rakesh,Patel,user7566@example.com,9876507566,,1997-12-07,Ahmedabad,50360
null_blank,Null values detected in column GENDER,GENDER,8568,Neha,Patel,user7567@example.com,9876507567,,1976-08-10,Pune,64961
null_blank,Null values detected in column GENDER,GENDER,8570,Sneha,Reddy,user7569@example.com,9876507569,,1995-07-08,Chennai,50323
null_blank,Null values detected in column GENDER,GENDER,8573,Arjun,Mehta,user7572@example.com,9876507572,,1992-07-01,Hyderabad,72758
null_blank,Null values detected in column GENDER,GENDER,8574,Sneha,Patel,user7573@example.com,9876507573,,1998-01-11,Ahmedabad,79292
null_blank,Null values detected in column GENDER,GENDER,8576,Kavya,Reddy,user7575@example.com,123,,1980-10-12,Chennai,1000
null_blank,Null values detected in column GENDER,GENDER,8578,Kavya,Verma,user7577@example.com,9876507577,,2010-12-07,Bangalore,82920
null_blank,Null values detected in column GENDER,GENDER,8580,Anjali,Patel,user7579@example.com,9876507579,,1987-11-12,Pune,45947
null_blank,Null values detected in column GENDER,GENDER,8583,Sneha,Gupta,user7582@example.com,9876507582,,2017-10-13,Delhi,80958
null_blank,Null values detected in column GENDER,GENDER,8585,Sneha,Kumar,user7584@example.com,9876507584,,1981-03-22,Chennai,66626
null_blank,Null values detected in column GENDER,GENDER,8587,Amit,Verma,user7586@example.com,9876507586,,1996-06-17,Hyderabad,47376
null_blank,Null values detected in column GENDER,GENDER,8588,Kavya,Reddy,user7587@example.com,9876507587,,2007-03-30,Pune,52687
null_blank,Null values detected in column GENDER,GENDER,8589,Kavya,Rao,user7588@example.com,9876507588,,1998-10-18,Bangalore,47227
null_blank,Null values detected in column GENDER,GENDER,8590,Neha,Verma,user7589@example.com,9876507589,,2015-05-04,Delhi,69532
null_blank,Null values detected in column GENDER,GENDER,8591,Arjun,Mehta,user7590@example.com,9876507590,,1992-03-01,Ahmedabad,802474
null_blank,Null values detected in column GENDER,GENDER,8595,Anjali,Gupta,user7594@example.com,9876507594,,1972-08-08,Delhi,53936
null_blank,Null values detected in column GENDER,GENDER,8596,Sneha,Kumar,user7595@example.com,9876507595,,1982-02-23,Delhi,85382
null_blank,Null values detected in column GENDER,GENDER,8598,Arjun,Patel,user7597@example.com,9876507597,,2014-02-13,Delhi,64940
null_blank,Null values detected in column GENDER,GENDER,8611,Arjun,Singh,user7610@example.com,9876507610,,2007-04-01,Chennai,81849
null_blank,Null values detected in column GENDER,GENDER,8615,Amit,Gupta,user7614@example.com,9876507614,,1980-08-20,Kolkata,82648
null_blank,Null values detected in column GENDER,GENDER,8616,Vijay,Mehta,user7615@example.com,9876507615,,1972-01-03,Kolkata,67107
null_blank,Null values detected in column GENDER,GENDER,8618,Anjali,Rao,user7617@example.com,9876507617,,2019-03-10,Pune,36833
null_blank,Null values detected in column GENDER,GENDER,8620,Sameer,Kumar,user7619@example.com,9876507619,,1980-02-17,Kolkata,87328
null_blank,Null values detected in column GENDER,GENDER,8624,Kavya,Joshi,user7623@example.com,9876507623,,1997-08-11,Pune,74106
null_blank,Null values detected in column GENDER,GENDER,8626,Arjun,Sharma,user7625@example.com,123,,1977-07-17,Mumbai,41689
null_blank,Null values detected in column GENDER,GENDER,8628,Sneha,Sharma,user7627@example.com,9876507627,,invalid,Chennai,51825
null_blank,Null values detected in column GENDER,GENDER,8631,Arjun,Mehta,user7630@example.com,9876507630,,1974-12-09,Bangalore,65743
null_blank,Null values detected in column GENDER,GENDER,8633,Arjun,Sharma,user7632@example.com,9876507632,,2012-11-24,Ahmedabad,46300
null_blank,Null values detected in column GENDER,GENDER,8634,Sameer,Verma,user7633@example.com,9876507633,,1988-11-28,Chennai,57611
null_blank,Null values detected in column GENDER,GENDER,8636,Sameer,Verma,user7635@example.com,9876507635,,1978-03-08,Delhi,1000
null_blank,Null values detected in column GENDER,GENDER,8642,Neha,Gupta,user7641@example.com,9876507641,,2015-02-20,Kolkata,66982
null_blank,Null values detected in column GENDER,GENDER,8643,Anjali,Patel,user7642@example.com,9876507642,,2010-06-14,Chennai,85130
null_blank,Null values detected in column GENDER,GENDER,8646,Rakesh,Rao,user7645@example.com,9876507645,,2009-05-09,Chennai,84302
null_blank,Null values detected in column GENDER,GENDER,8648,Arjun,Sharma,user7647@example.com,9876507647,,1980-02-09,Bangalore,31432
null_blank,Null values detected in column GENDER,GENDER,8650,Sameer,Sharma,user7649@example.com,9876507649,,1978-05-23,Hyderabad,76899
null_blank,Null values detected in column GENDER,GENDER,8653,Sameer,Reddy,user7652@example.com,9876507652,,1999-05-17,Kolkata,89420
null_blank,Null values detected in column GENDER,GENDER,8655,Rakesh,Kumar,user7654@example.com,9876507654,,1991-03-09,Pune,97345
null_blank,Null values detected in column GENDER,GENDER,8656,Kavya,Joshi,user7655@example.com,9876507655,,1989-09-02,Mumbai,45639
null_blank,Null values detected in column GENDER,GENDER,8657,Neha,Mehta,user7656@example.com,9876507656,,1974-11-25,Mumbai,70813
null_blank,Null values detected in column GENDER,GENDER,8659,Vijay,Verma,user7658@example.com,9876507658,,2007-06-22,Delhi,49526
null_blank,Null values detected in column GENDER,GENDER,8660,Priya,Sharma,user7659@example.com,9876507659,,2009-04-17,Kolkata,39619
null_blank,Null values detected in column GENDER,GENDER,8664,Kavya,Sharma,user7663@example.com,9876507663,,1989-11-09,Bangalore,92254
null_blank,Null values detected in column GENDER,GENDER,8665,Vijay,Patel,user7664@example.com,9876507664,,1970-04-10,Pune,64205
null_blank,Null values detected in column GENDER,GENDER,8666,Rakesh,Sharma,user7665@example.com,9876507665,,1980-09-10,Bangalore,1000
null_blank,Null values detected in column GENDER,GENDER,8670,Priya,Rao,user7669@example.com,9876507669,,1983-10-04,Pune,64601
null_blank,Null values detected in column GENDER,GENDER,8675,Rakesh,Kumar,user7674@example.com,9876507674,,1976-04-08,Chennai,65273
null_blank,Null values detected in column GENDER,GENDER,8676,Priya,Singh,user7675@example.com,123,,2018-08-06,Delhi,52407
null_blank,Null values detected in column GENDER,GENDER,8678,Anjali,Rao,user7677@example.com,9876507677,,2000-11-30,Ahmedabad,63922
null_blank,Null values detected in column GENDER,GENDER,8683,Anjali,Verma,user7682@example.com,9876507682,,1998-05-14,Pune,73397
null_blank,Null values detected in column GENDER,GENDER,8684,Sneha,Joshi,user7683@example.com,9876507683,,2012-03-06,Bangalore,77658
null_blank,Null values detected in column GENDER,GENDER,8688,Neha,Mehta,user7687@example.com,9876507687,,1990-08-26,Delhi,77459
null_blank,Null values detected in column GENDER,GENDER,8690,Sneha,Patel,user7689@example.com,9876507689,,1988-10-10,Pune,70212
null_blank,Null values detected in column GENDER,GENDER,8694,Kavya,Rao,user7693@example.com,9876507693,,1970-10-18,Pune,60695
null_blank,Null values detected in column GENDER,GENDER,8697,Anjali,Verma,user7696@example.com,9876507696,,1982-09-26,Pune,34011
null_blank,Null values detected in column GENDER,GENDER,8701,Neha,Sharma,invalid@,,,2019-04-03,Kolkata,81247
null_blank,Null values detected in column GENDER,GENDER,8704,Priya,Gupta,user7703@example.com,9876507703,,1972-10-01,Ahmedabad,80932
null_blank,Null values detected in column GENDER,GENDER,8706,Rakesh,Verma,user7705@example.com,9876507705,,1986-05-04,Delhi,42974
null_blank,Null values detected in column GENDER,GENDER,8708,Arjun,Kumar,user7707@example.com,9876507707,,1975-09-10,Chennai,65237
null_blank,Null values detected in column GENDER,GENDER,8709,Amit,Mehta,user7708@example.com,9876507708,,1976-03-11,Chennai,53703
null_blank,Null values detected in column GENDER,GENDER,8710,Neha,Kumar,user7709@example.com,9876507709,,1974-10-04,Ahmedabad,65243
null_blank,Null values detected in column GENDER,GENDER,8711,Amit,Mehta,user7710@example.com,9876507710,,1978-06-24,Mumbai,721453
null_blank,Null values detected in column GENDER,GENDER,8718,Neha,Kumar,user7717@example.com,9876507717,,1999-09-28,Ahmedabad,56105
null_blank,Null values detected in column GENDER,GENDER,8719,Neha,Sharma,user7718@example.com,9876507718,,1999-07-26,Kolkata,88135
null_blank,Null values detected in column GENDER,GENDER,8721,Priya,Patel,,9876507720,,invalid,Kolkata,63033
null_blank,Null values detected in column GENDER,GENDER,8722,Kavya,Kumar,user7721@example.com,9876507721,,1978-12-14,Mumbai,55252
null_blank,Null values detected in column GENDER,GENDER,8723,Priya,Joshi,user7722@example.com,9876507722,,2016-03-02,Mumbai,45185
null_blank,Null values detected in column GENDER,GENDER,8730,Rakesh,Patel,user7729@example.com,9876507729,,1987-12-22,Chennai,82806
null_blank,Null values detected in column GENDER,GENDER,8736,Sameer,Patel,user7735@example.com,9876507735,,1970-01-11,Pune,56163
null_blank,Null values detected in column GENDER,GENDER,8740,Rakesh,Reddy,user7739@example.com,9876507739,,2018-12-20,Kolkata,52155
null_blank,Null values detected in column GENDER,GENDER,8741,Amit,Gupta,invalid@,9876507740,,1991-08-24,Hyderabad,788621
null_blank,Null values detected in column GENDER,GENDER,8742,Sneha,Singh,user7741@example.com,9876507741,,1979-11-13,Chennai,82204
null_blank,Null values detected in column GENDER,GENDER,8743,Amit,Joshi,user7742@example.com,9876507742,,1970-10-17,Chennai,39415
null_blank,Null values detected in column GENDER,GENDER,8745,Rakesh,Gupta,user7744@example.com,9876507744,,1990-03-30,Kolkata,66799
null_blank,Null values detected in column GENDER,GENDER,8758,Sameer,Rao,user7757@example.com,9876507757,,2006-12-17,Delhi,79416
null_blank,Null values detected in column GENDER,GENDER,8766,Sameer,Sharma,user7765@example.com,9876507765,,1984-12-10,Hyderabad,60969
null_blank,Null values detected in column GENDER,GENDER,8768,Arjun,Sharma,user7767@example.com,9876507767,,1997-10-01,Hyderabad,84979
null_blank,Null values detected in column GENDER,GENDER,8769,Kavya,Singh,user7768@example.com,9876507768,,1984-12-01,Pune,59582
null_blank,Null values detected in column GENDER,GENDER,8770,Priya,Joshi,user7769@example.com,9876507769,,1994-03-23,Bangalore,22985
null_blank,Null values detected in column GENDER,GENDER,8771,Priya,Singh,user7770@example.com,9876507770,,1993-05-21,Mumbai,453031
null_blank,Null values detected in column GENDER,GENDER,8772,Sameer,Kumar,user7771@example.com,9876507771,,2010-02-18,Delhi,84151
null_blank,Null values detected in column GENDER,GENDER,8775,Kavya,Reddy,user7774@example.com,9876507774,,1971-10-08,Ahmedabad,67647
null_blank,Null values detected in column GENDER,GENDER,8776,Amit,Gupta,user7775@example.com,123,,2004-10-09,Kolkata,59026
null_blank,Null values detected in column GENDER,GENDER,8778,Amit,Sharma,user7777@example.com,9876507777,,1975-05-17,Hyderabad,71391
null_blank,Null values detected in column GENDER,GENDER,8779,Arjun,Singh,user7778@example.com,9876507778,,2017-01-27,Hyderabad,48672
null_blank,Null values detected in column GENDER,GENDER,8781,Sameer,Singh,invalid@,9876507780,,1990-06-28,Hyderabad,50311
null_blank,Null values detected in column GENDER,GENDER,8786,Rakesh,Gupta,user7785@example.com,9876507785,,2014-11-17,Mumbai,1000
null_blank,Null values detected in column GENDER,GENDER,8787,Sneha,Reddy,user7786@example.com,9876507786,,2004-02-03,Hyderabad,58727
null_blank,Null values detected in column GENDER,GENDER,8788,Sneha,Singh,user7787@example.com,9876507787,,2005-10-12,Pune,50868
null_blank,Null values detected in column GENDER,GENDER,8789,Priya,Singh,user7788@example.com,9876507788,,2050-01-01,Kolkata,26489
null_blank,Null values detected in column GENDER,GENDER,8793,Priya,Singh,user7792@example.com,9876507792,,1990-09-12,Hyderabad,63600
null_blank,Null values detected in column GENDER,GENDER,8795,Arjun,Joshi,user7794@example.com,9876507794,,1971-11-11,Delhi,66959
null_blank,Null values detected in column GENDER,GENDER,8796,Kavya,Mehta,user7795@example.com,9876507795,,1989-09-08,Chennai,55949
null_blank,Null values detected in column GENDER,GENDER,8797,Vijay,Singh,user7796@example.com,9876507796,,1984-08-22,Delhi,76419
null_blank,Null values detected in column GENDER,GENDER,8799,Amit,Reddy,user7798@example.com,9876507798,,2001-08-27,Kolkata,89223
null_blank,Null values detected in column GENDER,GENDER,8804,Anjali,Mehta,user7803@example.com,9876507803,,2004-01-28,Kolkata,78707
null_blank,Null values detected in column GENDER,GENDER,8807,Anjali,Sharma,user7806@example.com,9876507806,,1984-07-27,Pune,98345
null_blank,Null values detected in column GENDER,GENDER,8810,Sneha,Singh,user7809@example.com,9876507809,,1990-07-21,Mumbai,112769
null_blank,Null values detected in column GENDER,GENDER,8813,Priya,Joshi,user7812@example.com,9876507812,,1970-02-13,Bangalore,34174
null_blank,Null values detected in column GENDER,GENDER,8814,Rakesh,Patel,user7813@example.com,9876507813,,1990-01-22,Hyderabad,77489
null_blank,Null values detected in column GENDER,GENDER,8820,Arjun,Patel,user7819@example.com,9876507819,,2007-07-06,Hyderabad,36163
null_blank,Null values detected in column GENDER,GENDER,8822,Sneha,Patel,user7821@example.com,9876507821,,2018-03-27,Delhi,42856
null_blank,Null values detected in column GENDER,GENDER,8826,Rakesh,Sharma,user7825@example.com,123,,2005-02-25,Pune,54696
null_blank,Null values detected in column GENDER,GENDER,8827,Kavya,Mehta,user7826@example.com,9876507826,,1988-05-05,Delhi,48174
null_blank,Null values detected in column GENDER,GENDER,8828,Amit,Mehta,user7827@example.com,9876507827,,2006-01-19,Delhi,80655
null_blank,Null values detected in column GENDER,GENDER,8836,Anjali,Reddy,user7835@example.com,9876507835,,1996-03-28,Delhi,48489
null_blank,Null values detected in column GENDER,GENDER,8841,Rakesh,Sharma,,9876507840,,2006-04-01,Kolkata,90249
null_blank,Null values detected in column GENDER,GENDER,8842,Sameer,Verma,user7841@example.com,9876507841,,1981-07-07,Kolkata,42964
null_blank,Null values detected in column GENDER,GENDER,8843,Anjali,Gupta,user7842@example.com,9876507842,,2007-12-06,Pune,32836
null_blank,Null values detected in column GENDER,GENDER,8847,Sneha,Gupta,user7846@example.com,9876507846,,1997-07-04,Ahmedabad,47909
null_blank,Null values detected in column GENDER,GENDER,8849,Amit,Reddy,user7848@example.com,9876507848,,1980-08-04,Delhi,71473
null_blank,Null values detected in column GENDER,GENDER,8850,Amit,Joshi,user7849@example.com,9876507849,,1980-05-18,Delhi,66952
null_blank,Null values detected in column GENDER,GENDER,8851,Amit,Reddy,user7850@example.com,,,2000-09-24,Hyderabad,77455
null_blank,Null values detected in column GENDER,GENDER,8852,Amit,Sharma,user7851@example.com,9876507851,,1973-06-27,Pune,41895
null_blank,Null values detected in column GENDER,GENDER,8853,Kavya,Kumar,user7852@example.com,9876507852,,2000-07-21,Mumbai,63323
null_blank,Null values detected in column GENDER,GENDER,8854,Anjali,Singh,user7853@example.com,9876507853,,2004-01-17,Bangalore,82919
null_blank,Null values detected in column GENDER,GENDER,8855,Sameer,Singh,user7854@example.com,9876507854,,2006-06-29,Ahmedabad,87572
null_blank,Null values detected in column GENDER,GENDER,8857,Vijay,Kumar,user7856@example.com,9876507856,,1995-10-01,Bangalore,63293
null_blank,Null values detected in column GENDER,GENDER,8865,Sameer,Singh,user7864@example.com,9876507864,,1996-04-24,Kolkata,100048
null_blank,Null values detected in column GENDER,GENDER,8866,Amit,Reddy,user7865@example.com,9876507865,,2007-12-22,Delhi,70987
null_blank,Null values detected in column GENDER,GENDER,8867,Amit,Gupta,user7866@example.com,9876507866,,1997-07-27,Chennai,79416
null_blank,Null values detected in column GENDER,GENDER,8869,Anjali,Patel,user7868@example.com,9876507868,,2014-04-26,Pune,60888
null_blank,Null values detected in column GENDER,GENDER,8870,Neha,Reddy,user7869@example.com,9876507869,,1993-06-20,Pune,60531
null_blank,Null values detected in column GENDER,GENDER,8873,Rakesh,Patel,user7872@example.com,9876507872,,2009-08-24,Hyderabad,58459
null_blank,Null values detected in column GENDER,GENDER,8874,Arjun,Sharma,user7873@example.com,9876507873,,1998-12-22,Bangalore,73765
null_blank,Null values detected in column GENDER,GENDER,8875,Anjali,Joshi,user7874@example.com,9876507874,,1989-04-04,Ahmedabad,50260
null_blank,Null values detected in column GENDER,GENDER,8876,Sameer,Kumar,user7875@example.com,123,,1972-04-27,Delhi,1000
null_blank,Null values detected in column GENDER,GENDER,8879,Rakesh,Sharma,user7878@example.com,9876507878,,1996-07-27,Mumbai,81717
null_blank,Null values detected in column GENDER,GENDER,8880,Vijay,Gupta,user7879@example.com,9876507879,,2003-02-11,Bangalore,76281
null_blank,Null values detected in column GENDER,GENDER,8881,Kavya,Singh,,9876507880,,1987-05-04,Chennai,87656
null_blank,Null values detected in column GENDER,GENDER,8885,Sneha,Joshi,user7884@example.com,9876507884,,2013-09-02,Bangalore,44260
null_blank,Null values detected in column GENDER,GENDER,8887,Vijay,Patel,user7886@example.com,9876507886,,2004-03-23,Pune,97779
null_blank,Null values detected in column GENDER,GENDER,8894,Rakesh,Kumar,user7893@example.com,9876507893,,1977-03-16,Mumbai,45343
null_blank,Null values detected in column GENDER,GENDER,8895,Priya,Singh,user7894@example.com,9876507894,,1982-09-05,Bangalore,47602
null_blank,Null values detected in column GENDER,GENDER,8896,Arjun,Mehta,user7895@example.com,9876507895,,1988-10-21,Ahmedabad,12814
null_blank,Null values detected in column GENDER,GENDER,8897,Priya,Mehta,user7896@example.com,9876507896,,1985-02-04,Bangalore,79122
null_blank,Null values detected in column GENDER,GENDER,8899,Sameer,Singh,user7898@example.com,9876507898,,1996-12-25,Ahmedabad,40426
null_blank,Null values detected in column GENDER,GENDER,8902,Arjun,Gupta,user7901@example.com,9876507901,,1980-06-09,Delhi,20170
null_blank,Null values detected in column GENDER,GENDER,8904,Rakesh,Joshi,user7903@example.com,9876507903,,2001-07-28,Ahmedabad,44784
null_blank,Null values detected in column GENDER,GENDER,8905,Arjun,Joshi,user7904@example.com,9876507904,,2006-03-29,Ahmedabad,76908
null_blank,Null values detected in column GENDER,GENDER,8907,Vijay,Singh,user7906@example.com,9876507906,,1977-07-22,Ahmedabad,67747
null_blank,Null values detected in column GENDER,GENDER,8908,Anjali,Mehta,user7907@example.com,9876507907,,2000-01-14,Kolkata,39965
null_blank,Null values detected in column GENDER,GENDER,8909,Kavya,Gupta,user7908@example.com,9876507908,,1977-11-16,Pune,40347
null_blank,Null values detected in column GENDER,GENDER,8910,Vijay,Sharma,user7909@example.com,9876507909,,2004-10-21,Pune,64021
null_blank,Null values detected in column GENDER,GENDER,8912,Amit,Rao,user7911@example.com,9876507911,,1997-02-11,Pune,89386
null_blank,Null values detected in column GENDER,GENDER,8914,Kavya,Mehta,user7913@example.com,9876507913,,1979-03-17,Kolkata,44902
null_blank,Null values detected in column GENDER,GENDER,8915,Amit,Singh,user7914@example.com,9876507914,,2000-04-04,Delhi,84971
null_blank,Null values detected in column GENDER,GENDER,8916,Rakesh,Gupta,user7915@example.com,9876507915,,1995-03-09,Hyderabad,26785
null_blank,Null values detected in column GENDER,GENDER,8917,Priya,Patel,user7916@example.com,9876507916,,1983-09-13,Ahmedabad,62363
null_blank,Null values detected in column GENDER,GENDER,8924,Kavya,Patel,user7923@example.com,9876507923,,1971-01-13,Pune,82020
null_blank,Null values detected in column GENDER,GENDER,8926,Sneha,Mehta,user7925@example.com,123,,2007-04-07,Kolkata,80239
null_blank,Null values detected in column GENDER,GENDER,8927,Amit,Verma,user7926@example.com,9876507926,,2015-08-18,Chennai,59613
null_blank,Null values detected in column GENDER,GENDER,8929,Arjun,Mehta,user7928@example.com,9876507928,,2011-03-01,Chennai,42417
null_blank,Null values detected in column GENDER,GENDER,8931,Sneha,Reddy,user7930@example.com,9876507930,,1989-02-14,Kolkata,84052
null_blank,Null values detected in column GENDER,GENDER,8932,Priya,Verma,user7931@example.com,9876507931,,1979-11-04,Chennai,51838
null_blank,Null values detected in column GENDER,GENDER,8933,Rakesh,Patel,user7932@example.com,9876507932,,2009-04-24,Hyderabad,66155
null_blank,Null values detected in column GENDER,GENDER,8938,Neha,Rao,user7937@example.com,9876507937,,1977-11-10,Pune,68314
null_blank,Null values detected in column GENDER,GENDER,8939,Priya,Sharma,user7938@example.com,9876507938,,1972-02-25,Bangalore,79299
null_blank,Null values detected in column GENDER,GENDER,8940,Vijay,Sharma,user7939@example.com,9876507939,,1972-07-26,Pune,72842
null_blank,Null values detected in column GENDER,GENDER,8941,Arjun,Kumar,invalid@,9876507940,,1997-01-20,Bangalore,61002
null_blank,Null values detected in column GENDER,GENDER,8947,Anjali,Gupta,user7946@example.com,9876507946,,1996-02-03,Hyderabad,47477
null_blank,Null values detected in column GENDER,GENDER,8949,Sneha,Sharma,user7948@example.com,9876507948,,1993-03-02,Ahmedabad,54578
null_blank,Null values detected in column GENDER,GENDER,8951,Vijay,Joshi,user7950@example.com,,,1986-07-17,Kolkata,616675
null_blank,Null values detected in column GENDER,GENDER,8954,Vijay,Joshi,user7953@example.com,9876507953,,1996-05-17,Ahmedabad,58877
null_blank,Null values detected in column GENDER,GENDER,8955,Sneha,Reddy,user7954@example.com,9876507954,,2015-11-04,Kolkata,48060
null_blank,Null values detected in column GENDER,GENDER,8956,Anjali,Reddy,user7955@example.com,9876507955,,1982-10-22,Mumbai,29735
null_blank,Null values detected in column GENDER,GENDER,8964,Arjun,Mehta,user7963@example.com,9876507963,,1984-11-08,Mumbai,10083
null_blank,Null values detected in column GENDER,GENDER,8968,Amit,Singh,user7967@example.com,9876507967,,1985-05-15,Delhi,76766
null_blank,Null values detected in column GENDER,GENDER,8971,Amit,Verma,user7970@example.com,9876507970,,invalid,Ahmedabad,28755
null_blank,Null values detected in column GENDER,GENDER,8972,Sneha,Singh,user7971@example.com,9876507971,,1977-10-10,Chennai,73130
null_blank,Null values detected in column GENDER,GENDER,8978,Sneha,Kumar,user7977@example.com,9876507977,,2050-01-01,Mumbai,71060
null_blank,Null values detected in column GENDER,GENDER,8980,Neha,Joshi,user7979@example.com,9876507979,,2013-04-14,Delhi,72260
null_blank,Null values detected in column GENDER,GENDER,8981,Priya,Kumar,invalid@,9876507980,,2001-11-15,Chennai,655604
null_blank,Null values detected in column GENDER,GENDER,8982,Amit,Sharma,user7981@example.com,9876507981,,1999-02-10,Bangalore,27308
null_blank,Null values detected in column GENDER,GENDER,8983,Neha,Reddy,user7982@example.com,9876507982,,2009-05-15,Delhi,66073
null_blank,Null values detected in column GENDER,GENDER,8986,Priya,Patel,user7985@example.com,9876507985,,2003-02-11,Bangalore,69269
null_blank,Null values detected in column GENDER,GENDER,8988,Arjun,Mehta,user7987@example.com,9876507987,,invalid,Pune,93077
null_blank,Null values detected in column GENDER,GENDER,8989,Anjali,Joshi,user7988@example.com,9876507988,,2007-06-10,Mumbai,91790
null_blank,Null values detected in column GENDER,GENDER,8990,Amit,Sharma,user7989@example.com,9876507989,,1989-02-27,Mumbai,63259
null_blank,Null values detected in column GENDER,GENDER,8994,Anjali,Rao,user7993@example.com,9876507993,,1983-03-27,Ahmedabad,50068
null_blank,Null values detected in column GENDER,GENDER,8997,Vijay,Rao,user7996@example.com,9876507996,,2004-06-02,Delhi,77374
null_blank,Null values detected in column GENDER,GENDER,8999,Kavya,Kumar,user7998@example.com,9876507998,,2012-02-16,Delhi,44265
null_blank,Null values detected in column GENDER,GENDER,9000,Amit,Patel,user7999@example.com,9876507999,,1989-02-28,Ahmedabad,45673
null_blank,Null values detected in column GENDER,GENDER,9001,Amit,Sharma,,,,2009-08-08,Pune,74959
null_blank,Null values detected in column GENDER,GENDER,9003,Vijay,Mehta,user8002@example.com,9876508002,,2014-07-06,Mumbai,74803
null_blank,Null values detected in column GENDER,GENDER,9004,Sneha,Patel,user8003@example.com,9876508003,,2006-09-15,Delhi,69426
null_blank,Null values detected in column GENDER,GENDER,9009,Arjun,Patel,user8008@example.com,9876508008,,1973-12-17,Hyderabad,89260
null_blank,Null values detected in column GENDER,GENDER,9010,Neha,Gupta,user8009@example.com,9876508009,,2013-07-04,Pune,43823
null_blank,Null values detected in column GENDER,GENDER,9013,Vijay,Reddy,user8012@example.com,9876508012,,1978-04-18,Ahmedabad,38466
null_blank,Null values detected in column GENDER,GENDER,9014,Amit,Kumar,user8013@example.com,9876508013,,1992-07-16,Mumbai,71093
null_blank,Null values detected in column GENDER,GENDER,9016,Vijay,Patel,user8015@example.com,9876508015,,2016-12-26,Delhi,61724
null_blank,Null values detected in column GENDER,GENDER,9017,Amit,Patel,user8016@example.com,9876508016,,1994-09-19,Hyderabad,62669
null_blank,Null values detected in column GENDER,GENDER,9022,Rakesh,Verma,user8021@example.com,9876508021,,1994-09-20,Chennai,53157
null_blank,Null values detected in column GENDER,GENDER,9023,Vijay,Singh,user8022@example.com,9876508022,,1993-11-12,Hyderabad,63221
null_blank,Null values detected in column GENDER,GENDER,9026,Amit,Rao,user8025@example.com,123,,1981-08-12,Mumbai,1000
null_blank,Null values detected in column GENDER,GENDER,9028,Priya,Joshi,user8027@example.com,9876508027,,2008-11-28,Ahmedabad,92715
null_blank,Null values detected in column GENDER,GENDER,9034,Priya,Singh,user8033@example.com,9876508033,,1983-10-13,Kolkata,45527
null_blank,Null values detected in column GENDER,GENDER,9036,Arjun,Singh,user8035@example.com,9876508035,,2006-04-18,Hyderabad,53594
null_blank,Null values detected in column GENDER,GENDER,9040,Anjali,Gupta,user8039@example.com,9876508039,,1979-01-15,Kolkata,80134
null_blank,Null values detected in column GENDER,GENDER,9044,Arjun,Gupta,user8043@example.com,9876508043,,1970-04-02,Delhi,38088
null_blank,Null values detected in column GENDER,GENDER,9051,Sneha,Singh,user8050@example.com,,,1970-09-04,Ahmedabad,56845
null_blank,Null values detected in column GENDER,GENDER,9057,Anjali,Joshi,user8056@example.com,9876508056,,1987-04-27,Chennai,51303
null_blank,Null values detected in column GENDER,GENDER,9061,Amit,Mehta,invalid@,9876508060,,1990-03-11,Mumbai,25484
null_blank,Null values detected in column GENDER,GENDER,9062,Anjali,Mehta,user8061@example.com,9876508061,,1970-09-24,Delhi,72158
null_blank,Null values detected in column GENDER,GENDER,9064,Amit,Kumar,user8063@example.com,9876508063,,2008-02-01,Delhi,67692
null_blank,Null values detected in column GENDER,GENDER,9066,Priya,Verma,user8065@example.com,9876508065,,1997-12-03,Kolkata,52413
null_blank,Null values detected in column GENDER,GENDER,9067,Anjali,Rao,user8066@example.com,9876508066,,1982-07-01,Kolkata,24071
null_blank,Null values detected in column GENDER,GENDER,9069,Sameer,Gupta,user8068@example.com,9876508068,,1989-08-04,Hyderabad,93028
null_blank,Null values detected in column GENDER,GENDER,9071,Priya,Gupta,user8070@example.com,9876508070,,1970-11-14,Chennai,401162
null_blank,Null values detected in column GENDER,GENDER,9073,Priya,Singh,user8072@example.com,9876508072,,2001-03-07,Delhi,74166
null_blank,Null values detected in column GENDER,GENDER,9077,Sneha,Gupta,user8076@example.com,9876508076,,1981-08-08,Hyderabad,82540
null_blank,Null values detected in column GENDER,GENDER,9082,Anjali,Reddy,user8081@example.com,9876508081,,2050-01-01,Delhi,54827
null_blank,Null values detected in column GENDER,GENDER,9085,Rakesh,Gupta,user8084@example.com,9876508084,,1990-03-13,Mumbai,87426
null_blank,Null values detected in column GENDER,GENDER,9086,Priya,Reddy,user8085@example.com,9876508085,,1992-04-13,Hyderabad,1000
null_blank,Null values detected in column GENDER,GENDER,9091,Anjali,Kumar,user8090@example.com,9876508090,,1974-11-04,Kolkata,79637
null_blank,Null values detected in column GENDER,GENDER,9096,Sameer,Singh,user8095@example.com,9876508095,,2016-07-22,Delhi,78658
null_blank,Null values detected in column GENDER,GENDER,9102,Sneha,Rao,user8101@example.com,9876508101,,2006-04-03,Hyderabad,51592
null_blank,Null values detected in column GENDER,GENDER,9103,Arjun,Gupta,user8102@example.com,9876508102,,1998-05-21,Mumbai,47835
null_blank,Null values detected in column GENDER,GENDER,9104,Priya,Joshi,user8103@example.com,9876508103,,2011-02-26,Hyderabad,80481
null_blank,Null values detected in column GENDER,GENDER,9106,Kavya,Patel,user8105@example.com,9876508105,,2014-10-28,Mumbai,51863
null_blank,Null values detected in column GENDER,GENDER,9107,Amit,Joshi,user8106@example.com,9876508106,,1977-10-28,Delhi,41809
null_blank,Null values detected in column GENDER,GENDER,9108,Anjali,Reddy,user8107@example.com,9876508107,,1974-04-03,Hyderabad,30785
null_blank,Null values detected in column GENDER,GENDER,9109,Arjun,Kumar,user8108@example.com,9876508108,,1987-03-07,Delhi,44127
null_blank,Null values detected in column GENDER,GENDER,9113,Amit,Sharma,user8112@example.com,9876508112,,2001-07-20,Hyderabad,3648
null_blank,Null values detected in column GENDER,GENDER,9116,Sameer,Patel,user8115@example.com,9876508115,,2017-09-03,Ahmedabad,1000
null_blank,Null values detected in column GENDER,GENDER,9119,Kavya,Mehta,user8118@example.com,9876508118,,2010-08-16,Delhi,91400
null_blank,Null values detected in column GENDER,GENDER,9122,Anjali,Verma,user8121@example.com,9876508121,,2007-08-22,Ahmedabad,49556
null_blank,Null values detected in column GENDER,GENDER,9124,Neha,Rao,user8123@example.com,9876508123,,2017-04-30,Delhi,34533
null_blank,Null values detected in column GENDER,GENDER,9128,Amit,Rao,user8127@example.com,9876508127,,1977-12-07,Mumbai,54151
null_blank,Null values detected in column GENDER,GENDER,9130,Priya,Sharma,user8129@example.com,9876508129,,1993-10-08,Chennai,46606
null_blank,Null values detected in column GENDER,GENDER,9131,Priya,Rao,user8130@example.com,9876508130,,1991-07-01,Hyderabad,463577
null_blank,Null values detected in column GENDER,GENDER,9133,Kavya,Singh,user8132@example.com,9876508132,,1989-10-16,Ahmedabad,33604
null_blank,Null values detected in column GENDER,GENDER,9140,Rakesh,Gupta,user8139@example.com,9876508139,,1987-09-11,Hyderabad,27856
null_blank,Null values detected in column GENDER,GENDER,9144,Kavya,Reddy,user8143@example.com,9876508143,,1980-10-17,Ahmedabad,48905
null_blank,Null values detected in column GENDER,GENDER,9146,Sameer,Reddy,user8145@example.com,9876508145,,2009-06-19,Ahmedabad,1000
null_blank,Null values detected in column GENDER,GENDER,9149,Sneha,Rao,user8148@example.com,9876508148,,1990-01-19,Bangalore,69135
null_blank,Null values detected in column GENDER,GENDER,9150,Kavya,Rao,user8149@example.com,9876508149,,2014-06-05,Bangalore,66110
null_blank,Null values detected in column GENDER,GENDER,9154,Arjun,Rao,user8153@example.com,9876508153,,1971-03-11,Chennai,30268
null_blank,Null values detected in column GENDER,GENDER,9157,Amit,Singh,user8156@example.com,9876508156,,1993-11-22,Bangalore,33942
null_blank,Null values detected in column GENDER,GENDER,9158,Arjun,Patel,user8157@example.com,9876508157,,1993-06-21,Chennai,50193
null_blank,Null values detected in column GENDER,GENDER,9162,Rakesh,Gupta,user8161@example.com,9876508161,,2012-03-22,Bangalore,65639
null_blank,Null values detected in column GENDER,GENDER,9164,Sneha,Gupta,user8163@example.com,9876508163,,1985-01-08,Delhi,47491
null_blank,Null values detected in column GENDER,GENDER,9167,Amit,Verma,user8166@example.com,9876508166,,1983-03-18,Pune,75147
null_blank,Null values detected in column GENDER,GENDER,9172,Amit,Gupta,user8171@example.com,9876508171,,2014-09-12,Hyderabad,93612
null_blank,Null values detected in column GENDER,GENDER,9175,Vijay,Gupta,user8174@example.com,9876508174,,1995-10-12,Kolkata,86552
null_blank,Null values detected in column GENDER,GENDER,9176,Sameer,Reddy,user8175@example.com,123,,1981-06-12,Hyderabad,1000
null_blank,Null values detected in column GENDER,GENDER,9177,Neha,Patel,user8176@example.com,9876508176,,2050-01-01,Mumbai,48616
null_blank,Null values detected in column GENDER,GENDER,9179,Vijay,Singh,user8178@example.com,9876508178,,1975-04-27,Chennai,56795
null_blank,Null values detected in column GENDER,GENDER,9180,Amit,Rao,user8179@example.com,9876508179,,2001-07-29,Pune,76274
null_blank,Null values detected in column GENDER,GENDER,9183,Rakesh,Mehta,user8182@example.com,9876508182,,1972-09-14,Kolkata,49606
null_blank,Null values detected in column GENDER,GENDER,9184,Amit,Patel,user8183@example.com,9876508183,,2010-11-10,Kolkata,63020
null_blank,Null values detected in column GENDER,GENDER,9185,Sneha,Gupta,user8184@example.com,9876508184,,1992-03-17,Bangalore,41559
null_blank,Null values detected in column GENDER,GENDER,9187,Kavya,Sharma,user8186@example.com,9876508186,,2003-02-10,Kolkata,71546
null_blank,Null values detected in column GENDER,GENDER,9193,Amit,Mehta,user8192@example.com,9876508192,,1973-10-03,Pune,50412
null_blank,Null values detected in column GENDER,GENDER,9194,Neha,Gupta,user8193@example.com,9876508193,,2006-01-15,Ahmedabad,96905
null_blank,Null values detected in column GENDER,GENDER,9199,Rakesh,Joshi,user8198@example.com,9876508198,,1977-08-15,Ahmedabad,73356
null_blank,Null values detected in column GENDER,GENDER,9200,Sameer,Rao,user8199@example.com,9876508199,,1970-03-05,Pune,74421
null_blank,Null values detected in column GENDER,GENDER,9201,Amit,Joshi,,,,1980-07-16,Kolkata,54043
null_blank,Null values detected in column GENDER,GENDER,9206,Vijay,Verma,user8205@example.com,9876508205,,2006-12-01,Ahmedabad,1000
null_blank,Null values detected in column GENDER,GENDER,9207,Sneha,Joshi,user8206@example.com,9876508206,,1998-10-24,Ahmedabad,83616
null_blank,Null values detected in column GENDER,GENDER,9208,Priya,Verma,user8207@example.com,9876508207,,1975-11-29,Ahmedabad,49161
null_blank,Null values detected in column GENDER,GENDER,9210,Amit,Kumar,user8209@example.com,9876508209,,1987-07-07,Hyderabad,75004
null_blank,Null values detected in column GENDER,GENDER,9211,Vijay,Verma,user8210@example.com,9876508210,,1976-04-02,Ahmedabad,85029
null_blank,Null values detected in column GENDER,GENDER,9212,Amit,Kumar,user8211@example.com,9876508211,,1987-01-28,Chennai,55201
null_blank,Null values detected in column GENDER,GENDER,9214,Priya,Verma,user8213@example.com,9876508213,,2002-09-28,Kolkata,24830
null_blank,Null values detected in column GENDER,GENDER,9215,Amit,Kumar,user8214@example.com,9876508214,,1978-07-03,Chennai,55831
null_blank,Null values detected in column GENDER,GENDER,9216,Kavya,Joshi,user8215@example.com,9876508215,,1979-09-23,Ahmedabad,130843
null_blank,Null values detected in column GENDER,GENDER,9218,Neha,Kumar,user8217@example.com,9876508217,,2017-04-23,Chennai,35998
null_blank,Null values detected in column GENDER,GENDER,9220,Priya,Joshi,user8219@example.com,9876508219,,2013-06-16,Kolkata,79234
null_blank,Null values detected in column GENDER,GENDER,9222,Vijay,Singh,user8221@example.com,9876508221,,2009-12-09,Hyderabad,42684
null_blank,Null values detected in column GENDER,GENDER,9226,Vijay,Rao,user8225@example.com,123,,2018-09-18,Kolkata,56993
null_blank,Null values detected in column GENDER,GENDER,9227,Arjun,Gupta,user8226@example.com,9876508226,,1990-05-22,Pune,100467
null_blank,Null values detected in column GENDER,GENDER,9231,Kavya,Singh,user8230@example.com,9876508230,,2009-12-04,Kolkata,50285
null_blank,Null values detected in column GENDER,GENDER,9233,Arjun,Rao,user8232@example.com,9876508232,,1992-02-23,Delhi,58054
null_blank,Null values detected in column GENDER,GENDER,9240,Kavya,Patel,user8239@example.com,9876508239,,1996-08-17,Pune,58144
null_blank,Null values detected in column GENDER,GENDER,9246,Anjali,Reddy,user8245@example.com,9876508245,,1982-06-28,Ahmedabad,70014
null_blank,Null values detected in column GENDER,GENDER,9252,Amit,Gupta,user8251@example.com,9876508251,,1998-02-10,Chennai,62567
null_blank,Null values detected in column GENDER,GENDER,9255,Neha,Sharma,user8254@example.com,9876508254,,1998-05-27,Hyderabad,70527
null_blank,Null values detected in column GENDER,GENDER,9257,Priya,Reddy,user8256@example.com,9876508256,,1997-10-16,Delhi,75941
null_blank,Null values detected in column GENDER,GENDER,9259,Rakesh,Sharma,user8258@example.com,9876508258,,1997-01-11,Kolkata,59369
null_blank,Null values detected in column GENDER,GENDER,9260,Priya,Rao,user8259@example.com,9876508259,,2009-09-16,Delhi,45715
null_blank,Null values detected in column GENDER,GENDER,9266,Amit,Gupta,user8265@example.com,9876508265,,2017-03-10,Chennai,1000
null_blank,Null values detected in column GENDER,GENDER,9267,Neha,Kumar,user8266@example.com,9876508266,,1995-10-07,Ahmedabad,72797
null_blank,Null values detected in column GENDER,GENDER,9268,Arjun,Mehta,user8267@example.com,9876508267,,1979-12-20,Pune,40579
null_blank,Null values detected in column GENDER,GENDER,9271,Arjun,Kumar,user8270@example.com,9876508270,,1984-11-02,Bangalore,54861
null_blank,Null values detected in column GENDER,GENDER,9275,Sneha,Rao,user8274@example.com,9876508274,,1980-09-21,Ahmedabad,60849
null_blank,Null values detected in column GENDER,GENDER,9277,Sameer,Singh,user8276@example.com,9876508276,,2010-08-16,Mumbai,21438
null_blank,Null values detected in column GENDER,GENDER,9279,Sameer,Verma,user8278@example.com,9876508278,,2005-03-23,Chennai,84948
null_blank,Null values detected in column GENDER,GENDER,9280,Arjun,Kumar,user8279@example.com,9876508279,,2002-07-17,Ahmedabad,63628
null_blank,Null values detected in column GENDER,GENDER,9281,Kavya,Joshi,,9876508280,,2005-05-16,Ahmedabad,1000000
null_blank,Null values detected in column GENDER,GENDER,9282,Priya,Mehta,user8281@example.com,9876508281,,1976-05-15,Delhi,50553
null_blank,Null values detected in column GENDER,GENDER,9283,Anjali,Patel,user8282@example.com,9876508282,,1977-09-02,Hyderabad,55209
null_blank,Null values detected in column GENDER,GENDER,9292,Sameer,Singh,user8291@example.com,9876508291,,2017-08-29,Bangalore,98333
null_blank,Null values detected in column GENDER,GENDER,9293,Sameer,Patel,user8292@example.com,9876508292,,2006-11-01,Hyderabad,69414
null_blank,Null values detected in column GENDER,GENDER,9294,Arjun,Sharma,user8293@example.com,9876508293,,2005-10-10,Hyderabad,91104
null_blank,Null values detected in column GENDER,GENDER,9295,Sameer,Joshi,user8294@example.com,9876508294,,1993-03-12,Delhi,66390
null_blank,Null values detected in column GENDER,GENDER,9296,Arjun,Rao,user8295@example.com,9876508295,,2017-11-25,Chennai,1000
null_blank,Null values detected in column GENDER,GENDER,9297,Sneha,Verma,user8296@example.com,9876508296,,1970-09-29,Hyderabad,91795
null_blank,Null values detected in column GENDER,GENDER,9298,Arjun,Mehta,user8297@example.com,9876508297,,2003-04-29,Bangalore,72455
null_blank,Null values detected in column GENDER,GENDER,9301,Amit,Patel,invalid@,,,2003-04-16,Pune,82428
null_blank,Null values detected in column GENDER,GENDER,9302,Neha,Mehta,user8301@example.com,9876508301,,1992-04-17,Kolkata,63514
null_blank,Null values detected in column GENDER,GENDER,9303,Vijay,Joshi,user8302@example.com,9876508302,,2014-03-20,Chennai,53898
null_blank,Null values detected in column GENDER,GENDER,9304,Vijay,Gupta,user8303@example.com,9876508303,,1983-07-15,Bangalore,108049
null_blank,Null values detected in column GENDER,GENDER,9305,Kavya,Gupta,user8304@example.com,9876508304,,2016-12-17,Ahmedabad,59007
null_blank,Null values detected in column GENDER,GENDER,9306,Anjali,Mehta,user8305@example.com,9876508305,,2002-10-07,Delhi,49192
null_blank,Null values detected in column GENDER,GENDER,9307,Anjali,Singh,user8306@example.com,9876508306,,1984-02-23,Mumbai,87748
null_blank,Null values detected in column GENDER,GENDER,9309,Neha,Singh,user8308@example.com,9876508308,,1983-02-20,Ahmedabad,51742
null_blank,Null values detected in column GENDER,GENDER,9311,Amit,Sharma,user8310@example.com,9876508310,,1971-04-10,Mumbai,783784
null_blank,Null values detected in column GENDER,GENDER,9313,Anjali,Reddy,user8312@example.com,9876508312,,1972-07-05,Kolkata,80719
null_blank,Null values detected in column GENDER,GENDER,9314,Vijay,Rao,user8313@example.com,9876508313,,1996-05-28,Pune,64868
null_blank,Null values detected in column GENDER,GENDER,9315,Rakesh,Joshi,user8314@example.com,9876508314,,1986-10-10,Pune,81361
null_blank,Null values detected in column GENDER,GENDER,9316,Priya,Joshi,user8315@example.com,9876508315,,1989-07-31,Hyderabad,58821
null_blank,Null values detected in column GENDER,GENDER,9319,Kavya,Patel,user8318@example.com,9876508318,,2005-04-15,Kolkata,70821
null_blank,Null values detected in column GENDER,GENDER,9323,Vijay,Sharma,user8322@example.com,9876508322,,2000-02-14,Pune,75647
null_blank,Null values detected in column GENDER,GENDER,9325,Sneha,Gupta,user8324@example.com,9876508324,,2013-02-16,Kolkata,61797
null_blank,Null values detected in column GENDER,GENDER,9326,Sameer,Sharma,user8325@example.com,123,,1970-02-13,Hyderabad,1000
null_blank,Null values detected in column GENDER,GENDER,9327,Sneha,Verma,user8326@example.com,9876508326,,1980-07-09,Hyderabad,81440
null_blank,Null values detected in column GENDER,GENDER,9328,Priya,Mehta,user8327@example.com,9876508327,,1982-11-19,Ahmedabad,31704
null_blank,Null values detected in column GENDER,GENDER,9333,Arjun,Verma,user8332@example.com,9876508332,,2014-04-09,Pune,109137
null_blank,Null values detected in column GENDER,GENDER,9334,Neha,Kumar,user8333@example.com,9876508333,,1988-09-25,Hyderabad,66692
null_blank,Null values detected in column GENDER,GENDER,9336,Priya,Singh,user8335@example.com,9876508335,,1982-06-25,Hyderabad,52177
null_blank,Null values detected in column GENDER,GENDER,9338,Kavya,Mehta,user8337@example.com,9876508337,,1984-07-18,Kolkata,40725
null_blank,Null values detected in column GENDER,GENDER,9346,Anjali,Kumar,user8345@example.com,9876508345,,1988-07-29,Delhi,60199
null_blank,Null values detected in column GENDER,GENDER,9347,Sneha,Sharma,user8346@example.com,9876508346,,2008-08-02,Ahmedabad,92545
null_blank,Null values detected in column GENDER,GENDER,9349,Vijay,Verma,user8348@example.com,9876508348,,1976-12-18,Kolkata,56479
null_blank,Null values detected in column GENDER,GENDER,9351,Vijay,Reddy,user8350@example.com,,,1990-02-18,Pune,68170
null_blank,Null values detected in column GENDER,GENDER,9352,Anjali,Verma,user8351@example.com,9876508351,,2006-07-20,Ahmedabad,58625
null_blank,Null values detected in column GENDER,GENDER,9354,Priya,Kumar,user8353@example.com,9876508353,,2008-10-11,Pune,89312
null_blank,Null values detected in column GENDER,GENDER,9355,Sameer,Singh,user8354@example.com,9876508354,,2011-05-01,Pune,70377
null_blank,Null values detected in column GENDER,GENDER,9357,Sameer,Verma,user8356@example.com,9876508356,,1972-09-18,Delhi,51823
null_blank,Null values detected in column GENDER,GENDER,9361,Priya,Gupta,,9876508360,,1981-05-15,Pune,76270
null_blank,Null values detected in column GENDER,GENDER,9364,Kavya,Joshi,user8363@example.com,9876508363,,1985-07-19,Ahmedabad,66113
null_blank,Null values detected in column GENDER,GENDER,9368,Neha,Reddy,user8367@example.com,9876508367,,2005-10-04,Pune,70044
null_blank,Null values detected in column GENDER,GENDER,9371,Kavya,Kumar,user8370@example.com,9876508370,,2008-08-24,Delhi,470481
null_blank,Null values detected in column GENDER,GENDER,9375,Anjali,Reddy,user8374@example.com,9876508374,,1999-08-23,Delhi,74279
null_blank,Null values detected in column GENDER,GENDER,9376,Amit,Joshi,user8375@example.com,123,,1982-11-06,Chennai,73732
null_blank,Null values detected in column GENDER,GENDER,9378,Anjali,Reddy,user8377@example.com,9876508377,,1973-08-28,Kolkata,40529
null_blank,Null values detected in column GENDER,GENDER,9381,Kavya,Rao,invalid@,9876508380,,1997-10-11,Bangalore,38540
null_blank,Null values detected in column GENDER,GENDER,9382,Sneha,Joshi,user8381@example.com,9876508381,,2011-08-17,Delhi,82723
null_blank,Null values detected in column GENDER,GENDER,9383,Arjun,Joshi,user8382@example.com,9876508382,,1970-10-29,Pune,71318
null_blank,Null values detected in column GENDER,GENDER,9384,Sameer,Mehta,user8383@example.com,9876508383,,2050-01-01,Chennai,52717
null_blank,Null values detected in column GENDER,GENDER,9391,Neha,Sharma,user8390@example.com,9876508390,,1971-10-31,Chennai,45038
null_blank,Null values detected in column GENDER,GENDER,9395,Arjun,Kumar,user8394@example.com,9876508394,,2015-06-15,Hyderabad,70843
null_blank,Null values detected in column GENDER,GENDER,9397,Sneha,Sharma,user8396@example.com,9876508396,,1981-07-22,Ahmedabad,94925
null_blank,Null values detected in column GENDER,GENDER,9398,Neha,Rao,user8397@example.com,9876508397,,1984-01-27,Ahmedabad,64573
null_blank,Null values detected in column GENDER,GENDER,9402,Sneha,Singh,user8401@example.com,9876508401,,2018-10-12,Mumbai,41382
null_blank,Null values detected in column GENDER,GENDER,9403,Sneha,Patel,user8402@example.com,9876508402,,1989-01-11,Chennai,67441
null_blank,Null values detected in column GENDER,GENDER,9407,Priya,Singh,user8406@example.com,9876508406,,1971-09-14,Delhi,48203
null_blank,Null values detected in column GENDER,GENDER,9408,Arjun,Singh,user8407@example.com,9876508407,,2016-02-12,Hyderabad,83685
null_blank,Null values detected in column GENDER,GENDER,9410,Sameer,Sharma,user8409@example.com,9876508409,,1984-09-19,Chennai,109909
null_blank,Null values detected in column GENDER,GENDER,9411,Sameer,Reddy,user8410@example.com,9876508410,,1986-03-23,Chennai,44200
null_blank,Null values detected in column GENDER,GENDER,9416,Amit,Mehta,user8415@example.com,9876508415,,1988-11-07,Pune,1000
null_blank,Null values detected in column GENDER,GENDER,9422,Anjali,Patel,user8421@example.com,9876508421,,2010-08-05,Delhi,78614
null_blank,Null values detected in column GENDER,GENDER,9424,Anjali,Sharma,user8423@example.com,9876508423,,1976-11-29,Delhi,55567
null_blank,Null values detected in column GENDER,GENDER,9425,Sameer,Reddy,user8424@example.com,9876508424,,2004-07-08,Bangalore,67596
null_blank,Null values detected in column GENDER,GENDER,9426,Arjun,Rao,user8425@example.com,123,,2016-09-29,Pune,85393
null_blank,Null values detected in column GENDER,GENDER,9428,Anjali,Mehta,user8427@example.com,9876508427,,2005-11-28,Bangalore,67664
null_blank,Null values detected in column GENDER,GENDER,9431,Arjun,Singh,user8430@example.com,9876508430,,2000-01-04,Pune,470702
null_blank,Null values detected in column GENDER,GENDER,9432,Sneha,Verma,user8431@example.com,9876508431,,1984-07-07,Ahmedabad,69196
null_blank,Null values detected in column GENDER,GENDER,9436,Vijay,Verma,user8435@example.com,9876508435,,1971-05-12,Mumbai,85874
null_blank,Null values detected in column GENDER,GENDER,9442,Neha,Rao,user8441@example.com,9876508441,,1989-11-03,Hyderabad,44899
null_blank,Null values detected in column GENDER,GENDER,9445,Neha,Verma,user8444@example.com,9876508444,,2015-07-11,Bangalore,34825
null_blank,Null values detected in column GENDER,GENDER,9446,Sneha,Rao,user8445@example.com,9876508445,,1989-03-01,Ahmedabad,1000
null_blank,Null values detected in column GENDER,GENDER,9447,Neha,Verma,user8446@example.com,9876508446,,2006-09-07,Delhi,62562
null_blank,Null values detected in column GENDER,GENDER,9450,Priya,Gupta,user8449@example.com,9876508449,,1986-08-18,Delhi,59652
null_blank,Null values detected in column GENDER,GENDER,9453,Amit,Verma,user8452@example.com,9876508452,,2019-04-13,Delhi,47002
null_blank,Null values detected in column GENDER,GENDER,9454,Vijay,Sharma,user8453@example.com,9876508453,,1970-01-20,Kolkata,67453
null_blank,Null values detected in column GENDER,GENDER,9458,Rakesh,Kumar,user8457@example.com,9876508457,,1990-01-17,Bangalore,47864
null_blank,Null values detected in column GENDER,GENDER,9460,Sameer,Mehta,user8459@example.com,9876508459,,1990-09-29,Delhi,58705
null_blank,Null values detected in column GENDER,GENDER,9461,Rakesh,Gupta,invalid@,9876508460,,2013-05-12,Kolkata,562196
null_blank,Null values detected in column GENDER,GENDER,9467,Anjali,Verma,user8466@example.com,9876508466,,1982-07-24,Mumbai,65877
null_blank,Null values detected in column GENDER,GENDER,9474,Vijay,Sharma,user8473@example.com,9876508473,,1997-11-10,Mumbai,62578
null_blank,Null values detected in column GENDER,GENDER,9477,Sneha,Joshi,user8476@example.com,9876508476,,1974-11-25,Pune,49108
null_blank,Null values detected in column GENDER,GENDER,9478,Neha,Kumar,user8477@example.com,9876508477,,2011-11-29,Chennai,78755
null_blank,Null values detected in column GENDER,GENDER,9479,Rakesh,Reddy,user8478@example.com,9876508478,,1971-08-08,Pune,50511
null_blank,Null values detected in column GENDER,GENDER,9485,Arjun,Kumar,user8484@example.com,9876508484,,2012-02-26,Ahmedabad,127594
null_blank,Null values detected in column GENDER,GENDER,9486,Anjali,Joshi,user8485@example.com,9876508485,,2000-02-27,Ahmedabad,65402
null_blank,Null values detected in column GENDER,GENDER,9488,Vijay,Verma,user8487@example.com,9876508487,,2006-05-12,Chennai,65518
null_blank,Null values detected in column GENDER,GENDER,9489,Sameer,Patel,user8488@example.com,9876508488,,2009-08-13,Mumbai,38719
null_blank,Null values detected in column GENDER,GENDER,9491,Amit,Patel,user8490@example.com,9876508490,,1983-01-09,Chennai,970477
null_blank,Null values detected in column GENDER,GENDER,9492,Anjali,Rao,user8491@example.com,9876508491,,1986-07-01,Pune,69189
null_blank,Null values detected in column GENDER,GENDER,9493,Arjun,Joshi,user8492@example.com,9876508492,,1990-05-31,Pune,36551
null_blank,Null values detected in column GENDER,GENDER,9496,Vijay,Gupta,user8495@example.com,9876508495,,1997-06-27,Ahmedabad,27462
null_blank,Null values detected in column GENDER,GENDER,9499,Rakesh,Gupta,user8498@example.com,9876508498,,1986-08-11,Mumbai,96469
null_blank,Null values detected in column GENDER,GENDER,9503,Vijay,Joshi,user8502@example.com,9876508502,,1975-06-11,Delhi,68112
null_blank,Null values detected in column GENDER,GENDER,9504,Amit,Joshi,user8503@example.com,9876508503,,1981-02-19,Chennai,58948
null_blank,Null values detected in column GENDER,GENDER,9505,Amit,Rao,user8504@example.com,9876508504,,1981-03-28,Bangalore,52990
null_blank,Null values detected in column GENDER,GENDER,9507,Amit,Patel,user8506@example.com,9876508506,,2011-07-03,Chennai,32961
null_blank,Null values detected in column GENDER,GENDER,9508,Vijay,Verma,user8507@example.com,9876508507,,1994-04-22,Ahmedabad,77814
null_blank,Null values detected in column GENDER,GENDER,9510,Priya,Gupta,user8509@example.com,9876508509,,2003-01-06,Ahmedabad,60411
null_blank,Null values detected in column GENDER,GENDER,9511,Amit,Sharma,user8510@example.com,9876508510,,2000-03-01,Hyderabad,65599
null_blank,Null values detected in column GENDER,GENDER,9515,Arjun,Mehta,user8514@example.com,9876508514,,invalid,Hyderabad,53632
null_blank,Null values detected in column GENDER,GENDER,9517,Priya,Reddy,user8516@example.com,9876508516,,1978-12-06,Bangalore,88109
null_blank,Null values detected in column GENDER,GENDER,9518,Rakesh,Mehta,user8517@example.com,9876508517,,2003-10-04,Ahmedabad,78369
null_blank,Null values detected in column GENDER,GENDER,9521,Anjali,Gupta,,9876508520,,2016-08-18,Bangalore,333006
null_blank,Null values detected in column GENDER,GENDER,9522,Neha,Joshi,user8521@example.com,9876508521,,2013-06-20,Chennai,35308
null_blank,Null values detected in column GENDER,GENDER,9523,Neha,Singh,user8522@example.com,9876508522,,1975-06-06,Bangalore,43796
null_blank,Null values detected in column GENDER,GENDER,9525,Sneha,Joshi,user8524@example.com,9876508524,,1999-06-07,Hyderabad,49475
null_blank,Null values detected in column GENDER,GENDER,9526,Anjali,Verma,user8525@example.com,123,,1975-07-13,Delhi,78840
null_blank,Null values detected in column GENDER,GENDER,9527,Neha,Gupta,user8526@example.com,9876508526,,1982-10-19,Pune,88570
null_blank,Null values detected in column GENDER,GENDER,9530,Priya,Reddy,user8529@example.com,9876508529,,1999-06-14,Ahmedabad,97887
null_blank,Null values detected in column GENDER,GENDER,9531,Sameer,Singh,user8530@example.com,9876508530,,1995-03-23,Bangalore,69628
null_blank,Null values detected in column GENDER,GENDER,9534,Anjali,Kumar,user8533@example.com,9876508533,,1980-01-24,Chennai,89903
null_blank,Null values detected in column GENDER,GENDER,9535,Rakesh,Patel,user8534@example.com,9876508534,,1974-11-15,Delhi,53167
null_blank,Null values detected in column GENDER,GENDER,9540,Kavya,Reddy,user8539@example.com,9876508539,,2000-05-31,Kolkata,46009
null_blank,Null values detected in column GENDER,GENDER,9544,Arjun,Sharma,user8543@example.com,9876508543,,1995-10-31,Ahmedabad,52097
null_blank,Null values detected in column GENDER,GENDER,9545,Neha,Joshi,user8544@example.com,9876508544,,2000-06-01,Delhi,67220
null_blank,Null values detected in column GENDER,GENDER,9546,Neha,Kumar,user8545@example.com,9876508545,,1985-06-20,Bangalore,33339
null_blank,Null values detected in column GENDER,GENDER,9547,Anjali,Patel,user8546@example.com,9876508546,,2002-10-13,Bangalore,71527
null_blank,Null values detected in column GENDER,GENDER,9550,Kavya,Sharma,user8549@example.com,9876508549,,2000-03-15,Kolkata,32576
null_blank,Null values detected in column GENDER,GENDER,9551,Arjun,Singh,user8550@example.com,,,2015-06-09,Kolkata,819845
null_blank,Null values detected in column GENDER,GENDER,9552,Kavya,Sharma,user8551@example.com,9876508551,,2008-03-25,Pune,50405
null_blank,Null values detected in column GENDER,GENDER,9554,Anjali,Patel,user8553@example.com,9876508553,,1983-09-27,Hyderabad,65524
null_blank,Null values detected in column GENDER,GENDER,9558,Arjun,Kumar,user8557@example.com,9876508557,,1998-06-14,Ahmedabad,78820
null_blank,Null values detected in column GENDER,GENDER,9561,Amit,Joshi,,9876508560,,1990-02-13,Kolkata,37721
null_blank,Null values detected in column GENDER,GENDER,9562,Arjun,Reddy,user8561@example.com,9876508561,,1991-09-30,Bangalore,39629
null_blank,Null values detected in column GENDER,GENDER,9564,Kavya,Sharma,user8563@example.com,9876508563,,1974-02-02,Delhi,25549
null_blank,Null values detected in column GENDER,GENDER,9566,Sameer,Kumar,user8565@example.com,9876508565,,2019-03-06,Mumbai,1000
null_blank,Null values detected in column GENDER,GENDER,9572,Kavya,Rao,user8571@example.com,9876508571,,1999-02-12,Hyderabad,80625
null_blank,Null values detected in column GENDER,GENDER,9573,Rakesh,Rao,user8572@example.com,9876508572,,1988-04-22,Hyderabad,66133
null_blank,Null values detected in column GENDER,GENDER,9574,Priya,Verma,user8573@example.com,9876508573,,1970-01-04,Pune,63518
null_blank,Null values detected in column GENDER,GENDER,9577,Vijay,Joshi,user8576@example.com,9876508576,,2003-11-24,Bangalore,82301
null_blank,Null values detected in column GENDER,GENDER,9578,Kavya,Joshi,user8577@example.com,9876508577,,2015-05-20,Hyderabad,49548
null_blank,Null values detected in column GENDER,GENDER,9581,Neha,Rao,invalid@,9876508580,,1991-04-03,Pune,519447
null_blank,Null values detected in column GENDER,GENDER,9584,Anjali,Mehta,user8583@example.com,9876508583,,2005-03-18,Kolkata,82117
null_blank,Null values detected in column GENDER,GENDER,9585,Vijay,Joshi,user8584@example.com,9876508584,,1976-07-31,Hyderabad,44406
null_blank,Null values detected in column GENDER,GENDER,9588,Priya,Rao,user8587@example.com,9876508587,,2004-03-06,Kolkata,54532
null_blank,Null values detected in column GENDER,GENDER,9590,Anjali,Kumar,user8589@example.com,9876508589,,1976-10-03,Ahmedabad,68673
null_blank,Null values detected in column GENDER,GENDER,9592,Anjali,Patel,user8591@example.com,9876508591,,2007-04-04,Kolkata,88281
null_blank,Null values detected in column GENDER,GENDER,9593,Priya,Gupta,user8592@example.com,9876508592,,1973-06-13,Delhi,77203
null_blank,Null values detected in column GENDER,GENDER,9594,Priya,Patel,user8593@example.com,9876508593,,2005-07-04,Delhi,84883
null_blank,Null values detected in column GENDER,GENDER,9597,Kavya,Gupta,user8596@example.com,9876508596,,1975-10-21,Hyderabad,83280
null_blank,Null values detected in column GENDER,GENDER,9598,Anjali,Sharma,user8597@example.com,9876508597,,2019-01-11,Mumbai,71941
null_blank,Null values detected in column GENDER,GENDER,9600,Rakesh,Patel,user8599@example.com,9876508599,,1998-06-01,Chennai,68726
null_blank,Null values detected in column GENDER,GENDER,9601,Sneha,Kumar,,,,1977-02-02,Chennai,71641
null_blank,Null values detected in column GENDER,GENDER,9602,Kavya,Verma,user8601@example.com,9876508601,,1982-02-06,Chennai,71126
null_blank,Null values detected in column GENDER,GENDER,9603,Rakesh,Mehta,user8602@example.com,9876508602,,1989-06-02,Kolkata,72299
null_blank,Null values detected in column GENDER,GENDER,9608,Sameer,Patel,user8607@example.com,9876508607,,1984-09-01,Mumbai,71883
null_blank,Null values detected in column GENDER,GENDER,9610,Rakesh,Kumar,user8609@example.com,9876508609,,1997-04-27,Hyderabad,71006
null_blank,Null values detected in column GENDER,GENDER,9611,Neha,Verma,user8610@example.com,9876508610,,2007-04-13,Ahmedabad,575940
null_blank,Null values detected in column GENDER,GENDER,9623,Amit,Verma,user8622@example.com,9876508622,,1974-08-01,Delhi,35422
null_blank,Null values detected in column GENDER,GENDER,9625,Priya,Gupta,user8624@example.com,9876508624,,1986-06-08,Kolkata,68460
null_blank,Null values detected in column GENDER,GENDER,9626,Neha,Singh,user8625@example.com,123,,1997-10-18,Delhi,1000
null_blank,Null values detected in column GENDER,GENDER,9629,Arjun,Patel,user8628@example.com,9876508628,,1971-05-15,Mumbai,68030
null_blank,Null values detected in column GENDER,GENDER,9630,Sameer,Joshi,user8629@example.com,9876508629,,invalid,Bangalore,59543
null_blank,Null values detected in column GENDER,GENDER,9633,Priya,Sharma,user8632@example.com,9876508632,,1972-06-06,Pune,72099
null_blank,Null values detected in column GENDER,GENDER,9639,Priya,Joshi,user8638@example.com,9876508638,,1982-01-21,Pune,75785
null_blank,Null values detected in column GENDER,GENDER,9644,Vijay,Reddy,user8643@example.com,9876508643,,2016-07-26,Ahmedabad,95670
null_blank,Null values detected in column GENDER,GENDER,9645,Neha,Singh,user8644@example.com,9876508644,,1981-11-23,Pune,99229
null_blank,Null values detected in column GENDER,GENDER,9648,Kavya,Gupta,user8647@example.com,9876508647,,1987-01-29,Ahmedabad,68174
null_blank,Null values detected in column GENDER,GENDER,9652,Vijay,Reddy,user8651@example.com,9876508651,,2016-04-25,Kolkata,53296
null_blank,Null values detected in column GENDER,GENDER,9653,Rakesh,Rao,user8652@example.com,9876508652,,1982-04-25,Hyderabad,43527
null_blank,Null values detected in column GENDER,GENDER,9654,Priya,Rao,user8653@example.com,9876508653,,1980-07-19,Delhi,58933
null_blank,Null values detected in column GENDER,GENDER,9657,Vijay,Kumar,user8656@example.com,9876508656,,1991-02-24,Hyderabad,58597
null_blank,Null values detected in column GENDER,GENDER,9660,Priya,Singh,user8659@example.com,9876508659,,2006-04-20,Ahmedabad,81437
null_blank,Null values detected in column GENDER,GENDER,9663,Rakesh,Rao,user8662@example.com,9876508662,,1999-04-14,Hyderabad,22301
null_blank,Null values detected in column GENDER,GENDER,9664,Vijay,Mehta,user8663@example.com,9876508663,,1999-03-04,Pune,54401
null_blank,Null values detected in column GENDER,GENDER,9668,Amit,Joshi,user8667@example.com,9876508667,,1991-01-22,Hyderabad,52853
null_blank,Null values detected in column GENDER,GENDER,9670,Sameer,Reddy,user8669@example.com,9876508669,,1999-12-18,Chennai,64930
null_blank,Null values detected in column GENDER,GENDER,9671,Anjali,Singh,user8670@example.com,9876508670,,2008-02-17,Hyderabad,546022
null_blank,Null values detected in column GENDER,GENDER,9672,Priya,Singh,user8671@example.com,9876508671,,2005-09-23,Delhi,76940
null_blank,Null values detected in column GENDER,GENDER,9673,Arjun,Rao,user8672@example.com,9876508672,,2003-03-02,Ahmedabad,69911
null_blank,Null values detected in column GENDER,GENDER,9676,Vijay,Joshi,user8675@example.com,123,,2010-08-21,Bangalore,103619
null_blank,Null values detected in column GENDER,GENDER,9680,Kavya,Joshi,user8679@example.com,9876508679,,1994-10-20,Delhi,22215
null_blank,Null values detected in column GENDER,GENDER,9681,Arjun,Gupta,,9876508680,,1995-04-25,Mumbai,32800
null_blank,Null values detected in column GENDER,GENDER,9686,Anjali,Singh,user8685@example.com,9876508685,,2006-03-07,Pune,1000
null_blank,Null values detected in column GENDER,GENDER,9688,Vijay,Singh,user8687@example.com,9876508687,,1974-04-05,Delhi,58833
null_blank,Null values detected in column GENDER,GENDER,9692,Sameer,Kumar,user8691@example.com,9876508691,,1990-10-01,Mumbai,71551
null_blank,Null values detected in column GENDER,GENDER,9695,Arjun,Reddy,user8694@example.com,9876508694,,2019-04-02,Hyderabad,69112
null_blank,Null values detected in column GENDER,GENDER,9697,Arjun,Kumar,user8696@example.com,9876508696,,1998-02-02,Kolkata,43619
null_blank,Null values detected in column GENDER,GENDER,9699,Vijay,Rao,user8698@example.com,9876508698,,2018-08-11,Hyderabad,44550
null_blank,Null values detected in column GENDER,GENDER,9704,Rakesh,Patel,user8703@example.com,9876508703,,1988-04-10,Chennai,97765
null_blank,Null values detected in column GENDER,GENDER,9710,Rakesh,Joshi,user8709@example.com,9876508709,,2001-10-13,Hyderabad,43668
null_blank,Null values detected in column GENDER,GENDER,9713,Neha,Verma,user8712@example.com,9876508712,,1973-10-03,Mumbai,64051
null_blank,Null values detected in column GENDER,GENDER,9714,Vijay,Verma,user8713@example.com,9876508713,,1971-11-08,Kolkata,112344
null_blank,Null values detected in column GENDER,GENDER,9715,Neha,Reddy,user8714@example.com,9876508714,,1983-11-21,Chennai,72360
null_blank,Null values detected in column GENDER,GENDER,9716,Vijay,Singh,user8715@example.com,9876508715,,1970-09-10,Hyderabad,1000
null_blank,Null values detected in column GENDER,GENDER,9717,Anjali,Joshi,user8716@example.com,9876508716,,1977-11-04,Mumbai,74711
null_blank,Null values detected in column GENDER,GENDER,9718,Priya,Gupta,user8717@example.com,9876508717,,1997-12-13,Ahmedabad,46980
null_blank,Null values detected in column GENDER,GENDER,9720,Amit,Singh,user8719@example.com,9876508719,,1987-04-03,Pune,36922
null_blank,Null values detected in column GENDER,GENDER,9722,Sameer,Verma,user8721@example.com,9876508721,,2000-11-22,Chennai,79886
null_blank,Null values detected in column GENDER,GENDER,9723,Sneha,Kumar,user8722@example.com,9876508722,,2002-02-16,Chennai,84672
null_blank,Null values detected in column GENDER,GENDER,9726,Anjali,Patel,user8725@example.com,123,,2017-11-14,Chennai,44033
null_blank,Null values detected in column GENDER,GENDER,9728,Kavya,Rao,user8727@example.com,9876508727,,2010-11-07,Kolkata,61741
null_blank,Null values detected in column GENDER,GENDER,9729,Anjali,Sharma,user8728@example.com,9876508728,,2009-10-25,Mumbai,55065
null_blank,Null values detected in column GENDER,GENDER,9730,Priya,Sharma,user8729@example.com,9876508729,,2009-06-19,Bangalore,52243
null_blank,Null values detected in column GENDER,GENDER,9731,Anjali,Patel,user8730@example.com,9876508730,,1984-07-22,Hyderabad,709484
null_blank,Null values detected in column GENDER,GENDER,9733,Arjun,Gupta,user8732@example.com,9876508732,,2004-12-07,Hyderabad,82695
null_blank,Null values detected in column GENDER,GENDER,9734,Neha,Verma,user8733@example.com,9876508733,,1995-12-07,Mumbai,53057
null_blank,Null values detected in column GENDER,GENDER,9737,Sneha,Singh,user8736@example.com,9876508736,,2012-01-03,Kolkata,67640
null_blank,Null values detected in column GENDER,GENDER,9739,Arjun,Verma,user8738@example.com,9876508738,,1978-12-31,Chennai,78244
null_blank,Null values detected in column GENDER,GENDER,9740,Sneha,Mehta,user8739@example.com,9876508739,,1999-10-09,Kolkata,54665
null_blank,Null values detected in column GENDER,GENDER,9741,Neha,Reddy,invalid@,9876508740,,1982-05-15,Bangalore,40305
null_blank,Null values detected in column GENDER,GENDER,9744,Rakesh,Mehta,user8743@example.com,9876508743,,1988-02-01,Delhi,106845
null_blank,Null values detected in column GENDER,GENDER,9747,Sameer,Sharma,user8746@example.com,9876508746,,1976-06-06,Hyderabad,30351
null_blank,Null values detected in column GENDER,GENDER,9749,Arjun,Rao,user8748@example.com,9876508748,,2014-02-19,Pune,52241
null_blank,Null values detected in column GENDER,GENDER,9750,Kavya,Reddy,user8749@example.com,9876508749,,2014-10-19,Ahmedabad,41089
null_blank,Null values detected in column GENDER,GENDER,9754,Neha,Singh,user8753@example.com,9876508753,,1983-11-30,Chennai,62795
null_blank,Null values detected in column GENDER,GENDER,9757,Sneha,Kumar,user8756@example.com,9876508756,,1999-04-11,Hyderabad,69767
null_blank,Null values detected in column GENDER,GENDER,9758,Vijay,Joshi,user8757@example.com,9876508757,,1976-10-21,Chennai,52895
null_blank,Null values detected in column GENDER,GENDER,9760,Vijay,Gupta,user8759@example.com,9876508759,,1971-10-11,Bangalore,37836
null_blank,Null values detected in column GENDER,GENDER,9767,Priya,Mehta,user8766@example.com,9876508766,,1974-11-09,Kolkata,57283
null_blank,Null values detected in column GENDER,GENDER,9771,Vijay,Mehta,user8770@example.com,9876508770,,invalid,Pune,78226
null_blank,Null values detected in column GENDER,GENDER,9772,Vijay,Kumar,user8771@example.com,9876508771,,1976-12-23,Hyderabad,80183
null_blank,Null values detected in column GENDER,GENDER,9776,Rakesh,Reddy,user8775@example.com,123,,1986-01-03,Hyderabad,1000
null_blank,Null values detected in column GENDER,GENDER,9780,Priya,Sharma,user8779@example.com,9876508779,,1984-10-21,Hyderabad,53603
null_blank,Null values detected in column GENDER,GENDER,9784,Sameer,Singh,user8783@example.com,9876508783,,1996-04-22,Delhi,78751
null_blank,Null values detected in column GENDER,GENDER,9789,Vijay,Mehta,user8788@example.com,9876508788,,1997-12-28,Delhi,32331
null_blank,Null values detected in column GENDER,GENDER,9791,Sameer,Mehta,user8790@example.com,9876508790,,2012-12-10,Kolkata,609145
null_blank,Null values detected in column GENDER,GENDER,9792,Anjali,Mehta,user8791@example.com,9876508791,,2050-01-01,Mumbai,86085
null_blank,Null values detected in column GENDER,GENDER,9793,Arjun,Patel,user8792@example.com,9876508792,,1980-05-24,Mumbai,57745
null_blank,Null values detected in column GENDER,GENDER,9794,Amit,Patel,user8793@example.com,9876508793,,1997-03-03,Mumbai,11197
null_blank,Null values detected in column GENDER,GENDER,9796,Vijay,Patel,user8795@example.com,9876508795,,2007-04-25,Delhi,28166
null_blank,Null values detected in column GENDER,GENDER,9797,Arjun,Kumar,user8796@example.com,9876508796,,1987-07-18,Chennai,80107
null_blank,Null values detected in column GENDER,GENDER,9799,Amit,Sharma,user8798@example.com,9876508798,,2001-12-23,Bangalore,89377
null_blank,Null values detected in column GENDER,GENDER,9801,Vijay,Sharma,,,,1980-09-10,Mumbai,44398
null_blank,Null values detected in column GENDER,GENDER,9802,Sneha,Mehta,user8801@example.com,9876508801,,1986-07-22,Hyderabad,78395
null_blank,Null values detected in column GENDER,GENDER,9803,Sameer,Mehta,user8802@example.com,9876508802,,1986-08-25,Mumbai,33808
null_blank,Null values detected in column GENDER,GENDER,9804,Rakesh,Singh,user8803@example.com,9876508803,,1998-09-21,Mumbai,58858
null_blank,Null values detected in column GENDER,GENDER,9805,Amit,Mehta,user8804@example.com,9876508804,,1988-04-20,Ahmedabad,27721
null_blank,Null values detected in column GENDER,GENDER,9807,Rakesh,Sharma,user8806@example.com,9876508806,,1995-09-03,Kolkata,69946
null_blank,Null values detected in column GENDER,GENDER,9809,Vijay,Rao,user8808@example.com,9876508808,,2011-05-19,Mumbai,46282
null_blank,Null values detected in column GENDER,GENDER,9811,Vijay,Rao,user8810@example.com,9876508810,,2005-12-11,Chennai,83174
null_blank,Null values detected in column GENDER,GENDER,9812,Amit,Kumar,user8811@example.com,9876508811,,2010-03-24,Ahmedabad,69680
null_blank,Null values detected in column GENDER,GENDER,9820,Neha,Gupta,user8819@example.com,9876508819,,1985-12-10,Pune,58126
null_blank,Null values detected in column GENDER,GENDER,9822,Priya,Patel,user8821@example.com,9876508821,,1994-08-19,Kolkata,93778
null_blank,Null values detected in column GENDER,GENDER,9825,Kavya,Singh,user8824@example.com,9876508824,,1992-03-03,Hyderabad,86731
null_blank,Null values detected in column GENDER,GENDER,9826,Sameer,Mehta,user8825@example.com,123,,2016-05-18,Delhi,54029
null_blank,Null values detected in column GENDER,GENDER,9828,Sneha,Sharma,user8827@example.com,9876508827,,1984-08-16,Chennai,81327
null_blank,Null values detected in column GENDER,GENDER,9830,Neha,Sharma,user8829@example.com,9876508829,,2012-10-14,Ahmedabad,56083
null_blank,Null values detected in column GENDER,GENDER,9831,Arjun,Singh,user8830@example.com,9876508830,,1986-07-05,Ahmedabad,27719
null_blank,Null values detected in column GENDER,GENDER,9832,Sneha,Mehta,user8831@example.com,9876508831,,2009-04-07,Bangalore,48185
null_blank,Null values detected in column GENDER,GENDER,9833,Neha,Gupta,user8832@example.com,9876508832,,1975-09-26,Delhi,51850
null_blank,Null values detected in column GENDER,GENDER,9834,Sameer,Patel,user8833@example.com,9876508833,,1999-08-16,Pune,49995
null_blank,Null values detected in column GENDER,GENDER,9840,Kavya,Patel,user8839@example.com,9876508839,,1974-09-04,Delhi,54752
null_blank,Null values detected in column GENDER,GENDER,9842,Neha,Patel,user8841@example.com,9876508841,,2001-06-06,Pune,80304
null_blank,Null values detected in column GENDER,GENDER,9843,Vijay,Verma,user8842@example.com,9876508842,,1976-10-20,Kolkata,66717
null_blank,Null values detected in column GENDER,GENDER,9844,Rakesh,Gupta,user8843@example.com,9876508843,,1999-05-04,Pune,42558
null_blank,Null values detected in column GENDER,GENDER,9845,Vijay,Singh,user8844@example.com,9876508844,,2017-06-04,Mumbai,54328
null_blank,Null values detected in column GENDER,GENDER,9846,Vijay,Rao,user8845@example.com,9876508845,,1972-05-27,Kolkata,40264
null_blank,Null values detected in column GENDER,GENDER,9848,Vijay,Singh,user8847@example.com,9876508847,,1993-12-04,Chennai,78701
null_blank,Null values detected in column GENDER,GENDER,9849,Sameer,Joshi,user8848@example.com,9876508848,,1976-09-28,Pune,76695
null_blank,Null values detected in column GENDER,GENDER,9851,Arjun,Kumar,user8850@example.com,,,2002-03-24,Hyderabad,678434
null_blank,Null values detected in column GENDER,GENDER,9856,Rakesh,Patel,user8855@example.com,9876508855,,1987-03-20,Pune,41816
null_blank,Null values detected in column GENDER,GENDER,9859,Sameer,Sharma,user8858@example.com,9876508858,,2003-04-19,Delhi,83631
null_blank,Null values detected in column GENDER,GENDER,9867,Arjun,Mehta,user8866@example.com,9876508866,,2006-05-09,Hyderabad,78893
null_blank,Null values detected in column GENDER,GENDER,9869,Anjali,Patel,user8868@example.com,9876508868,,2018-06-14,Hyderabad,76668
null_blank,Null values detected in column GENDER,GENDER,9872,Sneha,Verma,user8871@example.com,9876508871,,2000-10-05,Delhi,80613
null_blank,Null values detected in column GENDER,GENDER,9877,Kavya,Mehta,user8876@example.com,9876508876,,2009-01-31,Mumbai,85922
null_blank,Null values detected in column GENDER,GENDER,9878,Anjali,Reddy,user8877@example.com,9876508877,,1981-07-18,Kolkata,23421
null_blank,Null values detected in column GENDER,GENDER,9880,Amit,Mehta,user8879@example.com,9876508879,,2000-11-05,Ahmedabad,80204
null_blank,Null values detected in column GENDER,GENDER,9883,Amit,Singh,user8882@example.com,9876508882,,2004-10-28,Hyderabad,86992
null_blank,Null values detected in column GENDER,GENDER,9888,Neha,Reddy,user8887@example.com,9876508887,,2011-08-18,Ahmedabad,79562
null_blank,Null values detected in column GENDER,GENDER,9889,Arjun,Singh,user8888@example.com,9876508888,,1979-06-06,Bangalore,58794
null_blank,Null values detected in column GENDER,GENDER,9890,Arjun,Joshi,user8889@example.com,9876508889,,2012-11-04,Bangalore,66919
null_blank,Null values detected in column GENDER,GENDER,9891,Anjali,Rao,user8890@example.com,9876508890,,1972-11-13,Hyderabad,76425
null_blank,Null values detected in column GENDER,GENDER,9892,Arjun,Sharma,user8891@example.com,9876508891,,1999-02-23,Delhi,40492
null_blank,Null values detected in column GENDER,GENDER,9893,Amit,Rao,user8892@example.com,9876508892,,2003-08-10,Mumbai,77257
null_blank,Null values detected in column GENDER,GENDER,9895,Neha,Verma,user8894@example.com,9876508894,,2013-10-16,Pune,64740
null_blank,Null values detected in column GENDER,GENDER,9900,Priya,Joshi,user8899@example.com,9876508899,,1979-05-02,Kolkata,51946
null_blank,Null values detected in column GENDER,GENDER,9901,Anjali,Joshi,invalid@,,,2006-08-16,Delhi,67839
null_blank,Null values detected in column GENDER,GENDER,9902,Vijay,Rao,user8901@example.com,9876508901,,1972-05-19,Pune,114736
null_blank,Null values detected in column GENDER,GENDER,9903,Vijay,Joshi,user8902@example.com,9876508902,,1984-01-11,Kolkata,45092
null_blank,Null values detected in column GENDER,GENDER,9904,Neha,Joshi,user8903@example.com,9876508903,,2016-05-05,Pune,78159
null_blank,Null values detected in column GENDER,GENDER,9914,Sneha,Kumar,user8913@example.com,9876508913,,1983-01-27,Pune,71553
null_blank,Null values detected in column GENDER,GENDER,9915,Rakesh,Reddy,user8914@example.com,9876508914,,2004-05-23,Delhi,66207
null_blank,Null values detected in column GENDER,GENDER,9916,Amit,Verma,user8915@example.com,9876508915,,1970-03-01,Kolkata,62373
null_blank,Null values detected in column GENDER,GENDER,9921,Anjali,Singh,,9876508920,,2012-10-13,Kolkata,79065
null_blank,Null values detected in column GENDER,GENDER,9922,Vijay,Gupta,user8921@example.com,9876508921,,1993-12-20,Delhi,60408
null_blank,Null values detected in column GENDER,GENDER,9924,Anjali,Reddy,user8923@example.com,9876508923,,2005-09-20,Kolkata,88155
null_blank,Null values detected in column GENDER,GENDER,9925,Amit,Singh,user8924@example.com,9876508924,,1992-03-07,Mumbai,88733
null_blank,Null values detected in column GENDER,GENDER,9926,Rakesh,Reddy,user8925@example.com,123,,1991-07-29,Pune,1000
null_blank,Null values detected in column GENDER,GENDER,9931,Neha,Mehta,user8930@example.com,9876508930,,2011-06-11,Delhi,80857
null_blank,Null values detected in column GENDER,GENDER,9932,Rakesh,Kumar,user8931@example.com,9876508931,,1989-11-03,Kolkata,52458
null_blank,Null values detected in column GENDER,GENDER,9936,Amit,Mehta,user8935@example.com,9876508935,,2006-08-08,Kolkata,57614
null_blank,Null values detected in column GENDER,GENDER,9937,Anjali,Patel,user8936@example.com,9876508936,,2000-08-30,Chennai,54506
null_blank,Null values detected in column GENDER,GENDER,9939,Sneha,Kumar,user8938@example.com,9876508938,,1978-08-10,Kolkata,95741
null_blank,Null values detected in column GENDER,GENDER,9940,Priya,Kumar,user8939@example.com,9876508939,,1977-09-01,Mumbai,11244
null_blank,Null values detected in column GENDER,GENDER,9942,Sameer,Reddy,user8941@example.com,9876508941,,1974-11-30,Chennai,112733
null_blank,Null values detected in column GENDER,GENDER,9943,Anjali,Reddy,user8942@example.com,9876508942,,2050-01-01,Ahmedabad,84681
null_blank,Null values detected in column GENDER,GENDER,9944,Anjali,Verma,user8943@example.com,9876508943,,1976-05-31,Ahmedabad,71117
null_blank,Null values detected in column GENDER,GENDER,9950,Kavya,Reddy,user8949@example.com,9876508949,,2010-03-16,Delhi,51139
null_blank,Null values detected in column GENDER,GENDER,9953,Anjali,Rao,user8952@example.com,9876508952,,1984-10-05,Pune,80504
null_blank,Null values detected in column GENDER,GENDER,9954,Sneha,Reddy,user8953@example.com,9876508953,,1976-12-14,Chennai,81638
null_blank,Null values detected in column GENDER,GENDER,9956,Amit,Singh,user8955@example.com,9876508955,,1976-07-06,Ahmedabad,1000
null_blank,Null values detected in column GENDER,GENDER,9957,Amit,Singh,user8956@example.com,9876508956,,2004-10-28,Ahmedabad,40497
null_blank,Null values detected in column GENDER,GENDER,9958,Priya,Mehta,user8957@example.com,9876508957,,1973-02-13,Chennai,90717
null_blank,Null values detected in column GENDER,GENDER,9960,Vijay,Singh,user8959@example.com,9876508959,,1982-11-28,Kolkata,78999
null_blank,Null values detected in column GENDER,GENDER,9963,Vijay,Rao,user8962@example.com,9876508962,,1993-02-26,Ahmedabad,101517
null_blank,Null values detected in column GENDER,GENDER,9969,Neha,Verma,user8968@example.com,9876508968,,2000-08-15,Kolkata,89231
null_blank,Null values detected in column GENDER,GENDER,9971,Vijay,Rao,user8970@example.com,9876508970,,2050-01-01,Pune,766133
null_blank,Null values detected in column GENDER,GENDER,9972,Sameer,Rao,user8971@example.com,9876508971,,2010-03-18,Delhi,41744
null_blank,Null values detected in column GENDER,GENDER,9973,Sneha,Mehta,user8972@example.com,9876508972,,1986-06-01,Pune,95491
null_blank,Null values detected in column GENDER,GENDER,9974,Priya,Gupta,user8973@example.com,9876508973,,1971-07-24,Pune,71254
null_blank,Null values detected in column GENDER,GENDER,9977,Neha,Mehta,user8976@example.com,9876508976,,1982-03-21,Ahmedabad,42203
null_blank,Null values detected in column GENDER,GENDER,9979,Arjun,Kumar,user8978@example.com,9876508978,,1979-02-23,Pune,63476
null_blank,Null values detected in column GENDER,GENDER,9980,Rakesh,Rao,user8979@example.com,9876508979,,1989-01-08,Bangalore,63267
null_blank,Null values detected in column GENDER,GENDER,9981,Priya,Reddy,invalid@,9876508980,,1989-04-10,Ahmedabad,67521
null_blank,Null values detected in column GENDER,GENDER,9983,Sameer,Kumar,user8982@example.com,9876508982,,2001-03-29,Delhi,64559
null_blank,Null values detected in column GENDER,GENDER,9984,Priya,Gupta,user8983@example.com,9876508983,,1989-08-04,Mumbai,64870
null_blank,Null values detected in column GENDER,GENDER,9987,Rakesh,Reddy,user8986@example.com,9876508986,,1992-12-28,Ahmedabad,40715
null_blank,Null values detected in column GENDER,GENDER,9988,Neha,Patel,user8987@example.com,9876508987,,2012-09-09,Chennai,57131
null_blank,Null values detected in column GENDER,GENDER,9991,Anjali,Mehta,user8990@example.com,9876508990,,2003-07-04,Ahmedabad,98920
null_blank,Null values detected in column GENDER,GENDER,9995,Vijay,Kumar,user8994@example.com,9876508994,,1970-11-21,Ahmedabad,55887
null_blank,Null values detected in column GENDER,GENDER,9996,Rakesh,Sharma,user8995@example.com,9876508995,,1986-10-18,Hyderabad,46563
null_blank,Null values detected in column GENDER,GENDER,9997,Sneha,Rao,user8996@example.com,9876508996,,2016-07-06,Mumbai,95736
null_blank,Null values detected in column GENDER,GENDER,9998,Priya,Rao,user8997@example.com,9876508997,,1978-07-20,Mumbai,76835
null_blank,Null values detected in column GENDER,GENDER,9999,Anjali,Patel,user8998@example.com,9876508998,,2013-05-04,Pune,45671
null_blank,Null values detected in column GENDER,GENDER,10000,Sneha,Patel,user8999@example.com,9876508999,,2001-05-25,Kolkata,79110
null_blank,Null values detected in column GENDER,GENDER,10003,Rakesh,Patel,user9002@example.com,9876509002,,2003-10-21,Mumbai,70628
null_blank,Null values detected in column GENDER,GENDER,10004,Anjali,Rao,user9003@example.com,9876509003,,2008-04-28,Delhi,68419
null_blank,Null values detected in column GENDER,GENDER,10005,Sameer,Gupta,user9004@example.com,9876509004,,1999-06-08,Delhi,46371
null_blank,Null values detected in column GENDER,GENDER,10008,Sneha,Gupta,user9007@example.com,9876509007,,1970-01-23,Ahmedabad,84778
null_blank,Null values detected in column GENDER,GENDER,10009,Kavya,Joshi,user9008@example.com,9876509008,,1997-10-21,Mumbai,27342
null_blank,Null values detected in column GENDER,GENDER,10010,Neha,Joshi,user9009@example.com,9876509009,,2005-10-18,Delhi,84131
null_blank,Null values detected in column GENDER,GENDER,10011,Anjali,Sharma,user9010@example.com,9876509010,,2000-11-13,Chennai,65501
null_blank,Null values detected in column GENDER,GENDER,10012,Arjun,Singh,user9011@example.com,9876509011,,1988-05-21,Bangalore,81552
null_blank,Null values detected in column GENDER,GENDER,10013,Neha,Singh,user9012@example.com,9876509012,,1986-07-29,Bangalore,41041
null_blank,Null values detected in column GENDER,GENDER,10018,Kavya,Singh,user9017@example.com,9876509017,,1979-03-17,Mumbai,102005
null_blank,Null values detected in column GENDER,GENDER,10019,Vijay,Joshi,user9018@example.com,9876509018,,1979-07-23,Bangalore,70954
null_blank,Null values detected in column GENDER,GENDER,10020,Vijay,Sharma,user9019@example.com,9876509019,,1984-02-24,Mumbai,102694
null_blank,Null values detected in column GENDER,GENDER,10023,Anjali,Singh,user9022@example.com,9876509022,,2001-04-09,Pune,70922
null_blank,Null values detected in column GENDER,GENDER,10024,Sneha,Reddy,user9023@example.com,9876509023,,1986-11-25,Chennai,62335
null_blank,Null values detected in column GENDER,GENDER,10027,Kavya,Rao,user9026@example.com,9876509026,,1994-05-19,Hyderabad,37938
null_blank,Null values detected in column GENDER,GENDER,10029,Arjun,Rao,user9028@example.com,9876509028,,1984-05-27,Bangalore,61299
null_blank,Null values detected in column GENDER,GENDER,10030,Amit,Singh,user9029@example.com,9876509029,,2007-05-24,Kolkata,37758
null_blank,Null values detected in column GENDER,GENDER,10031,Sameer,Mehta,user9030@example.com,9876509030,,1981-06-23,Ahmedabad,727964
null_blank,Null values detected in column GENDER,GENDER,10034,Vijay,Kumar,user9033@example.com,9876509033,,1974-01-07,Chennai,52402
null_blank,Null values detected in column GENDER,GENDER,10035,Rakesh,Gupta,user9034@example.com,9876509034,,1986-09-15,Delhi,91281
null_blank,Null values detected in column GENDER,GENDER,10036,Sameer,Gupta,user9035@example.com,9876509035,,1990-08-31,Bangalore,75787
null_blank,Null values detected in column GENDER,GENDER,10038,Priya,Sharma,user9037@example.com,9876509037,,1987-08-01,Pune,72964
null_blank,Null values detected in column GENDER,GENDER,10039,Kavya,Joshi,user9038@example.com,9876509038,,2004-08-18,Hyderabad,49400
null_blank,Null values detected in column GENDER,GENDER,10040,Sameer,Singh,user9039@example.com,9876509039,,1973-10-25,Ahmedabad,84570
null_blank,Null values detected in column GENDER,GENDER,10041,Sneha,Kumar,,9876509040,,1980-02-11,Mumbai,106935
null_blank,Null values detected in column GENDER,GENDER,10044,Anjali,Joshi,user9043@example.com,9876509043,,1984-08-04,Delhi,45755
null_blank,Null values detected in column GENDER,GENDER,10045,Priya,Rao,user9044@example.com,9876509044,,2019-02-28,Kolkata,66977
null_blank,Null values detected in column GENDER,GENDER,10046,Arjun,Singh,user9045@example.com,9876509045,,2005-10-09,Bangalore,1000
null_blank,Null values detected in column GENDER,GENDER,10047,Vijay,Joshi,user9046@example.com,9876509046,,2013-09-23,Bangalore,83299
null_blank,Null values detected in column GENDER,GENDER,10050,Amit,Singh,user9049@example.com,9876509049,,2002-01-09,Hyderabad,59199
null_blank,Null values detected in column GENDER,GENDER,10051,Amit,Verma,user9050@example.com,,,2016-07-17,Ahmedabad,62788
null_blank,Null values detected in column GENDER,GENDER,10053,Neha,Patel,user9052@example.com,9876509052,,1988-07-12,Delhi,56887
null_blank,Null values detected in column GENDER,GENDER,10056,Sneha,Joshi,user9055@example.com,9876509055,,1996-05-31,Bangalore,84787
null_blank,Null values detected in column GENDER,GENDER,10060,Sneha,Sharma,user9059@example.com,9876509059,,2009-04-07,Chennai,29128
null_blank,Null values detected in column GENDER,GENDER,10061,Priya,Reddy,invalid@,9876509060,,1996-02-06,Ahmedabad,799736
null_blank,Null values detected in column GENDER,GENDER,10063,Vijay,Reddy,user9062@example.com,9876509062,,2012-05-21,Delhi,72431
null_blank,Null values detected in column GENDER,GENDER,10066,Vijay,Gupta,user9065@example.com,9876509065,,1988-07-05,Chennai,73913
null_blank,Null values detected in column GENDER,GENDER,10068,Neha,Singh,user9067@example.com,9876509067,,1994-05-17,Ahmedabad,79210
null_blank,Null values detected in column GENDER,GENDER,10069,Amit,Reddy,user9068@example.com,9876509068,,1971-07-28,Chennai,60344
null_blank,Null values detected in column GENDER,GENDER,10070,Vijay,Sharma,user9069@example.com,9876509069,,2016-03-31,Kolkata,47709
null_blank,Null values detected in column GENDER,GENDER,10071,Anjali,Joshi,user9070@example.com,9876509070,,1976-02-01,Kolkata,36655
null_blank,Null values detected in column GENDER,GENDER,10072,Priya,Sharma,user9071@example.com,9876509071,,2018-05-27,Ahmedabad,62424
null_blank,Null values detected in column GENDER,GENDER,10074,Vijay,Patel,user9073@example.com,9876509073,,1982-10-12,Ahmedabad,96819
null_blank,Null values detected in column GENDER,GENDER,10075,Anjali,Singh,user9074@example.com,9876509074,,2001-02-04,Kolkata,56775
null_blank,Null values detected in column GENDER,GENDER,10085,Sameer,Patel,user9084@example.com,9876509084,,2002-02-20,Delhi,43074
null_blank,Null values detected in column GENDER,GENDER,10089,Vijay,Verma,user9088@example.com,9876509088,,2018-11-10,Ahmedabad,60448
null_blank,Null values detected in column GENDER,GENDER,10098,Amit,Gupta,user9097@example.com,9876509097,,1994-05-07,Kolkata,68147
null_blank,Null values detected in column GENDER,GENDER,10104,Arjun,Verma,user9103@example.com,9876509103,,1984-03-07,Delhi,47668
null_blank,Null values detected in column GENDER,GENDER,10114,Priya,Joshi,user9113@example.com,9876509113,,1972-05-09,Chennai,77765
null_blank,Null values detected in column GENDER,GENDER,10119,Sneha,Reddy,user9118@example.com,9876509118,,2000-03-07,Hyderabad,91082
null_blank,Null values detected in column GENDER,GENDER,10122,Kavya,Kumar,user9121@example.com,9876509121,,1990-10-07,Hyderabad,85273
null_blank,Null values detected in column GENDER,GENDER,10123,Neha,Patel,user9122@example.com,9876509122,,1987-07-13,Delhi,103282
null_blank,Null values detected in column GENDER,GENDER,10125,Rakesh,Reddy,user9124@example.com,9876509124,,2009-01-30,Chennai,80033
null_blank,Null values detected in column GENDER,GENDER,10126,Anjali,Joshi,user9125@example.com,123,,2013-09-22,Chennai,48868
null_blank,Null values detected in column GENDER,GENDER,10129,Amit,Kumar,user9128@example.com,9876509128,,1990-05-01,Chennai,80773
null_blank,Null values detected in column GENDER,GENDER,10132,Kavya,Sharma,user9131@example.com,9876509131,,1981-08-08,Bangalore,53384
null_blank,Null values detected in column GENDER,GENDER,10135,Arjun,Rao,user9134@example.com,9876509134,,2006-02-15,Mumbai,74388
null_blank,Null values detected in column GENDER,GENDER,10137,Arjun,Singh,user9136@example.com,9876509136,,2016-12-09,Hyderabad,85813
null_blank,Null values detected in column GENDER,GENDER,10139,Vijay,Reddy,user9138@example.com,9876509138,,1982-09-02,Mumbai,62603
null_blank,Null values detected in column GENDER,GENDER,10141,Arjun,Reddy,invalid@,9876509140,,1997-12-14,Chennai,96530
null_blank,Null values detected in column GENDER,GENDER,10149,Arjun,Gupta,user9148@example.com,9876509148,,1979-12-01,Ahmedabad,39763
null_blank,Null values detected in column GENDER,GENDER,10150,Rakesh,Sharma,user9149@example.com,9876509149,,1994-06-02,Chennai,34656
null_blank,Null values detected in column GENDER,GENDER,10151,Sneha,Mehta,user9150@example.com,,,2007-11-25,Chennai,389271
null_blank,Null values detected in column GENDER,GENDER,10153,Vijay,Kumar,user9152@example.com,9876509152,,1995-01-01,Delhi,73813
null_blank,Null values detected in column GENDER,GENDER,10157,Anjali,Patel,user9156@example.com,9876509156,,1996-07-05,Mumbai,72345
null_blank,Null values detected in column GENDER,GENDER,10158,Anjali,Reddy,user9157@example.com,9876509157,,1985-03-24,Mumbai,68849
null_blank,Null values detected in column GENDER,GENDER,10162,Kavya,Verma,user9161@example.com,9876509161,,1977-09-01,Kolkata,77628
null_blank,Null values detected in column GENDER,GENDER,10163,Kavya,Gupta,user9162@example.com,9876509162,,1995-11-15,Chennai,79855
null_blank,Null values detected in column GENDER,GENDER,10164,Vijay,Joshi,user9163@example.com,9876509163,,2004-12-12,Mumbai,43781
null_blank,Null values detected in column GENDER,GENDER,10165,Sneha,Gupta,user9164@example.com,9876509164,,1999-01-20,Delhi,43318
null_blank,Null values detected in column GENDER,GENDER,10166,Arjun,Gupta,user9165@example.com,9876509165,,1973-02-17,Kolkata,1000
null_blank,Null values detected in column GENDER,GENDER,10170,Neha,Joshi,user9169@example.com,9876509169,,2016-11-26,Kolkata,94172
null_blank,Null values detected in column GENDER,GENDER,10172,Sameer,Joshi,user9171@example.com,9876509171,,2014-03-29,Mumbai,46270
null_blank,Null values detected in column GENDER,GENDER,10175,Neha,Rao,user9174@example.com,9876509174,,1979-07-21,Bangalore,84004
null_blank,Null values detected in column GENDER,GENDER,10177,Kavya,Mehta,user9176@example.com,9876509176,,1995-07-26,Chennai,80974
null_blank,Null values detected in column GENDER,GENDER,10180,Arjun,Mehta,user9179@example.com,9876509179,,2006-12-28,Delhi,47355
null_blank,Null values detected in column GENDER,GENDER,10182,Neha,Mehta,user9181@example.com,9876509181,,1971-02-14,Mumbai,83000
null_blank,Null values detected in column GENDER,GENDER,10183,Priya,Joshi,user9182@example.com,9876509182,,1971-10-08,Pune,55017
null_blank,Null values detected in column GENDER,GENDER,10184,Sneha,Patel,user9183@example.com,9876509183,,2019-02-08,Pune,103426
null_blank,Null values detected in column GENDER,GENDER,10186,Kavya,Mehta,user9185@example.com,9876509185,,1973-01-18,Hyderabad,75639
null_blank,Null values detected in column GENDER,GENDER,10191,Priya,Joshi,user9190@example.com,9876509190,,1996-04-18,Delhi,77229
null_blank,Null values detected in column GENDER,GENDER,10200,Rakesh,Kumar,user9199@example.com,9876509199,,1988-03-01,Bangalore,65667
null_blank,Null values detected in column GENDER,GENDER,10201,Rakesh,Gupta,,,,1974-09-21,Bangalore,55317
null_blank,Null values detected in column GENDER,GENDER,10203,Amit,Rao,user9202@example.com,9876509202,,1976-09-21,Chennai,51309
null_blank,Null values detected in column GENDER,GENDER,10204,Neha,Rao,user9203@example.com,9876509203,,2010-02-22,Delhi,72232
null_blank,Null values detected in column GENDER,GENDER,10207,Vijay,Verma,user9206@example.com,9876509206,,1991-01-19,Ahmedabad,87911
null_blank,Null values detected in column GENDER,GENDER,10210,Priya,Gupta,user9209@example.com,9876509209,,1998-12-26,Ahmedabad,86516
null_blank,Null values detected in column GENDER,GENDER,10216,Priya,Gupta,user9215@example.com,9876509215,,1980-12-20,Hyderabad,75017
null_blank,Null values detected in column GENDER,GENDER,10220,Rakesh,Reddy,user9219@example.com,9876509219,,2000-12-13,Kolkata,65332
null_blank,Null values detected in column GENDER,GENDER,10223,Neha,Singh,user9222@example.com,9876509222,,2002-11-06,Delhi,125355
null_blank,Null values detected in column GENDER,GENDER,10227,Neha,Sharma,user9226@example.com,9876509226,,1984-01-08,Bangalore,48686
null_blank,Null values detected in column GENDER,GENDER,10228,Sameer,Singh,user9227@example.com,9876509227,,2015-12-30,Mumbai,99266
null_blank,Null values detected in column GENDER,GENDER,10230,Arjun,Sharma,user9229@example.com,9876509229,,1981-04-05,Ahmedabad,50500
null_blank,Null values detected in column GENDER,GENDER,10233,Amit,Patel,user9232@example.com,9876509232,,invalid,Bangalore,71696
null_blank,Null values detected in column GENDER,GENDER,10237,Neha,Kumar,user9236@example.com,9876509236,,2009-10-21,Pune,66132
null_blank,Null values detected in column GENDER,GENDER,10240,Arjun,Sharma,user9239@example.com,9876509239,,1978-10-03,Bangalore,15710
null_blank,Null values detected in column GENDER,GENDER,10243,Rakesh,Mehta,user9242@example.com,9876509242,,1979-10-22,Hyderabad,80242
null_blank,Null values detected in column GENDER,GENDER,10245,Kavya,Singh,user9244@example.com,9876509244,,1991-11-21,Hyderabad,93848
null_blank,Null values detected in column GENDER,GENDER,10249,Vijay,Sharma,user9248@example.com,9876509248,,1990-03-12,Delhi,52642
null_blank,Null values detected in column GENDER,GENDER,10256,Amit,Rao,user9255@example.com,9876509255,,1999-04-28,Delhi,1000
null_blank,Null values detected in column GENDER,GENDER,10258,Sameer,Verma,user9257@example.com,9876509257,,2005-10-06,Mumbai,50685
null_blank,Null values detected in column GENDER,GENDER,10259,Priya,Patel,user9258@example.com,9876509258,,2008-06-03,Delhi,87018
null_blank,Null values detected in column GENDER,GENDER,10263,Amit,Rao,user9262@example.com,9876509262,,2016-09-16,Hyderabad,77849
null_blank,Null values detected in column GENDER,GENDER,10265,Kavya,Verma,user9264@example.com,9876509264,,2016-06-26,Hyderabad,61430
null_blank,Null values detected in column GENDER,GENDER,10268,Arjun,Reddy,user9267@example.com,9876509267,,1978-01-13,Hyderabad,65637
null_blank,Null values detected in column GENDER,GENDER,10271,Sameer,Rao,user9270@example.com,9876509270,,1986-08-31,Chennai,553676
null_blank,Null values detected in column GENDER,GENDER,10272,Arjun,Patel,user9271@example.com,9876509271,,1981-11-12,Hyderabad,71802
null_blank,Null values detected in column GENDER,GENDER,10273,Anjali,Joshi,user9272@example.com,9876509272,,2000-08-08,Pune,101814
null_blank,Null values detected in column GENDER,GENDER,10277,Kavya,Gupta,user9276@example.com,9876509276,,1978-05-02,Hyderabad,78087
null_blank,Null values detected in column GENDER,GENDER,10279,Amit,Kumar,user9278@example.com,9876509278,,1986-09-29,Hyderabad,106491
null_blank,Null values detected in column GENDER,GENDER,10282,Rakesh,Sharma,user9281@example.com,9876509281,,1992-06-17,Bangalore,65982
null_blank,Null values detected in column GENDER,GENDER,10286,Anjali,Mehta,user9285@example.com,9876509285,,2012-12-01,Bangalore,1000
null_blank,Null values detected in column GENDER,GENDER,10288,Amit,Verma,user9287@example.com,9876509287,,2008-09-27,Pune,53837
null_blank,Null values detected in column GENDER,GENDER,10293,Neha,Reddy,user9292@example.com,9876509292,,1980-06-25,Kolkata,93495
null_blank,Null values detected in column GENDER,GENDER,10295,Arjun,Patel,user9294@example.com,9876509294,,1982-12-21,Bangalore,99166
null_blank,Null values detected in column GENDER,GENDER,10298,Rakesh,Patel,user9297@example.com,9876509297,,2001-11-04,Ahmedabad,81041
null_blank,Null values detected in column GENDER,GENDER,10300,Kavya,Rao,user9299@example.com,9876509299,,1978-11-13,Pune,71633
null_blank,Null values detected in column GENDER,GENDER,10301,Neha,Reddy,invalid@,,,1971-07-08,Kolkata,352358
null_blank,Null values detected in column GENDER,GENDER,10306,Rakesh,Singh,user9305@example.com,9876509305,,1992-12-17,Delhi,64294
null_blank,Null values detected in column GENDER,GENDER,10307,Neha,Reddy,user9306@example.com,9876509306,,1990-02-03,Bangalore,50457
null_blank,Null values detected in column GENDER,GENDER,10308,Anjali,Kumar,user9307@example.com,9876509307,,2002-07-11,Mumbai,58437
null_blank,Null values detected in column GENDER,GENDER,10309,Rakesh,Kumar,user9308@example.com,9876509308,,1996-05-01,Mumbai,24916
null_blank,Null values detected in column GENDER,GENDER,10310,Neha,Singh,user9309@example.com,9876509309,,2012-02-28,Chennai,46582
null_blank,Null values detected in column GENDER,GENDER,10313,Neha,Reddy,user9312@example.com,9876509312,,2009-10-25,Pune,65669
null_blank,Null values detected in column GENDER,GENDER,10315,Sameer,Sharma,user9314@example.com,9876509314,,2006-11-02,Delhi,56582
null_blank,Null values detected in column GENDER,GENDER,10318,Sneha,Patel,user9317@example.com,9876509317,,1977-11-06,Mumbai,83218
null_blank,Null values detected in column GENDER,GENDER,10319,Amit,Singh,user9318@example.com,9876509318,,invalid,Ahmedabad,90332
null_blank,Null values detected in column GENDER,GENDER,10322,Sameer,Gupta,user9321@example.com,9876509321,,1997-04-07,Hyderabad,76078
null_blank,Null values detected in column GENDER,GENDER,10325,Arjun,Rao,user9324@example.com,9876509324,,1976-12-21,Mumbai,89823
null_blank,Null values detected in column GENDER,GENDER,10328,Rakesh,Mehta,user9327@example.com,9876509327,,1980-05-03,Bangalore,65568
null_blank,Null values detected in column GENDER,GENDER,10329,Sameer,Rao,user9328@example.com,9876509328,,2001-03-07,Pune,91952
null_blank,Null values detected in column GENDER,GENDER,10330,Vijay,Singh,user9329@example.com,9876509329,,1998-02-09,Kolkata,47726
null_blank,Null values detected in column GENDER,GENDER,10331,Arjun,Joshi,user9330@example.com,9876509330,,2010-07-31,Ahmedabad,548877
null_blank,Null values detected in column GENDER,GENDER,10334,Anjali,Joshi,user9333@example.com,9876509333,,1989-06-22,Pune,93463
null_blank,Null values detected in column GENDER,GENDER,10346,Rakesh,Mehta,user9345@example.com,9876509345,,2004-03-25,Mumbai,1000
null_blank,Null values detected in column GENDER,GENDER,10353,Priya,Gupta,user9352@example.com,9876509352,,2050-01-01,Delhi,63723
null_blank,Null values detected in column GENDER,GENDER,10354,Sneha,Rao,user9353@example.com,9876509353,,1998-06-13,Hyderabad,54526
null_blank,Null values detected in column GENDER,GENDER,10355,Vijay,Kumar,user9354@example.com,9876509354,,1989-10-12,Mumbai,53218
null_blank,Null values detected in column GENDER,GENDER,10357,Sameer,Reddy,user9356@example.com,9876509356,,2008-07-05,Bangalore,44821
null_blank,Null values detected in column GENDER,GENDER,10360,Priya,Sharma,user9359@example.com,9876509359,,1993-09-13,Delhi,48954
null_blank,Null values detected in column GENDER,GENDER,10362,Arjun,Sharma,user9361@example.com,9876509361,,2007-08-31,Chennai,72682
null_blank,Null values detected in column GENDER,GENDER,10365,Vijay,Kumar,user9364@example.com,9876509364,,1983-05-14,Hyderabad,57214
null_blank,Null values detected in column GENDER,GENDER,10367,Priya,Kumar,user9366@example.com,9876509366,,1980-06-06,Bangalore,65575
null_blank,Null values detected in column GENDER,GENDER,10372,Amit,Gupta,user9371@example.com,9876509371,,2012-09-26,Chennai,61646
null_blank,Null values detected in column GENDER,GENDER,10376,Priya,Sharma,user9375@example.com,123,,2013-06-13,Hyderabad,1000
null_blank,Null values detected in column GENDER,GENDER,10382,Anjali,Reddy,user9381@example.com,9876509381,,1993-01-02,Bangalore,69173
null_blank,Null values detected in column GENDER,GENDER,10383,Vijay,Singh,user9382@example.com,9876509382,,1973-10-28,Chennai,42816
null_blank,Null values detected in column GENDER,GENDER,10386,Neha,Mehta,user9385@example.com,9876509385,,2004-07-22,Hyderabad,47347
null_blank,Null values detected in column GENDER,GENDER,10387,Kavya,Singh,user9386@example.com,9876509386,,1998-09-03,Chennai,69991
null_blank,Null values detected in column GENDER,GENDER,10390,Amit,Verma,user9389@example.com,9876509389,,1978-08-15,Delhi,34745
null_blank,Null values detected in column GENDER,GENDER,10392,Kavya,Reddy,user9391@example.com,9876509391,,1972-04-07,Pune,63003
null_blank,Null values detected in column GENDER,GENDER,10396,Sneha,Mehta,user9395@example.com,9876509395,,1993-10-18,Chennai,23526
null_blank,Null values detected in column GENDER,GENDER,10403,Sneha,Sharma,user9402@example.com,9876509402,,1999-05-05,Kolkata,36843
null_blank,Null values detected in column GENDER,GENDER,10404,Rakesh,Gupta,user9403@example.com,9876509403,,1981-06-12,Kolkata,64493
null_blank,Null values detected in column GENDER,GENDER,10411,Neha,Sharma,user9410@example.com,9876509410,,1995-10-24,Hyderabad,101743
null_blank,Null values detected in column GENDER,GENDER,10413,Rakesh,Gupta,user9412@example.com,9876509412,,1980-11-27,Chennai,48653
null_blank,Null values detected in column GENDER,GENDER,10419,Anjali,Gupta,user9418@example.com,9876509418,,2006-12-15,Bangalore,43382
null_blank,Null values detected in column GENDER,GENDER,10420,Anjali,Gupta,user9419@example.com,9876509419,,1975-12-25,Kolkata,37485
null_blank,Null values detected in column GENDER,GENDER,10421,Arjun,Gupta,invalid@,9876509420,,1989-03-05,Delhi,723073
null_blank,Null values detected in column GENDER,GENDER,10427,Arjun,Gupta,user9426@example.com,9876509426,,1995-09-05,Ahmedabad,47316
null_blank,Null values detected in column GENDER,GENDER,10428,Sneha,Kumar,user9427@example.com,9876509427,,1974-09-30,Bangalore,70500
null_blank,Null values detected in column GENDER,GENDER,10433,Anjali,Sharma,user9432@example.com,9876509432,,1992-01-27,Chennai,81947
null_blank,Null values detected in column GENDER,GENDER,10435,Kavya,Mehta,user9434@example.com,9876509434,,2000-03-18,Hyderabad,56646
null_blank,Null values detected in column GENDER,GENDER,10441,Sameer,Gupta,,9876509440,,1997-02-22,Delhi,64243
null_blank,Null values detected in column GENDER,GENDER,10444,Vijay,Gupta,user9443@example.com,9876509443,,2010-08-15,Bangalore,75073
null_blank,Null values detected in column GENDER,GENDER,10450,Kavya,Joshi,user9449@example.com,9876509449,,2012-12-28,Hyderabad,82238
null_blank,Null values detected in column GENDER,GENDER,10456,Amit,Verma,user9455@example.com,9876509455,,2017-09-09,Delhi,35529
null_blank,Null values detected in column GENDER,GENDER,10458,Sameer,Patel,user9457@example.com,9876509457,,2011-09-29,Hyderabad,43166
null_blank,Null values detected in column GENDER,GENDER,10459,Vijay,Mehta,user9458@example.com,9876509458,,1986-06-23,Bangalore,78525
null_blank,Null values detected in column GENDER,GENDER,10462,Rakesh,Rao,user9461@example.com,9876509461,,1974-10-02,Delhi,66816
null_blank,Null values detected in column GENDER,GENDER,10465,Sneha,Kumar,user9464@example.com,9876509464,,1970-12-16,Chennai,83819
null_blank,Null values detected in column GENDER,GENDER,10466,Anjali,Singh,user9465@example.com,9876509465,,1973-11-06,Chennai,1000
null_blank,Null values detected in column GENDER,GENDER,10469,Vijay,Verma,user9468@example.com,9876509468,,2002-05-12,Hyderabad,70311
null_blank,Null values detected in column GENDER,GENDER,10471,Arjun,Kumar,user9470@example.com,9876509470,,1991-08-15,Delhi,86475
null_blank,Null values detected in column GENDER,GENDER,10472,Kavya,Joshi,user9471@example.com,9876509471,,2018-07-26,Hyderabad,73493
null_blank,Null values detected in column GENDER,GENDER,10474,Neha,Singh,user9473@example.com,9876509473,,1990-01-26,Mumbai,74757
null_blank,Null values detected in column GENDER,GENDER,10476,Vijay,Sharma,user9475@example.com,123,,2003-07-03,Kolkata,73077
null_blank,Null values detected in column GENDER,GENDER,10478,Priya,Reddy,user9477@example.com,9876509477,,1977-01-29,Hyderabad,67998
null_blank,Null values detected in column GENDER,GENDER,10481,Priya,Singh,,9876509480,,2015-03-17,Bangalore,503441
null_blank,Null values detected in column GENDER,GENDER,10484,Sameer,Gupta,user9483@example.com,9876509483,,2016-06-15,Chennai,70416
null_blank,Null values detected in column GENDER,GENDER,10485,Amit,Gupta,user9484@example.com,9876509484,,1974-01-06,Mumbai,65635
null_blank,Null values detected in column GENDER,GENDER,10488,Anjali,Sharma,user9487@example.com,9876509487,,1973-03-01,Bangalore,32842
null_blank,Null values detected in column GENDER,GENDER,10489,Sneha,Reddy,user9488@example.com,9876509488,,1991-10-18,Ahmedabad,75612
null_blank,Null values detected in column GENDER,GENDER,10490,Neha,Kumar,user9489@example.com,9876509489,,2017-06-02,Bangalore,29491
null_blank,Null values detected in column GENDER,GENDER,10492,Arjun,Mehta,user9491@example.com,9876509491,,2015-10-31,Delhi,43053
null_blank,Null values detected in column GENDER,GENDER,10493,Rakesh,Patel,user9492@example.com,9876509492,,1984-02-13,Chennai,68192
null_blank,Null values detected in column GENDER,GENDER,10494,Vijay,Mehta,user9493@example.com,9876509493,,1996-05-21,Delhi,56846
null_blank,Null values detected in column GENDER,GENDER,10497,Priya,Mehta,user9496@example.com,9876509496,,2001-05-30,Ahmedabad,30536
null_blank,Null values detected in column GENDER,GENDER,10498,Anjali,Joshi,user9497@example.com,9876509497,,1980-11-18,Bangalore,43359
null_blank,Null values detected in column GENDER,GENDER,10499,Sneha,Singh,user9498@example.com,9876509498,,1989-12-31,Mumbai,109478
null_blank,Null values detected in column GENDER,GENDER,10504,Amit,Verma,user9503@example.com,9876509503,,1986-12-21,Ahmedabad,67194
null_blank,Null values detected in column GENDER,GENDER,10505,Sneha,Singh,user9504@example.com,9876509504,,1973-01-12,Chennai,53583
null_blank,Null values detected in column GENDER,GENDER,10507,Vijay,Kumar,user9506@example.com,9876509506,,1983-08-27,Pune,74733
null_blank,Null values detected in column GENDER,GENDER,10508,Priya,Reddy,user9507@example.com,9876509507,,1979-05-28,Ahmedabad,44811
null_blank,Null values detected in column GENDER,GENDER,10509,Priya,Joshi,user9508@example.com,9876509508,,1991-12-20,Hyderabad,15390
null_blank,Null values detected in column GENDER,GENDER,10510,Kavya,Patel,user9509@example.com,9876509509,,2000-10-16,Delhi,53301
null_blank,Null values detected in column GENDER,GENDER,10513,Neha,Kumar,user9512@example.com,9876509512,,1989-02-03,Pune,40232
null_blank,Null values detected in column GENDER,GENDER,10516,Anjali,Verma,user9515@example.com,9876509515,,2009-10-28,Ahmedabad,95071
null_blank,Null values detected in column GENDER,GENDER,10522,Priya,Sharma,user9521@example.com,9876509521,,2008-06-05,Kolkata,61689
null_blank,Null values detected in column GENDER,GENDER,10523,Vijay,Patel,user9522@example.com,9876509522,,1978-04-23,Kolkata,62414
null_blank,Null values detected in column GENDER,GENDER,10525,Vijay,Rao,user9524@example.com,9876509524,,2000-11-18,Delhi,72468
null_blank,Null values detected in column GENDER,GENDER,10526,Arjun,Reddy,user9525@example.com,123,,1983-08-29,Chennai,1000
null_blank,Null values detected in column GENDER,GENDER,10530,Arjun,Verma,user9529@example.com,9876509529,,1972-03-02,Pune,99119
null_blank,Null values detected in column GENDER,GENDER,10533,Vijay,Kumar,user9532@example.com,9876509532,,1980-07-08,Pune,56019
null_blank,Null values detected in column GENDER,GENDER,10536,Kavya,Mehta,user9535@example.com,9876509535,,1983-06-27,Bangalore,37309
null_blank,Null values detected in column GENDER,GENDER,10537,Arjun,Verma,user9536@example.com,9876509536,,1999-06-22,Kolkata,79900
null_blank,Null values detected in column GENDER,GENDER,10540,Sameer,Joshi,user9539@example.com,9876509539,,1975-09-26,Pune,59632
null_blank,Null values detected in column GENDER,GENDER,10543,Sameer,Singh,user9542@example.com,9876509542,,1987-02-11,Mumbai,84758
null_blank,Null values detected in column GENDER,GENDER,10545,Vijay,Patel,user9544@example.com,9876509544,,1994-02-11,Hyderabad,85191
null_blank,Null values detected in column GENDER,GENDER,10549,Sneha,Patel,user9548@example.com,9876509548,,2014-03-13,Delhi,46394
null_blank,Null values detected in column GENDER,GENDER,10550,Sameer,Gupta,user9549@example.com,9876509549,,1976-04-20,Kolkata,49444
null_blank,Null values detected in column GENDER,GENDER,10552,Kavya,Rao,user9551@example.com,9876509551,,1984-06-05,Delhi,75330
null_blank,Null values detected in column GENDER,GENDER,10556,Vijay,Reddy,user9555@example.com,9876509555,,2010-05-19,Ahmedabad,1000
null_blank,Null values detected in column GENDER,GENDER,10559,Vijay,Rao,user9558@example.com,9876509558,,1977-12-16,Kolkata,51652
null_blank,Null values detected in column GENDER,GENDER,10562,Vijay,Sharma,user9561@example.com,9876509561,,2002-08-09,Kolkata,50935
null_blank,Null values detected in column GENDER,GENDER,10565,Neha,Singh,user9564@example.com,9876509564,,1988-06-05,Ahmedabad,82272
null_blank,Null values detected in column GENDER,GENDER,10569,Sneha,Gupta,user9568@example.com,9876509568,,2050-01-01,Kolkata,63375
null_blank,Null values detected in column GENDER,GENDER,10572,Vijay,Gupta,user9571@example.com,9876509571,,2014-01-01,Kolkata,70980
null_blank,Null values detected in column GENDER,GENDER,10579,Sneha,Reddy,user9578@example.com,9876509578,,1970-04-05,Ahmedabad,49684
null_blank,Null values detected in column GENDER,GENDER,10580,Vijay,Reddy,user9579@example.com,9876509579,,1981-10-01,Delhi,74325
null_blank,Null values detected in column GENDER,GENDER,10582,Kavya,Gupta,user9581@example.com,9876509581,,2005-01-26,Ahmedabad,79672
null_blank,Null values detected in column GENDER,GENDER,10586,Arjun,Rao,user9585@example.com,9876509585,,1992-06-18,Hyderabad,1000
null_blank,Null values detected in column GENDER,GENDER,10589,Sameer,Patel,user9588@example.com,9876509588,,1971-01-08,Mumbai,85921
null_blank,Null values detected in column GENDER,GENDER,10590,Rakesh,Verma,user9589@example.com,9876509589,,1982-04-17,Kolkata,63242
null_blank,Null values detected in column GENDER,GENDER,10591,Sameer,Joshi,user9590@example.com,9876509590,,2008-11-18,Hyderabad,63003
null_blank,Null values detected in column GENDER,GENDER,10593,Amit,Patel,user9592@example.com,9876509592,,1986-07-04,Hyderabad,68800
null_blank,Null values detected in column GENDER,GENDER,10594,Kavya,Kumar,user9593@example.com,9876509593,,2017-02-03,Chennai,81138
null_blank,Null values detected in column GENDER,GENDER,10605,Amit,Patel,user9604@example.com,9876509604,,2003-04-19,Chennai,63574
null_blank,Null values detected in column GENDER,GENDER,10607,Neha,Mehta,user9606@example.com,9876509606,,1975-08-13,Hyderabad,30049
null_blank,Null values detected in column GENDER,GENDER,10608,Arjun,Singh,user9607@example.com,9876509607,,2012-06-01,Pune,62296
null_blank,Null values detected in column GENDER,GENDER,10610,Neha,Joshi,user9609@example.com,9876509609,,1998-02-06,Delhi,69854
null_blank,Null values detected in column GENDER,GENDER,10613,Kavya,Mehta,user9612@example.com,9876509612,,2003-05-03,Kolkata,91598
null_blank,Null values detected in column GENDER,GENDER,10614,Rakesh,Patel,user9613@example.com,9876509613,,1974-08-21,Ahmedabad,78976
null_blank,Null values detected in column GENDER,GENDER,10615,Priya,Singh,user9614@example.com,9876509614,,2005-11-08,Pune,64167
null_blank,Null values detected in column GENDER,GENDER,10618,Arjun,Kumar,user9617@example.com,9876509617,,1981-05-30,Pune,47219
null_blank,Null values detected in column GENDER,GENDER,10619,Neha,Patel,user9618@example.com,9876509618,,1994-11-08,Ahmedabad,58076
null_blank,Null values detected in column GENDER,GENDER,10620,Rakesh,Verma,user9619@example.com,9876509619,,1986-10-23,Kolkata,93387
null_blank,Null values detected in column GENDER,GENDER,10622,Amit,Patel,user9621@example.com,9876509621,,2001-01-25,Mumbai,100449
null_blank,Null values detected in column GENDER,GENDER,10625,Rakesh,Mehta,user9624@example.com,9876509624,,2012-02-07,Chennai,64581
null_blank,Null values detected in column GENDER,GENDER,10629,Priya,Gupta,user9628@example.com,9876509628,,1985-06-30,Bangalore,105700
null_blank,Null values detected in column GENDER,GENDER,10632,Rakesh,Joshi,user9631@example.com,9876509631,,1997-01-03,Hyderabad,70208
null_blank,Null values detected in column GENDER,GENDER,10634,Anjali,Sharma,user9633@example.com,9876509633,,1989-10-20,Mumbai,70213
null_blank,Null values detected in column GENDER,GENDER,10636,Sneha,Patel,user9635@example.com,9876509635,,2017-12-03,Delhi,105309
null_blank,Null values detected in column GENDER,GENDER,10637,Kavya,Kumar,user9636@example.com,9876509636,,1997-08-31,Kolkata,62952
null_blank,Null values detected in column GENDER,GENDER,10641,Anjali,Gupta,,9876509640,,2012-10-28,Hyderabad,63074
null_blank,Null values detected in column GENDER,GENDER,10644,Arjun,Rao,user9643@example.com,9876509643,,2012-04-18,Hyderabad,57910
null_blank,Null values detected in column GENDER,GENDER,10649,Amit,Patel,user9648@example.com,9876509648,,2005-02-14,Mumbai,78508
null_blank,Null values detected in column GENDER,GENDER,10650,Neha,Joshi,user9649@example.com,9876509649,,2014-08-31,Delhi,53086
null_blank,Null values detected in column GENDER,GENDER,10655,Kavya,Gupta,user9654@example.com,9876509654,,1991-05-28,Bangalore,59083
null_blank,Null values detected in column GENDER,GENDER,10658,Sneha,Singh,user9657@example.com,9876509657,,1992-01-30,Chennai,61095
null_blank,Null values detected in column GENDER,GENDER,10660,Anjali,Gupta,user9659@example.com,9876509659,,2008-04-17,Hyderabad,66867
null_blank,Null values detected in column GENDER,GENDER,10661,Vijay,Rao,invalid@,9876509660,,1994-06-05,Hyderabad,1000000
null_blank,Null values detected in column GENDER,GENDER,10662,Sameer,Reddy,user9661@example.com,9876509661,,1970-11-13,Delhi,34693
null_blank,Null values detected in column GENDER,GENDER,10663,Sameer,Verma,user9662@example.com,9876509662,,1970-03-17,Pune,62877
null_blank,Null values detected in column GENDER,GENDER,10667,Sameer,Kumar,user9666@example.com,9876509666,,1987-12-25,Ahmedabad,35812
null_blank,Null values detected in column GENDER,GENDER,10670,Arjun,Sharma,user9669@example.com,9876509669,,1990-06-05,Bangalore,60143
null_blank,Null values detected in column GENDER,GENDER,10671,Neha,Sharma,user9670@example.com,9876509670,,1981-12-04,Bangalore,40354
null_blank,Null values detected in column GENDER,GENDER,10674,Rakesh,Patel,user9673@example.com,9876509673,,1992-12-20,Kolkata,70514
null_blank,Null values detected in column GENDER,GENDER,10675,Amit,Kumar,user9674@example.com,9876509674,,1970-02-08,Pune,63514
null_blank,Null values detected in column GENDER,GENDER,10677,Neha,Mehta,user9676@example.com,9876509676,,1998-04-02,Ahmedabad,59401
null_blank,Null values detected in column GENDER,GENDER,10678,Amit,Patel,user9677@example.com,9876509677,,1994-06-04,Chennai,59700
null_blank,Null values detected in column GENDER,GENDER,10681,Priya,Kumar,,9876509680,,2009-01-13,Bangalore,49639
null_blank,Null values detected in column GENDER,GENDER,10682,Neha,Reddy,user9681@example.com,9876509681,,1981-04-27,Pune,87948
null_blank,Null values detected in column GENDER,GENDER,10686,Amit,Singh,user9685@example.com,9876509685,,2014-04-21,Delhi,22428
null_blank,Null values detected in column GENDER,GENDER,10688,Anjali,Gupta,user9687@example.com,9876509687,,1987-09-10,Ahmedabad,72789
null_blank,Null values detected in column GENDER,GENDER,10695,Kavya,Kumar,user9694@example.com,9876509694,,1999-07-18,Mumbai,21293
null_blank,Null values detected in column GENDER,GENDER,10697,Arjun,Patel,user9696@example.com,9876509696,,2018-04-07,Bangalore,79562
null_blank,Null values detected in column GENDER,GENDER,10701,Sneha,Patel,invalid@,,,2009-10-08,Bangalore,71726
null_blank,Null values detected in column GENDER,GENDER,10703,Amit,Patel,user9702@example.com,9876509702,,1986-04-30,Pune,55305
null_blank,Null values detected in column GENDER,GENDER,10706,Sameer,Joshi,user9705@example.com,9876509705,,2050-01-01,Hyderabad,1000
null_blank,Null values detected in column GENDER,GENDER,10707,Sneha,Gupta,user9706@example.com,9876509706,,2012-11-20,Ahmedabad,58135
null_blank,Null values detected in column GENDER,GENDER,10709,Neha,Joshi,user9708@example.com,9876509708,,1975-05-31,Hyderabad,81853
null_blank,Null values detected in column GENDER,GENDER,10713,Kavya,Joshi,user9712@example.com,9876509712,,2018-05-22,Pune,65732
null_blank,Null values detected in column GENDER,GENDER,10719,Sneha,Reddy,user9718@example.com,9876509718,,2007-02-28,Ahmedabad,54774
null_blank,Null values detected in column GENDER,GENDER,10720,Sneha,Patel,user9719@example.com,9876509719,,1998-02-17,Kolkata,70667
null_blank,Null values detected in column GENDER,GENDER,10721,Rakesh,Gupta,,9876509720,,1973-11-05,Hyderabad,769742
null_blank,Null values detected in column GENDER,GENDER,10722,Sneha,Gupta,user9721@example.com,9876509721,,1986-11-23,Mumbai,94034
null_blank,Null values detected in column GENDER,GENDER,10723,Anjali,Gupta,user9722@example.com,9876509722,,1976-06-11,Bangalore,53142
null_blank,Null values detected in column GENDER,GENDER,10724,Sneha,Singh,user9723@example.com,9876509723,,2002-11-08,Bangalore,68543
null_blank,Null values detected in column GENDER,GENDER,10725,Sameer,Joshi,user9724@example.com,9876509724,,1999-12-13,Delhi,62613
null_blank,Null values detected in column GENDER,GENDER,10726,Kavya,Mehta,user9725@example.com,123,,1971-08-04,Hyderabad,112966
null_blank,Null values detected in column GENDER,GENDER,10728,Kavya,Sharma,user9727@example.com,9876509727,,1982-06-17,Ahmedabad,61790
null_blank,Null values detected in column GENDER,GENDER,10729,Vijay,Joshi,user9728@example.com,9876509728,,2050-01-01,Mumbai,64651
null_blank,Null values detected in column GENDER,GENDER,10730,Neha,Reddy,user9729@example.com,9876509729,,1970-10-26,Kolkata,62781
null_blank,Null values detected in column GENDER,GENDER,10731,Kavya,Reddy,user9730@example.com,9876509730,,1981-04-09,Ahmedabad,36105
null_blank,Null values detected in column GENDER,GENDER,10733,Arjun,Sharma,user9732@example.com,9876509732,,1990-12-09,Hyderabad,34181
null_blank,Null values detected in column GENDER,GENDER,10735,Vijay,Reddy,user9734@example.com,9876509734,,1983-01-31,Bangalore,64661
null_blank,Null values detected in column GENDER,GENDER,10738,Vijay,Verma,user9737@example.com,9876509737,,2015-08-24,Bangalore,104265
null_blank,Null values detected in column GENDER,GENDER,10739,Priya,Kumar,user9738@example.com,9876509738,,1971-06-01,Hyderabad,71023
null_blank,Null values detected in column GENDER,GENDER,10740,Arjun,Rao,user9739@example.com,9876509739,,1976-01-11,Kolkata,73541
null_blank,Null values detected in column GENDER,GENDER,10743,Vijay,Joshi,user9742@example.com,9876509742,,1992-03-08,Bangalore,28393
null_blank,Null values detected in column GENDER,GENDER,10744,Kavya,Sharma,user9743@example.com,9876509743,,1980-01-07,Delhi,43348
null_blank,Null values detected in column GENDER,GENDER,10745,Priya,Verma,user9744@example.com,9876509744,,1988-12-14,Pune,63914
null_blank,Null values detected in column GENDER,GENDER,10746,Kavya,Gupta,user9745@example.com,9876509745,,1981-09-26,Kolkata,76509
null_blank,Null values detected in column GENDER,GENDER,10747,Neha,Joshi,user9746@example.com,9876509746,,1980-10-11,Mumbai,60360
null_blank,Null values detected in column GENDER,GENDER,10748,Sneha,Patel,user9747@example.com,9876509747,,invalid,Mumbai,63101
null_blank,Null values detected in column GENDER,GENDER,10758,Amit,Gupta,user9757@example.com,9876509757,,1992-03-10,Kolkata,68890
null_blank,Null values detected in column GENDER,GENDER,10761,Arjun,Gupta,,9876509760,,1973-03-14,Mumbai,36626
null_blank,Null values detected in column GENDER,GENDER,10762,Rakesh,Joshi,user9761@example.com,9876509761,,2011-08-01,Chennai,89120
null_blank,Null values detected in column GENDER,GENDER,10764,Sameer,Singh,user9763@example.com,9876509763,,1970-06-10,Delhi,62255
null_blank,Null values detected in column GENDER,GENDER,10766,Anjali,Mehta,user9765@example.com,9876509765,,invalid,Pune,1000
null_blank,Null values detected in column GENDER,GENDER,10770,Sameer,Joshi,user9769@example.com,9876509769,,2050-01-01,Pune,63755
null_blank,Null values detected in column GENDER,GENDER,10772,Kavya,Kumar,user9771@example.com,9876509771,,2003-05-26,Delhi,91664
null_blank,Null values detected in column GENDER,GENDER,10774,Sneha,Verma,user9773@example.com,9876509773,,1975-03-12,Kolkata,75847
null_blank,Null values detected in column GENDER,GENDER,10776,Vijay,Joshi,user9775@example.com,123,,1976-08-01,Delhi,64995
null_blank,Null values detected in column GENDER,GENDER,10778,Amit,Singh,user9777@example.com,9876509777,,1996-11-13,Hyderabad,57746
null_blank,Null values detected in column GENDER,GENDER,10781,Priya,Mehta,invalid@,9876509780,,2018-06-10,Mumbai,915402
null_blank,Null values detected in column GENDER,GENDER,10782,Rakesh,Gupta,user9781@example.com,9876509781,,2003-11-28,Ahmedabad,72585
null_blank,Null values detected in column GENDER,GENDER,10783,Arjun,Sharma,user9782@example.com,9876509782,,1972-04-21,Delhi,34804
null_blank,Null values detected in column GENDER,GENDER,10784,Sameer,Singh,user9783@example.com,9876509783,,1987-02-14,Ahmedabad,108375
null_blank,Null values detected in column GENDER,GENDER,10787,Anjali,Reddy,user9786@example.com,9876509786,,1983-03-15,Ahmedabad,85636
null_blank,Null values detected in column GENDER,GENDER,10789,Neha,Singh,user9788@example.com,9876509788,,1970-02-14,Hyderabad,69253
null_blank,Null values detected in column GENDER,GENDER,10791,Sameer,Rao,user9790@example.com,9876509790,,1988-02-21,Delhi,57728
null_blank,Null values detected in column GENDER,GENDER,10792,Priya,Rao,user9791@example.com,9876509791,,1991-12-06,Delhi,72026
null_blank,Null values detected in column GENDER,GENDER,10793,Priya,Reddy,user9792@example.com,9876509792,,1980-12-28,Kolkata,52318
null_blank,Null values detected in column GENDER,GENDER,10795,Vijay,Gupta,user9794@example.com,9876509794,,1982-08-01,Kolkata,75816
null_blank,Null values detected in column GENDER,GENDER,10796,Amit,Gupta,user9795@example.com,9876509795,,1992-08-18,Chennai,1000
null_blank,Null values detected in column GENDER,GENDER,10798,Sneha,Sharma,user9797@example.com,9876509797,,2050-01-01,Bangalore,54466
null_blank,Null values detected in column GENDER,GENDER,10799,Rakesh,Reddy,user9798@example.com,9876509798,,2001-01-02,Ahmedabad,65096
null_blank,Null values detected in column GENDER,GENDER,10803,Rakesh,Sharma,user9802@example.com,9876509802,,1998-02-14,Ahmedabad,100904
null_blank,Null values detected in column GENDER,GENDER,10805,Sameer,Gupta,user9804@example.com,9876509804,,1978-03-07,Bangalore,99085
null_blank,Null values detected in column GENDER,GENDER,10806,Anjali,Joshi,user9805@example.com,9876509805,,1992-10-22,Delhi,77352
null_blank,Null values detected in column GENDER,GENDER,10807,Vijay,Reddy,user9806@example.com,9876509806,,1972-04-07,Pune,54361
null_blank,Null values detected in column GENDER,GENDER,10812,Arjun,Patel,user9811@example.com,9876509811,,1983-03-29,Mumbai,83109
null_blank,Null values detected in column GENDER,GENDER,10815,Rakesh,Joshi,user9814@example.com,9876509814,,1979-06-05,Pune,33378
null_blank,Null values detected in column GENDER,GENDER,10816,Kavya,Mehta,user9815@example.com,9876509815,,1990-04-08,Chennai,52167
null_blank,Null values detected in column GENDER,GENDER,10817,Arjun,Reddy,user9816@example.com,9876509816,,1978-09-29,Ahmedabad,72758
null_blank,Null values detected in column GENDER,GENDER,10818,Amit,Gupta,user9817@example.com,9876509817,,1983-06-30,Delhi,77620
null_blank,Null values detected in column GENDER,GENDER,10821,Kavya,Rao,invalid@,9876509820,,2007-09-21,Kolkata,68856
null_blank,Null values detected in column GENDER,GENDER,10825,Priya,Sharma,user9824@example.com,9876509824,,1985-06-16,Ahmedabad,41975
null_blank,Null values detected in column GENDER,GENDER,10826,Rakesh,Verma,user9825@example.com,123,,1981-09-01,Hyderabad,1000
null_blank,Null values detected in column GENDER,GENDER,10827,Sameer,Rao,user9826@example.com,9876509826,,1975-04-20,Bangalore,61315
null_blank,Null values detected in column GENDER,GENDER,10828,Sameer,Joshi,user9827@example.com,9876509827,,1982-06-05,Bangalore,63102
null_blank,Null values detected in column GENDER,GENDER,10832,Neha,Rao,user9831@example.com,9876509831,,1974-11-05,Pune,55254
null_blank,Null values detected in column GENDER,GENDER,10835,Priya,Reddy,user9834@example.com,9876509834,,1977-09-17,Hyderabad,68156
null_blank,Null values detected in column GENDER,GENDER,10843,Vijay,Verma,user9842@example.com,9876509842,,1980-11-21,Bangalore,50071
null_blank,Null values detected in column GENDER,GENDER,10844,Sameer,Joshi,user9843@example.com,9876509843,,2002-12-02,Ahmedabad,68380
null_blank,Null values detected in column GENDER,GENDER,10845,Anjali,Kumar,user9844@example.com,9876509844,,1975-02-27,Chennai,92297
null_blank,Null values detected in column GENDER,GENDER,10847,Kavya,Joshi,user9846@example.com,9876509846,,1994-03-13,Bangalore,76935
null_blank,Null values detected in column GENDER,GENDER,10850,Priya,Kumar,user9849@example.com,9876509849,,1994-10-08,Delhi,63627
null_blank,Null values detected in column GENDER,GENDER,10854,Vijay,Joshi,user9853@example.com,9876509853,,1989-03-20,Chennai,78464
null_blank,Null values detected in column GENDER,GENDER,10855,Anjali,Mehta,user9854@example.com,9876509854,,2000-06-24,Chennai,79835
null_blank,Null values detected in column GENDER,GENDER,10860,Rakesh,Patel,user9859@example.com,9876509859,,1991-09-16,Kolkata,56634
null_blank,Null values detected in column GENDER,GENDER,10861,Kavya,Mehta,invalid@,9876509860,,2002-12-06,Delhi,83583
null_blank,Null values detected in column GENDER,GENDER,10866,Amit,Sharma,user9865@example.com,9876509865,,1970-12-24,Bangalore,56829
null_blank,Null values detected in column GENDER,GENDER,10867,Anjali,Singh,user9866@example.com,9876509866,,2001-11-12,Pune,118204
null_blank,Null values detected in column GENDER,GENDER,10868,Anjali,Gupta,user9867@example.com,9876509867,,2019-03-23,Mumbai,60307
null_blank,Null values detected in column GENDER,GENDER,10870,Vijay,Reddy,user9869@example.com,9876509869,,2015-10-24,Bangalore,83263
null_blank,Null values detected in column GENDER,GENDER,10874,Kavya,Mehta,user9873@example.com,9876509873,,1986-02-07,Ahmedabad,91530
null_blank,Null values detected in column GENDER,GENDER,10876,Vijay,Rao,user9875@example.com,123,,1994-12-23,Delhi,42900
null_blank,Null values detected in column GENDER,GENDER,10877,Amit,Singh,user9876@example.com,9876509876,,1986-07-19,Ahmedabad,73725
null_blank,Null values detected in column GENDER,GENDER,10878,Kavya,Gupta,user9877@example.com,9876509877,,2016-03-07,Kolkata,38099
null_blank,Null values detected in column GENDER,GENDER,10879,Sneha,Sharma,user9878@example.com,9876509878,,1980-09-17,Bangalore,89600
null_blank,Null values detected in column GENDER,GENDER,10880,Amit,Joshi,user9879@example.com,9876509879,,1970-12-24,Chennai,86483
null_blank,Null values detected in column GENDER,GENDER,10886,Kavya,Sharma,user9885@example.com,9876509885,,1979-05-03,Kolkata,1000
null_blank,Null values detected in column GENDER,GENDER,10887,Neha,Patel,user9886@example.com,9876509886,,2000-12-28,Kolkata,108836
null_blank,Null values detected in column GENDER,GENDER,10889,Neha,Reddy,user9888@example.com,9876509888,,1975-03-24,Mumbai,89830
null_blank,Null values detected in column GENDER,GENDER,10893,Priya,Mehta,user9892@example.com,9876509892,,1984-10-18,Hyderabad,71453
null_blank,Null values detected in column GENDER,GENDER,10894,Anjali,Joshi,user9893@example.com,9876509893,,1974-06-14,Pune,65568
null_blank,Null values detected in column GENDER,GENDER,10897,Sneha,Rao,user9896@example.com,9876509896,,1987-05-26,Hyderabad,41885
null_blank,Null values detected in column GENDER,GENDER,10899,Priya,Verma,user9898@example.com,9876509898,,2018-12-06,Ahmedabad,56153
null_blank,Null values detected in column GENDER,GENDER,10902,Rakesh,Kumar,user9901@example.com,9876509901,,1998-04-17,Delhi,75587
null_blank,Null values detected in column GENDER,GENDER,10903,Arjun,Kumar,user9902@example.com,9876509902,,2016-10-20,Kolkata,77405
null_blank,Null values detected in column GENDER,GENDER,10904,Vijay,Reddy,user9903@example.com,9876509903,,1976-01-26,Bangalore,51069
null_blank,Null values detected in column GENDER,GENDER,10907,Neha,Joshi,user9906@example.com,9876509906,,2009-07-08,Ahmedabad,32494
null_blank,Null values detected in column GENDER,GENDER,10909,Sameer,Sharma,user9908@example.com,9876509908,,1983-03-25,Ahmedabad,94455
null_blank,Null values detected in column GENDER,GENDER,10910,Amit,Gupta,user9909@example.com,9876509909,,1999-08-15,Mumbai,39815
null_blank,Null values detected in column GENDER,GENDER,10911,Priya,Joshi,user9910@example.com,9876509910,,1989-02-14,Pune,78163
null_blank,Null values detected in column GENDER,GENDER,10914,Neha,Mehta,user9913@example.com,9876509913,,2007-09-06,Pune,105818
null_blank,Null values detected in column GENDER,GENDER,10917,Arjun,Joshi,user9916@example.com,9876509916,,1989-08-20,Chennai,65810
null_blank,Null values detected in column GENDER,GENDER,10919,Sameer,Rao,user9918@example.com,9876509918,,2006-06-03,Pune,68424
null_blank,Null values detected in column GENDER,GENDER,10921,Amit,Verma,,9876509920,,1996-12-07,Ahmedabad,85437
null_blank,Null values detected in column GENDER,GENDER,10922,Arjun,Singh,user9921@example.com,9876509921,,1979-07-20,Mumbai,53172
null_blank,Null values detected in column GENDER,GENDER,10926,Amit,Verma,user9925@example.com,123,,1972-10-20,Chennai,50062
null_blank,Null values detected in column GENDER,GENDER,10927,Amit,Verma,user9926@example.com,9876509926,,1996-07-24,Kolkata,64236
null_blank,Null values detected in column GENDER,GENDER,10928,Sneha,Sharma,user9927@example.com,9876509927,,2010-02-26,Hyderabad,38345
null_blank,Null values detected in column GENDER,GENDER,10929,Priya,Rao,user9928@example.com,9876509928,,2018-09-03,Kolkata,66455
null_blank,Null values detected in column GENDER,GENDER,10937,Amit,Sharma,user9936@example.com,9876509936,,2017-11-30,Chennai,61602
null_blank,Null values detected in column GENDER,GENDER,10940,Arjun,Reddy,user9939@example.com,9876509939,,1977-12-31,Mumbai,69356
null_blank,Null values detected in column GENDER,GENDER,10943,Neha,Singh,user9942@example.com,9876509942,,1997-02-06,Ahmedabad,69746
null_blank,Null values detected in column GENDER,GENDER,10945,Sameer,Mehta,user9944@example.com,9876509944,,1979-07-31,Bangalore,55599
null_blank,Null values detected in column GENDER,GENDER,10946,Arjun,Rao,user9945@example.com,9876509945,,1995-07-05,Hyderabad,1000
null_blank,Null values detected in column GENDER,GENDER,10954,Neha,Kumar,user9953@example.com,9876509953,,1983-08-01,Hyderabad,58499
null_blank,Null values detected in column GENDER,GENDER,10965,Amit,Patel,user9964@example.com,9876509964,,1998-06-10,Pune,83813
null_blank,Null values detected in column GENDER,GENDER,10967,Priya,Sharma,user9966@example.com,9876509966,,1974-03-29,Kolkata,93816
null_blank,Null values detected in column GENDER,GENDER,10968,Vijay,Kumar,user9967@example.com,9876509967,,2008-04-19,Ahmedabad,8371
null_blank,Null values detected in column GENDER,GENDER,10971,Arjun,Reddy,user9970@example.com,9876509970,,1991-06-19,Delhi,47636
null_blank,Null values detected in column GENDER,GENDER,10972,Arjun,Patel,user9971@example.com,9876509971,,1985-07-30,Chennai,71894
null_blank,Null values detected in column GENDER,GENDER,10974,Anjali,Gupta,user9973@example.com,9876509973,,1984-10-30,Pune,30367
null_blank,Null values detected in column GENDER,GENDER,10975,Amit,Joshi,user9974@example.com,9876509974,,1998-02-18,Hyderabad,72294
null_blank,Null values detected in column GENDER,GENDER,10977,Kavya,Reddy,user9976@example.com,9876509976,,1973-11-06,Mumbai,98658
null_blank,Null values detected in column GENDER,GENDER,10982,Sneha,Rao,user9981@example.com,9876509981,,2018-02-08,Chennai,80925
null_blank,Null values detected in column GENDER,GENDER,10983,Priya,Gupta,user9982@example.com,9876509982,,1975-11-10,Kolkata,64314
null_blank,Null values detected in column GENDER,GENDER,10984,Sameer,Verma,user9983@example.com,9876509983,,1977-05-02,Kolkata,88839
null_blank,Null values detected in column GENDER,GENDER,10986,Kavya,Gupta,user9985@example.com,9876509985,,2009-07-11,Ahmedabad,99603
null_blank,Null values detected in column GENDER,GENDER,10987,Amit,Gupta,user9986@example.com,9876509986,,1982-08-08,Mumbai,89512
null_blank,Null values detected in column GENDER,GENDER,10988,Anjali,Rao,user9987@example.com,9876509987,,1998-07-11,Chennai,72588
null_blank,Null values detected in column GENDER,GENDER,10989,Amit,Patel,user9988@example.com,9876509988,,2003-06-12,Bangalore,70949
null_blank,Null values detected in column GENDER,GENDER,10991,Sneha,Verma,user9990@example.com,9876509990,,2001-08-26,Hyderabad,1000000
null_blank,Null values detected in column GENDER,GENDER,10992,Neha,Patel,user9991@example.com,9876509991,,2007-11-29,Bangalore,58453
null_blank,Null values detected in column GENDER,GENDER,10994,Neha,Kumar,user9993@example.com,9876509993,,1993-10-06,Ahmedabad,91444
outliers,"Outliers detected in numeric column PHONE using IQR method (IQR multiplier=1.5, lower=9876494688.5, upper=9876515102.5)",PHONE,1026,Arjun,Gupta,user25@example.com,123,,1986-06-11,Hyderabad,54573
outliers,"Outliers detected in numeric column PHONE using IQR method (IQR multiplier=1.5, lower=9876494688.5, upper=9876515102.5)",PHONE,1076,Anjali,Singh,user75@example.com,123,Female,1970-02-23,Bangalore,1000
outliers,"Outliers detected in numeric column PHONE using IQR method (IQR multiplier=1.5, lower=9876494688.5, upper=9876515102.5)",PHONE,1126,Neha,Mehta,user125@example.com,123,Male,1997-11-04,Bangalore,61432
outliers,"Outliers detected in numeric column PHONE using IQR method (IQR multiplier=1.5, lower=9876494688.5, upper=9876515102.5)",PHONE,1176,Arjun,Reddy,user175@example.com,123,,1978-12-18,Mumbai,38294
outliers,"Outliers detected in numeric column PHONE using IQR method (IQR multiplier=1.5, lower=9876494688.5, upper=9876515102.5)",PHONE,1226,Anjali,Verma,user225@example.com,123,,1976-09-01,Hyderabad,1000
outliers,"Outliers detected in numeric column PHONE using IQR method (IQR multiplier=1.5, lower=9876494688.5, upper=9876515102.5)",PHONE,1276,Arjun,Reddy,user275@example.com,123,,1995-12-23,Mumbai,69140
outliers,"Outliers detected in numeric column PHONE using IQR method (IQR multiplier=1.5, lower=9876494688.5, upper=9876515102.5)",PHONE,1326,Anjali,Reddy,user325@example.com,123,Female,1973-11-16,Pune,41467
outliers,"Outliers detected in numeric column PHONE using IQR method (IQR multiplier=1.5, lower=9876494688.5, upper=9876515102.5)",PHONE,1376,Sneha,Singh,user375@example.com,123,Male,1975-06-05,Mumbai,1000
outliers,"Outliers detected in numeric column PHONE using IQR method (IQR multiplier=1.5, lower=9876494688.5, upper=9876515102.5)",PHONE,1426,Anjali,Kumar,user425@example.com,123,Female,2003-09-14,Chennai,58606
outliers,"Outliers detected in numeric column PHONE using IQR method (IQR multiplier=1.5, lower=9876494688.5, upper=9876515102.5)",PHONE,1476,Sneha,Mehta,user475@example.com,123,,1989-12-27,Hyderabad,26650
outliers,"Outliers detected in numeric column PHONE using IQR method (IQR multiplier=1.5, lower=9876494688.5, upper=9876515102.5)",PHONE,1526,Vijay,Gupta,user525@example.com,123,Female,1987-03-31,Hyderabad,1000
outliers,"Outliers detected in numeric column PHONE using IQR method (IQR multiplier=1.5, lower=9876494688.5, upper=9876515102.5)",PHONE,1576,Amit,Verma,user575@example.com,123,,2018-12-01,Bangalore,68324
outliers,"Outliers detected in numeric column PHONE using IQR method (IQR multiplier=1.5, lower=9876494688.5, upper=9876515102.5)",PHONE,1626,Rakesh,Singh,user625@example.com,123,,1998-05-08,Bangalore,62120
outliers,"Outliers detected in numeric column PHONE using IQR method (IQR multiplier=1.5, lower=9876494688.5, upper=9876515102.5)",PHONE,1676,Sameer,Joshi,user675@example.com,123,Other,1995-07-30,Hyderabad,1000
outliers,"Outliers detected in numeric column PHONE using IQR method (IQR multiplier=1.5, lower=9876494688.5, upper=9876515102.5)",PHONE,1726,Neha,Gupta,user725@example.com,123,Other,1995-03-31,Kolkata,105432
outliers,"Outliers detected in numeric column PHONE using IQR method (IQR multiplier=1.5, lower=9876494688.5, upper=9876515102.5)",PHONE,1776,Sameer,Mehta,user775@example.com,123,Other,2017-08-04,Bangalore,36422
outliers,"Outliers detected in numeric column PHONE using IQR method (IQR multiplier=1.5, lower=9876494688.5, upper=9876515102.5)",PHONE,1826,Anjali,Verma,user825@example.com,123,Male,1990-04-26,Hyderabad,1000
outliers,"Outliers detected in numeric column PHONE using IQR method (IQR multiplier=1.5, lower=9876494688.5, upper=9876515102.5)",PHONE,1876,Anjali,Verma,user875@example.com,123,Female,2014-09-24,Bangalore,51988
outliers,"Outliers detected in numeric column PHONE using IQR method (IQR multiplier=1.5, lower=9876494688.5, upper=9876515102.5)",PHONE,1926,Vijay,Verma,user925@example.com,123,Female,1986-05-29,Bangalore,74923
outliers,"Outliers detected in numeric column PHONE using IQR method (IQR multiplier=1.5, lower=9876494688.5, upper=9876515102.5)",PHONE,1976,Sneha,Singh,user975@example.com,123,,2015-05-10,Hyderabad,1000
outliers,"Outliers detected in numeric column PHONE using IQR method (IQR multiplier=1.5, lower=9876494688.5, upper=9876515102.5)",PHONE,2026,Vijay,Sharma,user1025@example.com,123,Male,1973-07-04,Mumbai,58254
outliers,"Outliers detected in numeric column PHONE using IQR method (IQR multiplier=1.5, lower=9876494688.5, upper=9876515102.5)",PHONE,2076,Sneha,Gupta,user1075@example.com,123,Male,2011-04-27,Delhi,40427
outliers,"Outliers detected in numeric column PHONE using IQR method (IQR multiplier=1.5, lower=9876494688.5, upper=9876515102.5)",PHONE,2126,Sneha,Sharma,user1125@example.com,123,,1993-11-25,Chennai,1000
outliers,"Outliers detected in numeric column PHONE using IQR method (IQR multiplier=1.5, lower=9876494688.5, upper=9876515102.5)",PHONE,2176,Arjun,Kumar,user1175@example.com,123,,1972-03-05,Kolkata,71476
outliers,"Outliers detected in numeric column PHONE using IQR method (IQR multiplier=1.5, lower=9876494688.5, upper=9876515102.5)",PHONE,2226,Neha,Joshi,user1225@example.com,123,Female,1980-02-29,Mumbai,75072
outliers,"Outliers detected in numeric column PHONE using IQR method (IQR multiplier=1.5, lower=9876494688.5, upper=9876515102.5)",PHONE,2276,Arjun,Kumar,user1275@example.com,123,Female,1985-03-22,Kolkata,1000
outliers,"Outliers detected in numeric column PHONE using IQR method (IQR multiplier=1.5, lower=9876494688.5, upper=9876515102.5)",PHONE,2326,Rakesh,Reddy,user1325@example.com,123,Female,1978-08-05,Mumbai,51776
outliers,"Outliers detected in numeric column PHONE using IQR method (IQR multiplier=1.5, lower=9876494688.5, upper=9876515102.5)",PHONE,2376,Anjali,Sharma,user1375@example.com,123,Male,2011-01-15,Ahmedabad,82843
outliers,"Outliers detected in numeric column PHONE using IQR method (IQR multiplier=1.5, lower=9876494688.5, upper=9876515102.5)",PHONE,2426,Rakesh,Mehta,user1425@example.com,123,Female,1972-12-22,Hyderabad,1000
outliers,"Outliers detected in numeric column PHONE using IQR method (IQR multiplier=1.5, lower=9876494688.5, upper=9876515102.5)",PHONE,2476,Sameer,Sharma,user1475@example.com,123,Female,1994-03-31,Pune,49493
outliers,"Outliers detected in numeric column PHONE using IQR method (IQR multiplier=1.5, lower=9876494688.5, upper=9876515102.5)",PHONE,2526,Amit,Gupta,user1525@example.com,123,Male,1972-08-14,Delhi,75910
outliers,"Outliers detected in numeric column PHONE using IQR method (IQR multiplier=1.5, lower=9876494688.5, upper=9876515102.5)",PHONE,2576,Arjun,Gupta,user1575@example.com,123,,1999-11-11,Hyderabad,1000
outliers,"Outliers detected in numeric column PHONE using IQR method (IQR multiplier=1.5, lower=9876494688.5, upper=9876515102.5)",PHONE,2626,Anjali,Mehta,user1625@example.com,123,,2015-03-02,Chennai,69111
outliers,"Outliers detected in numeric column PHONE using IQR method (IQR multiplier=1.5, lower=9876494688.5, upper=9876515102.5)",PHONE,2676,Sneha,Gupta,user1675@example.com,123,,2015-01-22,Delhi,57628
outliers,"Outliers detected in numeric column PHONE using IQR method (IQR multiplier=1.5, lower=9876494688.5, upper=9876515102.5)",PHONE,2726,Rakesh,Singh,user1725@example.com,123,,1970-12-15,Mumbai,1000
outliers,"Outliers detected in numeric column PHONE using IQR method (IQR multiplier=1.5, lower=9876494688.5, upper=9876515102.5)",PHONE,2776,Vijay,Singh,user1775@example.com,123,Male,1984-08-02,Mumbai,55576
outliers,"Outliers detected in numeric column PHONE using IQR method (IQR multiplier=1.5, lower=9876494688.5, upper=9876515102.5)",PHONE,2826,Kavya,Mehta,user1825@example.com,123,Male,invalid,Mumbai,85370
outliers,"Outliers detected in numeric column PHONE using IQR method (IQR multiplier=1.5, lower=9876494688.5, upper=9876515102.5)",PHONE,2876,Arjun,Verma,user1875@example.com,123,Female,2015-08-19,Bangalore,1000
outliers,"Outliers detected in numeric column PHONE using IQR method (IQR multiplier=1.5, lower=9876494688.5, upper=9876515102.5)",PHONE,2926,Anjali,Reddy,user1925@example.com,123,Male,1982-10-13,Bangalore,34530
outliers,"Outliers detected in numeric column PHONE using IQR method (IQR multiplier=1.5, lower=9876494688.5, upper=9876515102.5)",PHONE,2976,Arjun,Sharma,user1975@example.com,123,,1977-09-13,Ahmedabad,37780
outliers,"Outliers detected in numeric column PHONE using IQR method (IQR multiplier=1.5, lower=9876494688.5, upper=9876515102.5)",PHONE,3026,Neha,Gupta,user2025@example.com,123,Male,1978-11-22,Hyderabad,1000
outliers,"Outliers detected in numeric column PHONE using IQR method (IQR multiplier=1.5, lower=9876494688.5, upper=9876515102.5)",PHONE,3076,Priya,Singh,user2075@example.com,123,Other,1992-09-20,Mumbai,54839
outliers,"Outliers detected in numeric column PHONE using IQR method (IQR multiplier=1.5, lower=9876494688.5, upper=9876515102.5)",PHONE,3126,Kavya,Patel,user2125@example.com,123,Male,1989-03-21,Pune,31600
outliers,"Outliers detected in numeric column PHONE using IQR method (IQR multiplier=1.5, lower=9876494688.5, upper=9876515102.5)",PHONE,3176,Sameer,Singh,user2175@example.com,123,,1982-01-22,Ahmedabad,1000
outliers,"Outliers detected in numeric column PHONE using IQR method (IQR multiplier=1.5, lower=9876494688.5, upper=9876515102.5)",PHONE,3226,Neha,Singh,user2225@example.com,123,,2002-10-21,Kolkata,98552
outliers,"Outliers detected in numeric column PHONE using IQR method (IQR multiplier=1.5, lower=9876494688.5, upper=9876515102.5)",PHONE,3276,Sneha,Rao,user2275@example.com,123,Other,1979-10-15,Delhi,38637
outliers,"Outliers detected in numeric column PHONE using IQR method (IQR multiplier=1.5, lower=9876494688.5, upper=9876515102.5)",PHONE,3326,Kavya,Kumar,user2325@example.com,123,Male,2015-08-09,Mumbai,1000
outliers,"Outliers detected in numeric column PHONE using IQR method (IQR multiplier=1.5, lower=9876494688.5, upper=9876515102.5)",PHONE,3376,Vijay,Sharma,user2375@example.com,123,,1979-05-04,Mumbai,78473
outliers,"Outliers detected in numeric column PHONE using IQR method (IQR multiplier=1.5, lower=9876494688.5, upper=9876515102.5)",PHONE,3426,Rakesh,Reddy,user2425@example.com,123,Female,1976-04-04,Pune,53536
outliers,"Outliers detected in numeric column PHONE using IQR method (IQR multiplier=1.5, lower=9876494688.5, upper=9876515102.5)",PHONE,3476,Priya,Joshi,user2475@example.com,123,Female,1996-04-05,Chennai,1000
outliers,"Outliers detected in numeric column PHONE using IQR method (IQR multiplier=1.5, lower=9876494688.5, upper=9876515102.5)",PHONE,3526,Neha,Kumar,user2525@example.com,123,Male,2012-05-17,Delhi,71946
outliers,"Outliers detected in numeric column PHONE using IQR method (IQR multiplier=1.5, lower=9876494688.5, upper=9876515102.5)",PHONE,3576,Vijay,Patel,user2575@example.com,123,,2012-07-06,Chennai,66127
outliers,"Outliers detected in numeric column PHONE using IQR method (IQR multiplier=1.5, lower=9876494688.5, upper=9876515102.5)",PHONE,3626,Anjali,Mehta,user2625@example.com,123,Female,1985-07-19,Bangalore,1000
outliers,"Outliers detected in numeric column PHONE using IQR method (IQR multiplier=1.5, lower=9876494688.5, upper=9876515102.5)",PHONE,3676,Sameer,Gupta,user2675@example.com,123,,1995-06-10,Delhi,80081
outliers,"Outliers detected in numeric column PHONE using IQR method (IQR multiplier=1.5, lower=9876494688.5, upper=9876515102.5)",PHONE,3726,Sameer,Patel,user2725@example.com,123,Male,1983-05-20,Ahmedabad,72384
outliers,"Outliers detected in numeric column PHONE using IQR method (IQR multiplier=1.5, lower=9876494688.5, upper=9876515102.5)",PHONE,3776,Sameer,Sharma,user2775@example.com,123,Male,1997-10-03,Chennai,1000
outliers,"Outliers detected in numeric column PHONE using IQR method (IQR multiplier=1.5, lower=9876494688.5, upper=9876515102.5)",PHONE,3826,Vijay,Gupta,user2825@example.com,123,Male,1997-12-22,Pune,44665
outliers,"Outliers detected in numeric column PHONE using IQR method (IQR multiplier=1.5, lower=9876494688.5, upper=9876515102.5)",PHONE,3876,Priya,Verma,user2875@example.com,123,,2010-05-12,Kolkata,87564
outliers,"Outliers detected in numeric column PHONE using IQR method (IQR multiplier=1.5, lower=9876494688.5, upper=9876515102.5)",PHONE,3926,Arjun,Gupta,user2925@example.com,123,Other,1974-12-15,Ahmedabad,1000
outliers,"Outliers detected in numeric column PHONE using IQR method (IQR multiplier=1.5, lower=9876494688.5, upper=9876515102.5)",PHONE,3976,Sameer,Reddy,user2975@example.com,123,Male,1972-12-21,Chennai,61718
outliers,"Outliers detected in numeric column PHONE using IQR method (IQR multiplier=1.5, lower=9876494688.5, upper=9876515102.5)",PHONE,4026,Amit,Rao,user3025@example.com,123,,1983-12-28,Delhi,70463
outliers,"Outliers detected in numeric column PHONE using IQR method (IQR multiplier=1.5, lower=9876494688.5, upper=9876515102.5)",PHONE,4076,Kavya,Sharma,user3075@example.com,123,Other,1970-08-21,Pune,1000
outliers,"Outliers detected in numeric column PHONE using IQR method (IQR multiplier=1.5, lower=9876494688.5, upper=9876515102.5)",PHONE,4126,Priya,Singh,user3125@example.com,123,Male,2008-10-15,Chennai,66875
outliers,"Outliers detected in numeric column PHONE using IQR method (IQR multiplier=1.5, lower=9876494688.5, upper=9876515102.5)",PHONE,4176,Sameer,Kumar,user3175@example.com,123,,2003-02-23,Ahmedabad,52682
outliers,"Outliers detected in numeric column PHONE using IQR method (IQR multiplier=1.5, lower=9876494688.5, upper=9876515102.5)",PHONE,4226,Kavya,Reddy,user3225@example.com,123,,2009-07-16,Delhi,1000
outliers,"Outliers detected in numeric column PHONE using IQR method (IQR multiplier=1.5, lower=9876494688.5, upper=9876515102.5)",PHONE,4276,Sneha,Rao,user3275@example.com,123,,1978-07-04,Kolkata,90199
outliers,"Outliers detected in numeric column PHONE using IQR method (IQR multiplier=1.5, lower=9876494688.5, upper=9876515102.5)",PHONE,4326,Sneha,Kumar,user3325@example.com,123,Male,1974-02-24,Pune,80284
outliers,"Outliers detected in numeric column PHONE using IQR method (IQR multiplier=1.5, lower=9876494688.5, upper=9876515102.5)",PHONE,4376,Sameer,Kumar,user3375@example.com,123,Male,2003-08-16,Chennai,1000
outliers,"Outliers detected in numeric column PHONE using IQR method (IQR multiplier=1.5, lower=9876494688.5, upper=9876515102.5)",PHONE,4426,Rakesh,Joshi,user3425@example.com,123,Male,1997-10-08,Bangalore,53754
outliers,"Outliers detected in numeric column PHONE using IQR method (IQR multiplier=1.5, lower=9876494688.5, upper=9876515102.5)",PHONE,4476,Anjali,Verma,user3475@example.com,123,Male,1994-12-13,Bangalore,60124
outliers,"Outliers detected in numeric column PHONE using IQR method (IQR multiplier=1.5, lower=9876494688.5, upper=9876515102.5)",PHONE,4526,Vijay,Singh,user3525@example.com,123,Male,2009-04-22,Kolkata,1000
outliers,"Outliers detected in numeric column PHONE using IQR method (IQR multiplier=1.5, lower=9876494688.5, upper=9876515102.5)",PHONE,4576,Priya,Rao,user3575@example.com,123,Female,1974-04-03,Hyderabad,75715
outliers,"Outliers detected in numeric column PHONE using IQR method (IQR multiplier=1.5, lower=9876494688.5, upper=9876515102.5)",PHONE,4626,Anjali,Joshi,user3625@example.com,123,Other,1993-10-06,Kolkata,49162
outliers,"Outliers detected in numeric column PHONE using IQR method (IQR multiplier=1.5, lower=9876494688.5, upper=9876515102.5)",PHONE,4676,Priya,Reddy,user3675@example.com,123,,2003-12-06,Ahmedabad,1000
outliers,"Outliers detected in numeric column PHONE using IQR method (IQR multiplier=1.5, lower=9876494688.5, upper=9876515102.5)",PHONE,4726,Rakesh,Patel,user3725@example.com,123,Other,1997-01-10,Ahmedabad,90386
outliers,"Outliers detected in numeric column PHONE using IQR method (IQR multiplier=1.5, lower=9876494688.5, upper=9876515102.5)",PHONE,4776,Sameer,Patel,user3775@example.com,123,Other,1975-09-22,Ahmedabad,35764
outliers,"Outliers detected in numeric column PHONE using IQR method (IQR multiplier=1.5, lower=9876494688.5, upper=9876515102.5)",PHONE,4826,Kavya,Gupta,user3825@example.com,123,,1999-10-08,Pune,1000
outliers,"Outliers detected in numeric column PHONE using IQR method (IQR multiplier=1.5, lower=9876494688.5, upper=9876515102.5)",PHONE,4876,Anjali,Patel,user3875@example.com,123,Other,2002-11-30,Hyderabad,87706
outliers,"Outliers detected in numeric column PHONE using IQR method (IQR multiplier=1.5, lower=9876494688.5, upper=9876515102.5)",PHONE,4926,Vijay,Patel,user3925@example.com,123,Male,1983-08-15,Kolkata,51040
outliers,"Outliers detected in numeric column PHONE using IQR method (IQR multiplier=1.5, lower=9876494688.5, upper=9876515102.5)",PHONE,4976,Arjun,Kumar,user3975@example.com,123,Other,2000-06-21,Bangalore,1000
outliers,"Outliers detected in numeric column PHONE using IQR method (IQR multiplier=1.5, lower=9876494688.5, upper=9876515102.5)",PHONE,5026,Anjali,Kumar,user4025@example.com,123,Female,2004-07-02,Ahmedabad,82000
outliers,"Outliers detected in numeric column PHONE using IQR method (IQR multiplier=1.5, lower=9876494688.5, upper=9876515102.5)",PHONE,5076,Rakesh,Mehta,user4075@example.com,123,Male,1976-06-25,Ahmedabad,67290
outliers,"Outliers detected in numeric column PHONE using IQR method (IQR multiplier=1.5, lower=9876494688.5, upper=9876515102.5)",PHONE,5126,Sneha,Sharma,user4125@example.com,123,Female,2010-10-09,Pune,1000
outliers,"Outliers detected in numeric column PHONE using IQR method (IQR multiplier=1.5, lower=9876494688.5, upper=9876515102.5)",PHONE,5176,Neha,Kumar,user4175@example.com,123,Other,2019-01-04,Bangalore,73613
outliers,"Outliers detected in numeric column PHONE using IQR method (IQR multiplier=1.5, lower=9876494688.5, upper=9876515102.5)",PHONE,5226,Priya,Reddy,user4225@example.com,123,Female,1975-02-09,Kolkata,50080
outliers,"Outliers detected in numeric column PHONE using IQR method (IQR multiplier=1.5, lower=9876494688.5, upper=9876515102.5)",PHONE,5276,Rakesh,Joshi,user4275@example.com,123,,1987-06-30,Bangalore,1000
outliers,"Outliers detected in numeric column PHONE using IQR method (IQR multiplier=1.5, lower=9876494688.5, upper=9876515102.5)",PHONE,5326,Sameer,Singh,user4325@example.com,123,Male,1983-07-18,Chennai,93878
outliers,"Outliers detected in numeric column PHONE using IQR method (IQR multiplier=1.5, lower=9876494688.5, upper=9876515102.5)",PHONE,5376,Priya,Gupta,user4375@example.com,123,Male,1983-08-06,Mumbai,62891
outliers,"Outliers detected in numeric column PHONE using IQR method (IQR multiplier=1.5, lower=9876494688.5, upper=9876515102.5)",PHONE,5426,Anjali,Reddy,user4425@example.com,123,Male,1995-09-09,Hyderabad,1000
outliers,"Outliers detected in numeric column PHONE using IQR method (IQR multiplier=1.5, lower=9876494688.5, upper=9876515102.5)",PHONE,5476,Amit,Kumar,user4475@example.com,123,Female,2000-05-03,Mumbai,64883
outliers,"Outliers detected in numeric column PHONE using IQR method (IQR multiplier=1.5, lower=9876494688.5, upper=9876515102.5)",PHONE,5526,Sameer,Verma,user4525@example.com,123,Female,2000-10-22,Mumbai,85404
outliers,"Outliers detected in numeric column PHONE using IQR method (IQR multiplier=1.5, lower=9876494688.5, upper=9876515102.5)",PHONE,5576,Priya,Joshi,user4575@example.com,123,,2015-01-13,Delhi,1000
outliers,"Outliers detected in numeric column PHONE using IQR method (IQR multiplier=1.5, lower=9876494688.5, upper=9876515102.5)",PHONE,5626,Rakesh,Singh,user4625@example.com,123,Other,invalid,Pune,47386
outliers,"Outliers detected in numeric column PHONE using IQR method (IQR multiplier=1.5, lower=9876494688.5, upper=9876515102.5)",PHONE,5676,Sneha,Verma,user4675@example.com,123,,1980-08-31,Ahmedabad,81313
outliers,"Outliers detected in numeric column PHONE using IQR method (IQR multiplier=1.5, lower=9876494688.5, upper=9876515102.5)",PHONE,5726,Priya,Patel,user4725@example.com,123,,1970-01-14,Delhi,1000
outliers,"Outliers detected in numeric column PHONE using IQR method (IQR multiplier=1.5, lower=9876494688.5, upper=9876515102.5)",PHONE,5776,Anjali,Patel,user4775@example.com,123,Female,1991-07-15,Pune,28360
outliers,"Outliers detected in numeric column PHONE using IQR method (IQR multiplier=1.5, lower=9876494688.5, upper=9876515102.5)",PHONE,5826,Anjali,Patel,user4825@example.com,123,,1984-02-04,Chennai,55399
outliers,"Outliers detected in numeric column PHONE using IQR method (IQR multiplier=1.5, lower=9876494688.5, upper=9876515102.5)",PHONE,5876,Anjali,Kumar,user4875@example.com,123,Other,2004-03-17,Hyderabad,1000
outliers,"Outliers detected in numeric column PHONE using IQR method (IQR multiplier=1.5, lower=9876494688.5, upper=9876515102.5)",PHONE,5926,Amit,Sharma,user4925@example.com,123,,1976-05-07,Mumbai,70193
outliers,"Outliers detected in numeric column PHONE using IQR method (IQR multiplier=1.5, lower=9876494688.5, upper=9876515102.5)",PHONE,5976,Priya,Rao,user4975@example.com,123,,1993-06-28,Bangalore,63270
outliers,"Outliers detected in numeric column PHONE using IQR method (IQR multiplier=1.5, lower=9876494688.5, upper=9876515102.5)",PHONE,6026,Neha,Reddy,user5025@example.com,123,,2010-10-07,Kolkata,1000
outliers,"Outliers detected in numeric column PHONE using IQR method (IQR multiplier=1.5, lower=9876494688.5, upper=9876515102.5)",PHONE,6076,Kavya,Reddy,user5075@example.com,123,Other,2006-11-11,Delhi,83263
outliers,"Outliers detected in numeric column PHONE using IQR method (IQR multiplier=1.5, lower=9876494688.5, upper=9876515102.5)",PHONE,6126,Anjali,Kumar,user5125@example.com,123,Male,1988-08-04,Ahmedabad,89701
outliers,"Outliers detected in numeric column PHONE using IQR method (IQR multiplier=1.5, lower=9876494688.5, upper=9876515102.5)",PHONE,6176,Amit,Patel,user5175@example.com,123,Female,2002-09-05,Ahmedabad,1000
outliers,"Outliers detected in numeric column PHONE using IQR method (IQR multiplier=1.5, lower=9876494688.5, upper=9876515102.5)",PHONE,6226,Arjun,Kumar,user5225@example.com,123,Male,1981-03-11,Bangalore,37636
outliers,"Outliers detected in numeric column PHONE using IQR method (IQR multiplier=1.5, lower=9876494688.5, upper=9876515102.5)",PHONE,6276,Sneha,Mehta,user5275@example.com,123,,1970-07-01,Hyderabad,48678
outliers,"Outliers detected in numeric column PHONE using IQR method (IQR multiplier=1.5, lower=9876494688.5, upper=9876515102.5)",PHONE,6326,Vijay,Patel,user5325@example.com,123,Other,1981-02-19,Kolkata,1000
outliers,"Outliers detected in numeric column PHONE using IQR method (IQR multiplier=1.5, lower=9876494688.5, upper=9876515102.5)",PHONE,6376,Kavya,Sharma,user5375@example.com,123,,1992-03-28,Ahmedabad,69666
outliers,"Outliers detected in numeric column PHONE using IQR method (IQR multiplier=1.5, lower=9876494688.5, upper=9876515102.5)",PHONE,6426,Sneha,Verma,user5425@example.com,123,,1986-03-14,Hyderabad,79553
outliers,"Outliers detected in numeric column PHONE using IQR method (IQR multiplier=1.5, lower=9876494688.5, upper=9876515102.5)",PHONE,6476,Amit,Rao,user5475@example.com,123,,1984-02-24,Bangalore,1000
outliers,"Outliers detected in numeric column PHONE using IQR method (IQR multiplier=1.5, lower=9876494688.5, upper=9876515102.5)",PHONE,6526,Anjali,Gupta,user5525@example.com,123,Male,2001-07-20,Kolkata,54165
outliers,"Outliers detected in numeric column PHONE using IQR method (IQR multiplier=1.5, lower=9876494688.5, upper=9876515102.5)",PHONE,6576,Priya,Sharma,user5575@example.com,123,Female,2000-08-29,Hyderabad,74755
outliers,"Outliers detected in numeric column PHONE using IQR method (IQR multiplier=1.5, lower=9876494688.5, upper=9876515102.5)",PHONE,6626,Sameer,Kumar,user5625@example.com,123,Female,1984-10-22,Chennai,1000
outliers,"Outliers detected in numeric column PHONE using IQR method (IQR multiplier=1.5, lower=9876494688.5, upper=9876515102.5)",PHONE,6676,Vijay,Verma,user5675@example.com,123,Female,1983-08-24,Pune,69609
outliers,"Outliers detected in numeric column PHONE using IQR method (IQR multiplier=1.5, lower=9876494688.5, upper=9876515102.5)",PHONE,6726,Kavya,Gupta,user5725@example.com,123,Female,2002-06-11,Pune,59876
outliers,"Outliers detected in numeric column PHONE using IQR method (IQR multiplier=1.5, lower=9876494688.5, upper=9876515102.5)",PHONE,6776,Priya,Sharma,user5775@example.com,123,Female,1974-09-16,Mumbai,1000
outliers,"Outliers detected in numeric column PHONE using IQR method (IQR multiplier=1.5, lower=9876494688.5, upper=9876515102.5)",PHONE,6826,Neha,Patel,user5825@example.com,123,Other,1997-03-18,Delhi,69779
outliers,"Outliers detected in numeric column PHONE using IQR method (IQR multiplier=1.5, lower=9876494688.5, upper=9876515102.5)",PHONE,6876,Kavya,Patel,user5875@example.com,123,Other,1993-09-26,Mumbai,58189
outliers,"Outliers detected in numeric column PHONE using IQR method (IQR multiplier=1.5, lower=9876494688.5, upper=9876515102.5)",PHONE,6926,Sneha,Reddy,user5925@example.com,123,Male,2006-01-12,Ahmedabad,1000
outliers,"Outliers detected in numeric column PHONE using IQR method (IQR multiplier=1.5, lower=9876494688.5, upper=9876515102.5)",PHONE,6976,Amit,Mehta,user5975@example.com,123,,2017-12-17,Kolkata,84942
outliers,"Outliers detected in numeric column PHONE using IQR method (IQR multiplier=1.5, lower=9876494688.5, upper=9876515102.5)",PHONE,7026,Rakesh,Verma,user6025@example.com,123,,1978-10-30,Mumbai,101897
outliers,"Outliers detected in numeric column PHONE using IQR method (IQR multiplier=1.5, lower=9876494688.5, upper=9876515102.5)",PHONE,7076,Amit,Verma,user6075@example.com,123,Other,1973-07-11,Hyderabad,1000
outliers,"Outliers detected in numeric column PHONE using IQR method (IQR multiplier=1.5, lower=9876494688.5, upper=9876515102.5)",PHONE,7126,Kavya,Singh,user6125@example.com,123,,1975-11-29,Chennai,87265
outliers,"Outliers detected in numeric column PHONE using IQR method (IQR multiplier=1.5, lower=9876494688.5, upper=9876515102.5)",PHONE,7176,Arjun,Joshi,user6175@example.com,123,Female,2005-09-20,Kolkata,66043
outliers,"Outliers detected in numeric column PHONE using IQR method (IQR multiplier=1.5, lower=9876494688.5, upper=9876515102.5)",PHONE,7226,Kavya,Gupta,user6225@example.com,123,Other,2002-07-30,Ahmedabad,1000
outliers,"Outliers detected in numeric column PHONE using IQR method (IQR multiplier=1.5, lower=9876494688.5, upper=9876515102.5)",PHONE,7276,Anjali,Kumar,user6275@example.com,123,Male,2003-02-09,Ahmedabad,38114
outliers,"Outliers detected in numeric column PHONE using IQR method (IQR multiplier=1.5, lower=9876494688.5, upper=9876515102.5)",PHONE,7326,Kavya,Verma,user6325@example.com,123,Male,1999-12-12,Hyderabad,47932
outliers,"Outliers detected in numeric column PHONE using IQR method (IQR multiplier=1.5, lower=9876494688.5, upper=9876515102.5)",PHONE,7376,Amit,Gupta,user6375@example.com,123,Other,2017-06-10,Kolkata,1000
outliers,"Outliers detected in numeric column PHONE using IQR method (IQR multiplier=1.5, lower=9876494688.5, upper=9876515102.5)",PHONE,7426,Kavya,Mehta,user6425@example.com,123,Female,2012-06-25,Pune,79433
outliers,"Outliers detected in numeric column PHONE using IQR method (IQR multiplier=1.5, lower=9876494688.5, upper=9876515102.5)",PHONE,7476,Sneha,Kumar,user6475@example.com,123,Female,2018-09-11,Kolkata,88290
outliers,"Outliers detected in numeric column PHONE using IQR method (IQR multiplier=1.5, lower=9876494688.5, upper=9876515102.5)",PHONE,7526,Vijay,Gupta,user6525@example.com,123,,1995-06-10,Kolkata,1000
outliers,"Outliers detected in numeric column PHONE using IQR method (IQR multiplier=1.5, lower=9876494688.5, upper=9876515102.5)",PHONE,7576,Neha,Sharma,user6575@example.com,123,Other,1987-10-11,Pune,68299
outliers,"Outliers detected in numeric column PHONE using IQR method (IQR multiplier=1.5, lower=9876494688.5, upper=9876515102.5)",PHONE,7626,Rakesh,Kumar,user6625@example.com,123,Female,2003-06-16,Bangalore,79579
outliers,"Outliers detected in numeric column PHONE using IQR method (IQR multiplier=1.5, lower=9876494688.5, upper=9876515102.5)",PHONE,7676,Rakesh,Singh,user6675@example.com,123,Male,2014-07-31,Mumbai,1000
outliers,"Outliers detected in numeric column PHONE using IQR method (IQR multiplier=1.5, lower=9876494688.5, upper=9876515102.5)",PHONE,7726,Rakesh,Reddy,user6725@example.com,123,,1994-01-10,Delhi,64067
outliers,"Outliers detected in numeric column PHONE using IQR method (IQR multiplier=1.5, lower=9876494688.5, upper=9876515102.5)",PHONE,7776,Rakesh,Rao,user6775@example.com,123,Other,1978-06-26,Ahmedabad,64206
outliers,"Outliers detected in numeric column PHONE using IQR method (IQR multiplier=1.5, lower=9876494688.5, upper=9876515102.5)",PHONE,7826,Anjali,Verma,user6825@example.com,123,Male,1981-08-24,Pune,1000
outliers,"Outliers detected in numeric column PHONE using IQR method (IQR multiplier=1.5, lower=9876494688.5, upper=9876515102.5)",PHONE,7876,Priya,Singh,user6875@example.com,123,,2007-02-18,Bangalore,70485
outliers,"Outliers detected in numeric column PHONE using IQR method (IQR multiplier=1.5, lower=9876494688.5, upper=9876515102.5)",PHONE,7926,Priya,Singh,user6925@example.com,123,Other,1989-07-15,Kolkata,69395
outliers,"Outliers detected in numeric column PHONE using IQR method (IQR multiplier=1.5, lower=9876494688.5, upper=9876515102.5)",PHONE,7976,Anjali,Reddy,user6975@example.com,123,Female,2009-06-02,Ahmedabad,1000
outliers,"Outliers detected in numeric column PHONE using IQR method (IQR multiplier=1.5, lower=9876494688.5, upper=9876515102.5)",PHONE,8026,Anjali,Joshi,user7025@example.com,123,Other,1973-10-19,Delhi,58945
outliers,"Outliers detected in numeric column PHONE using IQR method (IQR multiplier=1.5, lower=9876494688.5, upper=9876515102.5)",PHONE,8076,Arjun,Sharma,user7075@example.com,123,Female,1997-12-28,Hyderabad,85961
outliers,"Outliers detected in numeric column PHONE using IQR method (IQR multiplier=1.5, lower=9876494688.5, upper=9876515102.5)",PHONE,8126,Neha,Joshi,user7125@example.com,123,Female,1980-05-09,Ahmedabad,1000
outliers,"Outliers detected in numeric column PHONE using IQR method (IQR multiplier=1.5, lower=9876494688.5, upper=9876515102.5)",PHONE,8176,Sneha,Mehta,user7175@example.com,123,,2001-04-09,Chennai,68814
outliers,"Outliers detected in numeric column PHONE using IQR method (IQR multiplier=1.5, lower=9876494688.5, upper=9876515102.5)",PHONE,8226,Kavya,Sharma,user7225@example.com,123,,1975-07-09,Pune,69505
outliers,"Outliers detected in numeric column PHONE using IQR method (IQR multiplier=1.5, lower=9876494688.5, upper=9876515102.5)",PHONE,8276,Neha,Singh,user7275@example.com,123,Male,1980-10-25,Pune,1000
outliers,"Outliers detected in numeric column PHONE using IQR method (IQR multiplier=1.5, lower=9876494688.5, upper=9876515102.5)",PHONE,8326,Vijay,Joshi,user7325@example.com,123,,1987-11-09,Ahmedabad,73916
outliers,"Outliers detected in numeric column PHONE using IQR method (IQR multiplier=1.5, lower=9876494688.5, upper=9876515102.5)",PHONE,8376,Rakesh,Reddy,user7375@example.com,123,,1979-10-04,Hyderabad,65922
outliers,"Outliers detected in numeric column PHONE using IQR method (IQR multiplier=1.5, lower=9876494688.5, upper=9876515102.5)",PHONE,8426,Vijay,Singh,user7425@example.com,123,Male,2009-04-19,Ahmedabad,1000
outliers,"Outliers detected in numeric column PHONE using IQR method (IQR multiplier=1.5, lower=9876494688.5, upper=9876515102.5)",PHONE,8476,Sneha,Sharma,user7475@example.com,123,Other,2007-07-19,Delhi,67570
outliers,"Outliers detected in numeric column PHONE using IQR method (IQR multiplier=1.5, lower=9876494688.5, upper=9876515102.5)",PHONE,8526,Vijay,Verma,user7525@example.com,123,Male,1989-12-02,Ahmedabad,68778
outliers,"Outliers detected in numeric column PHONE using IQR method (IQR multiplier=1.5, lower=9876494688.5, upper=9876515102.5)",PHONE,8576,Kavya,Reddy,user7575@example.com,123,,1980-10-12,Chennai,1000
outliers,"Outliers detected in numeric column PHONE using IQR method (IQR multiplier=1.5, lower=9876494688.5, upper=9876515102.5)",PHONE,8626,Arjun,Sharma,user7625@example.com,123,,1977-07-17,Mumbai,41689
outliers,"Outliers detected in numeric column PHONE using IQR method (IQR multiplier=1.5, lower=9876494688.5, upper=9876515102.5)",PHONE,8676,Priya,Singh,user7675@example.com,123,,2018-08-06,Delhi,52407
outliers,"Outliers detected in numeric column PHONE using IQR method (IQR multiplier=1.5, lower=9876494688.5, upper=9876515102.5)",PHONE,8726,Sameer,Reddy,user7725@example.com,123,Female,2050-01-01,Bangalore,1000
outliers,"Outliers detected in numeric column PHONE using IQR method (IQR multiplier=1.5, lower=9876494688.5, upper=9876515102.5)",PHONE,8776,Amit,Gupta,user7775@example.com,123,,2004-10-09,Kolkata,59026
outliers,"Outliers detected in numeric column PHONE using IQR method (IQR multiplier=1.5, lower=9876494688.5, upper=9876515102.5)",PHONE,8826,Rakesh,Sharma,user7825@example.com,123,,2005-02-25,Pune,54696
outliers,"Outliers detected in numeric column PHONE using IQR method (IQR multiplier=1.5, lower=9876494688.5, upper=9876515102.5)",PHONE,8876,Sameer,Kumar,user7875@example.com,123,,1972-04-27,Delhi,1000
outliers,"Outliers detected in numeric column PHONE using IQR method (IQR multiplier=1.5, lower=9876494688.5, upper=9876515102.5)",PHONE,8926,Sneha,Mehta,user7925@example.com,123,,2007-04-07,Kolkata,80239
outliers,"Outliers detected in numeric column PHONE using IQR method (IQR multiplier=1.5, lower=9876494688.5, upper=9876515102.5)",PHONE,8976,Priya,Kumar,user7975@example.com,123,Male,1991-01-22,Ahmedabad,55298
outliers,"Outliers detected in numeric column PHONE using IQR method (IQR multiplier=1.5, lower=9876494688.5, upper=9876515102.5)",PHONE,9026,Amit,Rao,user8025@example.com,123,,1981-08-12,Mumbai,1000
outliers,"Outliers detected in numeric column PHONE using IQR method (IQR multiplier=1.5, lower=9876494688.5, upper=9876515102.5)",PHONE,9076,Kavya,Patel,user8075@example.com,123,Other,2002-03-06,Bangalore,33858
outliers,"Outliers detected in numeric column PHONE using IQR method (IQR multiplier=1.5, lower=9876494688.5, upper=9876515102.5)",PHONE,9126,Arjun,Gupta,user8125@example.com,123,Other,1983-11-25,Ahmedabad,87441
outliers,"Outliers detected in numeric column PHONE using IQR method (IQR multiplier=1.5, lower=9876494688.5, upper=9876515102.5)",PHONE,9176,Sameer,Reddy,user8175@example.com,123,,1981-06-12,Hyderabad,1000
outliers,"Outliers detected in numeric column PHONE using IQR method (IQR multiplier=1.5, lower=9876494688.5, upper=9876515102.5)",PHONE,9226,Vijay,Rao,user8225@example.com,123,,2018-09-18,Kolkata,56993
outliers,"Outliers detected in numeric column PHONE using IQR method (IQR multiplier=1.5, lower=9876494688.5, upper=9876515102.5)",PHONE,9276,Sneha,Kumar,user8275@example.com,123,Male,2007-06-23,Mumbai,61440
outliers,"Outliers detected in numeric column PHONE using IQR method (IQR multiplier=1.5, lower=9876494688.5, upper=9876515102.5)",PHONE,9326,Sameer,Sharma,user8325@example.com,123,,1970-02-13,Hyderabad,1000
outliers,"Outliers detected in numeric column PHONE using IQR method (IQR multiplier=1.5, lower=9876494688.5, upper=9876515102.5)",PHONE,9376,Amit,Joshi,user8375@example.com,123,,1982-11-06,Chennai,73732
outliers,"Outliers detected in numeric column PHONE using IQR method (IQR multiplier=1.5, lower=9876494688.5, upper=9876515102.5)",PHONE,9426,Arjun,Rao,user8425@example.com,123,,2016-09-29,Pune,85393
outliers,"Outliers detected in numeric column PHONE using IQR method (IQR multiplier=1.5, lower=9876494688.5, upper=9876515102.5)",PHONE,9476,Sneha,Sharma,user8475@example.com,123,Female,2013-03-23,Delhi,1000
outliers,"Outliers detected in numeric column PHONE using IQR method (IQR multiplier=1.5, lower=9876494688.5, upper=9876515102.5)",PHONE,9526,Anjali,Verma,user8525@example.com,123,,1975-07-13,Delhi,78840
outliers,"Outliers detected in numeric column PHONE using IQR method (IQR multiplier=1.5, lower=9876494688.5, upper=9876515102.5)",PHONE,9576,Neha,Singh,user8575@example.com,123,Male,1994-11-08,Ahmedabad,67408
outliers,"Outliers detected in numeric column PHONE using IQR method (IQR multiplier=1.5, lower=9876494688.5, upper=9876515102.5)",PHONE,9626,Neha,Singh,user8625@example.com,123,,1997-10-18,Delhi,1000
outliers,"Outliers detected in numeric column PHONE using IQR method (IQR multiplier=1.5, lower=9876494688.5, upper=9876515102.5)",PHONE,9676,Vijay,Joshi,user8675@example.com,123,,2010-08-21,Bangalore,103619
outliers,"Outliers detected in numeric column PHONE using IQR method (IQR multiplier=1.5, lower=9876494688.5, upper=9876515102.5)",PHONE,9726,Anjali,Patel,user8725@example.com,123,,2017-11-14,Chennai,44033
outliers,"Outliers detected in numeric column PHONE using IQR method (IQR multiplier=1.5, lower=9876494688.5, upper=9876515102.5)",PHONE,9776,Rakesh,Reddy,user8775@example.com,123,,1986-01-03,Hyderabad,1000
outliers,"Outliers detected in numeric column PHONE using IQR method (IQR multiplier=1.5, lower=9876494688.5, upper=9876515102.5)",PHONE,9826,Sameer,Mehta,user8825@example.com,123,,2016-05-18,Delhi,54029
outliers,"Outliers detected in numeric column PHONE using IQR method (IQR multiplier=1.5, lower=9876494688.5, upper=9876515102.5)",PHONE,9876,Kavya,Reddy,user8875@example.com,123,Male,1974-03-12,Kolkata,37719
outliers,"Outliers detected in numeric column PHONE using IQR method (IQR multiplier=1.5, lower=9876494688.5, upper=9876515102.5)",PHONE,9926,Rakesh,Reddy,user8925@example.com,123,,1991-07-29,Pune,1000
outliers,"Outliers detected in numeric column PHONE using IQR method (IQR multiplier=1.5, lower=9876494688.5, upper=9876515102.5)",PHONE,9976,Arjun,Sharma,user8975@example.com,123,Male,1972-06-27,Delhi,45619
outliers,"Outliers detected in numeric column PHONE using IQR method (IQR multiplier=1.5, lower=9876494688.5, upper=9876515102.5)",PHONE,10026,Vijay,Mehta,user9025@example.com,123,Male,2005-04-07,Chennai,89862
outliers,"Outliers detected in numeric column PHONE using IQR method (IQR multiplier=1.5, lower=9876494688.5, upper=9876515102.5)",PHONE,10076,Neha,Patel,user9075@example.com,123,Female,2005-01-18,Chennai,1000
outliers,"Outliers detected in numeric column PHONE using IQR method (IQR multiplier=1.5, lower=9876494688.5, upper=9876515102.5)",PHONE,10126,Anjali,Joshi,user9125@example.com,123,,2013-09-22,Chennai,48868
outliers,"Outliers detected in numeric column PHONE using IQR method (IQR multiplier=1.5, lower=9876494688.5, upper=9876515102.5)",PHONE,10176,Arjun,Rao,user9175@example.com,123,Male,2003-06-14,Hyderabad,85231
outliers,"Outliers detected in numeric column PHONE using IQR method (IQR multiplier=1.5, lower=9876494688.5, upper=9876515102.5)",PHONE,10226,Vijay,Verma,user9225@example.com,123,Female,1993-09-21,Hyderabad,1000
outliers,"Outliers detected in numeric column PHONE using IQR method (IQR multiplier=1.5, lower=9876494688.5, upper=9876515102.5)",PHONE,10276,Vijay,Mehta,user9275@example.com,123,Other,1977-11-27,Delhi,83061
outliers,"Outliers detected in numeric column PHONE using IQR method (IQR multiplier=1.5, lower=9876494688.5, upper=9876515102.5)",PHONE,10326,Sameer,Kumar,user9325@example.com,123,Male,1992-08-20,Mumbai,43651
outliers,"Outliers detected in numeric column PHONE using IQR method (IQR multiplier=1.5, lower=9876494688.5, upper=9876515102.5)",PHONE,10376,Priya,Sharma,user9375@example.com,123,,2013-06-13,Hyderabad,1000
outliers,"Outliers detected in numeric column PHONE using IQR method (IQR multiplier=1.5, lower=9876494688.5, upper=9876515102.5)",PHONE,10426,Arjun,Mehta,user9425@example.com,123,Other,1987-06-08,Hyderabad,86173
outliers,"Outliers detected in numeric column PHONE using IQR method (IQR multiplier=1.5, lower=9876494688.5, upper=9876515102.5)",PHONE,10476,Vijay,Sharma,user9475@example.com,123,,2003-07-03,Kolkata,73077
outliers,"Outliers detected in numeric column PHONE using IQR method (IQR multiplier=1.5, lower=9876494688.5, upper=9876515102.5)",PHONE,10526,Arjun,Reddy,user9525@example.com,123,,1983-08-29,Chennai,1000
outliers,"Outliers detected in numeric column PHONE using IQR method (IQR multiplier=1.5, lower=9876494688.5, upper=9876515102.5)",PHONE,10576,Vijay,Patel,user9575@example.com,123,Female,2004-07-27,Hyderabad,57676
outliers,"Outliers detected in numeric column PHONE using IQR method (IQR multiplier=1.5, lower=9876494688.5, upper=9876515102.5)",PHONE,10626,Rakesh,Sharma,user9625@example.com,123,Female,1989-02-22,Pune,80747
outliers,"Outliers detected in numeric column PHONE using IQR method (IQR multiplier=1.5, lower=9876494688.5, upper=9876515102.5)",PHONE,10676,Sneha,Gupta,user9675@example.com,123,Male,2011-03-11,Delhi,1000
outliers,"Outliers detected in numeric column PHONE using IQR method (IQR multiplier=1.5, lower=9876494688.5, upper=9876515102.5)",PHONE,10726,Kavya,Mehta,user9725@example.com,123,,1971-08-04,Hyderabad,112966
outliers,"Outliers detected in numeric column PHONE using IQR method (IQR multiplier=1.5, lower=9876494688.5, upper=9876515102.5)",PHONE,10776,Vijay,Joshi,user9775@example.com,123,,1976-08-01,Delhi,64995
outliers,"Outliers detected in numeric column PHONE using IQR method (IQR multiplier=1.5, lower=9876494688.5, upper=9876515102.5)",PHONE,10826,Rakesh,Verma,user9825@example.com,123,,1981-09-01,Hyderabad,1000
outliers,"Outliers detected in numeric column PHONE using IQR method (IQR multiplier=1.5, lower=9876494688.5, upper=9876515102.5)",PHONE,10876,Vijay,Rao,user9875@example.com,123,,1994-12-23,Delhi,42900
outliers,"Outliers detected in numeric column PHONE using IQR method (IQR multiplier=1.5, lower=9876494688.5, upper=9876515102.5)",PHONE,10926,Amit,Verma,user9925@example.com,123,,1972-10-20,Chennai,50062
outliers,"Outliers detected in numeric column PHONE using IQR method (IQR multiplier=1.5, lower=9876494688.5, upper=9876515102.5)",PHONE,10976,Sameer,Reddy,user9975@example.com,123,Other,1984-09-27,Pune,1000
outliers,"Outliers detected in numeric column SALARY using IQR method (IQR multiplier=1.5, lower=5751.625, upper=123940.625)",SALARY,1001,Amit,Patel,,,,2017-03-17,Ahmedabad,520375
outliers,"Outliers detected in numeric column SALARY using IQR method (IQR multiplier=1.5, lower=5751.625, upper=123940.625)",SALARY,1016,Rakesh,Joshi,user15@example.com,9876500015,Female,1994-07-02,Kolkata,1000
outliers,"Outliers detected in numeric column SALARY using IQR method (IQR multiplier=1.5, lower=5751.625, upper=123940.625)",SALARY,1031,Vijay,Joshi,user30@example.com,9876500030,,2008-11-25,Mumbai,680719
outliers,"Outliers detected in numeric column SALARY using IQR method (IQR multiplier=1.5, lower=5751.625, upper=123940.625)",SALARY,1046,Rakesh,Joshi,user45@example.com,9876500045,,2003-07-12,Delhi,1000
outliers,"Outliers detected in numeric column SALARY using IQR method (IQR multiplier=1.5, lower=5751.625, upper=123940.625)",SALARY,1061,Neha,Reddy,invalid@,9876500060,Other,1970-11-07,Bangalore,582170
outliers,"Outliers detected in numeric column SALARY using IQR method (IQR multiplier=1.5, lower=5751.625, upper=123940.625)",SALARY,1076,Anjali,Singh,user75@example.com,123,Female,1970-02-23,Bangalore,1000
outliers,"Outliers detected in numeric column SALARY using IQR method (IQR multiplier=1.5, lower=5751.625, upper=123940.625)",SALARY,1091,Sameer,Mehta,user90@example.com,9876500090,Female,1970-03-31,Pune,675712
outliers,"Outliers detected in numeric column SALARY using IQR method (IQR multiplier=1.5, lower=5751.625, upper=123940.625)",SALARY,1106,Rakesh,Mehta,user105@example.com,9876500105,Female,1970-03-05,Kolkata,1000
outliers,"Outliers detected in numeric column SALARY using IQR method (IQR multiplier=1.5, lower=5751.625, upper=123940.625)",SALARY,1121,Anjali,Sharma,,9876500120,Female,2000-11-02,Kolkata,731533
outliers,"Outliers detected in numeric column SALARY using IQR method (IQR multiplier=1.5, lower=5751.625, upper=123940.625)",SALARY,1136,Anjali,Gupta,user135@example.com,9876500135,,2001-03-14,Hyderabad,1000
outliers,"Outliers detected in numeric column SALARY using IQR method (IQR multiplier=1.5, lower=5751.625, upper=123940.625)",SALARY,1151,Sameer,Mehta,user150@example.com,,Other,1996-11-19,Delhi,512206
outliers,"Outliers detected in numeric column SALARY using IQR method (IQR multiplier=1.5, lower=5751.625, upper=123940.625)",SALARY,1166,Arjun,Joshi,user165@example.com,9876500165,,1970-11-25,Pune,1000
outliers,"Outliers detected in numeric column SALARY using IQR method (IQR multiplier=1.5, lower=5751.625, upper=123940.625)",SALARY,1181,Amit,Rao,invalid@,9876500180,,1984-08-21,Delhi,845424
outliers,"Outliers detected in numeric column SALARY using IQR method (IQR multiplier=1.5, lower=5751.625, upper=123940.625)",SALARY,1196,Sneha,Singh,user195@example.com,9876500195,Male,1976-04-21,Delhi,1000
outliers,"Outliers detected in numeric column SALARY using IQR method (IQR multiplier=1.5, lower=5751.625, upper=123940.625)",SALARY,1211,Sameer,Verma,user210@example.com,9876500210,,1995-06-29,Mumbai,690024
outliers,"Outliers detected in numeric column SALARY using IQR method (IQR multiplier=1.5, lower=5751.625, upper=123940.625)",SALARY,1226,Anjali,Verma,user225@example.com,123,,1976-09-01,Hyderabad,1000
outliers,"Outliers detected in numeric column SALARY using IQR method (IQR multiplier=1.5, lower=5751.625, upper=123940.625)",SALARY,1241,Sameer,Joshi,,9876500240,,1977-07-15,Chennai,627045
outliers,"Outliers detected in numeric column SALARY using IQR method (IQR multiplier=1.5, lower=5751.625, upper=123940.625)",SALARY,1242,Sameer,Kumar,user241@example.com,9876500241,Female,2005-04-16,Delhi,2843
outliers,"Outliers detected in numeric column SALARY using IQR method (IQR multiplier=1.5, lower=5751.625, upper=123940.625)",SALARY,1256,Sameer,Joshi,user255@example.com,9876500255,,1982-10-20,Delhi,1000
outliers,"Outliers detected in numeric column SALARY using IQR method (IQR multiplier=1.5, lower=5751.625, upper=123940.625)",SALARY,1271,Neha,Gupta,user270@example.com,9876500270,Female,1971-01-18,Chennai,668517
outliers,"Outliers detected in numeric column SALARY using IQR method (IQR multiplier=1.5, lower=5751.625, upper=123940.625)",SALARY,1286,Sneha,Rao,user285@example.com,9876500285,Male,1985-11-23,Bangalore,1000
outliers,"Outliers detected in numeric column SALARY using IQR method (IQR multiplier=1.5, lower=5751.625, upper=123940.625)",SALARY,1301,Rakesh,Verma,invalid@,,,1974-09-26,Bangalore,1000000
outliers,"Outliers detected in numeric column SALARY using IQR method (IQR multiplier=1.5, lower=5751.625, upper=123940.625)",SALARY,1316,Anjali,Patel,user315@example.com,9876500315,Other,1982-12-05,Pune,1000
outliers,"Outliers detected in numeric column SALARY using IQR method (IQR multiplier=1.5, lower=5751.625, upper=123940.625)",SALARY,1331,Priya,Kumar,user330@example.com,9876500330,Female,2017-03-21,Kolkata,462618
outliers,"Outliers detected in numeric column SALARY using IQR method (IQR multiplier=1.5, lower=5751.625, upper=123940.625)",SALARY,1346,Sneha,Sharma,user345@example.com,9876500345,,1980-12-21,Mumbai,1000
outliers,"Outliers detected in numeric column SALARY using IQR method (IQR multiplier=1.5, lower=5751.625, upper=123940.625)",SALARY,1361,Neha,Joshi,,9876500360,Female,2003-03-31,Delhi,761683
outliers,"Outliers detected in numeric column SALARY using IQR method (IQR multiplier=1.5, lower=5751.625, upper=123940.625)",SALARY,1376,Sneha,Singh,user375@example.com,123,Male,1975-06-05,Mumbai,1000
outliers,"Outliers detected in numeric column SALARY using IQR method (IQR multiplier=1.5, lower=5751.625, upper=123940.625)",SALARY,1391,Vijay,Mehta,user390@example.com,9876500390,Male,1973-02-23,Pune,676737
outliers,"Outliers detected in numeric column SALARY using IQR method (IQR multiplier=1.5, lower=5751.625, upper=123940.625)",SALARY,1406,Amit,Reddy,user405@example.com,9876500405,Other,1984-02-18,Bangalore,1000
outliers,"Outliers detected in numeric column SALARY using IQR method (IQR multiplier=1.5, lower=5751.625, upper=123940.625)",SALARY,1421,Neha,Reddy,invalid@,9876500420,,1981-04-27,Ahmedabad,429513
outliers,"Outliers detected in numeric column SALARY using IQR method (IQR multiplier=1.5, lower=5751.625, upper=123940.625)",SALARY,1436,Arjun,Reddy,user435@example.com,9876500435,Female,1997-02-27,Ahmedabad,1000
outliers,"Outliers detected in numeric column SALARY using IQR method (IQR multiplier=1.5, lower=5751.625, upper=123940.625)",SALARY,1451,Rakesh,Verma,user450@example.com,,,2000-09-04,Ahmedabad,565905
outliers,"Outliers detected in numeric column SALARY using IQR method (IQR multiplier=1.5, lower=5751.625, upper=123940.625)",SALARY,1466,Anjali,Sharma,user465@example.com,9876500465,Female,1999-01-12,Chennai,1000
outliers,"Outliers detected in numeric column SALARY using IQR method (IQR multiplier=1.5, lower=5751.625, upper=123940.625)",SALARY,1481,Neha,Verma,,9876500480,Other,1983-01-30,Kolkata,315453
outliers,"Outliers detected in numeric column SALARY using IQR method (IQR multiplier=1.5, lower=5751.625, upper=123940.625)",SALARY,1496,Arjun,Kumar,user495@example.com,9876500495,,1983-10-23,Bangalore,1000
outliers,"Outliers detected in numeric column SALARY using IQR method (IQR multiplier=1.5, lower=5751.625, upper=123940.625)",SALARY,1511,Sameer,Patel,user510@example.com,9876500510,,2002-07-27,Chennai,636385
outliers,"Outliers detected in numeric column SALARY using IQR method (IQR multiplier=1.5, lower=5751.625, upper=123940.625)",SALARY,1526,Vijay,Gupta,user525@example.com,123,Female,1987-03-31,Hyderabad,1000
outliers,"Outliers detected in numeric column SALARY using IQR method (IQR multiplier=1.5, lower=5751.625, upper=123940.625)",SALARY,1541,Priya,Verma,invalid@,9876500540,,2000-01-04,Hyderabad,912844
outliers,"Outliers detected in numeric column SALARY using IQR method (IQR multiplier=1.5, lower=5751.625, upper=123940.625)",SALARY,1556,Neha,Joshi,user555@example.com,9876500555,,1995-11-09,Ahmedabad,1000
outliers,"Outliers detected in numeric column SALARY using IQR method (IQR multiplier=1.5, lower=5751.625, upper=123940.625)",SALARY,1571,Kavya,Sharma,user570@example.com,9876500570,,2000-11-17,Bangalore,865804
outliers,"Outliers detected in numeric column SALARY using IQR method (IQR multiplier=1.5, lower=5751.625, upper=123940.625)",SALARY,1586,Priya,Gupta,user585@example.com,9876500585,,2012-11-26,Hyderabad,1000
outliers,"Outliers detected in numeric column SALARY using IQR method (IQR multiplier=1.5, lower=5751.625, upper=123940.625)",SALARY,1601,Rakesh,Reddy,,,,2016-01-11,Bangalore,914314
outliers,"Outliers detected in numeric column SALARY using IQR method (IQR multiplier=1.5, lower=5751.625, upper=123940.625)",SALARY,1616,Sneha,Singh,user615@example.com,9876500615,Male,1997-05-23,Pune,1000
outliers,"Outliers detected in numeric column SALARY using IQR method (IQR multiplier=1.5, lower=5751.625, upper=123940.625)",SALARY,1631,Sameer,Verma,user630@example.com,9876500630,Male,1972-10-16,Bangalore,965386
outliers,"Outliers detected in numeric column SALARY using IQR method (IQR multiplier=1.5, lower=5751.625, upper=123940.625)",SALARY,1646,Rakesh,Joshi,user645@example.com,9876500645,Female,2008-04-05,Pune,1000
outliers,"Outliers detected in numeric column SALARY using IQR method (IQR multiplier=1.5, lower=5751.625, upper=123940.625)",SALARY,1661,Rakesh,Kumar,invalid@,9876500660,,1970-04-30,Hyderabad,434016
outliers,"Outliers detected in numeric column SALARY using IQR method (IQR multiplier=1.5, lower=5751.625, upper=123940.625)",SALARY,1676,Sameer,Joshi,user675@example.com,123,Other,1995-07-30,Hyderabad,1000
outliers,"Outliers detected in numeric column SALARY using IQR method (IQR multiplier=1.5, lower=5751.625, upper=123940.625)",SALARY,1691,Arjun,Sharma,user690@example.com,9876500690,Female,2004-09-12,Hyderabad,695240
outliers,"Outliers detected in numeric column SALARY using IQR method (IQR multiplier=1.5, lower=5751.625, upper=123940.625)",SALARY,1706,Kavya,Sharma,user705@example.com,9876500705,,2004-01-22,Delhi,1000
outliers,"Outliers detected in numeric column SALARY using IQR method (IQR multiplier=1.5, lower=5751.625, upper=123940.625)",SALARY,1721,Anjali,Joshi,,9876500720,Male,1974-12-21,Chennai,901025
outliers,"Outliers detected in numeric column SALARY using IQR method (IQR multiplier=1.5, lower=5751.625, upper=123940.625)",SALARY,1736,Amit,Verma,user735@example.com,9876500735,,1988-10-06,Mumbai,1000
outliers,"Outliers detected in numeric column SALARY using IQR method (IQR multiplier=1.5, lower=5751.625, upper=123940.625)",SALARY,1751,Rakesh,Reddy,user750@example.com,,,2006-06-23,Pune,556343
outliers,"Outliers detected in numeric column SALARY using IQR method (IQR multiplier=1.5, lower=5751.625, upper=123940.625)",SALARY,1766,Vijay,Patel,user765@example.com,9876500765,Female,2007-12-23,Bangalore,1000
outliers,"Outliers detected in numeric column SALARY using IQR method (IQR multiplier=1.5, lower=5751.625, upper=123940.625)",SALARY,1781,Amit,Singh,invalid@,9876500780,Female,1981-11-07,Hyderabad,833708
outliers,"Outliers detected in numeric column SALARY using IQR method (IQR multiplier=1.5, lower=5751.625, upper=123940.625)",SALARY,1796,Amit,Rao,user795@example.com,9876500795,Male,1996-01-17,Kolkata,1000
outliers,"Outliers detected in numeric column SALARY using IQR method (IQR multiplier=1.5, lower=5751.625, upper=123940.625)",SALARY,1811,Sameer,Reddy,user810@example.com,9876500810,,1982-10-12,Chennai,1000000
outliers,"Outliers detected in numeric column SALARY using IQR method (IQR multiplier=1.5, lower=5751.625, upper=123940.625)",SALARY,1826,Anjali,Verma,user825@example.com,123,Male,1990-04-26,Hyderabad,1000
outliers,"Outliers detected in numeric column SALARY using IQR method (IQR multiplier=1.5, lower=5751.625, upper=123940.625)",SALARY,1841,Amit,Rao,,9876500840,,1976-07-17,Hyderabad,635713
outliers,"Outliers detected in numeric column SALARY using IQR method (IQR multiplier=1.5, lower=5751.625, upper=123940.625)",SALARY,1856,Arjun,Sharma,user855@example.com,9876500855,,1984-06-27,Chennai,1000
outliers,"Outliers detected in numeric column SALARY using IQR method (IQR multiplier=1.5, lower=5751.625, upper=123940.625)",SALARY,1871,Neha,Singh,user870@example.com,9876500870,,2003-05-02,Chennai,683218
outliers,"Outliers detected in numeric column SALARY using IQR method (IQR multiplier=1.5, lower=5751.625, upper=123940.625)",SALARY,1886,Rakesh,Singh,user885@example.com,9876500885,Male,1975-07-18,Chennai,1000
outliers,"Outliers detected in numeric column SALARY using IQR method (IQR multiplier=1.5, lower=5751.625, upper=123940.625)",SALARY,1901,Sameer,Sharma,invalid@,,Other,1993-08-12,Ahmedabad,361830
outliers,"Outliers detected in numeric column SALARY using IQR method (IQR multiplier=1.5, lower=5751.625, upper=123940.625)",SALARY,1916,Rakesh,Rao,user915@example.com,9876500915,Male,2004-02-20,Pune,1000
outliers,"Outliers detected in numeric column SALARY using IQR method (IQR multiplier=1.5, lower=5751.625, upper=123940.625)",SALARY,1931,Sneha,Verma,user930@example.com,9876500930,Other,1985-03-20,Ahmedabad,1000000
outliers,"Outliers detected in numeric column SALARY using IQR method (IQR multiplier=1.5, lower=5751.625, upper=123940.625)",SALARY,1946,Amit,Gupta,user945@example.com,9876500945,,2013-11-10,Delhi,1000
outliers,"Outliers detected in numeric column SALARY using IQR method (IQR multiplier=1.5, lower=5751.625, upper=123940.625)",SALARY,1961,Vijay,Patel,,9876500960,Other,1995-09-09,Mumbai,1000000
outliers,"Outliers detected in numeric column SALARY using IQR method (IQR multiplier=1.5, lower=5751.625, upper=123940.625)",SALARY,1976,Sneha,Singh,user975@example.com,123,,2015-05-10,Hyderabad,1000
outliers,"Outliers detected in numeric column SALARY using IQR method (IQR multiplier=1.5, lower=5751.625, upper=123940.625)",SALARY,1991,Sneha,Kumar,user990@example.com,9876500990,Other,2003-08-13,Hyderabad,642000
outliers,"Outliers detected in numeric column SALARY using IQR method (IQR multiplier=1.5, lower=5751.625, upper=123940.625)",SALARY,2006,Sneha,Singh,user1005@example.com,9876501005,Male,1982-09-09,Chennai,1000
outliers,"Outliers detected in numeric column SALARY using IQR method (IQR multiplier=1.5, lower=5751.625, upper=123940.625)",SALARY,2019,Arjun,Sharma,user1018@example.com,9876501018,Other,2007-07-03,Mumbai,4425
outliers,"Outliers detected in numeric column SALARY using IQR method (IQR multiplier=1.5, lower=5751.625, upper=123940.625)",SALARY,2021,Rakesh,Joshi,invalid@,9876501020,,1992-12-19,Pune,754923
outliers,"Outliers detected in numeric column SALARY using IQR method (IQR multiplier=1.5, lower=5751.625, upper=123940.625)",SALARY,2036,Anjali,Gupta,user1035@example.com,9876501035,,1988-06-04,Pune,1000
outliers,"Outliers detected in numeric column SALARY using IQR method (IQR multiplier=1.5, lower=5751.625, upper=123940.625)",SALARY,2051,Arjun,Kumar,user1050@example.com,,,2003-10-30,Kolkata,749730
outliers,"Outliers detected in numeric column SALARY using IQR method (IQR multiplier=1.5, lower=5751.625, upper=123940.625)",SALARY,2066,Rakesh,Singh,user1065@example.com,9876501065,,1972-01-20,Chennai,1000
outliers,"Outliers detected in numeric column SALARY using IQR method (IQR multiplier=1.5, lower=5751.625, upper=123940.625)",SALARY,2081,Sameer,Patel,,9876501080,Male,1993-06-22,Mumbai,752255
outliers,"Outliers detected in numeric column SALARY using IQR method (IQR multiplier=1.5, lower=5751.625, upper=123940.625)",SALARY,2096,Sameer,Verma,user1095@example.com,9876501095,Female,1977-10-30,Chennai,1000
outliers,"Outliers detected in numeric column SALARY using IQR method (IQR multiplier=1.5, lower=5751.625, upper=123940.625)",SALARY,2111,Amit,Verma,user1110@example.com,9876501110,Female,1979-07-05,Chennai,320259
outliers,"Outliers detected in numeric column SALARY using IQR method (IQR multiplier=1.5, lower=5751.625, upper=123940.625)",SALARY,2126,Sneha,Sharma,user1125@example.com,123,,1993-11-25,Chennai,1000
outliers,"Outliers detected in numeric column SALARY using IQR method (IQR multiplier=1.5, lower=5751.625, upper=123940.625)",SALARY,2141,Arjun,Joshi,invalid@,9876501140,Male,2009-08-28,Chennai,928598
outliers,"Outliers detected in numeric column SALARY using IQR method (IQR multiplier=1.5, lower=5751.625, upper=123940.625)",SALARY,2156,Amit,Sharma,user1155@example.com,9876501155,Female,1988-11-11,Hyderabad,1000
outliers,"Outliers detected in numeric column SALARY using IQR method (IQR multiplier=1.5, lower=5751.625, upper=123940.625)",SALARY,2171,Sneha,Singh,user1170@example.com,9876501170,Male,1970-05-02,Kolkata,672419
outliers,"Outliers detected in numeric column SALARY using IQR method (IQR multiplier=1.5, lower=5751.625, upper=123940.625)",SALARY,2186,Anjali,Gupta,user1185@example.com,9876501185,,2006-07-24,Pune,1000
outliers,"Outliers detected in numeric column SALARY using IQR method (IQR multiplier=1.5, lower=5751.625, upper=123940.625)",SALARY,2201,Vijay,Singh,,,,1977-07-13,Ahmedabad,762470
outliers,"Outliers detected in numeric column SALARY using IQR method (IQR multiplier=1.5, lower=5751.625, upper=123940.625)",SALARY,2216,Anjali,Gupta,user1215@example.com,9876501215,Other,2012-06-28,Mumbai,1000
outliers,"Outliers detected in numeric column SALARY using IQR method (IQR multiplier=1.5, lower=5751.625, upper=123940.625)",SALARY,2231,Neha,Gupta,user1230@example.com,9876501230,Other,2014-06-18,Hyderabad,717137
outliers,"Outliers detected in numeric column SALARY using IQR method (IQR multiplier=1.5, lower=5751.625, upper=123940.625)",SALARY,2246,Neha,Patel,user1245@example.com,9876501245,Other,2016-02-21,Delhi,1000
outliers,"Outliers detected in numeric column SALARY using IQR method (IQR multiplier=1.5, lower=5751.625, upper=123940.625)",SALARY,2261,Arjun,Mehta,invalid@,9876501260,,2013-05-18,Pune,782712
outliers,"Outliers detected in numeric column SALARY using IQR method (IQR multiplier=1.5, lower=5751.625, upper=123940.625)",SALARY,2273,Kavya,Patel,user1272@example.com,9876501272,,2018-07-13,Bangalore,128701
outliers,"Outliers detected in numeric column SALARY using IQR method (IQR multiplier=1.5, lower=5751.625, upper=123940.625)",SALARY,2276,Arjun,Kumar,user1275@example.com,123,Female,1985-03-22,Kolkata,1000
outliers,"Outliers detected in numeric column SALARY using IQR method (IQR multiplier=1.5, lower=5751.625, upper=123940.625)",SALARY,2291,Sneha,Rao,user1290@example.com,9876501290,Male,2003-01-23,Bangalore,784805
outliers,"Outliers detected in numeric column SALARY using IQR method (IQR multiplier=1.5, lower=5751.625, upper=123940.625)",SALARY,2306,Amit,Rao,user1305@example.com,9876501305,Female,1989-08-30,Chennai,1000
outliers,"Outliers detected in numeric column SALARY using IQR method (IQR multiplier=1.5, lower=5751.625, upper=123940.625)",SALARY,2321,Arjun,Verma,,9876501320,Female,2019-03-11,Ahmedabad,617199
outliers,"Outliers detected in numeric column SALARY using IQR method (IQR multiplier=1.5, lower=5751.625, upper=123940.625)",SALARY,2336,Vijay,Singh,user1335@example.com,9876501335,Male,1996-07-11,Delhi,1000
outliers,"Outliers detected in numeric column SALARY using IQR method (IQR multiplier=1.5, lower=5751.625, upper=123940.625)",SALARY,2351,Rakesh,Kumar,user1350@example.com,,,2011-06-15,Kolkata,494935
outliers,"Outliers detected in numeric column SALARY using IQR method (IQR multiplier=1.5, lower=5751.625, upper=123940.625)",SALARY,2366,Kavya,Gupta,user1365@example.com,9876501365,Female,1980-06-17,Chennai,1000
outliers,"Outliers detected in numeric column SALARY using IQR method (IQR multiplier=1.5, lower=5751.625, upper=123940.625)",SALARY,2381,Sneha,Gupta,invalid@,9876501380,,1981-02-25,Chennai,863017
outliers,"Outliers detected in numeric column SALARY using IQR method (IQR multiplier=1.5, lower=5751.625, upper=123940.625)",SALARY,2396,Anjali,Mehta,user1395@example.com,9876501395,Female,2011-01-29,Mumbai,1000
outliers,"Outliers detected in numeric column SALARY using IQR method (IQR multiplier=1.5, lower=5751.625, upper=123940.625)",SALARY,2411,Anjali,Singh,user1410@example.com,9876501410,,1977-10-14,Kolkata,829763
outliers,"Outliers detected in numeric column SALARY using IQR method (IQR multiplier=1.5, lower=5751.625, upper=123940.625)",SALARY,2426,Rakesh,Mehta,user1425@example.com,123,Female,1972-12-22,Hyderabad,1000
outliers,"Outliers detected in numeric column SALARY using IQR method (IQR multiplier=1.5, lower=5751.625, upper=123940.625)",SALARY,2441,Sneha,Patel,,9876501440,Other,2004-10-16,Mumbai,625194
outliers,"Outliers detected in numeric column SALARY using IQR method (IQR multiplier=1.5, lower=5751.625, upper=123940.625)",SALARY,2456,Sneha,Verma,user1455@example.com,9876501455,,1995-02-27,Delhi,1000
outliers,"Outliers detected in numeric column SALARY using IQR method (IQR multiplier=1.5, lower=5751.625, upper=123940.625)",SALARY,2471,Priya,Mehta,user1470@example.com,9876501470,Other,2013-06-06,Chennai,917889
outliers,"Outliers detected in numeric column SALARY using IQR method (IQR multiplier=1.5, lower=5751.625, upper=123940.625)",SALARY,2486,Kavya,Mehta,user1485@example.com,9876501485,Other,1977-08-01,Pune,1000
outliers,"Outliers detected in numeric column SALARY using IQR method (IQR multiplier=1.5, lower=5751.625, upper=123940.625)",SALARY,2501,Priya,Joshi,invalid@,,,2002-12-15,Delhi,610131
outliers,"Outliers detected in numeric column SALARY using IQR method (IQR multiplier=1.5, lower=5751.625, upper=123940.625)",SALARY,2502,Neha,Joshi,user1501@example.com,9876501501,Other,2018-01-22,Pune,5009
outliers,"Outliers detected in numeric column SALARY using IQR method (IQR multiplier=1.5, lower=5751.625, upper=123940.625)",SALARY,2516,Kavya,Mehta,user1515@example.com,9876501515,,2013-07-07,Pune,1000
outliers,"Outliers detected in numeric column SALARY using IQR method (IQR multiplier=1.5, lower=5751.625, upper=123940.625)",SALARY,2531,Arjun,Sharma,user1530@example.com,9876501530,,2005-09-10,Bangalore,485938
outliers,"Outliers detected in numeric column SALARY using IQR method (IQR multiplier=1.5, lower=5751.625, upper=123940.625)",SALARY,2546,Priya,Gupta,user1545@example.com,9876501545,Other,invalid,Pune,1000
outliers,"Outliers detected in numeric column SALARY using IQR method (IQR multiplier=1.5, lower=5751.625, upper=123940.625)",SALARY,2561,Vijay,Kumar,,9876501560,,1990-11-10,Pune,674719
outliers,"Outliers detected in numeric column SALARY using IQR method (IQR multiplier=1.5, lower=5751.625, upper=123940.625)",SALARY,2576,Arjun,Gupta,user1575@example.com,123,,1999-11-11,Hyderabad,1000
outliers,"Outliers detected in numeric column SALARY using IQR method (IQR multiplier=1.5, lower=5751.625, upper=123940.625)",SALARY,2578,Neha,Kumar,user1577@example.com,9876501577,Male,2007-08-25,Chennai,4416
outliers,"Outliers detected in numeric column SALARY using IQR method (IQR multiplier=1.5, lower=5751.625, upper=123940.625)",SALARY,2591,Rakesh,Sharma,user1590@example.com,9876501590,Female,1974-04-25,Mumbai,472394
outliers,"Outliers detected in numeric column SALARY using IQR method (IQR multiplier=1.5, lower=5751.625, upper=123940.625)",SALARY,2600,Priya,Sharma,user1599@example.com,9876501599,,1988-11-06,Bangalore,2681
outliers,"Outliers detected in numeric column SALARY using IQR method (IQR multiplier=1.5, lower=5751.625, upper=123940.625)",SALARY,2606,Priya,Verma,user1605@example.com,9876501605,Other,2018-08-27,Bangalore,1000
outliers,"Outliers detected in numeric column SALARY using IQR method (IQR multiplier=1.5, lower=5751.625, upper=123940.625)",SALARY,2621,Priya,Verma,invalid@,9876501620,Male,1990-06-16,Mumbai,786661
outliers,"Outliers detected in numeric column SALARY using IQR method (IQR multiplier=1.5, lower=5751.625, upper=123940.625)",SALARY,2636,Vijay,Mehta,user1635@example.com,9876501635,Male,2008-03-16,Chennai,1000
outliers,"Outliers detected in numeric column SALARY using IQR method (IQR multiplier=1.5, lower=5751.625, upper=123940.625)",SALARY,2651,Priya,Rao,user1650@example.com,,Other,2050-01-01,Ahmedabad,634379
outliers,"Outliers detected in numeric column SALARY using IQR method (IQR multiplier=1.5, lower=5751.625, upper=123940.625)",SALARY,2666,Amit,Gupta,user1665@example.com,9876501665,,2014-06-29,Chennai,1000
outliers,"Outliers detected in numeric column SALARY using IQR method (IQR multiplier=1.5, lower=5751.625, upper=123940.625)",SALARY,2681,Sameer,Mehta,,9876501680,Female,2012-05-13,Mumbai,636794
outliers,"Outliers detected in numeric column SALARY using IQR method (IQR multiplier=1.5, lower=5751.625, upper=123940.625)",SALARY,2696,Sameer,Reddy,user1695@example.com,9876501695,Female,1977-06-20,Chennai,1000
outliers,"Outliers detected in numeric column SALARY using IQR method (IQR multiplier=1.5, lower=5751.625, upper=123940.625)",SALARY,2711,Anjali,Singh,user1710@example.com,9876501710,Female,1983-04-04,Kolkata,709144
outliers,"Outliers detected in numeric column SALARY using IQR method (IQR multiplier=1.5, lower=5751.625, upper=123940.625)",SALARY,2726,Rakesh,Singh,user1725@example.com,123,,1970-12-15,Mumbai,1000
outliers,"Outliers detected in numeric column SALARY using IQR method (IQR multiplier=1.5, lower=5751.625, upper=123940.625)",SALARY,2741,Kavya,Sharma,invalid@,9876501740,,2015-03-04,Mumbai,678799
outliers,"Outliers detected in numeric column SALARY using IQR method (IQR multiplier=1.5, lower=5751.625, upper=123940.625)",SALARY,2756,Arjun,Mehta,user1755@example.com,9876501755,Other,1972-06-29,Pune,1000
outliers,"Outliers detected in numeric column SALARY using IQR method (IQR multiplier=1.5, lower=5751.625, upper=123940.625)",SALARY,2771,Sneha,Singh,user1770@example.com,9876501770,Male,1982-12-31,Hyderabad,809557
outliers,"Outliers detected in numeric column SALARY using IQR method (IQR multiplier=1.5, lower=5751.625, upper=123940.625)",SALARY,2786,Rakesh,Joshi,user1785@example.com,9876501785,,2005-07-09,Chennai,1000
outliers,"Outliers detected in numeric column SALARY using IQR method (IQR multiplier=1.5, lower=5751.625, upper=123940.625)",SALARY,2801,Kavya,Rao,,,Other,1994-03-15,Mumbai,430702
outliers,"Outliers detected in numeric column SALARY using IQR method (IQR multiplier=1.5, lower=5751.625, upper=123940.625)",SALARY,2816,Priya,Reddy,user1815@example.com,9876501815,,2002-04-17,Pune,1000
outliers,"Outliers detected in numeric column SALARY using IQR method (IQR multiplier=1.5, lower=5751.625, upper=123940.625)",SALARY,2831,Arjun,Mehta,user1830@example.com,9876501830,,2050-01-01,Mumbai,448130
outliers,"Outliers detected in numeric column SALARY using IQR method (IQR multiplier=1.5, lower=5751.625, upper=123940.625)",SALARY,2846,Arjun,Mehta,user1845@example.com,9876501845,,invalid,Delhi,1000
outliers,"Outliers detected in numeric column SALARY using IQR method (IQR multiplier=1.5, lower=5751.625, upper=123940.625)",SALARY,2861,Vijay,Sharma,invalid@,9876501860,,2009-11-25,Bangalore,587990
outliers,"Outliers detected in numeric column SALARY using IQR method (IQR multiplier=1.5, lower=5751.625, upper=123940.625)",SALARY,2876,Arjun,Verma,user1875@example.com,123,Female,2015-08-19,Bangalore,1000
outliers,"Outliers detected in numeric column SALARY using IQR method (IQR multiplier=1.5, lower=5751.625, upper=123940.625)",SALARY,2891,Kavya,Joshi,user1890@example.com,9876501890,Other,2019-02-04,Delhi,743406
outliers,"Outliers detected in numeric column SALARY using IQR method (IQR multiplier=1.5, lower=5751.625, upper=123940.625)",SALARY,2906,Rakesh,Rao,user1905@example.com,9876501905,,2007-11-08,Chennai,1000
outliers,"Outliers detected in numeric column SALARY using IQR method (IQR multiplier=1.5, lower=5751.625, upper=123940.625)",SALARY,2921,Neha,Rao,,9876501920,,2015-07-10,Kolkata,615112
outliers,"Outliers detected in numeric column SALARY using IQR method (IQR multiplier=1.5, lower=5751.625, upper=123940.625)",SALARY,2936,Sneha,Mehta,user1935@example.com,9876501935,Female,1980-01-08,Ahmedabad,1000
outliers,"Outliers detected in numeric column SALARY using IQR method (IQR multiplier=1.5, lower=5751.625, upper=123940.625)",SALARY,2951,Vijay,Reddy,user1950@example.com,,Other,2010-12-19,Hyderabad,837990
outliers,"Outliers detected in numeric column SALARY using IQR method (IQR multiplier=1.5, lower=5751.625, upper=123940.625)",SALARY,2966,Sneha,Patel,user1965@example.com,9876501965,,1987-12-20,Pune,1000
outliers,"Outliers detected in numeric column SALARY using IQR method (IQR multiplier=1.5, lower=5751.625, upper=123940.625)",SALARY,2981,Sameer,Sharma,invalid@,9876501980,Male,1979-12-03,Delhi,596150
outliers,"Outliers detected in numeric column SALARY using IQR method (IQR multiplier=1.5, lower=5751.625, upper=123940.625)",SALARY,2985,Rakesh,Kumar,user1984@example.com,9876501984,Other,1972-07-13,Hyderabad,5436
outliers,"Outliers detected in numeric column SALARY using IQR method (IQR multiplier=1.5, lower=5751.625, upper=123940.625)",SALARY,2996,Sameer,Singh,user1995@example.com,9876501995,,2001-03-05,Chennai,1000
outliers,"Outliers detected in numeric column SALARY using IQR method (IQR multiplier=1.5, lower=5751.625, upper=123940.625)",SALARY,3011,Priya,Mehta,user2010@example.com,9876502010,Female,1970-07-10,Hyderabad,979343
outliers,"Outliers detected in numeric column SALARY using IQR method (IQR multiplier=1.5, lower=5751.625, upper=123940.625)",SALARY,3026,Neha,Gupta,user2025@example.com,123,Male,1978-11-22,Hyderabad,1000
outliers,"Outliers detected in numeric column SALARY using IQR method (IQR multiplier=1.5, lower=5751.625, upper=123940.625)",SALARY,3041,Kavya,Patel,,9876502040,,2015-02-20,Ahmedabad,739228
outliers,"Outliers detected in numeric column SALARY using IQR method (IQR multiplier=1.5, lower=5751.625, upper=123940.625)",SALARY,3056,Amit,Singh,user2055@example.com,9876502055,,1979-08-27,Hyderabad,1000
outliers,"Outliers detected in numeric column SALARY using IQR method (IQR multiplier=1.5, lower=5751.625, upper=123940.625)",SALARY,3071,Sneha,Verma,user2070@example.com,9876502070,,1972-12-09,Delhi,698408
outliers,"Outliers detected in numeric column SALARY using IQR method (IQR multiplier=1.5, lower=5751.625, upper=123940.625)",SALARY,3086,Neha,Gupta,user2085@example.com,9876502085,Male,2006-05-04,Kolkata,1000
outliers,"Outliers detected in numeric column SALARY using IQR method (IQR multiplier=1.5, lower=5751.625, upper=123940.625)",SALARY,3101,Neha,Sharma,invalid@,,,1973-08-14,Pune,652420
outliers,"Outliers detected in numeric column SALARY using IQR method (IQR multiplier=1.5, lower=5751.625, upper=123940.625)",SALARY,3116,Sneha,Mehta,user2115@example.com,9876502115,,2003-08-12,Bangalore,1000
outliers,"Outliers detected in numeric column SALARY using IQR method (IQR multiplier=1.5, lower=5751.625, upper=123940.625)",SALARY,3131,Anjali,Mehta,user2130@example.com,9876502130,Other,1991-09-26,Hyderabad,729209
outliers,"Outliers detected in numeric column SALARY using IQR method (IQR multiplier=1.5, lower=5751.625, upper=123940.625)",SALARY,3133,Kavya,Mehta,user2132@example.com,9876502132,Male,1977-06-02,Bangalore,133194
outliers,"Outliers detected in numeric column SALARY using IQR method (IQR multiplier=1.5, lower=5751.625, upper=123940.625)",SALARY,3146,Rakesh,Mehta,user2145@example.com,9876502145,Male,1992-01-28,Mumbai,1000
outliers,"Outliers detected in numeric column SALARY using IQR method (IQR multiplier=1.5, lower=5751.625, upper=123940.625)",SALARY,3161,Rakesh,Verma,,9876502160,,2001-04-08,Ahmedabad,1000000
outliers,"Outliers detected in numeric column SALARY using IQR method (IQR multiplier=1.5, lower=5751.625, upper=123940.625)",SALARY,3176,Sameer,Singh,user2175@example.com,123,,1982-01-22,Ahmedabad,1000
outliers,"Outliers detected in numeric column SALARY using IQR method (IQR multiplier=1.5, lower=5751.625, upper=123940.625)",SALARY,3191,Kavya,Joshi,user2190@example.com,9876502190,Female,2018-07-26,Hyderabad,335043
outliers,"Outliers detected in numeric column SALARY using IQR method (IQR multiplier=1.5, lower=5751.625, upper=123940.625)",SALARY,3206,Rakesh,Singh,user2205@example.com,9876502205,Female,1974-05-08,Delhi,1000
outliers,"Outliers detected in numeric column SALARY using IQR method (IQR multiplier=1.5, lower=5751.625, upper=123940.625)",SALARY,3221,Neha,Rao,invalid@,9876502220,,2014-01-07,Chennai,589277
outliers,"Outliers detected in numeric column SALARY using IQR method (IQR multiplier=1.5, lower=5751.625, upper=123940.625)",SALARY,3236,Vijay,Joshi,user2235@example.com,9876502235,Other,2002-10-31,Pune,1000
outliers,"Outliers detected in numeric column SALARY using IQR method (IQR multiplier=1.5, lower=5751.625, upper=123940.625)",SALARY,3251,Anjali,Joshi,user2250@example.com,,,2016-01-05,Bangalore,844010
outliers,"Outliers detected in numeric column SALARY using IQR method (IQR multiplier=1.5, lower=5751.625, upper=123940.625)",SALARY,3266,Rakesh,Reddy,user2265@example.com,9876502265,Other,2016-04-30,Delhi,1000
outliers,"Outliers detected in numeric column SALARY using IQR method (IQR multiplier=1.5, lower=5751.625, upper=123940.625)",SALARY,3281,Neha,Singh,,9876502280,,2006-12-05,Hyderabad,528364
outliers,"Outliers detected in numeric column SALARY using IQR method (IQR multiplier=1.5, lower=5751.625, upper=123940.625)",SALARY,3296,Anjali,Gupta,user2295@example.com,9876502295,Male,2007-07-28,Pune,1000
outliers,"Outliers detected in numeric column SALARY using IQR method (IQR multiplier=1.5, lower=5751.625, upper=123940.625)",SALARY,3311,Vijay,Patel,user2310@example.com,9876502310,Other,1970-01-16,Delhi,785327
outliers,"Outliers detected in numeric column SALARY using IQR method (IQR multiplier=1.5, lower=5751.625, upper=123940.625)",SALARY,3326,Kavya,Kumar,user2325@example.com,123,Male,2015-08-09,Mumbai,1000
outliers,"Outliers detected in numeric column SALARY using IQR method (IQR multiplier=1.5, lower=5751.625, upper=123940.625)",SALARY,3341,Rakesh,Kumar,invalid@,9876502340,,1993-02-16,Ahmedabad,966549
outliers,"Outliers detected in numeric column SALARY using IQR method (IQR multiplier=1.5, lower=5751.625, upper=123940.625)",SALARY,3356,Priya,Kumar,user2355@example.com,9876502355,Female,1973-04-22,Delhi,1000
outliers,"Outliers detected in numeric column SALARY using IQR method (IQR multiplier=1.5, lower=5751.625, upper=123940.625)",SALARY,3371,Sameer,Patel,user2370@example.com,9876502370,Female,2014-05-11,Chennai,688469
outliers,"Outliers detected in numeric column SALARY using IQR method (IQR multiplier=1.5, lower=5751.625, upper=123940.625)",SALARY,3386,Neha,Patel,user2385@example.com,9876502385,Male,2007-11-24,Hyderabad,1000
outliers,"Outliers detected in numeric column SALARY using IQR method (IQR multiplier=1.5, lower=5751.625, upper=123940.625)",SALARY,3401,Anjali,Sharma,,,Other,2010-08-23,Kolkata,592735
outliers,"Outliers detected in numeric column SALARY using IQR method (IQR multiplier=1.5, lower=5751.625, upper=123940.625)",SALARY,3416,Rakesh,Rao,user2415@example.com,9876502415,,2000-10-07,Ahmedabad,1000
outliers,"Outliers detected in numeric column SALARY using IQR method (IQR multiplier=1.5, lower=5751.625, upper=123940.625)",SALARY,3431,Amit,Sharma,user2430@example.com,9876502430,Female,1972-05-28,Mumbai,365246
outliers,"Outliers detected in numeric column SALARY using IQR method (IQR multiplier=1.5, lower=5751.625, upper=123940.625)",SALARY,3446,Amit,Joshi,user2445@example.com,9876502445,Other,1992-05-11,Kolkata,1000
outliers,"Outliers detected in numeric column SALARY using IQR method (IQR multiplier=1.5, lower=5751.625, upper=123940.625)",SALARY,3461,Rakesh,Rao,invalid@,9876502460,Male,2017-08-20,Pune,650728
outliers,"Outliers detected in numeric column SALARY using IQR method (IQR multiplier=1.5, lower=5751.625, upper=123940.625)",SALARY,3476,Priya,Joshi,user2475@example.com,123,Female,1996-04-05,Chennai,1000
outliers,"Outliers detected in numeric column SALARY using IQR method (IQR multiplier=1.5, lower=5751.625, upper=123940.625)",SALARY,3491,Priya,Patel,user2490@example.com,9876502490,Other,1994-06-06,Ahmedabad,527949
outliers,"Outliers detected in numeric column SALARY using IQR method (IQR multiplier=1.5, lower=5751.625, upper=123940.625)",SALARY,3506,Rakesh,Verma,user2505@example.com,9876502505,,1973-05-23,Chennai,1000
outliers,"Outliers detected in numeric column SALARY using IQR method (IQR multiplier=1.5, lower=5751.625, upper=123940.625)",SALARY,3521,Priya,Joshi,,9876502520,Other,1973-12-17,Bangalore,502964
outliers,"Outliers detected in numeric column SALARY using IQR method (IQR multiplier=1.5, lower=5751.625, upper=123940.625)",SALARY,3536,Priya,Sharma,user2535@example.com,9876502535,Female,2009-07-03,Delhi,1000
outliers,"Outliers detected in numeric column SALARY using IQR method (IQR multiplier=1.5, lower=5751.625, upper=123940.625)",SALARY,3551,Amit,Sharma,user2550@example.com,,Male,1990-06-12,Chennai,593153
outliers,"Outliers detected in numeric column SALARY using IQR method (IQR multiplier=1.5, lower=5751.625, upper=123940.625)",SALARY,3566,Kavya,Verma,user2565@example.com,9876502565,Female,1988-10-19,Ahmedabad,1000
outliers,"Outliers detected in numeric column SALARY using IQR method (IQR multiplier=1.5, lower=5751.625, upper=123940.625)",SALARY,3581,Kavya,Singh,invalid@,9876502580,Female,2003-02-18,Bangalore,1000000
outliers,"Outliers detected in numeric column SALARY using IQR method (IQR multiplier=1.5, lower=5751.625, upper=123940.625)",SALARY,3596,Priya,Joshi,user2595@example.com,9876502595,Other,1973-04-01,Pune,1000
outliers,"Outliers detected in numeric column SALARY using IQR method (IQR multiplier=1.5, lower=5751.625, upper=123940.625)",SALARY,3611,Anjali,Kumar,user2610@example.com,9876502610,Other,1979-04-27,Delhi,461241
outliers,"Outliers detected in numeric column SALARY using IQR method (IQR multiplier=1.5, lower=5751.625, upper=123940.625)",SALARY,3626,Anjali,Mehta,user2625@example.com,123,Female,1985-07-19,Bangalore,1000
outliers,"Outliers detected in numeric column SALARY using IQR method (IQR multiplier=1.5, lower=5751.625, upper=123940.625)",SALARY,3641,Vijay,Gupta,,9876502640,Other,2012-06-23,Pune,644281
outliers,"Outliers detected in numeric column SALARY using IQR method (IQR multiplier=1.5, lower=5751.625, upper=123940.625)",SALARY,3656,Rakesh,Sharma,user2655@example.com,9876502655,,1980-01-04,Delhi,1000
outliers,"Outliers detected in numeric column SALARY using IQR method (IQR multiplier=1.5, lower=5751.625, upper=123940.625)",SALARY,3671,Anjali,Singh,user2670@example.com,9876502670,Other,2018-01-14,Kolkata,712807
outliers,"Outliers detected in numeric column SALARY using IQR method (IQR multiplier=1.5, lower=5751.625, upper=123940.625)",SALARY,3686,Rakesh,Verma,user2685@example.com,9876502685,,2050-01-01,Mumbai,1000
outliers,"Outliers detected in numeric column SALARY using IQR method (IQR multiplier=1.5, lower=5751.625, upper=123940.625)",SALARY,3701,Amit,Verma,invalid@,,,2008-11-02,Pune,363868
outliers,"Outliers detected in numeric column SALARY using IQR method (IQR multiplier=1.5, lower=5751.625, upper=123940.625)",SALARY,3716,Kavya,Mehta,user2715@example.com,9876502715,Male,1994-08-18,Chennai,1000
outliers,"Outliers detected in numeric column SALARY using IQR method (IQR multiplier=1.5, lower=5751.625, upper=123940.625)",SALARY,3731,Arjun,Sharma,user2730@example.com,9876502730,,2005-09-05,Hyderabad,722112
outliers,"Outliers detected in numeric column SALARY using IQR method (IQR multiplier=1.5, lower=5751.625, upper=123940.625)",SALARY,3746,Arjun,Joshi,user2745@example.com,9876502745,,2001-10-17,Chennai,1000
outliers,"Outliers detected in numeric column SALARY using IQR method (IQR multiplier=1.5, lower=5751.625, upper=123940.625)",SALARY,3761,Sameer,Patel,,9876502760,,2015-12-25,Delhi,930468
outliers,"Outliers detected in numeric column SALARY using IQR method (IQR multiplier=1.5, lower=5751.625, upper=123940.625)",SALARY,3776,Sameer,Sharma,user2775@example.com,123,Male,1997-10-03,Chennai,1000
outliers,"Outliers detected in numeric column SALARY using IQR method (IQR multiplier=1.5, lower=5751.625, upper=123940.625)",SALARY,3791,Arjun,Singh,user2790@example.com,9876502790,Other,2001-08-25,Mumbai,735343
outliers,"Outliers detected in numeric column SALARY using IQR method (IQR multiplier=1.5, lower=5751.625, upper=123940.625)",SALARY,3806,Neha,Verma,user2805@example.com,9876502805,,1976-01-17,Mumbai,1000
outliers,"Outliers detected in numeric column SALARY using IQR method (IQR multiplier=1.5, lower=5751.625, upper=123940.625)",SALARY,3821,Sneha,Gupta,invalid@,9876502820,Other,1984-04-18,Delhi,833606
outliers,"Outliers detected in numeric column SALARY using IQR method (IQR multiplier=1.5, lower=5751.625, upper=123940.625)",SALARY,3836,Amit,Rao,user2835@example.com,9876502835,,1970-02-03,Kolkata,1000
outliers,"Outliers detected in numeric column SALARY using IQR method (IQR multiplier=1.5, lower=5751.625, upper=123940.625)",SALARY,3851,Sameer,Reddy,user2850@example.com,,,2007-02-06,Ahmedabad,1000000
outliers,"Outliers detected in numeric column SALARY using IQR method (IQR multiplier=1.5, lower=5751.625, upper=123940.625)",SALARY,3866,Rakesh,Reddy,user2865@example.com,9876502865,,2017-03-30,Pune,1000
outliers,"Outliers detected in numeric column SALARY using IQR method (IQR multiplier=1.5, lower=5751.625, upper=123940.625)",SALARY,3881,Kavya,Singh,,9876502880,Female,1987-07-10,Mumbai,378357
outliers,"Outliers detected in numeric column SALARY using IQR method (IQR multiplier=1.5, lower=5751.625, upper=123940.625)",SALARY,3896,Sameer,Reddy,user2895@example.com,9876502895,Female,1996-10-17,Bangalore,1000
outliers,"Outliers detected in numeric column SALARY using IQR method (IQR multiplier=1.5, lower=5751.625, upper=123940.625)",SALARY,3911,Neha,Rao,user2910@example.com,9876502910,Other,2006-03-26,Kolkata,298735
outliers,"Outliers detected in numeric column SALARY using IQR method (IQR multiplier=1.5, lower=5751.625, upper=123940.625)",SALARY,3926,Arjun,Gupta,user2925@example.com,123,Other,1974-12-15,Ahmedabad,1000
outliers,"Outliers detected in numeric column SALARY using IQR method (IQR multiplier=1.5, lower=5751.625, upper=123940.625)",SALARY,3941,Arjun,Gupta,invalid@,9876502940,Other,2002-03-18,Delhi,501879
outliers,"Outliers detected in numeric column SALARY using IQR method (IQR multiplier=1.5, lower=5751.625, upper=123940.625)",SALARY,3956,Arjun,Gupta,user2955@example.com,9876502955,Other,1996-08-26,Pune,1000
outliers,"Outliers detected in numeric column SALARY using IQR method (IQR multiplier=1.5, lower=5751.625, upper=123940.625)",SALARY,3971,Anjali,Patel,user2970@example.com,9876502970,,2015-08-02,Kolkata,867456
outliers,"Outliers detected in numeric column SALARY using IQR method (IQR multiplier=1.5, lower=5751.625, upper=123940.625)",SALARY,3986,Priya,Rao,user2985@example.com,9876502985,,1993-08-14,Kolkata,1000
outliers,"Outliers detected in numeric column SALARY using IQR method (IQR multiplier=1.5, lower=5751.625, upper=123940.625)",SALARY,4001,Sneha,Singh,,,Male,1973-09-27,Delhi,786704
outliers,"Outliers detected in numeric column SALARY using IQR method (IQR multiplier=1.5, lower=5751.625, upper=123940.625)",SALARY,4016,Sameer,Sharma,user3015@example.com,9876503015,,1989-08-23,Delhi,1000
outliers,"Outliers detected in numeric column SALARY using IQR method (IQR multiplier=1.5, lower=5751.625, upper=123940.625)",SALARY,4031,Neha,Sharma,user3030@example.com,9876503030,Other,1989-01-27,Kolkata,617117
outliers,"Outliers detected in numeric column SALARY using IQR method (IQR multiplier=1.5, lower=5751.625, upper=123940.625)",SALARY,4046,Kavya,Patel,user3045@example.com,9876503045,Other,2015-07-16,Pune,1000
outliers,"Outliers detected in numeric column SALARY using IQR method (IQR multiplier=1.5, lower=5751.625, upper=123940.625)",SALARY,4061,Anjali,Joshi,invalid@,9876503060,Male,invalid,Chennai,460009
outliers,"Outliers detected in numeric column SALARY using IQR method (IQR multiplier=1.5, lower=5751.625, upper=123940.625)",SALARY,4076,Kavya,Sharma,user3075@example.com,123,Other,1970-08-21,Pune,1000
outliers,"Outliers detected in numeric column SALARY using IQR method (IQR multiplier=1.5, lower=5751.625, upper=123940.625)",SALARY,4091,Sameer,Kumar,user3090@example.com,9876503090,Male,1970-06-09,Ahmedabad,452873
outliers,"Outliers detected in numeric column SALARY using IQR method (IQR multiplier=1.5, lower=5751.625, upper=123940.625)",SALARY,4106,Kavya,Mehta,user3105@example.com,9876503105,Male,1980-09-22,Kolkata,1000
outliers,"Outliers detected in numeric column SALARY using IQR method (IQR multiplier=1.5, lower=5751.625, upper=123940.625)",SALARY,4121,Sneha,Gupta,,9876503120,,invalid,Delhi,715259
outliers,"Outliers detected in numeric column SALARY using IQR method (IQR multiplier=1.5, lower=5751.625, upper=123940.625)",SALARY,4136,Arjun,Reddy,user3135@example.com,9876503135,Male,2009-03-13,Pune,1000
outliers,"Outliers detected in numeric column SALARY using IQR method (IQR multiplier=1.5, lower=5751.625, upper=123940.625)",SALARY,4151,Priya,Kumar,user3150@example.com,,,2012-09-13,Chennai,800602
outliers,"Outliers detected in numeric column SALARY using IQR method (IQR multiplier=1.5, lower=5751.625, upper=123940.625)",SALARY,4166,Vijay,Gupta,user3165@example.com,9876503165,Female,2018-08-12,Mumbai,1000
outliers,"Outliers detected in numeric column SALARY using IQR method (IQR multiplier=1.5, lower=5751.625, upper=123940.625)",SALARY,4181,Priya,Patel,invalid@,9876503180,Male,2009-12-05,Delhi,592793
outliers,"Outliers detected in numeric column SALARY using IQR method (IQR multiplier=1.5, lower=5751.625, upper=123940.625)",SALARY,4196,Sneha,Rao,user3195@example.com,9876503195,,2010-08-19,Delhi,1000
outliers,"Outliers detected in numeric column SALARY using IQR method (IQR multiplier=1.5, lower=5751.625, upper=123940.625)",SALARY,4211,Rakesh,Kumar,user3210@example.com,9876503210,,2004-03-20,Delhi,378222
outliers,"Outliers detected in numeric column SALARY using IQR method (IQR multiplier=1.5, lower=5751.625, upper=123940.625)",SALARY,4226,Kavya,Reddy,user3225@example.com,123,,2009-07-16,Delhi,1000
outliers,"Outliers detected in numeric column SALARY using IQR method (IQR multiplier=1.5, lower=5751.625, upper=123940.625)",SALARY,4241,Amit,Sharma,,9876503240,,2011-04-20,Hyderabad,693743
outliers,"Outliers detected in numeric column SALARY using IQR method (IQR multiplier=1.5, lower=5751.625, upper=123940.625)",SALARY,4256,Sameer,Kumar,user3255@example.com,9876503255,Male,1974-02-23,Chennai,1000
outliers,"Outliers detected in numeric column SALARY using IQR method (IQR multiplier=1.5, lower=5751.625, upper=123940.625)",SALARY,4271,Neha,Rao,user3270@example.com,9876503270,Other,1972-10-11,Bangalore,570646
outliers,"Outliers detected in numeric column SALARY using IQR method (IQR multiplier=1.5, lower=5751.625, upper=123940.625)",SALARY,4286,Kavya,Verma,user3285@example.com,9876503285,Female,2001-02-11,Pune,1000
outliers,"Outliers detected in numeric column SALARY using IQR method (IQR multiplier=1.5, lower=5751.625, upper=123940.625)",SALARY,4301,Vijay,Singh,invalid@,,,2013-10-25,Pune,682781
outliers,"Outliers detected in numeric column SALARY using IQR method (IQR multiplier=1.5, lower=5751.625, upper=123940.625)",SALARY,4316,Priya,Gupta,user3315@example.com,9876503315,Male,2015-02-11,Delhi,1000
outliers,"Outliers detected in numeric column SALARY using IQR method (IQR multiplier=1.5, lower=5751.625, upper=123940.625)",SALARY,4331,Rakesh,Verma,user3330@example.com,9876503330,Female,2005-09-11,Chennai,443479
outliers,"Outliers detected in numeric column SALARY using IQR method (IQR multiplier=1.5, lower=5751.625, upper=123940.625)",SALARY,4346,Rakesh,Reddy,user3345@example.com,9876503345,,1980-07-08,Kolkata,1000
outliers,"Outliers detected in numeric column SALARY using IQR method (IQR multiplier=1.5, lower=5751.625, upper=123940.625)",SALARY,4361,Vijay,Mehta,,9876503360,Other,1976-09-05,Hyderabad,700317
outliers,"Outliers detected in numeric column SALARY using IQR method (IQR multiplier=1.5, lower=5751.625, upper=123940.625)",SALARY,4376,Sameer,Kumar,user3375@example.com,123,Male,2003-08-16,Chennai,1000
outliers,"Outliers detected in numeric column SALARY using IQR method (IQR multiplier=1.5, lower=5751.625, upper=123940.625)",SALARY,4391,Rakesh,Verma,user3390@example.com,9876503390,,2001-06-29,Ahmedabad,248116
outliers,"Outliers detected in numeric column SALARY using IQR method (IQR multiplier=1.5, lower=5751.625, upper=123940.625)",SALARY,4406,Arjun,Rao,user3405@example.com,9876503405,,1999-05-08,Mumbai,1000
outliers,"Outliers detected in numeric column SALARY using IQR method (IQR multiplier=1.5, lower=5751.625, upper=123940.625)",SALARY,4421,Priya,Joshi,invalid@,9876503420,Female,2010-08-22,Mumbai,926689
outliers,"Outliers detected in numeric column SALARY using IQR method (IQR multiplier=1.5, lower=5751.625, upper=123940.625)",SALARY,4436,Vijay,Gupta,user3435@example.com,9876503435,Other,2015-10-21,Pune,1000
outliers,"Outliers detected in numeric column SALARY using IQR method (IQR multiplier=1.5, lower=5751.625, upper=123940.625)",SALARY,4441,Sameer,Gupta,,9876503440,Other,2002-09-02,Pune,145311
outliers,"Outliers detected in numeric column SALARY using IQR method (IQR multiplier=1.5, lower=5751.625, upper=123940.625)",SALARY,4451,Sneha,Reddy,user3450@example.com,,,1995-09-26,Chennai,544531
outliers,"Outliers detected in numeric column SALARY using IQR method (IQR multiplier=1.5, lower=5751.625, upper=123940.625)",SALARY,4466,Kavya,Mehta,user3465@example.com,9876503465,Male,1996-09-22,Ahmedabad,1000
outliers,"Outliers detected in numeric column SALARY using IQR method (IQR multiplier=1.5, lower=5751.625, upper=123940.625)",SALARY,4481,Neha,Singh,,9876503480,Other,1987-01-08,Pune,467309
outliers,"Outliers detected in numeric column SALARY using IQR method (IQR multiplier=1.5, lower=5751.625, upper=123940.625)",SALARY,4496,Neha,Reddy,user3495@example.com,9876503495,Other,1982-09-27,Bangalore,1000
outliers,"Outliers detected in numeric column SALARY using IQR method (IQR multiplier=1.5, lower=5751.625, upper=123940.625)",SALARY,4511,Anjali,Sharma,user3510@example.com,9876503510,Male,2005-12-21,Pune,865479
outliers,"Outliers detected in numeric column SALARY using IQR method (IQR multiplier=1.5, lower=5751.625, upper=123940.625)",SALARY,4526,Vijay,Singh,user3525@example.com,123,Male,2009-04-22,Kolkata,1000
outliers,"Outliers detected in numeric column SALARY using IQR method (IQR multiplier=1.5, lower=5751.625, upper=123940.625)",SALARY,4541,Kavya,Kumar,invalid@,9876503540,,2012-09-13,Chennai,538759
outliers,"Outliers detected in numeric column SALARY using IQR method (IQR multiplier=1.5, lower=5751.625, upper=123940.625)",SALARY,4556,Vijay,Reddy,user3555@example.com,9876503555,Male,2017-07-17,Delhi,1000
outliers,"Outliers detected in numeric column SALARY using IQR method (IQR multiplier=1.5, lower=5751.625, upper=123940.625)",SALARY,4571,Vijay,Singh,user3570@example.com,9876503570,Other,1996-04-29,Pune,681416
outliers,"Outliers detected in numeric column SALARY using IQR method (IQR multiplier=1.5, lower=5751.625, upper=123940.625)",SALARY,4586,Neha,Singh,user3585@example.com,9876503585,Male,1973-07-17,Pune,1000
outliers,"Outliers detected in numeric column SALARY using IQR method (IQR multiplier=1.5, lower=5751.625, upper=123940.625)",SALARY,4601,Arjun,Rao,,,Other,1996-04-03,Ahmedabad,853188
outliers,"Outliers detected in numeric column SALARY using IQR method (IQR multiplier=1.5, lower=5751.625, upper=123940.625)",SALARY,4616,Priya,Mehta,user3615@example.com,9876503615,,2000-07-08,Ahmedabad,1000
outliers,"Outliers detected in numeric column SALARY using IQR method (IQR multiplier=1.5, lower=5751.625, upper=123940.625)",SALARY,4631,Amit,Kumar,user3630@example.com,9876503630,Female,2005-12-19,Bangalore,899092
outliers,"Outliers detected in numeric column SALARY using IQR method (IQR multiplier=1.5, lower=5751.625, upper=123940.625)",SALARY,4646,Vijay,Mehta,user3645@example.com,9876503645,,1987-08-18,Kolkata,1000
outliers,"Outliers detected in numeric column SALARY using IQR method (IQR multiplier=1.5, lower=5751.625, upper=123940.625)",SALARY,4661,Sameer,Joshi,invalid@,9876503660,,2000-05-13,Kolkata,515575
outliers,"Outliers detected in numeric column SALARY using IQR method (IQR multiplier=1.5, lower=5751.625, upper=123940.625)",SALARY,4676,Priya,Reddy,user3675@example.com,123,,2003-12-06,Ahmedabad,1000
outliers,"Outliers detected in numeric column SALARY using IQR method (IQR multiplier=1.5, lower=5751.625, upper=123940.625)",SALARY,4691,Sameer,Joshi,user3690@example.com,9876503690,,1992-05-07,Bangalore,490141
outliers,"Outliers detected in numeric column SALARY using IQR method (IQR multiplier=1.5, lower=5751.625, upper=123940.625)",SALARY,4706,Priya,Singh,user3705@example.com,9876503705,Female,2016-06-05,Delhi,1000
outliers,"Outliers detected in numeric column SALARY using IQR method (IQR multiplier=1.5, lower=5751.625, upper=123940.625)",SALARY,4707,Rakesh,Rao,user3706@example.com,9876503706,Female,1972-02-14,Chennai,128500
outliers,"Outliers detected in numeric column SALARY using IQR method (IQR multiplier=1.5, lower=5751.625, upper=123940.625)",SALARY,4721,Arjun,Reddy,,9876503720,,1999-12-12,Delhi,858912
outliers,"Outliers detected in numeric column SALARY using IQR method (IQR multiplier=1.5, lower=5751.625, upper=123940.625)",SALARY,4736,Kavya,Singh,user3735@example.com,9876503735,Female,2017-11-04,Chennai,1000
outliers,"Outliers detected in numeric column SALARY using IQR method (IQR multiplier=1.5, lower=5751.625, upper=123940.625)",SALARY,4751,Neha,Gupta,user3750@example.com,,Female,2012-06-12,Bangalore,283111
outliers,"Outliers detected in numeric column SALARY using IQR method (IQR multiplier=1.5, lower=5751.625, upper=123940.625)",SALARY,4766,Sameer,Joshi,user3765@example.com,9876503765,Other,1986-08-23,Kolkata,1000
outliers,"Outliers detected in numeric column SALARY using IQR method (IQR multiplier=1.5, lower=5751.625, upper=123940.625)",SALARY,4781,Sneha,Reddy,invalid@,9876503780,,2009-11-11,Hyderabad,738346
outliers,"Outliers detected in numeric column SALARY using IQR method (IQR multiplier=1.5, lower=5751.625, upper=123940.625)",SALARY,4796,Sneha,Joshi,user3795@example.com,9876503795,,2000-08-11,Ahmedabad,1000
outliers,"Outliers detected in numeric column SALARY using IQR method (IQR multiplier=1.5, lower=5751.625, upper=123940.625)",SALARY,4811,Neha,Mehta,user3810@example.com,9876503810,,1976-11-01,Chennai,823355
outliers,"Outliers detected in numeric column SALARY using IQR method (IQR multiplier=1.5, lower=5751.625, upper=123940.625)",SALARY,4826,Kavya,Gupta,user3825@example.com,123,,1999-10-08,Pune,1000
outliers,"Outliers detected in numeric column SALARY using IQR method (IQR multiplier=1.5, lower=5751.625, upper=123940.625)",SALARY,4841,Priya,Reddy,,9876503840,Female,1996-08-02,Ahmedabad,582632
outliers,"Outliers detected in numeric column SALARY using IQR method (IQR multiplier=1.5, lower=5751.625, upper=123940.625)",SALARY,4856,Rakesh,Rao,user3855@example.com,9876503855,,2012-05-02,Delhi,1000
outliers,"Outliers detected in numeric column SALARY using IQR method (IQR multiplier=1.5, lower=5751.625, upper=123940.625)",SALARY,4871,Kavya,Rao,user3870@example.com,9876503870,Other,2000-11-07,Hyderabad,920089
outliers,"Outliers detected in numeric column SALARY using IQR method (IQR multiplier=1.5, lower=5751.625, upper=123940.625)",SALARY,4886,Sameer,Patel,user3885@example.com,9876503885,,invalid,Hyderabad,1000
outliers,"Outliers detected in numeric column SALARY using IQR method (IQR multiplier=1.5, lower=5751.625, upper=123940.625)",SALARY,4901,Arjun,Sharma,invalid@,,,1997-06-19,Bangalore,744595
outliers,"Outliers detected in numeric column SALARY using IQR method (IQR multiplier=1.5, lower=5751.625, upper=123940.625)",SALARY,4916,Arjun,Verma,user3915@example.com,9876503915,,2050-01-01,Hyderabad,1000
outliers,"Outliers detected in numeric column SALARY using IQR method (IQR multiplier=1.5, lower=5751.625, upper=123940.625)",SALARY,4931,Anjali,Mehta,user3930@example.com,9876503930,Male,2015-10-04,Pune,795622
outliers,"Outliers detected in numeric column SALARY using IQR method (IQR multiplier=1.5, lower=5751.625, upper=123940.625)",SALARY,4946,Vijay,Reddy,user3945@example.com,9876503945,Male,1999-09-12,Chennai,1000
outliers,"Outliers detected in numeric column SALARY using IQR method (IQR multiplier=1.5, lower=5751.625, upper=123940.625)",SALARY,4961,Kavya,Singh,,9876503960,,2000-01-06,Pune,752941
outliers,"Outliers detected in numeric column SALARY using IQR method (IQR multiplier=1.5, lower=5751.625, upper=123940.625)",SALARY,4976,Arjun,Kumar,user3975@example.com,123,Other,2000-06-21,Bangalore,1000
outliers,"Outliers detected in numeric column SALARY using IQR method (IQR multiplier=1.5, lower=5751.625, upper=123940.625)",SALARY,4991,Vijay,Gupta,user3990@example.com,9876503990,,2011-09-27,Hyderabad,833266
outliers,"Outliers detected in numeric column SALARY using IQR method (IQR multiplier=1.5, lower=5751.625, upper=123940.625)",SALARY,5006,Anjali,Gupta,user4005@example.com,9876504005,,1999-04-19,Hyderabad,1000
outliers,"Outliers detected in numeric column SALARY using IQR method (IQR multiplier=1.5, lower=5751.625, upper=123940.625)",SALARY,5021,Priya,Verma,invalid@,9876504020,Male,2005-04-13,Mumbai,782318
outliers,"Outliers detected in numeric column SALARY using IQR method (IQR multiplier=1.5, lower=5751.625, upper=123940.625)",SALARY,5036,Arjun,Singh,user4035@example.com,9876504035,Other,2001-08-27,Delhi,1000
outliers,"Outliers detected in numeric column SALARY using IQR method (IQR multiplier=1.5, lower=5751.625, upper=123940.625)",SALARY,5051,Anjali,Reddy,user4050@example.com,,Male,1991-11-19,Hyderabad,732573
outliers,"Outliers detected in numeric column SALARY using IQR method (IQR multiplier=1.5, lower=5751.625, upper=123940.625)",SALARY,5066,Priya,Kumar,user4065@example.com,9876504065,Other,1977-07-31,Kolkata,1000
outliers,"Outliers detected in numeric column SALARY using IQR method (IQR multiplier=1.5, lower=5751.625, upper=123940.625)",SALARY,5081,Amit,Singh,,9876504080,,1991-08-19,Chennai,422162
outliers,"Outliers detected in numeric column SALARY using IQR method (IQR multiplier=1.5, lower=5751.625, upper=123940.625)",SALARY,5096,Sameer,Verma,user4095@example.com,9876504095,,1993-04-08,Hyderabad,1000
outliers,"Outliers detected in numeric column SALARY using IQR method (IQR multiplier=1.5, lower=5751.625, upper=123940.625)",SALARY,5111,Sameer,Kumar,user4110@example.com,9876504110,Male,2016-12-10,Chennai,555377
outliers,"Outliers detected in numeric column SALARY using IQR method (IQR multiplier=1.5, lower=5751.625, upper=123940.625)",SALARY,5126,Sneha,Sharma,user4125@example.com,123,Female,2010-10-09,Pune,1000
outliers,"Outliers detected in numeric column SALARY using IQR method (IQR multiplier=1.5, lower=5751.625, upper=123940.625)",SALARY,5141,Arjun,Sharma,invalid@,9876504140,Female,1989-07-25,Chennai,906389
outliers,"Outliers detected in numeric column SALARY using IQR method (IQR multiplier=1.5, lower=5751.625, upper=123940.625)",SALARY,5156,Sameer,Gupta,user4155@example.com,9876504155,,1998-06-15,Pune,1000
outliers,"Outliers detected in numeric column SALARY using IQR method (IQR multiplier=1.5, lower=5751.625, upper=123940.625)",SALARY,5171,Sneha,Rao,user4170@example.com,9876504170,,2012-08-09,Chennai,1000000
outliers,"Outliers detected in numeric column SALARY using IQR method (IQR multiplier=1.5, lower=5751.625, upper=123940.625)",SALARY,5186,Sameer,Rao,user4185@example.com,9876504185,,1989-11-09,Kolkata,1000
outliers,"Outliers detected in numeric column SALARY using IQR method (IQR multiplier=1.5, lower=5751.625, upper=123940.625)",SALARY,5201,Sneha,Mehta,,,Other,1988-08-29,Ahmedabad,666703
outliers,"Outliers detected in numeric column SALARY using IQR method (IQR multiplier=1.5, lower=5751.625, upper=123940.625)",SALARY,5216,Anjali,Kumar,user4215@example.com,9876504215,Female,1972-06-28,Bangalore,1000
outliers,"Outliers detected in numeric column SALARY using IQR method (IQR multiplier=1.5, lower=5751.625, upper=123940.625)",SALARY,5217,Arjun,Mehta,user4216@example.com,9876504216,,2002-02-02,Bangalore,150977
outliers,"Outliers detected in numeric column SALARY using IQR method (IQR multiplier=1.5, lower=5751.625, upper=123940.625)",SALARY,5231,Sneha,Patel,user4230@example.com,9876504230,Female,2004-02-16,Delhi,585756
outliers,"Outliers detected in numeric column SALARY using IQR method (IQR multiplier=1.5, lower=5751.625, upper=123940.625)",SALARY,5246,Vijay,Gupta,user4245@example.com,9876504245,Male,1984-03-04,Ahmedabad,1000
outliers,"Outliers detected in numeric column SALARY using IQR method (IQR multiplier=1.5, lower=5751.625, upper=123940.625)",SALARY,5261,Amit,Gupta,invalid@,9876504260,Other,2004-01-08,Ahmedabad,692805
outliers,"Outliers detected in numeric column SALARY using IQR method (IQR multiplier=1.5, lower=5751.625, upper=123940.625)",SALARY,5276,Rakesh,Joshi,user4275@example.com,123,,1987-06-30,Bangalore,1000
outliers,"Outliers detected in numeric column SALARY using IQR method (IQR multiplier=1.5, lower=5751.625, upper=123940.625)",SALARY,5291,Priya,Patel,user4290@example.com,9876504290,Other,1975-02-11,Ahmedabad,716474
outliers,"Outliers detected in numeric column SALARY using IQR method (IQR multiplier=1.5, lower=5751.625, upper=123940.625)",SALARY,5306,Priya,Singh,user4305@example.com,9876504305,Male,1973-07-23,Pune,1000
outliers,"Outliers detected in numeric column SALARY using IQR method (IQR multiplier=1.5, lower=5751.625, upper=123940.625)",SALARY,5321,Sameer,Patel,,9876504320,Male,1989-05-01,Kolkata,301939
outliers,"Outliers detected in numeric column SALARY using IQR method (IQR multiplier=1.5, lower=5751.625, upper=123940.625)",SALARY,5336,Neha,Joshi,user4335@example.com,9876504335,Male,1976-03-08,Chennai,1000
outliers,"Outliers detected in numeric column SALARY using IQR method (IQR multiplier=1.5, lower=5751.625, upper=123940.625)",SALARY,5351,Amit,Reddy,user4350@example.com,,,1986-10-21,Kolkata,332468
outliers,"Outliers detected in numeric column SALARY using IQR method (IQR multiplier=1.5, lower=5751.625, upper=123940.625)",SALARY,5366,Kavya,Sharma,user4365@example.com,9876504365,,1990-05-28,Delhi,1000
outliers,"Outliers detected in numeric column SALARY using IQR method (IQR multiplier=1.5, lower=5751.625, upper=123940.625)",SALARY,5381,Rakesh,Patel,invalid@,9876504380,Female,1975-04-17,Kolkata,491545
outliers,"Outliers detected in numeric column SALARY using IQR method (IQR multiplier=1.5, lower=5751.625, upper=123940.625)",SALARY,5396,Neha,Gupta,user4395@example.com,9876504395,,2001-01-29,Chennai,1000
outliers,"Outliers detected in numeric column SALARY using IQR method (IQR multiplier=1.5, lower=5751.625, upper=123940.625)",SALARY,5411,Amit,Verma,user4410@example.com,9876504410,Other,2012-02-28,Ahmedabad,383725
outliers,"Outliers detected in numeric column SALARY using IQR method (IQR multiplier=1.5, lower=5751.625, upper=123940.625)",SALARY,5426,Anjali,Reddy,user4425@example.com,123,Male,1995-09-09,Hyderabad,1000
outliers,"Outliers detected in numeric column SALARY using IQR method (IQR multiplier=1.5, lower=5751.625, upper=123940.625)",SALARY,5441,Sneha,Reddy,,9876504440,Other,1981-05-12,Hyderabad,512731
outliers,"Outliers detected in numeric column SALARY using IQR method (IQR multiplier=1.5, lower=5751.625, upper=123940.625)",SALARY,5456,Kavya,Mehta,user4455@example.com,9876504455,Other,1971-07-01,Chennai,1000
outliers,"Outliers detected in numeric column SALARY using IQR method (IQR multiplier=1.5, lower=5751.625, upper=123940.625)",SALARY,5471,Arjun,Gupta,user4470@example.com,9876504470,Other,1980-01-18,Ahmedabad,477773
outliers,"Outliers detected in numeric column SALARY using IQR method (IQR multiplier=1.5, lower=5751.625, upper=123940.625)",SALARY,5486,Sneha,Sharma,user4485@example.com,9876504485,,2011-05-01,Kolkata,1000
outliers,"Outliers detected in numeric column SALARY using IQR method (IQR multiplier=1.5, lower=5751.625, upper=123940.625)",SALARY,5501,Amit,Verma,invalid@,,,1980-06-16,Delhi,645004
outliers,"Outliers detected in numeric column SALARY using IQR method (IQR multiplier=1.5, lower=5751.625, upper=123940.625)",SALARY,5516,Anjali,Reddy,user4515@example.com,9876504515,Other,2016-04-27,Kolkata,1000
outliers,"Outliers detected in numeric column SALARY using IQR method (IQR multiplier=1.5, lower=5751.625, upper=123940.625)",SALARY,5531,Priya,Patel,user4530@example.com,9876504530,Other,1976-03-04,Ahmedabad,673193
outliers,"Outliers detected in numeric column SALARY using IQR method (IQR multiplier=1.5, lower=5751.625, upper=123940.625)",SALARY,5546,Anjali,Joshi,user4545@example.com,9876504545,Female,1982-12-02,Delhi,1000
outliers,"Outliers detected in numeric column SALARY using IQR method (IQR multiplier=1.5, lower=5751.625, upper=123940.625)",SALARY,5561,Arjun,Mehta,,9876504560,Female,2003-08-22,Kolkata,814959
outliers,"Outliers detected in numeric column SALARY using IQR method (IQR multiplier=1.5, lower=5751.625, upper=123940.625)",SALARY,5576,Priya,Joshi,user4575@example.com,123,,2015-01-13,Delhi,1000
outliers,"Outliers detected in numeric column SALARY using IQR method (IQR multiplier=1.5, lower=5751.625, upper=123940.625)",SALARY,5591,Anjali,Reddy,user4590@example.com,9876504590,,1991-01-26,Pune,598867
outliers,"Outliers detected in numeric column SALARY using IQR method (IQR multiplier=1.5, lower=5751.625, upper=123940.625)",SALARY,5606,Vijay,Rao,user4605@example.com,9876504605,,2001-11-09,Mumbai,1000
outliers,"Outliers detected in numeric column SALARY using IQR method (IQR multiplier=1.5, lower=5751.625, upper=123940.625)",SALARY,5621,Sneha,Gupta,invalid@,9876504620,,2002-11-29,Hyderabad,915970
outliers,"Outliers detected in numeric column SALARY using IQR method (IQR multiplier=1.5, lower=5751.625, upper=123940.625)",SALARY,5636,Rakesh,Singh,user4635@example.com,9876504635,Male,1996-10-07,Hyderabad,1000
outliers,"Outliers detected in numeric column SALARY using IQR method (IQR multiplier=1.5, lower=5751.625, upper=123940.625)",SALARY,5651,Sameer,Singh,user4650@example.com,,Other,1977-08-18,Hyderabad,783361
outliers,"Outliers detected in numeric column SALARY using IQR method (IQR multiplier=1.5, lower=5751.625, upper=123940.625)",SALARY,5666,Anjali,Verma,user4665@example.com,9876504665,Male,1985-10-08,Mumbai,1000
outliers,"Outliers detected in numeric column SALARY using IQR method (IQR multiplier=1.5, lower=5751.625, upper=123940.625)",SALARY,5681,Sneha,Rao,,9876504680,Male,1996-08-19,Hyderabad,360942
outliers,"Outliers detected in numeric column SALARY using IQR method (IQR multiplier=1.5, lower=5751.625, upper=123940.625)",SALARY,5696,Sameer,Mehta,user4695@example.com,9876504695,,2018-03-07,Ahmedabad,1000
outliers,"Outliers detected in numeric column SALARY using IQR method (IQR multiplier=1.5, lower=5751.625, upper=123940.625)",SALARY,5711,Amit,Joshi,user4710@example.com,9876504710,,2050-01-01,Mumbai,419490
outliers,"Outliers detected in numeric column SALARY using IQR method (IQR multiplier=1.5, lower=5751.625, upper=123940.625)",SALARY,5726,Priya,Patel,user4725@example.com,123,,1970-01-14,Delhi,1000
outliers,"Outliers detected in numeric column SALARY using IQR method (IQR multiplier=1.5, lower=5751.625, upper=123940.625)",SALARY,5741,Arjun,Joshi,invalid@,9876504740,,2016-04-22,Mumbai,472923
outliers,"Outliers detected in numeric column SALARY using IQR method (IQR multiplier=1.5, lower=5751.625, upper=123940.625)",SALARY,5756,Arjun,Mehta,user4755@example.com,9876504755,,1977-10-11,Kolkata,1000
outliers,"Outliers detected in numeric column SALARY using IQR method (IQR multiplier=1.5, lower=5751.625, upper=123940.625)",SALARY,5771,Sameer,Joshi,user4770@example.com,9876504770,Male,1995-11-05,Pune,574850
outliers,"Outliers detected in numeric column SALARY using IQR method (IQR multiplier=1.5, lower=5751.625, upper=123940.625)",SALARY,5786,Arjun,Gupta,user4785@example.com,9876504785,,2010-11-15,Pune,1000
outliers,"Outliers detected in numeric column SALARY using IQR method (IQR multiplier=1.5, lower=5751.625, upper=123940.625)",SALARY,5801,Sameer,Kumar,,,Male,1985-12-17,Delhi,470264
outliers,"Outliers detected in numeric column SALARY using IQR method (IQR multiplier=1.5, lower=5751.625, upper=123940.625)",SALARY,5816,Sneha,Gupta,user4815@example.com,9876504815,Male,2008-05-21,Pune,1000
outliers,"Outliers detected in numeric column SALARY using IQR method (IQR multiplier=1.5, lower=5751.625, upper=123940.625)",SALARY,5831,Priya,Joshi,user4830@example.com,9876504830,,1973-08-14,Chennai,765384
outliers,"Outliers detected in numeric column SALARY using IQR method (IQR multiplier=1.5, lower=5751.625, upper=123940.625)",SALARY,5846,Sameer,Singh,user4845@example.com,9876504845,,1992-03-11,Pune,1000
outliers,"Outliers detected in numeric column SALARY using IQR method (IQR multiplier=1.5, lower=5751.625, upper=123940.625)",SALARY,5861,Neha,Rao,invalid@,9876504860,,1980-08-19,Hyderabad,579900
outliers,"Outliers detected in numeric column SALARY using IQR method (IQR multiplier=1.5, lower=5751.625, upper=123940.625)",SALARY,5876,Anjali,Kumar,user4875@example.com,123,Other,2004-03-17,Hyderabad,1000
outliers,"Outliers detected in numeric column SALARY using IQR method (IQR multiplier=1.5, lower=5751.625, upper=123940.625)",SALARY,5891,Anjali,Reddy,user4890@example.com,9876504890,,2018-04-07,Chennai,664652
outliers,"Outliers detected in numeric column SALARY using IQR method (IQR multiplier=1.5, lower=5751.625, upper=123940.625)",SALARY,5906,Anjali,Reddy,user4905@example.com,9876504905,Male,2002-07-15,Ahmedabad,1000
outliers,"Outliers detected in numeric column SALARY using IQR method (IQR multiplier=1.5, lower=5751.625, upper=123940.625)",SALARY,5921,Priya,Sharma,,9876504920,Female,1984-05-23,Hyderabad,581599
outliers,"Outliers detected in numeric column SALARY using IQR method (IQR multiplier=1.5, lower=5751.625, upper=123940.625)",SALARY,5936,Neha,Mehta,user4935@example.com,9876504935,,1980-11-14,Mumbai,1000
outliers,"Outliers detected in numeric column SALARY using IQR method (IQR multiplier=1.5, lower=5751.625, upper=123940.625)",SALARY,5951,Kavya,Joshi,user4950@example.com,,Other,1984-01-16,Kolkata,943762
outliers,"Outliers detected in numeric column SALARY using IQR method (IQR multiplier=1.5, lower=5751.625, upper=123940.625)",SALARY,5966,Sameer,Verma,user4965@example.com,9876504965,,1974-12-19,Ahmedabad,1000
outliers,"Outliers detected in numeric column SALARY using IQR method (IQR multiplier=1.5, lower=5751.625, upper=123940.625)",SALARY,5981,Amit,Verma,invalid@,9876504980,,2011-12-06,Pune,749983
outliers,"Outliers detected in numeric column SALARY using IQR method (IQR multiplier=1.5, lower=5751.625, upper=123940.625)",SALARY,5996,Amit,Singh,user4995@example.com,9876504995,Other,1992-11-13,Pune,1000
outliers,"Outliers detected in numeric column SALARY using IQR method (IQR multiplier=1.5, lower=5751.625, upper=123940.625)",SALARY,5997,Neha,Verma,user4996@example.com,9876504996,,1998-06-02,Hyderabad,5301
outliers,"Outliers detected in numeric column SALARY using IQR method (IQR multiplier=1.5, lower=5751.625, upper=123940.625)",SALARY,6011,Neha,Patel,user5010@example.com,9876505010,Male,1997-04-08,Kolkata,613906
outliers,"Outliers detected in numeric column SALARY using IQR method (IQR multiplier=1.5, lower=5751.625, upper=123940.625)",SALARY,6026,Neha,Reddy,user5025@example.com,123,,2010-10-07,Kolkata,1000
outliers,"Outliers detected in numeric column SALARY using IQR method (IQR multiplier=1.5, lower=5751.625, upper=123940.625)",SALARY,6041,Neha,Kumar,,9876505040,Male,1993-09-18,Hyderabad,751953
outliers,"Outliers detected in numeric column SALARY using IQR method (IQR multiplier=1.5, lower=5751.625, upper=123940.625)",SALARY,6056,Vijay,Patel,user5055@example.com,9876505055,Female,2050-01-01,Hyderabad,1000
outliers,"Outliers detected in numeric column SALARY using IQR method (IQR multiplier=1.5, lower=5751.625, upper=123940.625)",SALARY,6071,Amit,Mehta,user5070@example.com,9876505070,,1987-11-09,Chennai,693600
outliers,"Outliers detected in numeric column SALARY using IQR method (IQR multiplier=1.5, lower=5751.625, upper=123940.625)",SALARY,6086,Neha,Rao,user5085@example.com,9876505085,Male,2011-12-15,Mumbai,1000
outliers,"Outliers detected in numeric column SALARY using IQR method (IQR multiplier=1.5, lower=5751.625, upper=123940.625)",SALARY,6101,Priya,Singh,invalid@,,Male,2019-03-27,Ahmedabad,931532
outliers,"Outliers detected in numeric column SALARY using IQR method (IQR multiplier=1.5, lower=5751.625, upper=123940.625)",SALARY,6116,Kavya,Rao,user5115@example.com,9876505115,Male,2012-03-22,Kolkata,1000
outliers,"Outliers detected in numeric column SALARY using IQR method (IQR multiplier=1.5, lower=5751.625, upper=123940.625)",SALARY,6131,Kavya,Patel,user5130@example.com,9876505130,Other,1981-05-23,Pune,1000000
outliers,"Outliers detected in numeric column SALARY using IQR method (IQR multiplier=1.5, lower=5751.625, upper=123940.625)",SALARY,6146,Rakesh,Rao,user5145@example.com,9876505145,,2010-05-10,Mumbai,1000
outliers,"Outliers detected in numeric column SALARY using IQR method (IQR multiplier=1.5, lower=5751.625, upper=123940.625)",SALARY,6161,Neha,Gupta,,9876505160,,1993-05-01,Delhi,839976
outliers,"Outliers detected in numeric column SALARY using IQR method (IQR multiplier=1.5, lower=5751.625, upper=123940.625)",SALARY,6176,Amit,Patel,user5175@example.com,123,Female,2002-09-05,Ahmedabad,1000
outliers,"Outliers detected in numeric column SALARY using IQR method (IQR multiplier=1.5, lower=5751.625, upper=123940.625)",SALARY,6191,Amit,Kumar,user5190@example.com,9876505190,,1985-07-22,Ahmedabad,661454
outliers,"Outliers detected in numeric column SALARY using IQR method (IQR multiplier=1.5, lower=5751.625, upper=123940.625)",SALARY,6206,Neha,Verma,user5205@example.com,9876505205,Other,invalid,Chennai,1000
outliers,"Outliers detected in numeric column SALARY using IQR method (IQR multiplier=1.5, lower=5751.625, upper=123940.625)",SALARY,6221,Kavya,Sharma,invalid@,9876505220,,1981-10-29,Chennai,668882
outliers,"Outliers detected in numeric column SALARY using IQR method (IQR multiplier=1.5, lower=5751.625, upper=123940.625)",SALARY,6236,Priya,Verma,user5235@example.com,9876505235,,2002-08-19,Chennai,1000
outliers,"Outliers detected in numeric column SALARY using IQR method (IQR multiplier=1.5, lower=5751.625, upper=123940.625)",SALARY,6251,Anjali,Singh,user5250@example.com,,Other,2015-02-02,Bangalore,764117
outliers,"Outliers detected in numeric column SALARY using IQR method (IQR multiplier=1.5, lower=5751.625, upper=123940.625)",SALARY,6266,Neha,Mehta,user5265@example.com,9876505265,Female,1982-11-09,Delhi,1000
outliers,"Outliers detected in numeric column SALARY using IQR method (IQR multiplier=1.5, lower=5751.625, upper=123940.625)",SALARY,6281,Anjali,Verma,,9876505280,Female,1997-07-30,Ahmedabad,922656
outliers,"Outliers detected in numeric column SALARY using IQR method (IQR multiplier=1.5, lower=5751.625, upper=123940.625)",SALARY,6296,Arjun,Joshi,user5295@example.com,9876505295,Female,1982-07-12,Ahmedabad,1000
outliers,"Outliers detected in numeric column SALARY using IQR method (IQR multiplier=1.5, lower=5751.625, upper=123940.625)",SALARY,6311,Sameer,Kumar,user5310@example.com,9876505310,Female,1983-03-21,Delhi,262395
outliers,"Outliers detected in numeric column SALARY using IQR method (IQR multiplier=1.5, lower=5751.625, upper=123940.625)",SALARY,6326,Vijay,Patel,user5325@example.com,123,Other,1981-02-19,Kolkata,1000
outliers,"Outliers detected in numeric column SALARY using IQR method (IQR multiplier=1.5, lower=5751.625, upper=123940.625)",SALARY,6341,Arjun,Gupta,invalid@,9876505340,,2002-04-19,Delhi,690820
outliers,"Outliers detected in numeric column SALARY using IQR method (IQR multiplier=1.5, lower=5751.625, upper=123940.625)",SALARY,6356,Sneha,Mehta,user5355@example.com,9876505355,Other,2009-02-12,Chennai,1000
outliers,"Outliers detected in numeric column SALARY using IQR method (IQR multiplier=1.5, lower=5751.625, upper=123940.625)",SALARY,6371,Vijay,Mehta,user5370@example.com,9876505370,Other,1979-01-17,Mumbai,938705
outliers,"Outliers detected in numeric column SALARY using IQR method (IQR multiplier=1.5, lower=5751.625, upper=123940.625)",SALARY,6386,Priya,Mehta,user5385@example.com,9876505385,,1971-04-21,Delhi,1000
outliers,"Outliers detected in numeric column SALARY using IQR method (IQR multiplier=1.5, lower=5751.625, upper=123940.625)",SALARY,6401,Vijay,Kumar,,,Female,2016-07-10,Kolkata,478993
outliers,"Outliers detected in numeric column SALARY using IQR method (IQR multiplier=1.5, lower=5751.625, upper=123940.625)",SALARY,6416,Priya,Patel,user5415@example.com,9876505415,,1979-06-10,Mumbai,1000
outliers,"Outliers detected in numeric column SALARY using IQR method (IQR multiplier=1.5, lower=5751.625, upper=123940.625)",SALARY,6431,Vijay,Reddy,user5430@example.com,9876505430,Male,2001-06-15,Bangalore,586468
outliers,"Outliers detected in numeric column SALARY using IQR method (IQR multiplier=1.5, lower=5751.625, upper=123940.625)",SALARY,6446,Anjali,Kumar,user5445@example.com,9876505445,,2050-01-01,Kolkata,1000
outliers,"Outliers detected in numeric column SALARY using IQR method (IQR multiplier=1.5, lower=5751.625, upper=123940.625)",SALARY,6461,Sneha,Singh,invalid@,9876505460,Other,2006-04-04,Kolkata,826399
outliers,"Outliers detected in numeric column SALARY using IQR method (IQR multiplier=1.5, lower=5751.625, upper=123940.625)",SALARY,6476,Amit,Rao,user5475@example.com,123,,1984-02-24,Bangalore,1000
outliers,"Outliers detected in numeric column SALARY using IQR method (IQR multiplier=1.5, lower=5751.625, upper=123940.625)",SALARY,6491,Vijay,Joshi,user5490@example.com,9876505490,Other,1978-07-08,Bangalore,626212
outliers,"Outliers detected in numeric column SALARY using IQR method (IQR multiplier=1.5, lower=5751.625, upper=123940.625)",SALARY,6506,Vijay,Mehta,user5505@example.com,9876505505,,2050-01-01,Ahmedabad,1000
outliers,"Outliers detected in numeric column SALARY using IQR method (IQR multiplier=1.5, lower=5751.625, upper=123940.625)",SALARY,6521,Neha,Mehta,,9876505520,,2005-04-13,Delhi,615942
outliers,"Outliers detected in numeric column SALARY using IQR method (IQR multiplier=1.5, lower=5751.625, upper=123940.625)",SALARY,6536,Anjali,Sharma,user5535@example.com,9876505535,Female,1997-09-14,Bangalore,1000
outliers,"Outliers detected in numeric column SALARY using IQR method (IQR multiplier=1.5, lower=5751.625, upper=123940.625)",SALARY,6551,Sameer,Singh,user5550@example.com,,,1994-02-14,Hyderabad,514253
outliers,"Outliers detected in numeric column SALARY using IQR method (IQR multiplier=1.5, lower=5751.625, upper=123940.625)",SALARY,6566,Amit,Rao,user5565@example.com,9876505565,,2015-12-04,Hyderabad,1000
outliers,"Outliers detected in numeric column SALARY using IQR method (IQR multiplier=1.5, lower=5751.625, upper=123940.625)",SALARY,6581,Kavya,Mehta,invalid@,9876505580,,2006-05-28,Kolkata,504129
outliers,"Outliers detected in numeric column SALARY using IQR method (IQR multiplier=1.5, lower=5751.625, upper=123940.625)",SALARY,6596,Neha,Rao,user5595@example.com,9876505595,,1976-01-25,Hyderabad,1000
outliers,"Outliers detected in numeric column SALARY using IQR method (IQR multiplier=1.5, lower=5751.625, upper=123940.625)",SALARY,6611,Vijay,Joshi,user5610@example.com,9876505610,Male,2015-02-13,Delhi,833001
outliers,"Outliers detected in numeric column SALARY using IQR method (IQR multiplier=1.5, lower=5751.625, upper=123940.625)",SALARY,6626,Sameer,Kumar,user5625@example.com,123,Female,1984-10-22,Chennai,1000
outliers,"Outliers detected in numeric column SALARY using IQR method (IQR multiplier=1.5, lower=5751.625, upper=123940.625)",SALARY,6641,Kavya,Kumar,,9876505640,Male,1974-02-23,Mumbai,835474
outliers,"Outliers detected in numeric column SALARY using IQR method (IQR multiplier=1.5, lower=5751.625, upper=123940.625)",SALARY,6656,Kavya,Singh,user5655@example.com,9876505655,,2001-03-08,Kolkata,1000
outliers,"Outliers detected in numeric column SALARY using IQR method (IQR multiplier=1.5, lower=5751.625, upper=123940.625)",SALARY,6671,Neha,Joshi,user5670@example.com,9876505670,,2016-02-16,Kolkata,812744
outliers,"Outliers detected in numeric column SALARY using IQR method (IQR multiplier=1.5, lower=5751.625, upper=123940.625)",SALARY,6680,Sameer,Kumar,user5679@example.com,9876505679,Female,1989-09-09,Hyderabad,131747
outliers,"Outliers detected in numeric column SALARY using IQR method (IQR multiplier=1.5, lower=5751.625, upper=123940.625)",SALARY,6686,Neha,Patel,user5685@example.com,9876505685,,1970-09-17,Ahmedabad,1000
outliers,"Outliers detected in numeric column SALARY using IQR method (IQR multiplier=1.5, lower=5751.625, upper=123940.625)",SALARY,6701,Sneha,Verma,invalid@,,,2007-03-03,Mumbai,454068
outliers,"Outliers detected in numeric column SALARY using IQR method (IQR multiplier=1.5, lower=5751.625, upper=123940.625)",SALARY,6716,Amit,Joshi,user5715@example.com,9876505715,Other,1990-12-10,Mumbai,1000
outliers,"Outliers detected in numeric column SALARY using IQR method (IQR multiplier=1.5, lower=5751.625, upper=123940.625)",SALARY,6731,Amit,Gupta,user5730@example.com,9876505730,Other,1993-03-12,Bangalore,664038
outliers,"Outliers detected in numeric column SALARY using IQR method (IQR multiplier=1.5, lower=5751.625, upper=123940.625)",SALARY,6746,Vijay,Patel,user5745@example.com,9876505745,Male,2004-12-30,Kolkata,1000
outliers,"Outliers detected in numeric column SALARY using IQR method (IQR multiplier=1.5, lower=5751.625, upper=123940.625)",SALARY,6761,Sneha,Patel,,9876505760,Male,1979-09-25,Ahmedabad,744081
outliers,"Outliers detected in numeric column SALARY using IQR method (IQR multiplier=1.5, lower=5751.625, upper=123940.625)",SALARY,6776,Priya,Sharma,user5775@example.com,123,Female,1974-09-16,Mumbai,1000
outliers,"Outliers detected in numeric column SALARY using IQR method (IQR multiplier=1.5, lower=5751.625, upper=123940.625)",SALARY,6791,Amit,Patel,user5790@example.com,9876505790,Female,1970-11-15,Kolkata,222112
outliers,"Outliers detected in numeric column SALARY using IQR method (IQR multiplier=1.5, lower=5751.625, upper=123940.625)",SALARY,6806,Sneha,Patel,user5805@example.com,9876505805,Other,1990-07-31,Hyderabad,1000
outliers,"Outliers detected in numeric column SALARY using IQR method (IQR multiplier=1.5, lower=5751.625, upper=123940.625)",SALARY,6821,Sameer,Kumar,invalid@,9876505820,,2005-11-17,Hyderabad,609246
outliers,"Outliers detected in numeric column SALARY using IQR method (IQR multiplier=1.5, lower=5751.625, upper=123940.625)",SALARY,6836,Kavya,Verma,user5835@example.com,9876505835,,2001-05-03,Ahmedabad,1000
outliers,"Outliers detected in numeric column SALARY using IQR method (IQR multiplier=1.5, lower=5751.625, upper=123940.625)",SALARY,6866,Rakesh,Verma,user5865@example.com,9876505865,Female,2001-04-10,Chennai,1000
outliers,"Outliers detected in numeric column SALARY using IQR method (IQR multiplier=1.5, lower=5751.625, upper=123940.625)",SALARY,6881,Priya,Joshi,,9876505880,Male,2016-02-20,Delhi,783086
outliers,"Outliers detected in numeric column SALARY using IQR method (IQR multiplier=1.5, lower=5751.625, upper=123940.625)",SALARY,6896,Kavya,Sharma,user5895@example.com,9876505895,Other,1992-10-22,Chennai,1000
outliers,"Outliers detected in numeric column SALARY using IQR method (IQR multiplier=1.5, lower=5751.625, upper=123940.625)",SALARY,6911,Sneha,Kumar,user5910@example.com,9876505910,Male,1975-06-16,Delhi,841245
outliers,"Outliers detected in numeric column SALARY using IQR method (IQR multiplier=1.5, lower=5751.625, upper=123940.625)",SALARY,6926,Sneha,Reddy,user5925@example.com,123,Male,2006-01-12,Ahmedabad,1000
outliers,"Outliers detected in numeric column SALARY using IQR method (IQR multiplier=1.5, lower=5751.625, upper=123940.625)",SALARY,6941,Kavya,Gupta,invalid@,9876505940,Other,1994-11-03,Hyderabad,513092
outliers,"Outliers detected in numeric column SALARY using IQR method (IQR multiplier=1.5, lower=5751.625, upper=123940.625)",SALARY,6956,Arjun,Sharma,user5955@example.com,9876505955,,1989-09-06,Ahmedabad,1000
outliers,"Outliers detected in numeric column SALARY using IQR method (IQR multiplier=1.5, lower=5751.625, upper=123940.625)",SALARY,6971,Arjun,Singh,user5970@example.com,9876505970,,1998-12-08,Ahmedabad,460241
outliers,"Outliers detected in numeric column SALARY using IQR method (IQR multiplier=1.5, lower=5751.625, upper=123940.625)",SALARY,6986,Anjali,Joshi,user5985@example.com,9876505985,Male,1980-06-04,Kolkata,1000
outliers,"Outliers detected in numeric column SALARY using IQR method (IQR multiplier=1.5, lower=5751.625, upper=123940.625)",SALARY,7001,Sameer,Patel,,,Male,1982-04-10,Delhi,507250
outliers,"Outliers detected in numeric column SALARY using IQR method (IQR multiplier=1.5, lower=5751.625, upper=123940.625)",SALARY,7016,Priya,Kumar,user6015@example.com,9876506015,Female,2019-01-30,Hyderabad,1000
outliers,"Outliers detected in numeric column SALARY using IQR method (IQR multiplier=1.5, lower=5751.625, upper=123940.625)",SALARY,7031,Sameer,Joshi,user6030@example.com,9876506030,Female,2018-10-05,Mumbai,323158
outliers,"Outliers detected in numeric column SALARY using IQR method (IQR multiplier=1.5, lower=5751.625, upper=123940.625)",SALARY,7046,Sameer,Kumar,user6045@example.com,9876506045,Male,2014-09-20,Delhi,1000
outliers,"Outliers detected in numeric column SALARY using IQR method (IQR multiplier=1.5, lower=5751.625, upper=123940.625)",SALARY,7061,Amit,Verma,invalid@,9876506060,,1998-11-06,Ahmedabad,787788
outliers,"Outliers detected in numeric column SALARY using IQR method (IQR multiplier=1.5, lower=5751.625, upper=123940.625)",SALARY,7076,Amit,Verma,user6075@example.com,123,Other,1973-07-11,Hyderabad,1000
outliers,"Outliers detected in numeric column SALARY using IQR method (IQR multiplier=1.5, lower=5751.625, upper=123940.625)",SALARY,7091,Rakesh,Kumar,user6090@example.com,9876506090,Female,2007-12-31,Delhi,431689
outliers,"Outliers detected in numeric column SALARY using IQR method (IQR multiplier=1.5, lower=5751.625, upper=123940.625)",SALARY,7106,Amit,Mehta,user6105@example.com,9876506105,,invalid,Pune,1000
outliers,"Outliers detected in numeric column SALARY using IQR method (IQR multiplier=1.5, lower=5751.625, upper=123940.625)",SALARY,7121,Arjun,Patel,,9876506120,Other,2009-05-15,Hyderabad,359827
outliers,"Outliers detected in numeric column SALARY using IQR method (IQR multiplier=1.5, lower=5751.625, upper=123940.625)",SALARY,7136,Anjali,Sharma,user6135@example.com,9876506135,Male,1994-05-12,Delhi,1000
outliers,"Outliers detected in numeric column SALARY using IQR method (IQR multiplier=1.5, lower=5751.625, upper=123940.625)",SALARY,7151,Arjun,Rao,user6150@example.com,,Female,1996-05-25,Bangalore,837965
outliers,"Outliers detected in numeric column SALARY using IQR method (IQR multiplier=1.5, lower=5751.625, upper=123940.625)",SALARY,7166,Anjali,Mehta,user6165@example.com,9876506165,,1981-03-03,Pune,1000
outliers,"Outliers detected in numeric column SALARY using IQR method (IQR multiplier=1.5, lower=5751.625, upper=123940.625)",SALARY,7181,Amit,Reddy,invalid@,9876506180,Male,1973-12-13,Kolkata,550026
outliers,"Outliers detected in numeric column SALARY using IQR method (IQR multiplier=1.5, lower=5751.625, upper=123940.625)",SALARY,7196,Anjali,Reddy,user6195@example.com,9876506195,,1978-04-27,Mumbai,1000
outliers,"Outliers detected in numeric column SALARY using IQR method (IQR multiplier=1.5, lower=5751.625, upper=123940.625)",SALARY,7211,Neha,Sharma,user6210@example.com,9876506210,,2011-10-11,Hyderabad,1000000
outliers,"Outliers detected in numeric column SALARY using IQR method (IQR multiplier=1.5, lower=5751.625, upper=123940.625)",SALARY,7226,Kavya,Gupta,user6225@example.com,123,Other,2002-07-30,Ahmedabad,1000
outliers,"Outliers detected in numeric column SALARY using IQR method (IQR multiplier=1.5, lower=5751.625, upper=123940.625)",SALARY,7241,Kavya,Reddy,,9876506240,,2012-02-26,Chennai,678100
outliers,"Outliers detected in numeric column SALARY using IQR method (IQR multiplier=1.5, lower=5751.625, upper=123940.625)",SALARY,7256,Rakesh,Singh,user6255@example.com,9876506255,Female,1975-11-05,Bangalore,1000
outliers,"Outliers detected in numeric column SALARY using IQR method (IQR multiplier=1.5, lower=5751.625, upper=123940.625)",SALARY,7271,Sneha,Mehta,user6270@example.com,9876506270,,1980-05-02,Chennai,671432
outliers,"Outliers detected in numeric column SALARY using IQR method (IQR multiplier=1.5, lower=5751.625, upper=123940.625)",SALARY,7286,Anjali,Patel,user6285@example.com,9876506285,,2050-01-01,Bangalore,1000
outliers,"Outliers detected in numeric column SALARY using IQR method (IQR multiplier=1.5, lower=5751.625, upper=123940.625)",SALARY,7290,Sameer,Mehta,user6289@example.com,9876506289,Female,2004-12-20,Chennai,124103
outliers,"Outliers detected in numeric column SALARY using IQR method (IQR multiplier=1.5, lower=5751.625, upper=123940.625)",SALARY,7301,Neha,Singh,invalid@,,,1981-04-06,Chennai,600220
outliers,"Outliers detected in numeric column SALARY using IQR method (IQR multiplier=1.5, lower=5751.625, upper=123940.625)",SALARY,7316,Anjali,Verma,user6315@example.com,9876506315,Male,2017-12-11,Hyderabad,1000
outliers,"Outliers detected in numeric column SALARY using IQR method (IQR multiplier=1.5, lower=5751.625, upper=123940.625)",SALARY,7331,Amit,Rao,user6330@example.com,9876506330,Male,1988-03-12,Hyderabad,759188
outliers,"Outliers detected in numeric column SALARY using IQR method (IQR multiplier=1.5, lower=5751.625, upper=123940.625)",SALARY,7346,Priya,Singh,user6345@example.com,9876506345,Female,1983-10-23,Chennai,1000
outliers,"Outliers detected in numeric column SALARY using IQR method (IQR multiplier=1.5, lower=5751.625, upper=123940.625)",SALARY,7376,Amit,Gupta,user6375@example.com,123,Other,2017-06-10,Kolkata,1000
outliers,"Outliers detected in numeric column SALARY using IQR method (IQR multiplier=1.5, lower=5751.625, upper=123940.625)",SALARY,7391,Neha,Mehta,user6390@example.com,9876506390,Other,1998-06-01,Pune,726228
outliers,"Outliers detected in numeric column SALARY using IQR method (IQR multiplier=1.5, lower=5751.625, upper=123940.625)",SALARY,7406,Anjali,Patel,user6405@example.com,9876506405,Female,1985-06-01,Chennai,1000
outliers,"Outliers detected in numeric column SALARY using IQR method (IQR multiplier=1.5, lower=5751.625, upper=123940.625)",SALARY,7421,Sneha,Rao,invalid@,9876506420,,1993-07-20,Mumbai,540628
outliers,"Outliers detected in numeric column SALARY using IQR method (IQR multiplier=1.5, lower=5751.625, upper=123940.625)",SALARY,7436,Anjali,Patel,user6435@example.com,9876506435,,2008-05-09,Hyderabad,1000
outliers,"Outliers detected in numeric column SALARY using IQR method (IQR multiplier=1.5, lower=5751.625, upper=123940.625)",SALARY,7451,Rakesh,Rao,user6450@example.com,,Female,2010-05-15,Delhi,637419
outliers,"Outliers detected in numeric column SALARY using IQR method (IQR multiplier=1.5, lower=5751.625, upper=123940.625)",SALARY,7466,Neha,Verma,user6465@example.com,9876506465,Other,1986-02-11,Ahmedabad,1000
outliers,"Outliers detected in numeric column SALARY using IQR method (IQR multiplier=1.5, lower=5751.625, upper=123940.625)",SALARY,7481,Rakesh,Gupta,,9876506480,Male,2007-02-11,Delhi,551729
outliers,"Outliers detected in numeric column SALARY using IQR method (IQR multiplier=1.5, lower=5751.625, upper=123940.625)",SALARY,7496,Anjali,Kumar,user6495@example.com,9876506495,,2007-12-03,Ahmedabad,1000
outliers,"Outliers detected in numeric column SALARY using IQR method (IQR multiplier=1.5, lower=5751.625, upper=123940.625)",SALARY,7511,Sameer,Reddy,user6510@example.com,9876506510,Female,1990-09-10,Ahmedabad,619685
outliers,"Outliers detected in numeric column SALARY using IQR method (IQR multiplier=1.5, lower=5751.625, upper=123940.625)",SALARY,7526,Vijay,Gupta,user6525@example.com,123,,1995-06-10,Kolkata,1000
outliers,"Outliers detected in numeric column SALARY using IQR method (IQR multiplier=1.5, lower=5751.625, upper=123940.625)",SALARY,7541,Anjali,Joshi,invalid@,9876506540,,2016-12-08,Ahmedabad,337991
outliers,"Outliers detected in numeric column SALARY using IQR method (IQR multiplier=1.5, lower=5751.625, upper=123940.625)",SALARY,7556,Neha,Patel,user6555@example.com,9876506555,,1994-11-03,Pune,1000
outliers,"Outliers detected in numeric column SALARY using IQR method (IQR multiplier=1.5, lower=5751.625, upper=123940.625)",SALARY,7571,Sneha,Patel,user6570@example.com,9876506570,,1973-09-24,Pune,685424
outliers,"Outliers detected in numeric column SALARY using IQR method (IQR multiplier=1.5, lower=5751.625, upper=123940.625)",SALARY,7586,Amit,Sharma,user6585@example.com,9876506585,Male,2007-11-14,Delhi,1000
outliers,"Outliers detected in numeric column SALARY using IQR method (IQR multiplier=1.5, lower=5751.625, upper=123940.625)",SALARY,7601,Sameer,Sharma,,,Female,1983-04-17,Chennai,419619
outliers,"Outliers detected in numeric column SALARY using IQR method (IQR multiplier=1.5, lower=5751.625, upper=123940.625)",SALARY,7616,Anjali,Kumar,user6615@example.com,9876506615,,1974-09-29,Hyderabad,1000
outliers,"Outliers detected in numeric column SALARY using IQR method (IQR multiplier=1.5, lower=5751.625, upper=123940.625)",SALARY,7631,Rakesh,Sharma,user6630@example.com,9876506630,,1976-08-23,Bangalore,577315
outliers,"Outliers detected in numeric column SALARY using IQR method (IQR multiplier=1.5, lower=5751.625, upper=123940.625)",SALARY,7646,Sneha,Sharma,user6645@example.com,9876506645,,1991-05-26,Chennai,1000
outliers,"Outliers detected in numeric column SALARY using IQR method (IQR multiplier=1.5, lower=5751.625, upper=123940.625)",SALARY,7661,Neha,Sharma,invalid@,9876506660,Other,1977-12-31,Hyderabad,712960
outliers,"Outliers detected in numeric column SALARY using IQR method (IQR multiplier=1.5, lower=5751.625, upper=123940.625)",SALARY,7676,Rakesh,Singh,user6675@example.com,123,Male,2014-07-31,Mumbai,1000
outliers,"Outliers detected in numeric column SALARY using IQR method (IQR multiplier=1.5, lower=5751.625, upper=123940.625)",SALARY,7691,Priya,Rao,user6690@example.com,9876506690,,2005-10-23,Bangalore,683731
outliers,"Outliers detected in numeric column SALARY using IQR method (IQR multiplier=1.5, lower=5751.625, upper=123940.625)",SALARY,7706,Neha,Gupta,user6705@example.com,9876506705,Female,1978-08-08,Pune,1000
outliers,"Outliers detected in numeric column SALARY using IQR method (IQR multiplier=1.5, lower=5751.625, upper=123940.625)",SALARY,7721,Neha,Kumar,,9876506720,,2012-09-29,Chennai,539742
outliers,"Outliers detected in numeric column SALARY using IQR method (IQR multiplier=1.5, lower=5751.625, upper=123940.625)",SALARY,7736,Vijay,Gupta,user6735@example.com,9876506735,,2012-01-03,Ahmedabad,1000
outliers,"Outliers detected in numeric column SALARY using IQR method (IQR multiplier=1.5, lower=5751.625, upper=123940.625)",SALARY,7751,Arjun,Verma,user6750@example.com,,,2005-08-01,Bangalore,559040
outliers,"Outliers detected in numeric column SALARY using IQR method (IQR multiplier=1.5, lower=5751.625, upper=123940.625)",SALARY,7766,Amit,Joshi,user6765@example.com,9876506765,Male,1990-06-27,Chennai,1000
outliers,"Outliers detected in numeric column SALARY using IQR method (IQR multiplier=1.5, lower=5751.625, upper=123940.625)",SALARY,7781,Kavya,Mehta,invalid@,9876506780,Male,invalid,Bangalore,874927
outliers,"Outliers detected in numeric column SALARY using IQR method (IQR multiplier=1.5, lower=5751.625, upper=123940.625)",SALARY,7796,Anjali,Rao,user6795@example.com,9876506795,,1990-02-06,Bangalore,1000
outliers,"Outliers detected in numeric column SALARY using IQR method (IQR multiplier=1.5, lower=5751.625, upper=123940.625)",SALARY,7811,Kavya,Joshi,user6810@example.com,9876506810,Male,1997-08-06,Pune,688439
outliers,"Outliers detected in numeric column SALARY using IQR method (IQR multiplier=1.5, lower=5751.625, upper=123940.625)",SALARY,7826,Anjali,Verma,user6825@example.com,123,Male,1981-08-24,Pune,1000
outliers,"Outliers detected in numeric column SALARY using IQR method (IQR multiplier=1.5, lower=5751.625, upper=123940.625)",SALARY,7841,Rakesh,Rao,,9876506840,Other,1979-10-07,Bangalore,435321
outliers,"Outliers detected in numeric column SALARY using IQR method (IQR multiplier=1.5, lower=5751.625, upper=123940.625)",SALARY,7856,Priya,Kumar,user6855@example.com,9876506855,,1983-01-07,Chennai,1000
outliers,"Outliers detected in numeric column SALARY using IQR method (IQR multiplier=1.5, lower=5751.625, upper=123940.625)",SALARY,7871,Vijay,Verma,user6870@example.com,9876506870,Female,1970-07-03,Ahmedabad,418304
outliers,"Outliers detected in numeric column SALARY using IQR method (IQR multiplier=1.5, lower=5751.625, upper=123940.625)",SALARY,7886,Vijay,Sharma,user6885@example.com,9876506885,,2002-01-14,Hyderabad,1000
outliers,"Outliers detected in numeric column SALARY using IQR method (IQR multiplier=1.5, lower=5751.625, upper=123940.625)",SALARY,7901,Rakesh,Reddy,invalid@,,,1971-07-14,Bangalore,775540
outliers,"Outliers detected in numeric column SALARY using IQR method (IQR multiplier=1.5, lower=5751.625, upper=123940.625)",SALARY,7916,Kavya,Mehta,user6915@example.com,9876506915,Male,1998-01-03,Delhi,1000
outliers,"Outliers detected in numeric column SALARY using IQR method (IQR multiplier=1.5, lower=5751.625, upper=123940.625)",SALARY,7931,Rakesh,Kumar,user6930@example.com,9876506930,,1980-01-28,Bangalore,690396
outliers,"Outliers detected in numeric column SALARY using IQR method (IQR multiplier=1.5, lower=5751.625, upper=123940.625)",SALARY,7946,Anjali,Singh,user6945@example.com,9876506945,Female,1972-01-15,Hyderabad,1000
outliers,"Outliers detected in numeric column SALARY using IQR method (IQR multiplier=1.5, lower=5751.625, upper=123940.625)",SALARY,7961,Sneha,Patel,,9876506960,Female,1986-05-13,Kolkata,512032
outliers,"Outliers detected in numeric column SALARY using IQR method (IQR multiplier=1.5, lower=5751.625, upper=123940.625)",SALARY,7976,Anjali,Reddy,user6975@example.com,123,Female,2009-06-02,Ahmedabad,1000
outliers,"Outliers detected in numeric column SALARY using IQR method (IQR multiplier=1.5, lower=5751.625, upper=123940.625)",SALARY,7991,Neha,Patel,user6990@example.com,9876506990,,1999-05-04,Pune,778661
outliers,"Outliers detected in numeric column SALARY using IQR method (IQR multiplier=1.5, lower=5751.625, upper=123940.625)",SALARY,8006,Rakesh,Mehta,user7005@example.com,9876507005,Male,1988-10-11,Ahmedabad,1000
outliers,"Outliers detected in numeric column SALARY using IQR method (IQR multiplier=1.5, lower=5751.625, upper=123940.625)",SALARY,8021,Rakesh,Singh,invalid@,9876507020,Female,1975-08-06,Pune,976822
outliers,"Outliers detected in numeric column SALARY using IQR method (IQR multiplier=1.5, lower=5751.625, upper=123940.625)",SALARY,8036,Kavya,Kumar,user7035@example.com,9876507035,,1986-10-03,Ahmedabad,1000
outliers,"Outliers detected in numeric column SALARY using IQR method (IQR multiplier=1.5, lower=5751.625, upper=123940.625)",SALARY,8051,Sameer,Patel,user7050@example.com,,,2006-04-06,Bangalore,587598
outliers,"Outliers detected in numeric column SALARY using IQR method (IQR multiplier=1.5, lower=5751.625, upper=123940.625)",SALARY,8066,Priya,Gupta,user7065@example.com,9876507065,Female,1996-08-19,Bangalore,1000
outliers,"Outliers detected in numeric column SALARY using IQR method (IQR multiplier=1.5, lower=5751.625, upper=123940.625)",SALARY,8081,Anjali,Joshi,,9876507080,Male,1986-06-28,Ahmedabad,616187
outliers,"Outliers detected in numeric column SALARY using IQR method (IQR multiplier=1.5, lower=5751.625, upper=123940.625)",SALARY,8096,Rakesh,Sharma,user7095@example.com,9876507095,Male,2003-11-21,Chennai,1000
outliers,"Outliers detected in numeric column SALARY using IQR method (IQR multiplier=1.5, lower=5751.625, upper=123940.625)",SALARY,8111,Anjali,Reddy,user7110@example.com,9876507110,,1996-11-15,Pune,455738
outliers,"Outliers detected in numeric column SALARY using IQR method (IQR multiplier=1.5, lower=5751.625, upper=123940.625)",SALARY,8126,Neha,Joshi,user7125@example.com,123,Female,1980-05-09,Ahmedabad,1000
outliers,"Outliers detected in numeric column SALARY using IQR method (IQR multiplier=1.5, lower=5751.625, upper=123940.625)",SALARY,8141,Sameer,Verma,invalid@,9876507140,Male,1983-10-12,Pune,623729
outliers,"Outliers detected in numeric column SALARY using IQR method (IQR multiplier=1.5, lower=5751.625, upper=123940.625)",SALARY,8156,Anjali,Rao,user7155@example.com,9876507155,Other,1970-01-30,Mumbai,1000
outliers,"Outliers detected in numeric column SALARY using IQR method (IQR multiplier=1.5, lower=5751.625, upper=123940.625)",SALARY,8171,Neha,Mehta,user7170@example.com,9876507170,Male,1986-02-13,Chennai,579367
outliers,"Outliers detected in numeric column SALARY using IQR method (IQR multiplier=1.5, lower=5751.625, upper=123940.625)",SALARY,8186,Rakesh,Singh,user7185@example.com,9876507185,,1991-11-13,Bangalore,1000
outliers,"Outliers detected in numeric column SALARY using IQR method (IQR multiplier=1.5, lower=5751.625, upper=123940.625)",SALARY,8201,Vijay,Kumar,,,,1975-08-01,Ahmedabad,511909
outliers,"Outliers detected in numeric column SALARY using IQR method (IQR multiplier=1.5, lower=5751.625, upper=123940.625)",SALARY,8216,Rakesh,Rao,user7215@example.com,9876507215,Male,1997-01-15,Pune,1000
outliers,"Outliers detected in numeric column SALARY using IQR method (IQR multiplier=1.5, lower=5751.625, upper=123940.625)",SALARY,8231,Kavya,Kumar,user7230@example.com,9876507230,Other,2005-08-10,Chennai,625532
outliers,"Outliers detected in numeric column SALARY using IQR method (IQR multiplier=1.5, lower=5751.625, upper=123940.625)",SALARY,8246,Arjun,Gupta,user7245@example.com,9876507245,Male,1973-05-28,Pune,1000
outliers,"Outliers detected in numeric column SALARY using IQR method (IQR multiplier=1.5, lower=5751.625, upper=123940.625)",SALARY,8261,Arjun,Rao,invalid@,9876507260,Male,2018-05-29,Mumbai,502209
outliers,"Outliers detected in numeric column SALARY using IQR method (IQR multiplier=1.5, lower=5751.625, upper=123940.625)",SALARY,8276,Neha,Singh,user7275@example.com,123,Male,1980-10-25,Pune,1000
outliers,"Outliers detected in numeric column SALARY using IQR method (IQR multiplier=1.5, lower=5751.625, upper=123940.625)",SALARY,8291,Sameer,Rao,user7290@example.com,9876507290,,1970-08-16,Chennai,806548
outliers,"Outliers detected in numeric column SALARY using IQR method (IQR multiplier=1.5, lower=5751.625, upper=123940.625)",SALARY,8306,Kavya,Sharma,user7305@example.com,9876507305,,2009-06-29,Hyderabad,1000
outliers,"Outliers detected in numeric column SALARY using IQR method (IQR multiplier=1.5, lower=5751.625, upper=123940.625)",SALARY,8321,Priya,Sharma,,9876507320,,1982-03-30,Hyderabad,636166
outliers,"Outliers detected in numeric column SALARY using IQR method (IQR multiplier=1.5, lower=5751.625, upper=123940.625)",SALARY,8336,Amit,Patel,user7335@example.com,9876507335,Other,2006-05-23,Bangalore,1000
outliers,"Outliers detected in numeric column SALARY using IQR method (IQR multiplier=1.5, lower=5751.625, upper=123940.625)",SALARY,8351,Sameer,Gupta,user7350@example.com,,,1992-01-15,Mumbai,607501
outliers,"Outliers detected in numeric column SALARY using IQR method (IQR multiplier=1.5, lower=5751.625, upper=123940.625)",SALARY,8366,Vijay,Joshi,user7365@example.com,9876507365,Male,2009-08-22,Chennai,1000
outliers,"Outliers detected in numeric column SALARY using IQR method (IQR multiplier=1.5, lower=5751.625, upper=123940.625)",SALARY,8381,Anjali,Kumar,invalid@,9876507380,,2011-05-10,Pune,960031
outliers,"Outliers detected in numeric column SALARY using IQR method (IQR multiplier=1.5, lower=5751.625, upper=123940.625)",SALARY,8396,Priya,Mehta,user7395@example.com,9876507395,,1998-01-19,Mumbai,1000
outliers,"Outliers detected in numeric column SALARY using IQR method (IQR multiplier=1.5, lower=5751.625, upper=123940.625)",SALARY,8411,Priya,Gupta,user7410@example.com,9876507410,,2009-10-09,Pune,707080
outliers,"Outliers detected in numeric column SALARY using IQR method (IQR multiplier=1.5, lower=5751.625, upper=123940.625)",SALARY,8426,Vijay,Singh,user7425@example.com,123,Male,2009-04-19,Ahmedabad,1000
outliers,"Outliers detected in numeric column SALARY using IQR method (IQR multiplier=1.5, lower=5751.625, upper=123940.625)",SALARY,8441,Anjali,Rao,,9876507440,,1997-09-07,Hyderabad,830130
outliers,"Outliers detected in numeric column SALARY using IQR method (IQR multiplier=1.5, lower=5751.625, upper=123940.625)",SALARY,8456,Rakesh,Patel,user7455@example.com,9876507455,Male,2013-11-02,Hyderabad,1000
outliers,"Outliers detected in numeric column SALARY using IQR method (IQR multiplier=1.5, lower=5751.625, upper=123940.625)",SALARY,8471,Vijay,Joshi,user7470@example.com,9876507470,,1983-01-03,Ahmedabad,342082
outliers,"Outliers detected in numeric column SALARY using IQR method (IQR multiplier=1.5, lower=5751.625, upper=123940.625)",SALARY,8486,Arjun,Singh,user7485@example.com,9876507485,Male,2007-06-29,Chennai,1000
outliers,"Outliers detected in numeric column SALARY using IQR method (IQR multiplier=1.5, lower=5751.625, upper=123940.625)",SALARY,8501,Amit,Patel,invalid@,,Male,1995-12-03,Mumbai,743649
outliers,"Outliers detected in numeric column SALARY using IQR method (IQR multiplier=1.5, lower=5751.625, upper=123940.625)",SALARY,8516,Rakesh,Sharma,user7515@example.com,9876507515,Male,1989-01-12,Mumbai,1000
outliers,"Outliers detected in numeric column SALARY using IQR method (IQR multiplier=1.5, lower=5751.625, upper=123940.625)",SALARY,8531,Kavya,Patel,user7530@example.com,9876507530,Female,1990-10-28,Hyderabad,736079
outliers,"Outliers detected in numeric column SALARY using IQR method (IQR multiplier=1.5, lower=5751.625, upper=123940.625)",SALARY,8546,Anjali,Mehta,user7545@example.com,9876507545,,1998-08-12,Bangalore,1000
outliers,"Outliers detected in numeric column SALARY using IQR method (IQR multiplier=1.5, lower=5751.625, upper=123940.625)",SALARY,8561,Kavya,Sharma,,9876507560,,1978-07-07,Hyderabad,693759
outliers,"Outliers detected in numeric column SALARY using IQR method (IQR multiplier=1.5, lower=5751.625, upper=123940.625)",SALARY,8576,Kavya,Reddy,user7575@example.com,123,,1980-10-12,Chennai,1000
outliers,"Outliers detected in numeric column SALARY using IQR method (IQR multiplier=1.5, lower=5751.625, upper=123940.625)",SALARY,8591,Arjun,Mehta,user7590@example.com,9876507590,,1992-03-01,Ahmedabad,802474
outliers,"Outliers detected in numeric column SALARY using IQR method (IQR multiplier=1.5, lower=5751.625, upper=123940.625)",SALARY,8606,Anjali,Gupta,user7605@example.com,9876507605,Male,2005-07-08,Pune,1000
outliers,"Outliers detected in numeric column SALARY using IQR method (IQR multiplier=1.5, lower=5751.625, upper=123940.625)",SALARY,8621,Rakesh,Reddy,invalid@,9876507620,Male,1984-03-09,Mumbai,485245
outliers,"Outliers detected in numeric column SALARY using IQR method (IQR multiplier=1.5, lower=5751.625, upper=123940.625)",SALARY,8636,Sameer,Verma,user7635@example.com,9876507635,,1978-03-08,Delhi,1000
outliers,"Outliers detected in numeric column SALARY using IQR method (IQR multiplier=1.5, lower=5751.625, upper=123940.625)",SALARY,8651,Anjali,Sharma,user7650@example.com,,Male,1974-09-16,Bangalore,842474
outliers,"Outliers detected in numeric column SALARY using IQR method (IQR multiplier=1.5, lower=5751.625, upper=123940.625)",SALARY,8666,Rakesh,Sharma,user7665@example.com,9876507665,,1980-09-10,Bangalore,1000
outliers,"Outliers detected in numeric column SALARY using IQR method (IQR multiplier=1.5, lower=5751.625, upper=123940.625)",SALARY,8681,Priya,Patel,,9876507680,Male,1970-08-08,Chennai,497822
outliers,"Outliers detected in numeric column SALARY using IQR method (IQR multiplier=1.5, lower=5751.625, upper=123940.625)",SALARY,8696,Rakesh,Patel,user7695@example.com,9876507695,Male,1980-01-28,Pune,1000
outliers,"Outliers detected in numeric column SALARY using IQR method (IQR multiplier=1.5, lower=5751.625, upper=123940.625)",SALARY,8711,Amit,Mehta,user7710@example.com,9876507710,,1978-06-24,Mumbai,721453
outliers,"Outliers detected in numeric column SALARY using IQR method (IQR multiplier=1.5, lower=5751.625, upper=123940.625)",SALARY,8726,Sameer,Reddy,user7725@example.com,123,Female,2050-01-01,Bangalore,1000
outliers,"Outliers detected in numeric column SALARY using IQR method (IQR multiplier=1.5, lower=5751.625, upper=123940.625)",SALARY,8741,Amit,Gupta,invalid@,9876507740,,1991-08-24,Hyderabad,788621
outliers,"Outliers detected in numeric column SALARY using IQR method (IQR multiplier=1.5, lower=5751.625, upper=123940.625)",SALARY,8756,Vijay,Patel,user7755@example.com,9876507755,Female,1987-07-15,Delhi,1000
outliers,"Outliers detected in numeric column SALARY using IQR method (IQR multiplier=1.5, lower=5751.625, upper=123940.625)",SALARY,8771,Priya,Singh,user7770@example.com,9876507770,,1993-05-21,Mumbai,453031
outliers,"Outliers detected in numeric column SALARY using IQR method (IQR multiplier=1.5, lower=5751.625, upper=123940.625)",SALARY,8786,Rakesh,Gupta,user7785@example.com,9876507785,,2014-11-17,Mumbai,1000
outliers,"Outliers detected in numeric column SALARY using IQR method (IQR multiplier=1.5, lower=5751.625, upper=123940.625)",SALARY,8801,Rakesh,Joshi,,,Male,2000-02-28,Pune,608233
outliers,"Outliers detected in numeric column SALARY using IQR method (IQR multiplier=1.5, lower=5751.625, upper=123940.625)",SALARY,8816,Neha,Singh,user7815@example.com,9876507815,Male,1991-04-17,Mumbai,1000
outliers,"Outliers detected in numeric column SALARY using IQR method (IQR multiplier=1.5, lower=5751.625, upper=123940.625)",SALARY,8831,Amit,Singh,user7830@example.com,9876507830,Female,2003-01-01,Pune,998376
outliers,"Outliers detected in numeric column SALARY using IQR method (IQR multiplier=1.5, lower=5751.625, upper=123940.625)",SALARY,8846,Sameer,Kumar,user7845@example.com,9876507845,Male,1980-09-28,Ahmedabad,1000
outliers,"Outliers detected in numeric column SALARY using IQR method (IQR multiplier=1.5, lower=5751.625, upper=123940.625)",SALARY,8861,Anjali,Singh,invalid@,9876507860,Male,1976-03-14,Chennai,763404
outliers,"Outliers detected in numeric column SALARY using IQR method (IQR multiplier=1.5, lower=5751.625, upper=123940.625)",SALARY,8876,Sameer,Kumar,user7875@example.com,123,,1972-04-27,Delhi,1000
outliers,"Outliers detected in numeric column SALARY using IQR method (IQR multiplier=1.5, lower=5751.625, upper=123940.625)",SALARY,8891,Kavya,Mehta,user7890@example.com,9876507890,Male,1978-08-22,Pune,434510
outliers,"Outliers detected in numeric column SALARY using IQR method (IQR multiplier=1.5, lower=5751.625, upper=123940.625)",SALARY,8906,Sneha,Patel,user7905@example.com,9876507905,Male,1981-05-10,Bangalore,1000
outliers,"Outliers detected in numeric column SALARY using IQR method (IQR multiplier=1.5, lower=5751.625, upper=123940.625)",SALARY,8921,Sameer,Singh,,9876507920,Male,2006-09-21,Pune,515120
outliers,"Outliers detected in numeric column SALARY using IQR method (IQR multiplier=1.5, lower=5751.625, upper=123940.625)",SALARY,8936,Arjun,Kumar,user7935@example.com,9876507935,Male,1975-10-22,Mumbai,1000
outliers,"Outliers detected in numeric column SALARY using IQR method (IQR multiplier=1.5, lower=5751.625, upper=123940.625)",SALARY,8951,Vijay,Joshi,user7950@example.com,,,1986-07-17,Kolkata,616675
outliers,"Outliers detected in numeric column SALARY using IQR method (IQR multiplier=1.5, lower=5751.625, upper=123940.625)",SALARY,8966,Priya,Sharma,user7965@example.com,9876507965,Female,2002-05-04,Ahmedabad,1000
outliers,"Outliers detected in numeric column SALARY using IQR method (IQR multiplier=1.5, lower=5751.625, upper=123940.625)",SALARY,8981,Priya,Kumar,invalid@,9876507980,,2001-11-15,Chennai,655604
outliers,"Outliers detected in numeric column SALARY using IQR method (IQR multiplier=1.5, lower=5751.625, upper=123940.625)",SALARY,8996,Sneha,Joshi,user7995@example.com,9876507995,Female,1978-01-13,Hyderabad,1000
outliers,"Outliers detected in numeric column SALARY using IQR method (IQR multiplier=1.5, lower=5751.625, upper=123940.625)",SALARY,9011,Anjali,Mehta,user8010@example.com,9876508010,Female,1981-12-17,Bangalore,463571
outliers,"Outliers detected in numeric column SALARY using IQR method (IQR multiplier=1.5, lower=5751.625, upper=123940.625)",SALARY,9026,Amit,Rao,user8025@example.com,123,,1981-08-12,Mumbai,1000
outliers,"Outliers detected in numeric column SALARY using IQR method (IQR multiplier=1.5, lower=5751.625, upper=123940.625)",SALARY,9041,Sneha,Singh,,9876508040,Male,1996-11-14,Kolkata,846995
outliers,"Outliers detected in numeric column SALARY using IQR method (IQR multiplier=1.5, lower=5751.625, upper=123940.625)",SALARY,9056,Neha,Sharma,user8055@example.com,9876508055,Male,2006-09-06,Pune,1000
outliers,"Outliers detected in numeric column SALARY using IQR method (IQR multiplier=1.5, lower=5751.625, upper=123940.625)",SALARY,9071,Priya,Gupta,user8070@example.com,9876508070,,1970-11-14,Chennai,401162
outliers,"Outliers detected in numeric column SALARY using IQR method (IQR multiplier=1.5, lower=5751.625, upper=123940.625)",SALARY,9086,Priya,Reddy,user8085@example.com,9876508085,,1992-04-13,Hyderabad,1000
outliers,"Outliers detected in numeric column SALARY using IQR method (IQR multiplier=1.5, lower=5751.625, upper=123940.625)",SALARY,9101,Priya,Patel,invalid@,,Other,1986-07-03,Mumbai,827017
outliers,"Outliers detected in numeric column SALARY using IQR method (IQR multiplier=1.5, lower=5751.625, upper=123940.625)",SALARY,9113,Amit,Sharma,user8112@example.com,9876508112,,2001-07-20,Hyderabad,3648
outliers,"Outliers detected in numeric column SALARY using IQR method (IQR multiplier=1.5, lower=5751.625, upper=123940.625)",SALARY,9116,Sameer,Patel,user8115@example.com,9876508115,,2017-09-03,Ahmedabad,1000
outliers,"Outliers detected in numeric column SALARY using IQR method (IQR multiplier=1.5, lower=5751.625, upper=123940.625)",SALARY,9131,Priya,Rao,user8130@example.com,9876508130,,1991-07-01,Hyderabad,463577
outliers,"Outliers detected in numeric column SALARY using IQR method (IQR multiplier=1.5, lower=5751.625, upper=123940.625)",SALARY,9146,Sameer,Reddy,user8145@example.com,9876508145,,2009-06-19,Ahmedabad,1000
outliers,"Outliers detected in numeric column SALARY using IQR method (IQR multiplier=1.5, lower=5751.625, upper=123940.625)",SALARY,9161,Rakesh,Verma,,9876508160,Other,1985-05-04,Hyderabad,573817
outliers,"Outliers detected in numeric column SALARY using IQR method (IQR multiplier=1.5, lower=5751.625, upper=123940.625)",SALARY,9176,Sameer,Reddy,user8175@example.com,123,,1981-06-12,Hyderabad,1000
outliers,"Outliers detected in numeric column SALARY using IQR method (IQR multiplier=1.5, lower=5751.625, upper=123940.625)",SALARY,9191,Vijay,Sharma,user8190@example.com,9876508190,Other,2011-01-27,Pune,409820
outliers,"Outliers detected in numeric column SALARY using IQR method (IQR multiplier=1.5, lower=5751.625, upper=123940.625)",SALARY,9206,Vijay,Verma,user8205@example.com,9876508205,,2006-12-01,Ahmedabad,1000
outliers,"Outliers detected in numeric column SALARY using IQR method (IQR multiplier=1.5, lower=5751.625, upper=123940.625)",SALARY,9216,Kavya,Joshi,user8215@example.com,9876508215,,1979-09-23,Ahmedabad,130843
outliers,"Outliers detected in numeric column SALARY using IQR method (IQR multiplier=1.5, lower=5751.625, upper=123940.625)",SALARY,9221,Arjun,Verma,invalid@,9876508220,Female,1977-11-30,Bangalore,524501
outliers,"Outliers detected in numeric column SALARY using IQR method (IQR multiplier=1.5, lower=5751.625, upper=123940.625)",SALARY,9236,Neha,Joshi,user8235@example.com,9876508235,Female,2005-10-22,Hyderabad,1000
outliers,"Outliers detected in numeric column SALARY using IQR method (IQR multiplier=1.5, lower=5751.625, upper=123940.625)",SALARY,9251,Kavya,Sharma,user8250@example.com,,Female,2005-11-16,Pune,544090
outliers,"Outliers detected in numeric column SALARY using IQR method (IQR multiplier=1.5, lower=5751.625, upper=123940.625)",SALARY,9266,Amit,Gupta,user8265@example.com,9876508265,,2017-03-10,Chennai,1000
outliers,"Outliers detected in numeric column SALARY using IQR method (IQR multiplier=1.5, lower=5751.625, upper=123940.625)",SALARY,9281,Kavya,Joshi,,9876508280,,2005-05-16,Ahmedabad,1000000
outliers,"Outliers detected in numeric column SALARY using IQR method (IQR multiplier=1.5, lower=5751.625, upper=123940.625)",SALARY,9296,Arjun,Rao,user8295@example.com,9876508295,,2017-11-25,Chennai,1000
outliers,"Outliers detected in numeric column SALARY using IQR method (IQR multiplier=1.5, lower=5751.625, upper=123940.625)",SALARY,9311,Amit,Sharma,user8310@example.com,9876508310,,1971-04-10,Mumbai,783784
outliers,"Outliers detected in numeric column SALARY using IQR method (IQR multiplier=1.5, lower=5751.625, upper=123940.625)",SALARY,9326,Sameer,Sharma,user8325@example.com,123,,1970-02-13,Hyderabad,1000
outliers,"Outliers detected in numeric column SALARY using IQR method (IQR multiplier=1.5, lower=5751.625, upper=123940.625)",SALARY,9341,Neha,Reddy,invalid@,9876508340,Female,2009-07-07,Delhi,743352
outliers,"Outliers detected in numeric column SALARY using IQR method (IQR multiplier=1.5, lower=5751.625, upper=123940.625)",SALARY,9356,Priya,Sharma,user8355@example.com,9876508355,Male,1977-02-16,Hyderabad,1000
outliers,"Outliers detected in numeric column SALARY using IQR method (IQR multiplier=1.5, lower=5751.625, upper=123940.625)",SALARY,9371,Kavya,Kumar,user8370@example.com,9876508370,,2008-08-24,Delhi,470481
outliers,"Outliers detected in numeric column SALARY using IQR method (IQR multiplier=1.5, lower=5751.625, upper=123940.625)",SALARY,9386,Rakesh,Singh,user8385@example.com,9876508385,Male,2009-07-02,Chennai,1000
outliers,"Outliers detected in numeric column SALARY using IQR method (IQR multiplier=1.5, lower=5751.625, upper=123940.625)",SALARY,9401,Amit,Patel,,,Other,1975-02-25,Bangalore,521644
outliers,"Outliers detected in numeric column SALARY using IQR method (IQR multiplier=1.5, lower=5751.625, upper=123940.625)",SALARY,9416,Amit,Mehta,user8415@example.com,9876508415,,1988-11-07,Pune,1000
outliers,"Outliers detected in numeric column SALARY using IQR method (IQR multiplier=1.5, lower=5751.625, upper=123940.625)",SALARY,9431,Arjun,Singh,user8430@example.com,9876508430,,2000-01-04,Pune,470702
outliers,"Outliers detected in numeric column SALARY using IQR method (IQR multiplier=1.5, lower=5751.625, upper=123940.625)",SALARY,9446,Sneha,Rao,user8445@example.com,9876508445,,1989-03-01,Ahmedabad,1000
outliers,"Outliers detected in numeric column SALARY using IQR method (IQR multiplier=1.5, lower=5751.625, upper=123940.625)",SALARY,9461,Rakesh,Gupta,invalid@,9876508460,,2013-05-12,Kolkata,562196
outliers,"Outliers detected in numeric column SALARY using IQR method (IQR multiplier=1.5, lower=5751.625, upper=123940.625)",SALARY,9470,Arjun,Sharma,user8469@example.com,9876508469,Male,2016-11-18,Delhi,1061
outliers,"Outliers detected in numeric column SALARY using IQR method (IQR multiplier=1.5, lower=5751.625, upper=123940.625)",SALARY,9476,Sneha,Sharma,user8475@example.com,123,Female,2013-03-23,Delhi,1000
outliers,"Outliers detected in numeric column SALARY using IQR method (IQR multiplier=1.5, lower=5751.625, upper=123940.625)",SALARY,9485,Arjun,Kumar,user8484@example.com,9876508484,,2012-02-26,Ahmedabad,127594
outliers,"Outliers detected in numeric column SALARY using IQR method (IQR multiplier=1.5, lower=5751.625, upper=123940.625)",SALARY,9491,Amit,Patel,user8490@example.com,9876508490,,1983-01-09,Chennai,970477
outliers,"Outliers detected in numeric column SALARY using IQR method (IQR multiplier=1.5, lower=5751.625, upper=123940.625)",SALARY,9506,Sneha,Patel,user8505@example.com,9876508505,Female,2003-09-20,Ahmedabad,1000
outliers,"Outliers detected in numeric column SALARY using IQR method (IQR multiplier=1.5, lower=5751.625, upper=123940.625)",SALARY,9521,Anjali,Gupta,,9876508520,,2016-08-18,Bangalore,333006
outliers,"Outliers detected in numeric column SALARY using IQR method (IQR multiplier=1.5, lower=5751.625, upper=123940.625)",SALARY,9536,Kavya,Mehta,user8535@example.com,9876508535,Female,1982-06-04,Delhi,1000
outliers,"Outliers detected in numeric column SALARY using IQR method (IQR multiplier=1.5, lower=5751.625, upper=123940.625)",SALARY,9551,Arjun,Singh,user8550@example.com,,,2015-06-09,Kolkata,819845
outliers,"Outliers detected in numeric column SALARY using IQR method (IQR multiplier=1.5, lower=5751.625, upper=123940.625)",SALARY,9566,Sameer,Kumar,user8565@example.com,9876508565,,2019-03-06,Mumbai,1000
outliers,"Outliers detected in numeric column SALARY using IQR method (IQR multiplier=1.5, lower=5751.625, upper=123940.625)",SALARY,9581,Neha,Rao,invalid@,9876508580,,1991-04-03,Pune,519447
outliers,"Outliers detected in numeric column SALARY using IQR method (IQR multiplier=1.5, lower=5751.625, upper=123940.625)",SALARY,9596,Kavya,Verma,user8595@example.com,9876508595,Other,2016-04-26,Hyderabad,1000
outliers,"Outliers detected in numeric column SALARY using IQR method (IQR multiplier=1.5, lower=5751.625, upper=123940.625)",SALARY,9611,Neha,Verma,user8610@example.com,9876508610,,2007-04-13,Ahmedabad,575940
outliers,"Outliers detected in numeric column SALARY using IQR method (IQR multiplier=1.5, lower=5751.625, upper=123940.625)",SALARY,9626,Neha,Singh,user8625@example.com,123,,1997-10-18,Delhi,1000
outliers,"Outliers detected in numeric column SALARY using IQR method (IQR multiplier=1.5, lower=5751.625, upper=123940.625)",SALARY,9641,Sameer,Gupta,,9876508640,Other,1997-09-10,Ahmedabad,993168
outliers,"Outliers detected in numeric column SALARY using IQR method (IQR multiplier=1.5, lower=5751.625, upper=123940.625)",SALARY,9656,Sneha,Kumar,user8655@example.com,9876508655,Female,1975-11-11,Chennai,1000
outliers,"Outliers detected in numeric column SALARY using IQR method (IQR multiplier=1.5, lower=5751.625, upper=123940.625)",SALARY,9671,Anjali,Singh,user8670@example.com,9876508670,,2008-02-17,Hyderabad,546022
outliers,"Outliers detected in numeric column SALARY using IQR method (IQR multiplier=1.5, lower=5751.625, upper=123940.625)",SALARY,9686,Anjali,Singh,user8685@example.com,9876508685,,2006-03-07,Pune,1000
outliers,"Outliers detected in numeric column SALARY using IQR method (IQR multiplier=1.5, lower=5751.625, upper=123940.625)",SALARY,9701,Rakesh,Joshi,invalid@,,Other,1984-07-28,Ahmedabad,576741
outliers,"Outliers detected in numeric column SALARY using IQR method (IQR multiplier=1.5, lower=5751.625, upper=123940.625)",SALARY,9716,Vijay,Singh,user8715@example.com,9876508715,,1970-09-10,Hyderabad,1000
outliers,"Outliers detected in numeric column SALARY using IQR method (IQR multiplier=1.5, lower=5751.625, upper=123940.625)",SALARY,9731,Anjali,Patel,user8730@example.com,9876508730,,1984-07-22,Hyderabad,709484
outliers,"Outliers detected in numeric column SALARY using IQR method (IQR multiplier=1.5, lower=5751.625, upper=123940.625)",SALARY,9746,Arjun,Mehta,user8745@example.com,9876508745,Female,2012-01-02,Chennai,1000
outliers,"Outliers detected in numeric column SALARY using IQR method (IQR multiplier=1.5, lower=5751.625, upper=123940.625)",SALARY,9761,Neha,Verma,,9876508760,Male,1998-08-23,Mumbai,595556
outliers,"Outliers detected in numeric column SALARY using IQR method (IQR multiplier=1.5, lower=5751.625, upper=123940.625)",SALARY,9776,Rakesh,Reddy,user8775@example.com,123,,1986-01-03,Hyderabad,1000
outliers,"Outliers detected in numeric column SALARY using IQR method (IQR multiplier=1.5, lower=5751.625, upper=123940.625)",SALARY,9791,Sameer,Mehta,user8790@example.com,9876508790,,2012-12-10,Kolkata,609145
outliers,"Outliers detected in numeric column SALARY using IQR method (IQR multiplier=1.5, lower=5751.625, upper=123940.625)",SALARY,9806,Neha,Gupta,user8805@example.com,9876508805,Male,1975-10-06,Ahmedabad,1000
outliers,"Outliers detected in numeric column SALARY using IQR method (IQR multiplier=1.5, lower=5751.625, upper=123940.625)",SALARY,9821,Arjun,Verma,invalid@,9876508820,Male,2013-11-28,Ahmedabad,925453
outliers,"Outliers detected in numeric column SALARY using IQR method (IQR multiplier=1.5, lower=5751.625, upper=123940.625)",SALARY,9836,Anjali,Singh,user8835@example.com,9876508835,Male,2015-01-07,Ahmedabad,1000
outliers,"Outliers detected in numeric column SALARY using IQR method (IQR multiplier=1.5, lower=5751.625, upper=123940.625)",SALARY,9851,Arjun,Kumar,user8850@example.com,,,2002-03-24,Hyderabad,678434
outliers,"Outliers detected in numeric column SALARY using IQR method (IQR multiplier=1.5, lower=5751.625, upper=123940.625)",SALARY,9866,Kavya,Reddy,user8865@example.com,9876508865,Other,1991-09-27,Hyderabad,1000
outliers,"Outliers detected in numeric column SALARY using IQR method (IQR multiplier=1.5, lower=5751.625, upper=123940.625)",SALARY,9881,Arjun,Mehta,,9876508880,Female,2010-06-16,Bangalore,666309
outliers,"Outliers detected in numeric column SALARY using IQR method (IQR multiplier=1.5, lower=5751.625, upper=123940.625)",SALARY,9896,Kavya,Gupta,user8895@example.com,9876508895,Male,1989-04-29,Kolkata,1000
outliers,"Outliers detected in numeric column SALARY using IQR method (IQR multiplier=1.5, lower=5751.625, upper=123940.625)",SALARY,9911,Amit,Singh,user8910@example.com,9876508910,Other,1974-04-21,Kolkata,355215
outliers,"Outliers detected in numeric column SALARY using IQR method (IQR multiplier=1.5, lower=5751.625, upper=123940.625)",SALARY,9926,Rakesh,Reddy,user8925@example.com,123,,1991-07-29,Pune,1000
outliers,"Outliers detected in numeric column SALARY using IQR method (IQR multiplier=1.5, lower=5751.625, upper=123940.625)",SALARY,9941,Sneha,Verma,invalid@,9876508940,Other,2015-09-29,Ahmedabad,396224
outliers,"Outliers detected in numeric column SALARY using IQR method (IQR multiplier=1.5, lower=5751.625, upper=123940.625)",SALARY,9956,Amit,Singh,user8955@example.com,9876508955,,1976-07-06,Ahmedabad,1000
outliers,"Outliers detected in numeric column SALARY using IQR method (IQR multiplier=1.5, lower=5751.625, upper=123940.625)",SALARY,9971,Vijay,Rao,user8970@example.com,9876508970,,2050-01-01,Pune,766133
outliers,"Outliers detected in numeric column SALARY using IQR method (IQR multiplier=1.5, lower=5751.625, upper=123940.625)",SALARY,9986,Vijay,Mehta,user8985@example.com,9876508985,Other,1983-06-11,Bangalore,1000
outliers,"Outliers detected in numeric column SALARY using IQR method (IQR multiplier=1.5, lower=5751.625, upper=123940.625)",SALARY,10001,Sameer,Patel,,,Other,1970-12-13,Delhi,838095
outliers,"Outliers detected in numeric column SALARY using IQR method (IQR multiplier=1.5, lower=5751.625, upper=123940.625)",SALARY,10016,Vijay,Reddy,user9015@example.com,9876509015,Female,1986-01-18,Pune,1000
outliers,"Outliers detected in numeric column SALARY using IQR method (IQR multiplier=1.5, lower=5751.625, upper=123940.625)",SALARY,10031,Sameer,Mehta,user9030@example.com,9876509030,,1981-06-23,Ahmedabad,727964
outliers,"Outliers detected in numeric column SALARY using IQR method (IQR multiplier=1.5, lower=5751.625, upper=123940.625)",SALARY,10046,Arjun,Singh,user9045@example.com,9876509045,,2005-10-09,Bangalore,1000
outliers,"Outliers detected in numeric column SALARY using IQR method (IQR multiplier=1.5, lower=5751.625, upper=123940.625)",SALARY,10061,Priya,Reddy,invalid@,9876509060,,1996-02-06,Ahmedabad,799736
outliers,"Outliers detected in numeric column SALARY using IQR method (IQR multiplier=1.5, lower=5751.625, upper=123940.625)",SALARY,10076,Neha,Patel,user9075@example.com,123,Female,2005-01-18,Chennai,1000
outliers,"Outliers detected in numeric column SALARY using IQR method (IQR multiplier=1.5, lower=5751.625, upper=123940.625)",SALARY,10091,Sneha,Patel,user9090@example.com,9876509090,Male,1975-12-12,Chennai,699197
outliers,"Outliers detected in numeric column SALARY using IQR method (IQR multiplier=1.5, lower=5751.625, upper=123940.625)",SALARY,10106,Priya,Mehta,user9105@example.com,9876509105,Other,2019-04-08,Pune,1000
outliers,"Outliers detected in numeric column SALARY using IQR method (IQR multiplier=1.5, lower=5751.625, upper=123940.625)",SALARY,10121,Rakesh,Gupta,,9876509120,Female,1983-10-02,Mumbai,899414
outliers,"Outliers detected in numeric column SALARY using IQR method (IQR multiplier=1.5, lower=5751.625, upper=123940.625)",SALARY,10136,Arjun,Joshi,user9135@example.com,9876509135,Male,2011-01-05,Ahmedabad,1000
outliers,"Outliers detected in numeric column SALARY using IQR method (IQR multiplier=1.5, lower=5751.625, upper=123940.625)",SALARY,10151,Sneha,Mehta,user9150@example.com,,,2007-11-25,Chennai,389271
outliers,"Outliers detected in numeric column SALARY using IQR method (IQR multiplier=1.5, lower=5751.625, upper=123940.625)",SALARY,10166,Arjun,Gupta,user9165@example.com,9876509165,,1973-02-17,Kolkata,1000
outliers,"Outliers detected in numeric column SALARY using IQR method (IQR multiplier=1.5, lower=5751.625, upper=123940.625)",SALARY,10181,Amit,Joshi,invalid@,9876509180,Other,1974-12-14,Kolkata,730861
outliers,"Outliers detected in numeric column SALARY using IQR method (IQR multiplier=1.5, lower=5751.625, upper=123940.625)",SALARY,10196,Anjali,Rao,user9195@example.com,9876509195,Other,1999-04-02,Pune,1000
outliers,"Outliers detected in numeric column SALARY using IQR method (IQR multiplier=1.5, lower=5751.625, upper=123940.625)",SALARY,10211,Priya,Kumar,user9210@example.com,9876509210,Male,1995-12-12,Chennai,722806
outliers,"Outliers detected in numeric column SALARY using IQR method (IQR multiplier=1.5, lower=5751.625, upper=123940.625)",SALARY,10223,Neha,Singh,user9222@example.com,9876509222,,2002-11-06,Delhi,125355
outliers,"Outliers detected in numeric column SALARY using IQR method (IQR multiplier=1.5, lower=5751.625, upper=123940.625)",SALARY,10226,Vijay,Verma,user9225@example.com,123,Female,1993-09-21,Hyderabad,1000
outliers,"Outliers detected in numeric column SALARY using IQR method (IQR multiplier=1.5, lower=5751.625, upper=123940.625)",SALARY,10241,Sneha,Kumar,,9876509240,Other,1976-09-27,Delhi,770402
outliers,"Outliers detected in numeric column SALARY using IQR method (IQR multiplier=1.5, lower=5751.625, upper=123940.625)",SALARY,10256,Amit,Rao,user9255@example.com,9876509255,,1999-04-28,Delhi,1000
outliers,"Outliers detected in numeric column SALARY using IQR method (IQR multiplier=1.5, lower=5751.625, upper=123940.625)",SALARY,10271,Sameer,Rao,user9270@example.com,9876509270,,1986-08-31,Chennai,553676
outliers,"Outliers detected in numeric column SALARY using IQR method (IQR multiplier=1.5, lower=5751.625, upper=123940.625)",SALARY,10286,Anjali,Mehta,user9285@example.com,9876509285,,2012-12-01,Bangalore,1000
outliers,"Outliers detected in numeric column SALARY using IQR method (IQR multiplier=1.5, lower=5751.625, upper=123940.625)",SALARY,10301,Neha,Reddy,invalid@,,,1971-07-08,Kolkata,352358
outliers,"Outliers detected in numeric column SALARY using IQR method (IQR multiplier=1.5, lower=5751.625, upper=123940.625)",SALARY,10316,Anjali,Sharma,user9315@example.com,9876509315,Male,1980-05-01,Delhi,1000
outliers,"Outliers detected in numeric column SALARY using IQR method (IQR multiplier=1.5, lower=5751.625, upper=123940.625)",SALARY,10331,Arjun,Joshi,user9330@example.com,9876509330,,2010-07-31,Ahmedabad,548877
outliers,"Outliers detected in numeric column SALARY using IQR method (IQR multiplier=1.5, lower=5751.625, upper=123940.625)",SALARY,10346,Rakesh,Mehta,user9345@example.com,9876509345,,2004-03-25,Mumbai,1000
outliers,"Outliers detected in numeric column SALARY using IQR method (IQR multiplier=1.5, lower=5751.625, upper=123940.625)",SALARY,10361,Sameer,Reddy,,9876509360,Male,1998-08-04,Pune,358402
outliers,"Outliers detected in numeric column SALARY using IQR method (IQR multiplier=1.5, lower=5751.625, upper=123940.625)",SALARY,10376,Priya,Sharma,user9375@example.com,123,,2013-06-13,Hyderabad,1000
outliers,"Outliers detected in numeric column SALARY using IQR method (IQR multiplier=1.5, lower=5751.625, upper=123940.625)",SALARY,10391,Arjun,Reddy,user9390@example.com,9876509390,Other,2003-08-08,Pune,421101
outliers,"Outliers detected in numeric column SALARY using IQR method (IQR multiplier=1.5, lower=5751.625, upper=123940.625)",SALARY,10406,Arjun,Gupta,user9405@example.com,9876509405,Other,2009-04-28,Kolkata,1000
outliers,"Outliers detected in numeric column SALARY using IQR method (IQR multiplier=1.5, lower=5751.625, upper=123940.625)",SALARY,10421,Arjun,Gupta,invalid@,9876509420,,1989-03-05,Delhi,723073
outliers,"Outliers detected in numeric column SALARY using IQR method (IQR multiplier=1.5, lower=5751.625, upper=123940.625)",SALARY,10436,Neha,Singh,user9435@example.com,9876509435,Male,1972-05-27,Bangalore,1000
outliers,"Outliers detected in numeric column SALARY using IQR method (IQR multiplier=1.5, lower=5751.625, upper=123940.625)",SALARY,10451,Arjun,Rao,user9450@example.com,,Female,1987-02-24,Delhi,725101
outliers,"Outliers detected in numeric column SALARY using IQR method (IQR multiplier=1.5, lower=5751.625, upper=123940.625)",SALARY,10466,Anjali,Singh,user9465@example.com,9876509465,,1973-11-06,Chennai,1000
outliers,"Outliers detected in numeric column SALARY using IQR method (IQR multiplier=1.5, lower=5751.625, upper=123940.625)",SALARY,10481,Priya,Singh,,9876509480,,2015-03-17,Bangalore,503441
outliers,"Outliers detected in numeric column SALARY using IQR method (IQR multiplier=1.5, lower=5751.625, upper=123940.625)",SALARY,10496,Neha,Mehta,user9495@example.com,9876509495,Other,1984-09-08,Delhi,1000
outliers,"Outliers detected in numeric column SALARY using IQR method (IQR multiplier=1.5, lower=5751.625, upper=123940.625)",SALARY,10511,Sameer,Gupta,user9510@example.com,9876509510,Male,1989-05-02,Hyderabad,940394
outliers,"Outliers detected in numeric column SALARY using IQR method (IQR multiplier=1.5, lower=5751.625, upper=123940.625)",SALARY,10526,Arjun,Reddy,user9525@example.com,123,,1983-08-29,Chennai,1000
outliers,"Outliers detected in numeric column SALARY using IQR method (IQR multiplier=1.5, lower=5751.625, upper=123940.625)",SALARY,10541,Priya,Mehta,invalid@,9876509540,Female,2005-02-01,Kolkata,1000000
outliers,"Outliers detected in numeric column SALARY using IQR method (IQR multiplier=1.5, lower=5751.625, upper=123940.625)",SALARY,10556,Vijay,Reddy,user9555@example.com,9876509555,,2010-05-19,Ahmedabad,1000
outliers,"Outliers detected in numeric column SALARY using IQR method (IQR multiplier=1.5, lower=5751.625, upper=123940.625)",SALARY,10571,Rakesh,Kumar,user9570@example.com,9876509570,Other,1973-06-03,Kolkata,595968
outliers,"Outliers detected in numeric column SALARY using IQR method (IQR multiplier=1.5, lower=5751.625, upper=123940.625)",SALARY,10586,Arjun,Rao,user9585@example.com,9876509585,,1992-06-18,Hyderabad,1000
outliers,"Outliers detected in numeric column SALARY using IQR method (IQR multiplier=1.5, lower=5751.625, upper=123940.625)",SALARY,10601,Amit,Verma,,,Male,1972-01-26,Mumbai,519260
outliers,"Outliers detected in numeric column SALARY using IQR method (IQR multiplier=1.5, lower=5751.625, upper=123940.625)",SALARY,10616,Sneha,Gupta,user9615@example.com,9876509615,Female,2010-08-17,Delhi,1000
outliers,"Outliers detected in numeric column SALARY using IQR method (IQR multiplier=1.5, lower=5751.625, upper=123940.625)",SALARY,10631,Sameer,Singh,user9630@example.com,9876509630,Male,1977-06-09,Bangalore,714386
outliers,"Outliers detected in numeric column SALARY using IQR method (IQR multiplier=1.5, lower=5751.625, upper=123940.625)",SALARY,10646,Sneha,Reddy,user9645@example.com,9876509645,Male,1970-04-07,Delhi,1000
outliers,"Outliers detected in numeric column SALARY using IQR method (IQR multiplier=1.5, lower=5751.625, upper=123940.625)",SALARY,10661,Vijay,Rao,invalid@,9876509660,,1994-06-05,Hyderabad,1000000
outliers,"Outliers detected in numeric column SALARY using IQR method (IQR multiplier=1.5, lower=5751.625, upper=123940.625)",SALARY,10676,Sneha,Gupta,user9675@example.com,123,Male,2011-03-11,Delhi,1000
outliers,"Outliers detected in numeric column SALARY using IQR method (IQR multiplier=1.5, lower=5751.625, upper=123940.625)",SALARY,10691,Priya,Rao,user9690@example.com,9876509690,Other,2001-03-17,Delhi,424978
outliers,"Outliers detected in numeric column SALARY using IQR method (IQR multiplier=1.5, lower=5751.625, upper=123940.625)",SALARY,10706,Sameer,Joshi,user9705@example.com,9876509705,,2050-01-01,Hyderabad,1000
outliers,"Outliers detected in numeric column SALARY using IQR method (IQR multiplier=1.5, lower=5751.625, upper=123940.625)",SALARY,10721,Rakesh,Gupta,,9876509720,,1973-11-05,Hyderabad,769742
outliers,"Outliers detected in numeric column SALARY using IQR method (IQR multiplier=1.5, lower=5751.625, upper=123940.625)",SALARY,10736,Vijay,Gupta,user9735@example.com,9876509735,Male,2009-11-10,Ahmedabad,1000
outliers,"Outliers detected in numeric column SALARY using IQR method (IQR multiplier=1.5, lower=5751.625, upper=123940.625)",SALARY,10751,Amit,Mehta,user9750@example.com,,Other,1977-06-02,Mumbai,532626
outliers,"Outliers detected in numeric column SALARY using IQR method (IQR multiplier=1.5, lower=5751.625, upper=123940.625)",SALARY,10766,Anjali,Mehta,user9765@example.com,9876509765,,invalid,Pune,1000
outliers,"Outliers detected in numeric column SALARY using IQR method (IQR multiplier=1.5, lower=5751.625, upper=123940.625)",SALARY,10781,Priya,Mehta,invalid@,9876509780,,2018-06-10,Mumbai,915402
outliers,"Outliers detected in numeric column SALARY using IQR method (IQR multiplier=1.5, lower=5751.625, upper=123940.625)",SALARY,10796,Amit,Gupta,user9795@example.com,9876509795,,1992-08-18,Chennai,1000
outliers,"Outliers detected in numeric column SALARY using IQR method (IQR multiplier=1.5, lower=5751.625, upper=123940.625)",SALARY,10811,Kavya,Rao,user9810@example.com,9876509810,Female,2018-04-11,Mumbai,305103
outliers,"Outliers detected in numeric column SALARY using IQR method (IQR multiplier=1.5, lower=5751.625, upper=123940.625)",SALARY,10826,Rakesh,Verma,user9825@example.com,123,,1981-09-01,Hyderabad,1000
outliers,"Outliers detected in numeric column SALARY using IQR method (IQR multiplier=1.5, lower=5751.625, upper=123940.625)",SALARY,10841,Priya,Kumar,,9876509840,Other,invalid,Delhi,901412
outliers,"Outliers detected in numeric column SALARY using IQR method (IQR multiplier=1.5, lower=5751.625, upper=123940.625)",SALARY,10856,Vijay,Verma,user9855@example.com,9876509855,Male,1973-11-08,Hyderabad,1000
outliers,"Outliers detected in numeric column SALARY using IQR method (IQR multiplier=1.5, lower=5751.625, upper=123940.625)",SALARY,10871,Priya,Mehta,user9870@example.com,9876509870,Other,2013-02-27,Chennai,463584
outliers,"Outliers detected in numeric column SALARY using IQR method (IQR multiplier=1.5, lower=5751.625, upper=123940.625)",SALARY,10886,Kavya,Sharma,user9885@example.com,9876509885,,1979-05-03,Kolkata,1000
outliers,"Outliers detected in numeric column SALARY using IQR method (IQR multiplier=1.5, lower=5751.625, upper=123940.625)",SALARY,10901,Kavya,Kumar,invalid@,,Other,1994-12-09,Kolkata,559190
outliers,"Outliers detected in numeric column SALARY using IQR method (IQR multiplier=1.5, lower=5751.625, upper=123940.625)",SALARY,10916,Anjali,Mehta,user9915@example.com,9876509915,Other,2007-08-05,Bangalore,1000
outliers,"Outliers detected in numeric column SALARY using IQR method (IQR multiplier=1.5, lower=5751.625, upper=123940.625)",SALARY,10931,Arjun,Sharma,user9930@example.com,9876509930,Other,1984-05-06,Kolkata,760992
outliers,"Outliers detected in numeric column SALARY using IQR method (IQR multiplier=1.5, lower=5751.625, upper=123940.625)",SALARY,10946,Arjun,Rao,user9945@example.com,9876509945,,1995-07-05,Hyderabad,1000
outliers,"Outliers detected in numeric column SALARY using IQR method (IQR multiplier=1.5, lower=5751.625, upper=123940.625)",SALARY,10961,Amit,Mehta,,9876509960,Male,2001-01-27,Mumbai,1000000
outliers,"Outliers detected in numeric column SALARY using IQR method (IQR multiplier=1.5, lower=5751.625, upper=123940.625)",SALARY,10976,Sameer,Reddy,user9975@example.com,123,Other,1984-09-27,Pune,1000
outliers,"Outliers detected in numeric column SALARY using IQR method (IQR multiplier=1.5, lower=5751.625, upper=123940.625)",SALARY,10991,Sneha,Verma,user9990@example.com,9876509990,,2001-08-26,Hyderabad,1000000
invalid_emails,Malformed email syntax detected in column EMAIL,EMAIL,1021,Rakesh,Gupta,invalid@,9876500020,,1979-09-04,Hyderabad,56031
invalid_emails,Malformed email syntax detected in column EMAIL,EMAIL,1061,Neha,Reddy,invalid@,9876500060,Other,1970-11-07,Bangalore,582170
invalid_emails,Malformed email syntax detected in column EMAIL,EMAIL,1101,Kavya,Kumar,invalid@,,,1980-08-27,Mumbai,85298
invalid_emails,Malformed email syntax detected in column EMAIL,EMAIL,1141,Anjali,Reddy,invalid@,9876500140,Female,1991-11-30,Bangalore,88625
invalid_emails,Malformed email syntax detected in column EMAIL,EMAIL,1181,Amit,Rao,invalid@,9876500180,,1984-08-21,Delhi,845424
invalid_emails,Malformed email syntax detected in column EMAIL,EMAIL,1221,Arjun,Reddy,invalid@,9876500220,,2014-10-16,Hyderabad,80208
invalid_emails,Malformed email syntax detected in column EMAIL,EMAIL,1261,Kavya,Singh,invalid@,9876500260,Other,1992-10-04,Pune,40222
invalid_emails,Malformed email syntax detected in column EMAIL,EMAIL,1301,Rakesh,Verma,invalid@,,,1974-09-26,Bangalore,1000000
invalid_emails,Malformed email syntax detected in column EMAIL,EMAIL,1341,Amit,Rao,invalid@,9876500340,,2006-03-04,Delhi,49344
invalid_emails,Malformed email syntax detected in column EMAIL,EMAIL,1381,Arjun,Joshi,invalid@,9876500380,,1982-08-01,Ahmedabad,73093
invalid_emails,Malformed email syntax detected in column EMAIL,EMAIL,1421,Neha,Reddy,invalid@,9876500420,,1981-04-27,Ahmedabad,429513
invalid_emails,Malformed email syntax detected in column EMAIL,EMAIL,1461,Amit,Verma,invalid@,9876500460,,1989-10-04,Kolkata,46837
invalid_emails,Malformed email syntax detected in column EMAIL,EMAIL,1501,Vijay,Kumar,invalid@,,Male,2004-07-30,Bangalore,65384
invalid_emails,Malformed email syntax detected in column EMAIL,EMAIL,1541,Priya,Verma,invalid@,9876500540,,2000-01-04,Hyderabad,912844
invalid_emails,Malformed email syntax detected in column EMAIL,EMAIL,1581,Vijay,Patel,invalid@,9876500580,Other,invalid,Hyderabad,55207
invalid_emails,Malformed email syntax detected in column EMAIL,EMAIL,1621,Neha,Reddy,invalid@,9876500620,Other,1981-03-09,Bangalore,60469
invalid_emails,Malformed email syntax detected in column EMAIL,EMAIL,1661,Rakesh,Kumar,invalid@,9876500660,,1970-04-30,Hyderabad,434016
invalid_emails,Malformed email syntax detected in column EMAIL,EMAIL,1701,Amit,Joshi,invalid@,,Female,2007-01-20,Pune,34994
invalid_emails,Malformed email syntax detected in column EMAIL,EMAIL,1741,Neha,Rao,invalid@,9876500740,Male,2005-07-06,Pune,63888
invalid_emails,Malformed email syntax detected in column EMAIL,EMAIL,1781,Amit,Singh,invalid@,9876500780,Female,1981-11-07,Hyderabad,833708
invalid_emails,Malformed email syntax detected in column EMAIL,EMAIL,1821,Anjali,Patel,invalid@,9876500820,Male,1989-07-30,Pune,49658
invalid_emails,Malformed email syntax detected in column EMAIL,EMAIL,1861,Kavya,Singh,invalid@,9876500860,Female,1972-05-02,Kolkata,65283
invalid_emails,Malformed email syntax detected in column EMAIL,EMAIL,1901,Sameer,Sharma,invalid@,,Other,1993-08-12,Ahmedabad,361830
invalid_emails,Malformed email syntax detected in column EMAIL,EMAIL,1941,Kavya,Sharma,invalid@,9876500940,Other,2005-10-01,Delhi,26634
invalid_emails,Malformed email syntax detected in column EMAIL,EMAIL,1981,Neha,Kumar,invalid@,9876500980,,2010-02-14,Hyderabad,70946
invalid_emails,Malformed email syntax detected in column EMAIL,EMAIL,2021,Rakesh,Joshi,invalid@,9876501020,,1992-12-19,Pune,754923
invalid_emails,Malformed email syntax detected in column EMAIL,EMAIL,2061,Arjun,Verma,invalid@,9876501060,,2009-05-10,Ahmedabad,58920
invalid_emails,Malformed email syntax detected in column EMAIL,EMAIL,2101,Amit,Reddy,invalid@,,Male,1994-12-17,Ahmedabad,32818
invalid_emails,Malformed email syntax detected in column EMAIL,EMAIL,2141,Arjun,Joshi,invalid@,9876501140,Male,2009-08-28,Chennai,928598
invalid_emails,Malformed email syntax detected in column EMAIL,EMAIL,2181,Amit,Sharma,invalid@,9876501180,,2007-02-04,Mumbai,59869
invalid_emails,Malformed email syntax detected in column EMAIL,EMAIL,2221,Kavya,Singh,invalid@,9876501220,,1997-04-24,Ahmedabad,38719
invalid_emails,Malformed email syntax detected in column EMAIL,EMAIL,2261,Arjun,Mehta,invalid@,9876501260,,2013-05-18,Pune,782712
invalid_emails,Malformed email syntax detected in column EMAIL,EMAIL,2301,Amit,Kumar,invalid@,,,1996-03-09,Pune,52747
invalid_emails,Malformed email syntax detected in column EMAIL,EMAIL,2341,Amit,Sharma,invalid@,9876501340,,2018-07-15,Bangalore,97270
invalid_emails,Malformed email syntax detected in column EMAIL,EMAIL,2381,Sneha,Gupta,invalid@,9876501380,,1981-02-25,Chennai,863017
invalid_emails,Malformed email syntax detected in column EMAIL,EMAIL,2421,Priya,Joshi,invalid@,9876501420,,invalid,Kolkata,71916
invalid_emails,Malformed email syntax detected in column EMAIL,EMAIL,2461,Priya,Gupta,invalid@,9876501460,Other,1980-08-27,Kolkata,95462
invalid_emails,Malformed email syntax detected in column EMAIL,EMAIL,2501,Priya,Joshi,invalid@,,,2002-12-15,Delhi,610131
invalid_emails,Malformed email syntax detected in column EMAIL,EMAIL,2541,Arjun,Sharma,invalid@,9876501540,,2016-09-01,Ahmedabad,41688
invalid_emails,Malformed email syntax detected in column EMAIL,EMAIL,2581,Vijay,Patel,invalid@,9876501580,Male,2003-10-18,Hyderabad,93814
invalid_emails,Malformed email syntax detected in column EMAIL,EMAIL,2621,Priya,Verma,invalid@,9876501620,Male,1990-06-16,Mumbai,786661
invalid_emails,Malformed email syntax detected in column EMAIL,EMAIL,2661,Anjali,Singh,invalid@,9876501660,Female,2004-06-30,Mumbai,75116
invalid_emails,Malformed email syntax detected in column EMAIL,EMAIL,2701,Kavya,Gupta,invalid@,,,1972-12-01,Ahmedabad,59543
invalid_emails,Malformed email syntax detected in column EMAIL,EMAIL,2741,Kavya,Sharma,invalid@,9876501740,,2015-03-04,Mumbai,678799
invalid_emails,Malformed email syntax detected in column EMAIL,EMAIL,2781,Amit,Mehta,invalid@,9876501780,Female,1974-05-18,Pune,45028
invalid_emails,Malformed email syntax detected in column EMAIL,EMAIL,2821,Amit,Rao,invalid@,9876501820,Other,1996-03-23,Kolkata,69984
invalid_emails,Malformed email syntax detected in column EMAIL,EMAIL,2861,Vijay,Sharma,invalid@,9876501860,,2009-11-25,Bangalore,587990
invalid_emails,Malformed email syntax detected in column EMAIL,EMAIL,2901,Priya,Reddy,invalid@,,,1980-11-01,Kolkata,48909
invalid_emails,Malformed email syntax detected in column EMAIL,EMAIL,2941,Amit,Rao,invalid@,9876501940,,1982-06-29,Hyderabad,67151
invalid_emails,Malformed email syntax detected in column EMAIL,EMAIL,2981,Sameer,Sharma,invalid@,9876501980,Male,1979-12-03,Delhi,596150
invalid_emails,Malformed email syntax detected in column EMAIL,EMAIL,3021,Sneha,Gupta,invalid@,9876502020,,1981-01-28,Ahmedabad,52126
invalid_emails,Malformed email syntax detected in column EMAIL,EMAIL,3061,Sneha,Sharma,invalid@,9876502060,,2007-12-30,Chennai,47310
invalid_emails,Malformed email syntax detected in column EMAIL,EMAIL,3101,Neha,Sharma,invalid@,,,1973-08-14,Pune,652420
invalid_emails,Malformed email syntax detected in column EMAIL,EMAIL,3141,Sameer,Reddy,invalid@,9876502140,Female,1996-01-12,Bangalore,47907
invalid_emails,Malformed email syntax detected in column EMAIL,EMAIL,3181,Amit,Kumar,invalid@,9876502180,,1983-07-25,Pune,119422
invalid_emails,Malformed email syntax detected in column EMAIL,EMAIL,3221,Neha,Rao,invalid@,9876502220,,2014-01-07,Chennai,589277
invalid_emails,Malformed email syntax detected in column EMAIL,EMAIL,3261,Arjun,Joshi,invalid@,9876502260,Male,1999-02-04,Chennai,64361
invalid_emails,Malformed email syntax detected in column EMAIL,EMAIL,3301,Vijay,Mehta,invalid@,,Other,2012-02-02,Kolkata,105139
invalid_emails,Malformed email syntax detected in column EMAIL,EMAIL,3341,Rakesh,Kumar,invalid@,9876502340,,1993-02-16,Ahmedabad,966549
invalid_emails,Malformed email syntax detected in column EMAIL,EMAIL,3381,Sneha,Gupta,invalid@,9876502380,,1990-01-03,Delhi,101605
invalid_emails,Malformed email syntax detected in column EMAIL,EMAIL,3421,Anjali,Mehta,invalid@,9876502420,Other,1987-05-28,Ahmedabad,57195
invalid_emails,Malformed email syntax detected in column EMAIL,EMAIL,3461,Rakesh,Rao,invalid@,9876502460,Male,2017-08-20,Pune,650728
invalid_emails,Malformed email syntax detected in column EMAIL,EMAIL,3501,Rakesh,Mehta,invalid@,,,2016-06-14,Mumbai,80429
invalid_emails,Malformed email syntax detected in column EMAIL,EMAIL,3541,Neha,Kumar,invalid@,9876502540,Other,1973-08-30,Pune,98837
invalid_emails,Malformed email syntax detected in column EMAIL,EMAIL,3581,Kavya,Singh,invalid@,9876502580,Female,2003-02-18,Bangalore,1000000
invalid_emails,Malformed email syntax detected in column EMAIL,EMAIL,3621,Sameer,Joshi,invalid@,9876502620,,1977-02-27,Bangalore,45039
invalid_emails,Malformed email syntax detected in column EMAIL,EMAIL,3661,Sneha,Sharma,invalid@,9876502660,,1971-09-11,Chennai,31342
invalid_emails,Malformed email syntax detected in column EMAIL,EMAIL,3701,Amit,Verma,invalid@,,,2008-11-02,Pune,363868
invalid_emails,Malformed email syntax detected in column EMAIL,EMAIL,3741,Amit,Sharma,invalid@,9876502740,Other,1989-09-28,Delhi,51023
invalid_emails,Malformed email syntax detected in column EMAIL,EMAIL,3781,Amit,Kumar,invalid@,9876502780,,2010-03-26,Chennai,55350
invalid_emails,Malformed email syntax detected in column EMAIL,EMAIL,3821,Sneha,Gupta,invalid@,9876502820,Other,1984-04-18,Delhi,833606
invalid_emails,Malformed email syntax detected in column EMAIL,EMAIL,3861,Sameer,Mehta,invalid@,9876502860,Male,2013-01-24,Hyderabad,82123
invalid_emails,Malformed email syntax detected in column EMAIL,EMAIL,3901,Sameer,Reddy,invalid@,,Male,1976-07-01,Ahmedabad,44072
invalid_emails,Malformed email syntax detected in column EMAIL,EMAIL,3941,Arjun,Gupta,invalid@,9876502940,Other,2002-03-18,Delhi,501879
invalid_emails,Malformed email syntax detected in column EMAIL,EMAIL,3981,Sameer,Mehta,invalid@,9876502980,Other,2006-01-26,Kolkata,68475
invalid_emails,Malformed email syntax detected in column EMAIL,EMAIL,4021,Vijay,Kumar,invalid@,9876503020,Other,invalid,Kolkata,62405
invalid_emails,Malformed email syntax detected in column EMAIL,EMAIL,4061,Anjali,Joshi,invalid@,9876503060,Male,invalid,Chennai,460009
invalid_emails,Malformed email syntax detected in column EMAIL,EMAIL,4101,Neha,Kumar,invalid@,,,2008-06-03,Mumbai,45768
invalid_emails,Malformed email syntax detected in column EMAIL,EMAIL,4141,Priya,Verma,invalid@,9876503140,Other,1977-01-21,Delhi,60684
invalid_emails,Malformed email syntax detected in column EMAIL,EMAIL,4181,Priya,Patel,invalid@,9876503180,Male,2009-12-05,Delhi,592793
invalid_emails,Malformed email syntax detected in column EMAIL,EMAIL,4221,Neha,Mehta,invalid@,9876503220,Female,1991-07-23,Kolkata,47943
invalid_emails,Malformed email syntax detected in column EMAIL,EMAIL,4261,Priya,Patel,invalid@,9876503260,Female,1998-09-09,Ahmedabad,52140
invalid_emails,Malformed email syntax detected in column EMAIL,EMAIL,4301,Vijay,Singh,invalid@,,,2013-10-25,Pune,682781
invalid_emails,Malformed email syntax detected in column EMAIL,EMAIL,4341,Sameer,Sharma,invalid@,9876503340,,invalid,Delhi,70077
invalid_emails,Malformed email syntax detected in column EMAIL,EMAIL,4381,Priya,Sharma,invalid@,9876503380,Male,1994-09-20,Hyderabad,65032
invalid_emails,Malformed email syntax detected in column EMAIL,EMAIL,4421,Priya,Joshi,invalid@,9876503420,Female,2010-08-22,Mumbai,926689
invalid_emails,Malformed email syntax detected in column EMAIL,EMAIL,4461,Vijay,Kumar,invalid@,9876503460,,2000-07-21,Pune,97319
invalid_emails,Malformed email syntax detected in column EMAIL,EMAIL,4501,Kavya,Kumar,invalid@,,Male,1992-03-01,Kolkata,68406
invalid_emails,Malformed email syntax detected in column EMAIL,EMAIL,4541,Kavya,Kumar,invalid@,9876503540,,2012-09-13,Chennai,538759
invalid_emails,Malformed email syntax detected in column EMAIL,EMAIL,4581,Arjun,Patel,invalid@,9876503580,Female,2007-09-03,Delhi,75400
invalid_emails,Malformed email syntax detected in column EMAIL,EMAIL,4621,Rakesh,Verma,invalid@,9876503620,Female,1987-04-05,Delhi,39526
invalid_emails,Malformed email syntax detected in column EMAIL,EMAIL,4661,Sameer,Joshi,invalid@,9876503660,,2000-05-13,Kolkata,515575
invalid_emails,Malformed email syntax detected in column EMAIL,EMAIL,4701,Vijay,Reddy,invalid@,,Female,1979-03-22,Ahmedabad,54094
invalid_emails,Malformed email syntax detected in column EMAIL,EMAIL,4741,Amit,Sharma,invalid@,9876503740,Other,1993-10-14,Chennai,55284
invalid_emails,Malformed email syntax detected in column EMAIL,EMAIL,4781,Sneha,Reddy,invalid@,9876503780,,2009-11-11,Hyderabad,738346
invalid_emails,Malformed email syntax detected in column EMAIL,EMAIL,4821,Vijay,Joshi,invalid@,9876503820,,2012-05-19,Delhi,46985
invalid_emails,Malformed email syntax detected in column EMAIL,EMAIL,4861,Neha,Kumar,invalid@,9876503860,,1985-12-14,Pune,97702
invalid_emails,Malformed email syntax detected in column EMAIL,EMAIL,4901,Arjun,Sharma,invalid@,,,1997-06-19,Bangalore,744595
invalid_emails,Malformed email syntax detected in column EMAIL,EMAIL,4941,Anjali,Kumar,invalid@,9876503940,,1993-10-13,Kolkata,54331
invalid_emails,Malformed email syntax detected in column EMAIL,EMAIL,4981,Anjali,Reddy,invalid@,9876503980,Female,1984-03-11,Pune,42099
invalid_emails,Malformed email syntax detected in column EMAIL,EMAIL,5021,Priya,Verma,invalid@,9876504020,Male,2005-04-13,Mumbai,782318
invalid_emails,Malformed email syntax detected in column EMAIL,EMAIL,5061,Sameer,Patel,invalid@,9876504060,Other,1981-07-18,Bangalore,69640
invalid_emails,Malformed email syntax detected in column EMAIL,EMAIL,5101,Amit,Singh,invalid@,,Female,2018-11-04,Hyderabad,49255
invalid_emails,Malformed email syntax detected in column EMAIL,EMAIL,5141,Arjun,Sharma,invalid@,9876504140,Female,1989-07-25,Chennai,906389
invalid_emails,Malformed email syntax detected in column EMAIL,EMAIL,5181,Kavya,Mehta,invalid@,9876504180,,2011-01-04,Bangalore,123723
invalid_emails,Malformed email syntax detected in column EMAIL,EMAIL,5221,Anjali,Reddy,invalid@,9876504220,,2006-03-28,Mumbai,90085
invalid_emails,Malformed email syntax detected in column EMAIL,EMAIL,5261,Amit,Gupta,invalid@,9876504260,Other,2004-01-08,Ahmedabad,692805
invalid_emails,Malformed email syntax detected in column EMAIL,EMAIL,5301,Sameer,Joshi,invalid@,,Female,1976-03-31,Hyderabad,63615
invalid_emails,Malformed email syntax detected in column EMAIL,EMAIL,5341,Priya,Mehta,invalid@,9876504340,Other,2011-09-14,Chennai,50885
invalid_emails,Malformed email syntax detected in column EMAIL,EMAIL,5381,Rakesh,Patel,invalid@,9876504380,Female,1975-04-17,Kolkata,491545
invalid_emails,Malformed email syntax detected in column EMAIL,EMAIL,5421,Anjali,Sharma,invalid@,9876504420,,1980-12-31,Pune,59620
invalid_emails,Malformed email syntax detected in column EMAIL,EMAIL,5461,Priya,Gupta,invalid@,9876504460,,2012-12-13,Delhi,44213
invalid_emails,Malformed email syntax detected in column EMAIL,EMAIL,5501,Amit,Verma,invalid@,,,1980-06-16,Delhi,645004
invalid_emails,Malformed email syntax detected in column EMAIL,EMAIL,5541,Rakesh,Rao,invalid@,9876504540,Other,1993-10-24,Chennai,65791
invalid_emails,Malformed email syntax detected in column EMAIL,EMAIL,5581,Kavya,Patel,invalid@,9876504580,,2013-12-29,Bangalore,58749
invalid_emails,Malformed email syntax detected in column EMAIL,EMAIL,5621,Sneha,Gupta,invalid@,9876504620,,2002-11-29,Hyderabad,915970
invalid_emails,Malformed email syntax detected in column EMAIL,EMAIL,5661,Arjun,Gupta,invalid@,9876504660,,1970-01-26,Bangalore,73009
invalid_emails,Malformed email syntax detected in column EMAIL,EMAIL,5701,Anjali,Mehta,invalid@,,,2008-06-15,Hyderabad,78366
invalid_emails,Malformed email syntax detected in column EMAIL,EMAIL,5741,Arjun,Joshi,invalid@,9876504740,,2016-04-22,Mumbai,472923
invalid_emails,Malformed email syntax detected in column EMAIL,EMAIL,5781,Sneha,Joshi,invalid@,9876504780,Male,1992-03-07,Delhi,100646
invalid_emails,Malformed email syntax detected in column EMAIL,EMAIL,5821,Anjali,Kumar,invalid@,9876504820,Female,1972-08-31,Chennai,46144
invalid_emails,Malformed email syntax detected in column EMAIL,EMAIL,5861,Neha,Rao,invalid@,9876504860,,1980-08-19,Hyderabad,579900
invalid_emails,Malformed email syntax detected in column EMAIL,EMAIL,5901,Anjali,Kumar,invalid@,,Other,1971-05-05,Pune,73295
invalid_emails,Malformed email syntax detected in column EMAIL,EMAIL,5941,Vijay,Gupta,invalid@,9876504940,Other,1997-01-14,Delhi,94625
invalid_emails,Malformed email syntax detected in column EMAIL,EMAIL,5981,Amit,Verma,invalid@,9876504980,,2011-12-06,Pune,749983
invalid_emails,Malformed email syntax detected in column EMAIL,EMAIL,6021,Priya,Joshi,invalid@,9876505020,Other,2011-05-11,Delhi,56762
invalid_emails,Malformed email syntax detected in column EMAIL,EMAIL,6061,Neha,Reddy,invalid@,9876505060,Other,2011-04-20,Ahmedabad,59615
invalid_emails,Malformed email syntax detected in column EMAIL,EMAIL,6101,Priya,Singh,invalid@,,Male,2019-03-27,Ahmedabad,931532
invalid_emails,Malformed email syntax detected in column EMAIL,EMAIL,6141,Neha,Verma,invalid@,9876505140,,1988-09-20,Pune,62928
invalid_emails,Malformed email syntax detected in column EMAIL,EMAIL,6181,Rakesh,Sharma,invalid@,9876505180,,2015-05-09,Delhi,80616
invalid_emails,Malformed email syntax detected in column EMAIL,EMAIL,6221,Kavya,Sharma,invalid@,9876505220,,1981-10-29,Chennai,668882
invalid_emails,Malformed email syntax detected in column EMAIL,EMAIL,6261,Anjali,Mehta,invalid@,9876505260,Other,1976-01-09,Ahmedabad,75632
invalid_emails,Malformed email syntax detected in column EMAIL,EMAIL,6301,Amit,Patel,invalid@,,,1974-11-18,Bangalore,54583
invalid_emails,Malformed email syntax detected in column EMAIL,EMAIL,6341,Arjun,Gupta,invalid@,9876505340,,2002-04-19,Delhi,690820
invalid_emails,Malformed email syntax detected in column EMAIL,EMAIL,6381,Anjali,Gupta,invalid@,9876505380,Male,2018-11-16,Kolkata,113241
invalid_emails,Malformed email syntax detected in column EMAIL,EMAIL,6421,Neha,Kumar,invalid@,9876505420,Male,1981-06-10,Hyderabad,69304
invalid_emails,Malformed email syntax detected in column EMAIL,EMAIL,6461,Sneha,Singh,invalid@,9876505460,Other,2006-04-04,Kolkata,826399
invalid_emails,Malformed email syntax detected in column EMAIL,EMAIL,6501,Kavya,Joshi,invalid@,,Other,2012-04-17,Kolkata,44367
invalid_emails,Malformed email syntax detected in column EMAIL,EMAIL,6541,Sameer,Gupta,invalid@,9876505540,,2014-10-10,Delhi,74158
invalid_emails,Malformed email syntax detected in column EMAIL,EMAIL,6581,Kavya,Mehta,invalid@,9876505580,,2006-05-28,Kolkata,504129
invalid_emails,Malformed email syntax detected in column EMAIL,EMAIL,6621,Kavya,Patel,invalid@,9876505620,Other,2005-03-08,Ahmedabad,76770
invalid_emails,Malformed email syntax detected in column EMAIL,EMAIL,6661,Anjali,Verma,invalid@,9876505660,,1971-08-21,Hyderabad,56005
invalid_emails,Malformed email syntax detected in column EMAIL,EMAIL,6701,Sneha,Verma,invalid@,,,2007-03-03,Mumbai,454068
invalid_emails,Malformed email syntax detected in column EMAIL,EMAIL,6741,Priya,Rao,invalid@,9876505740,Other,1995-03-11,Kolkata,38499
invalid_emails,Malformed email syntax detected in column EMAIL,EMAIL,6781,Anjali,Reddy,invalid@,9876505780,Male,2001-04-04,Delhi,46764
invalid_emails,Malformed email syntax detected in column EMAIL,EMAIL,6821,Sameer,Kumar,invalid@,9876505820,,2005-11-17,Hyderabad,609246
invalid_emails,Malformed email syntax detected in column EMAIL,EMAIL,6861,Rakesh,Sharma,invalid@,9876505860,Other,2014-07-11,Pune,63285
invalid_emails,Malformed email syntax detected in column EMAIL,EMAIL,6901,Priya,Patel,invalid@,,,1980-03-10,Bangalore,92574
invalid_emails,Malformed email syntax detected in column EMAIL,EMAIL,6941,Kavya,Gupta,invalid@,9876505940,Other,1994-11-03,Hyderabad,513092
invalid_emails,Malformed email syntax detected in column EMAIL,EMAIL,6981,Sameer,Kumar,invalid@,9876505980,Female,2005-12-25,Chennai,70494
invalid_emails,Malformed email syntax detected in column EMAIL,EMAIL,7021,Anjali,Kumar,invalid@,9876506020,,2011-11-09,Hyderabad,78877
invalid_emails,Malformed email syntax detected in column EMAIL,EMAIL,7061,Amit,Verma,invalid@,9876506060,,1998-11-06,Ahmedabad,787788
invalid_emails,Malformed email syntax detected in column EMAIL,EMAIL,7101,Kavya,Patel,invalid@,,,2002-11-06,Chennai,51996
invalid_emails,Malformed email syntax detected in column EMAIL,EMAIL,7141,Sneha,Gupta,invalid@,9876506140,Male,1982-02-10,Bangalore,60323
invalid_emails,Malformed email syntax detected in column EMAIL,EMAIL,7181,Amit,Reddy,invalid@,9876506180,Male,1973-12-13,Kolkata,550026
invalid_emails,Malformed email syntax detected in column EMAIL,EMAIL,7221,Kavya,Verma,invalid@,9876506220,Other,1989-02-18,Kolkata,49435
invalid_emails,Malformed email syntax detected in column EMAIL,EMAIL,7261,Rakesh,Gupta,invalid@,9876506260,,2002-06-16,Kolkata,79241
invalid_emails,Malformed email syntax detected in column EMAIL,EMAIL,7301,Neha,Singh,invalid@,,,1981-04-06,Chennai,600220
invalid_emails,Malformed email syntax detected in column EMAIL,EMAIL,7341,Priya,Mehta,invalid@,9876506340,Female,1977-03-16,Delhi,83882
invalid_emails,Malformed email syntax detected in column EMAIL,EMAIL,7381,Amit,Gupta,invalid@,9876506380,,1975-03-21,Delhi,67692
invalid_emails,Malformed email syntax detected in column EMAIL,EMAIL,7421,Sneha,Rao,invalid@,9876506420,,1993-07-20,Mumbai,540628
invalid_emails,Malformed email syntax detected in column EMAIL,EMAIL,7461,Sameer,Verma,invalid@,9876506460,Other,2005-12-01,Bangalore,47102
invalid_emails,Malformed email syntax detected in column EMAIL,EMAIL,7501,Amit,Sharma,invalid@,,Male,1991-05-09,Hyderabad,93438
invalid_emails,Malformed email syntax detected in column EMAIL,EMAIL,7541,Anjali,Joshi,invalid@,9876506540,,2016-12-08,Ahmedabad,337991
invalid_emails,Malformed email syntax detected in column EMAIL,EMAIL,7581,Kavya,Gupta,invalid@,9876506580,Female,2011-12-19,Bangalore,87271
invalid_emails,Malformed email syntax detected in column EMAIL,EMAIL,7621,Anjali,Singh,invalid@,9876506620,Male,2050-01-01,Delhi,36572
invalid_emails,Malformed email syntax detected in column EMAIL,EMAIL,7661,Neha,Sharma,invalid@,9876506660,Other,1977-12-31,Hyderabad,712960
invalid_emails,Malformed email syntax detected in column EMAIL,EMAIL,7701,Sneha,Rao,invalid@,,,1996-04-18,Kolkata,52149
invalid_emails,Malformed email syntax detected in column EMAIL,EMAIL,7741,Sameer,Sharma,invalid@,9876506740,Female,1984-11-17,Hyderabad,47119
invalid_emails,Malformed email syntax detected in column EMAIL,EMAIL,7781,Kavya,Mehta,invalid@,9876506780,Male,invalid,Bangalore,874927
invalid_emails,Malformed email syntax detected in column EMAIL,EMAIL,7821,Kavya,Patel,invalid@,9876506820,,1986-03-15,Ahmedabad,76630
invalid_emails,Malformed email syntax detected in column EMAIL,EMAIL,7861,Neha,Gupta,invalid@,9876506860,,2009-06-24,Ahmedabad,57092
invalid_emails,Malformed email syntax detected in column EMAIL,EMAIL,7901,Rakesh,Reddy,invalid@,,,1971-07-14,Bangalore,775540
invalid_emails,Malformed email syntax detected in column EMAIL,EMAIL,7941,Priya,Joshi,invalid@,9876506940,Male,1995-09-22,Delhi,10416
invalid_emails,Malformed email syntax detected in column EMAIL,EMAIL,7981,Sneha,Rao,invalid@,9876506980,,1999-07-26,Ahmedabad,77225
invalid_emails,Malformed email syntax detected in column EMAIL,EMAIL,8021,Rakesh,Singh,invalid@,9876507020,Female,1975-08-06,Pune,976822
invalid_emails,Malformed email syntax detected in column EMAIL,EMAIL,8061,Anjali,Patel,invalid@,9876507060,Other,1991-10-09,Kolkata,72218
invalid_emails,Malformed email syntax detected in column EMAIL,EMAIL,8101,Neha,Sharma,invalid@,,Male,2011-10-18,Hyderabad,99703
invalid_emails,Malformed email syntax detected in column EMAIL,EMAIL,8141,Sameer,Verma,invalid@,9876507140,Male,1983-10-12,Pune,623729
invalid_emails,Malformed email syntax detected in column EMAIL,EMAIL,8181,Amit,Mehta,invalid@,9876507180,,2019-02-01,Pune,60690
invalid_emails,Malformed email syntax detected in column EMAIL,EMAIL,8221,Anjali,Singh,invalid@,9876507220,,1990-02-09,Delhi,80545
invalid_emails,Malformed email syntax detected in column EMAIL,EMAIL,8261,Arjun,Rao,invalid@,9876507260,Male,2018-05-29,Mumbai,502209
invalid_emails,Malformed email syntax detected in column EMAIL,EMAIL,8301,Amit,Gupta,invalid@,,Other,2001-09-03,Delhi,51430
invalid_emails,Malformed email syntax detected in column EMAIL,EMAIL,8341,Neha,Mehta,invalid@,9876507340,,2015-01-03,Kolkata,65168
invalid_emails,Malformed email syntax detected in column EMAIL,EMAIL,8381,Anjali,Kumar,invalid@,9876507380,,2011-05-10,Pune,960031
invalid_emails,Malformed email syntax detected in column EMAIL,EMAIL,8421,Amit,Sharma,invalid@,9876507420,,2014-11-29,Mumbai,58603
invalid_emails,Malformed email syntax detected in column EMAIL,EMAIL,8461,Rakesh,Rao,invalid@,9876507460,Female,1977-06-10,Mumbai,80197
invalid_emails,Malformed email syntax detected in column EMAIL,EMAIL,8501,Amit,Patel,invalid@,,Male,1995-12-03,Mumbai,743649
invalid_emails,Malformed email syntax detected in column EMAIL,EMAIL,8541,Neha,Patel,invalid@,9876507540,Other,1997-11-25,Ahmedabad,86871
invalid_emails,Malformed email syntax detected in column EMAIL,EMAIL,8581,Amit,Reddy,invalid@,9876507580,Other,2017-08-31,Delhi,50969
invalid_emails,Malformed email syntax detected in column EMAIL,EMAIL,8621,Rakesh,Reddy,invalid@,9876507620,Male,1984-03-09,Mumbai,485245
invalid_emails,Malformed email syntax detected in column EMAIL,EMAIL,8661,Sneha,Mehta,invalid@,9876507660,Female,1970-09-17,Pune,83627
invalid_emails,Malformed email syntax detected in column EMAIL,EMAIL,8701,Neha,Sharma,invalid@,,,2019-04-03,Kolkata,81247
invalid_emails,Malformed email syntax detected in column EMAIL,EMAIL,8741,Amit,Gupta,invalid@,9876507740,,1991-08-24,Hyderabad,788621
invalid_emails,Malformed email syntax detected in column EMAIL,EMAIL,8781,Sameer,Singh,invalid@,9876507780,,1990-06-28,Hyderabad,50311
invalid_emails,Malformed email syntax detected in column EMAIL,EMAIL,8821,Kavya,Kumar,invalid@,9876507820,Male,1975-02-06,Delhi,37964
invalid_emails,Malformed email syntax detected in column EMAIL,EMAIL,8861,Anjali,Singh,invalid@,9876507860,Male,1976-03-14,Chennai,763404
invalid_emails,Malformed email syntax detected in column EMAIL,EMAIL,8901,Neha,Reddy,invalid@,,Other,2004-07-12,Chennai,65930
invalid_emails,Malformed email syntax detected in column EMAIL,EMAIL,8941,Arjun,Kumar,invalid@,9876507940,,1997-01-20,Bangalore,61002
invalid_emails,Malformed email syntax detected in column EMAIL,EMAIL,8981,Priya,Kumar,invalid@,9876507980,,2001-11-15,Chennai,655604
invalid_emails,Malformed email syntax detected in column EMAIL,EMAIL,9021,Priya,Sharma,invalid@,9876508020,Female,2008-12-18,Delhi,51641
invalid_emails,Malformed email syntax detected in column EMAIL,EMAIL,9061,Amit,Mehta,invalid@,9876508060,,1990-03-11,Mumbai,25484
invalid_emails,Malformed email syntax detected in column EMAIL,EMAIL,9101,Priya,Patel,invalid@,,Other,1986-07-03,Mumbai,827017
invalid_emails,Malformed email syntax detected in column EMAIL,EMAIL,9141,Sneha,Patel,invalid@,9876508140,Male,2006-06-08,Delhi,75223
invalid_emails,Malformed email syntax detected in column EMAIL,EMAIL,9181,Sameer,Sharma,invalid@,9876508180,Other,1999-01-15,Kolkata,55320
invalid_emails,Malformed email syntax detected in column EMAIL,EMAIL,9221,Arjun,Verma,invalid@,9876508220,Female,1977-11-30,Bangalore,524501
invalid_emails,Malformed email syntax detected in column EMAIL,EMAIL,9261,Rakesh,Rao,invalid@,9876508260,Other,2016-06-09,Chennai,71436
invalid_emails,Malformed email syntax detected in column EMAIL,EMAIL,9301,Amit,Patel,invalid@,,,2003-04-16,Pune,82428
invalid_emails,Malformed email syntax detected in column EMAIL,EMAIL,9341,Neha,Reddy,invalid@,9876508340,Female,2009-07-07,Delhi,743352
invalid_emails,Malformed email syntax detected in column EMAIL,EMAIL,9381,Kavya,Rao,invalid@,9876508380,,1997-10-11,Bangalore,38540
invalid_emails,Malformed email syntax detected in column EMAIL,EMAIL,9421,Anjali,Reddy,invalid@,9876508420,Male,2050-01-01,Hyderabad,88420
invalid_emails,Malformed email syntax detected in column EMAIL,EMAIL,9461,Rakesh,Gupta,invalid@,9876508460,,2013-05-12,Kolkata,562196
invalid_emails,Malformed email syntax detected in column EMAIL,EMAIL,9501,Anjali,Rao,invalid@,,Other,1999-11-19,Chennai,89550
invalid_emails,Malformed email syntax detected in column EMAIL,EMAIL,9541,Arjun,Singh,invalid@,9876508540,Other,1995-03-30,Kolkata,65522
invalid_emails,Malformed email syntax detected in column EMAIL,EMAIL,9581,Neha,Rao,invalid@,9876508580,,1991-04-03,Pune,519447
invalid_emails,Malformed email syntax detected in column EMAIL,EMAIL,9621,Sameer,Sharma,invalid@,9876508620,Other,1989-05-02,Pune,77603
invalid_emails,Malformed email syntax detected in column EMAIL,EMAIL,9661,Sneha,Sharma,invalid@,9876508660,Female,1997-05-16,Ahmedabad,64288
invalid_emails,Malformed email syntax detected in column EMAIL,EMAIL,9701,Rakesh,Joshi,invalid@,,Other,1984-07-28,Ahmedabad,576741
invalid_emails,Malformed email syntax detected in column EMAIL,EMAIL,9741,Neha,Reddy,invalid@,9876508740,,1982-05-15,Bangalore,40305
invalid_emails,Malformed email syntax detected in column EMAIL,EMAIL,9781,Neha,Kumar,invalid@,9876508780,Other,1983-01-20,Kolkata,65360
invalid_emails,Malformed email syntax detected in column EMAIL,EMAIL,9821,Arjun,Verma,invalid@,9876508820,Male,2013-11-28,Ahmedabad,925453
invalid_emails,Malformed email syntax detected in column EMAIL,EMAIL,9861,Amit,Joshi,invalid@,9876508860,Other,1989-01-19,Bangalore,41415
invalid_emails,Malformed email syntax detected in column EMAIL,EMAIL,9901,Anjali,Joshi,invalid@,,,2006-08-16,Delhi,67839
invalid_emails,Malformed email syntax detected in column EMAIL,EMAIL,9941,Sneha,Verma,invalid@,9876508940,Other,2015-09-29,Ahmedabad,396224
invalid_emails,Malformed email syntax detected in column EMAIL,EMAIL,9981,Priya,Reddy,invalid@,9876508980,,1989-04-10,Ahmedabad,67521
invalid_emails,Malformed email syntax detected in column EMAIL,EMAIL,10021,Arjun,Gupta,invalid@,9876509020,Other,1978-09-14,Delhi,63599
invalid_emails,Malformed email syntax detected in column EMAIL,EMAIL,10061,Priya,Reddy,invalid@,9876509060,,1996-02-06,Ahmedabad,799736
invalid_emails,Malformed email syntax detected in column EMAIL,EMAIL,10101,Sneha,Joshi,invalid@,,Female,1976-12-23,Chennai,75938
invalid_emails,Malformed email syntax detected in column EMAIL,EMAIL,10141,Arjun,Reddy,invalid@,9876509140,,1997-12-14,Chennai,96530
invalid_emails,Malformed email syntax detected in column EMAIL,EMAIL,10181,Amit,Joshi,invalid@,9876509180,Other,1974-12-14,Kolkata,730861
invalid_emails,Malformed email syntax detected in column EMAIL,EMAIL,10221,Arjun,Kumar,invalid@,9876509220,Other,2017-08-20,Pune,91870
invalid_emails,Malformed email syntax detected in column EMAIL,EMAIL,10261,Priya,Sharma,invalid@,9876509260,Male,2009-12-13,Pune,54143
invalid_emails,Malformed email syntax detected in column EMAIL,EMAIL,10301,Neha,Reddy,invalid@,,,1971-07-08,Kolkata,352358
invalid_emails,Malformed email syntax detected in column EMAIL,EMAIL,10341,Amit,Singh,invalid@,9876509340,Female,1977-11-02,Chennai,75628
invalid_emails,Malformed email syntax detected in column EMAIL,EMAIL,10381,Sneha,Gupta,invalid@,9876509380,Female,2003-05-13,Pune,65861
invalid_emails,Malformed email syntax detected in column EMAIL,EMAIL,10421,Arjun,Gupta,invalid@,9876509420,,1989-03-05,Delhi,723073
invalid_emails,Malformed email syntax detected in column EMAIL,EMAIL,10461,Arjun,Verma,invalid@,9876509460,Male,2011-05-02,Pune,64622
invalid_emails,Malformed email syntax detected in column EMAIL,EMAIL,10501,Rakesh,Verma,invalid@,,Male,1994-02-25,Mumbai,68637
invalid_emails,Malformed email syntax detected in column EMAIL,EMAIL,10541,Priya,Mehta,invalid@,9876509540,Female,2005-02-01,Kolkata,1000000
invalid_emails,Malformed email syntax detected in column EMAIL,EMAIL,10581,Vijay,Patel,invalid@,9876509580,Other,2011-01-17,Kolkata,62173
invalid_emails,Malformed email syntax detected in column EMAIL,EMAIL,10621,Vijay,Gupta,invalid@,9876509620,Male,1973-12-29,Bangalore,78523
invalid_emails,Malformed email syntax detected in column EMAIL,EMAIL,10661,Vijay,Rao,invalid@,9876509660,,1994-06-05,Hyderabad,1000000
invalid_emails,Malformed email syntax detected in column EMAIL,EMAIL,10701,Sneha,Patel,invalid@,,,2009-10-08,Bangalore,71726
invalid_emails,Malformed email syntax detected in column EMAIL,EMAIL,10741,Anjali,Rao,invalid@,9876509740,Female,1988-01-04,Hyderabad,66777
invalid_emails,Malformed email syntax detected in column EMAIL,EMAIL,10781,Priya,Mehta,invalid@,9876509780,,2018-06-10,Mumbai,915402
invalid_emails,Malformed email syntax detected in column EMAIL,EMAIL,10821,Kavya,Rao,invalid@,9876509820,,2007-09-21,Kolkata,68856
invalid_emails,Malformed email syntax detected in column EMAIL,EMAIL,10861,Kavya,Mehta,invalid@,9876509860,,2002-12-06,Delhi,83583
invalid_emails,Malformed email syntax detected in column EMAIL,EMAIL,10901,Kavya,Kumar,invalid@,,Other,1994-12-09,Kolkata,559190
invalid_emails,Malformed email syntax detected in column EMAIL,EMAIL,10941,Amit,Mehta,invalid@,9876509940,Other,2001-07-18,Pune,86199
invalid_emails,Malformed email syntax detected in column EMAIL,EMAIL,10981,Anjali,Mehta,invalid@,9876509980,Male,1982-06-05,Hyderabad,48265
pattern_violations,Regex pattern validation failed for column EMAIL,EMAIL,1021,Rakesh,Gupta,invalid@,9876500020,,1979-09-04,Hyderabad,56031
pattern_violations,Regex pattern validation failed for column EMAIL,EMAIL,1061,Neha,Reddy,invalid@,9876500060,Other,1970-11-07,Bangalore,582170
pattern_violations,Regex pattern validation failed for column EMAIL,EMAIL,1101,Kavya,Kumar,invalid@,,,1980-08-27,Mumbai,85298
pattern_violations,Regex pattern validation failed for column EMAIL,EMAIL,1141,Anjali,Reddy,invalid@,9876500140,Female,1991-11-30,Bangalore,88625
pattern_violations,Regex pattern validation failed for column EMAIL,EMAIL,1181,Amit,Rao,invalid@,9876500180,,1984-08-21,Delhi,845424
pattern_violations,Regex pattern validation failed for column EMAIL,EMAIL,1221,Arjun,Reddy,invalid@,9876500220,,2014-10-16,Hyderabad,80208
pattern_violations,Regex pattern validation failed for column EMAIL,EMAIL,1261,Kavya,Singh,invalid@,9876500260,Other,1992-10-04,Pune,40222
pattern_violations,Regex pattern validation failed for column EMAIL,EMAIL,1301,Rakesh,Verma,invalid@,,,1974-09-26,Bangalore,1000000
pattern_violations,Regex pattern validation failed for column EMAIL,EMAIL,1341,Amit,Rao,invalid@,9876500340,,2006-03-04,Delhi,49344
pattern_violations,Regex pattern validation failed for column EMAIL,EMAIL,1381,Arjun,Joshi,invalid@,9876500380,,1982-08-01,Ahmedabad,73093
pattern_violations,Regex pattern validation failed for column EMAIL,EMAIL,1421,Neha,Reddy,invalid@,9876500420,,1981-04-27,Ahmedabad,429513
pattern_violations,Regex pattern validation failed for column EMAIL,EMAIL,1461,Amit,Verma,invalid@,9876500460,,1989-10-04,Kolkata,46837
pattern_violations,Regex pattern validation failed for column EMAIL,EMAIL,1501,Vijay,Kumar,invalid@,,Male,2004-07-30,Bangalore,65384
pattern_violations,Regex pattern validation failed for column EMAIL,EMAIL,1541,Priya,Verma,invalid@,9876500540,,2000-01-04,Hyderabad,912844
pattern_violations,Regex pattern validation failed for column EMAIL,EMAIL,1581,Vijay,Patel,invalid@,9876500580,Other,invalid,Hyderabad,55207
pattern_violations,Regex pattern validation failed for column EMAIL,EMAIL,1621,Neha,Reddy,invalid@,9876500620,Other,1981-03-09,Bangalore,60469
pattern_violations,Regex pattern validation failed for column EMAIL,EMAIL,1661,Rakesh,Kumar,invalid@,9876500660,,1970-04-30,Hyderabad,434016
pattern_violations,Regex pattern validation failed for column EMAIL,EMAIL,1701,Amit,Joshi,invalid@,,Female,2007-01-20,Pune,34994
pattern_violations,Regex pattern validation failed for column EMAIL,EMAIL,1741,Neha,Rao,invalid@,9876500740,Male,2005-07-06,Pune,63888
pattern_violations,Regex pattern validation failed for column EMAIL,EMAIL,1781,Amit,Singh,invalid@,9876500780,Female,1981-11-07,Hyderabad,833708
pattern_violations,Regex pattern validation failed for column EMAIL,EMAIL,1821,Anjali,Patel,invalid@,9876500820,Male,1989-07-30,Pune,49658
pattern_violations,Regex pattern validation failed for column EMAIL,EMAIL,1861,Kavya,Singh,invalid@,9876500860,Female,1972-05-02,Kolkata,65283
pattern_violations,Regex pattern validation failed for column EMAIL,EMAIL,1901,Sameer,Sharma,invalid@,,Other,1993-08-12,Ahmedabad,361830
pattern_violations,Regex pattern validation failed for column EMAIL,EMAIL,1941,Kavya,Sharma,invalid@,9876500940,Other,2005-10-01,Delhi,26634
pattern_violations,Regex pattern validation failed for column EMAIL,EMAIL,1981,Neha,Kumar,invalid@,9876500980,,2010-02-14,Hyderabad,70946
pattern_violations,Regex pattern validation failed for column EMAIL,EMAIL,2021,Rakesh,Joshi,invalid@,9876501020,,1992-12-19,Pune,754923
pattern_violations,Regex pattern validation failed for column EMAIL,EMAIL,2061,Arjun,Verma,invalid@,9876501060,,2009-05-10,Ahmedabad,58920
pattern_violations,Regex pattern validation failed for column EMAIL,EMAIL,2101,Amit,Reddy,invalid@,,Male,1994-12-17,Ahmedabad,32818
pattern_violations,Regex pattern validation failed for column EMAIL,EMAIL,2141,Arjun,Joshi,invalid@,9876501140,Male,2009-08-28,Chennai,928598
pattern_violations,Regex pattern validation failed for column EMAIL,EMAIL,2181,Amit,Sharma,invalid@,9876501180,,2007-02-04,Mumbai,59869
pattern_violations,Regex pattern validation failed for column EMAIL,EMAIL,2221,Kavya,Singh,invalid@,9876501220,,1997-04-24,Ahmedabad,38719
pattern_violations,Regex pattern validation failed for column EMAIL,EMAIL,2261,Arjun,Mehta,invalid@,9876501260,,2013-05-18,Pune,782712
pattern_violations,Regex pattern validation failed for column EMAIL,EMAIL,2301,Amit,Kumar,invalid@,,,1996-03-09,Pune,52747
pattern_violations,Regex pattern validation failed for column EMAIL,EMAIL,2341,Amit,Sharma,invalid@,9876501340,,2018-07-15,Bangalore,97270
pattern_violations,Regex pattern validation failed for column EMAIL,EMAIL,2381,Sneha,Gupta,invalid@,9876501380,,1981-02-25,Chennai,863017
pattern_violations,Regex pattern validation failed for column EMAIL,EMAIL,2421,Priya,Joshi,invalid@,9876501420,,invalid,Kolkata,71916
pattern_violations,Regex pattern validation failed for column EMAIL,EMAIL,2461,Priya,Gupta,invalid@,9876501460,Other,1980-08-27,Kolkata,95462
pattern_violations,Regex pattern validation failed for column EMAIL,EMAIL,2501,Priya,Joshi,invalid@,,,2002-12-15,Delhi,610131
pattern_violations,Regex pattern validation failed for column EMAIL,EMAIL,2541,Arjun,Sharma,invalid@,9876501540,,2016-09-01,Ahmedabad,41688
pattern_violations,Regex pattern validation failed for column EMAIL,EMAIL,2581,Vijay,Patel,invalid@,9876501580,Male,2003-10-18,Hyderabad,93814
pattern_violations,Regex pattern validation failed for column EMAIL,EMAIL,2621,Priya,Verma,invalid@,9876501620,Male,1990-06-16,Mumbai,786661
pattern_violations,Regex pattern validation failed for column EMAIL,EMAIL,2661,Anjali,Singh,invalid@,9876501660,Female,2004-06-30,Mumbai,75116
pattern_violations,Regex pattern validation failed for column EMAIL,EMAIL,2701,Kavya,Gupta,invalid@,,,1972-12-01,Ahmedabad,59543
pattern_violations,Regex pattern validation failed for column EMAIL,EMAIL,2741,Kavya,Sharma,invalid@,9876501740,,2015-03-04,Mumbai,678799
pattern_violations,Regex pattern validation failed for column EMAIL,EMAIL,2781,Amit,Mehta,invalid@,9876501780,Female,1974-05-18,Pune,45028
pattern_violations,Regex pattern validation failed for column EMAIL,EMAIL,2821,Amit,Rao,invalid@,9876501820,Other,1996-03-23,Kolkata,69984
pattern_violations,Regex pattern validation failed for column EMAIL,EMAIL,2861,Vijay,Sharma,invalid@,9876501860,,2009-11-25,Bangalore,587990
pattern_violations,Regex pattern validation failed for column EMAIL,EMAIL,2901,Priya,Reddy,invalid@,,,1980-11-01,Kolkata,48909
pattern_violations,Regex pattern validation failed for column EMAIL,EMAIL,2941,Amit,Rao,invalid@,9876501940,,1982-06-29,Hyderabad,67151
pattern_violations,Regex pattern validation failed for column EMAIL,EMAIL,2981,Sameer,Sharma,invalid@,9876501980,Male,1979-12-03,Delhi,596150
pattern_violations,Regex pattern validation failed for column EMAIL,EMAIL,3021,Sneha,Gupta,invalid@,9876502020,,1981-01-28,Ahmedabad,52126
pattern_violations,Regex pattern validation failed for column EMAIL,EMAIL,3061,Sneha,Sharma,invalid@,9876502060,,2007-12-30,Chennai,47310
pattern_violations,Regex pattern validation failed for column EMAIL,EMAIL,3101,Neha,Sharma,invalid@,,,1973-08-14,Pune,652420
pattern_violations,Regex pattern validation failed for column EMAIL,EMAIL,3141,Sameer,Reddy,invalid@,9876502140,Female,1996-01-12,Bangalore,47907
pattern_violations,Regex pattern validation failed for column EMAIL,EMAIL,3181,Amit,Kumar,invalid@,9876502180,,1983-07-25,Pune,119422
pattern_violations,Regex pattern validation failed for column EMAIL,EMAIL,3221,Neha,Rao,invalid@,9876502220,,2014-01-07,Chennai,589277
pattern_violations,Regex pattern validation failed for column EMAIL,EMAIL,3261,Arjun,Joshi,invalid@,9876502260,Male,1999-02-04,Chennai,64361
pattern_violations,Regex pattern validation failed for column EMAIL,EMAIL,3301,Vijay,Mehta,invalid@,,Other,2012-02-02,Kolkata,105139
pattern_violations,Regex pattern validation failed for column EMAIL,EMAIL,3341,Rakesh,Kumar,invalid@,9876502340,,1993-02-16,Ahmedabad,966549
pattern_violations,Regex pattern validation failed for column EMAIL,EMAIL,3381,Sneha,Gupta,invalid@,9876502380,,1990-01-03,Delhi,101605
pattern_violations,Regex pattern validation failed for column EMAIL,EMAIL,3421,Anjali,Mehta,invalid@,9876502420,Other,1987-05-28,Ahmedabad,57195
pattern_violations,Regex pattern validation failed for column EMAIL,EMAIL,3461,Rakesh,Rao,invalid@,9876502460,Male,2017-08-20,Pune,650728
pattern_violations,Regex pattern validation failed for column EMAIL,EMAIL,3501,Rakesh,Mehta,invalid@,,,2016-06-14,Mumbai,80429
pattern_violations,Regex pattern validation failed for column EMAIL,EMAIL,3541,Neha,Kumar,invalid@,9876502540,Other,1973-08-30,Pune,98837
pattern_violations,Regex pattern validation failed for column EMAIL,EMAIL,3581,Kavya,Singh,invalid@,9876502580,Female,2003-02-18,Bangalore,1000000
pattern_violations,Regex pattern validation failed for column EMAIL,EMAIL,3621,Sameer,Joshi,invalid@,9876502620,,1977-02-27,Bangalore,45039
pattern_violations,Regex pattern validation failed for column EMAIL,EMAIL,3661,Sneha,Sharma,invalid@,9876502660,,1971-09-11,Chennai,31342
pattern_violations,Regex pattern validation failed for column EMAIL,EMAIL,3701,Amit,Verma,invalid@,,,2008-11-02,Pune,363868
pattern_violations,Regex pattern validation failed for column EMAIL,EMAIL,3741,Amit,Sharma,invalid@,9876502740,Other,1989-09-28,Delhi,51023
pattern_violations,Regex pattern validation failed for column EMAIL,EMAIL,3781,Amit,Kumar,invalid@,9876502780,,2010-03-26,Chennai,55350
pattern_violations,Regex pattern validation failed for column EMAIL,EMAIL,3821,Sneha,Gupta,invalid@,9876502820,Other,1984-04-18,Delhi,833606
pattern_violations,Regex pattern validation failed for column EMAIL,EMAIL,3861,Sameer,Mehta,invalid@,9876502860,Male,2013-01-24,Hyderabad,82123
pattern_violations,Regex pattern validation failed for column EMAIL,EMAIL,3901,Sameer,Reddy,invalid@,,Male,1976-07-01,Ahmedabad,44072
pattern_violations,Regex pattern validation failed for column EMAIL,EMAIL,3941,Arjun,Gupta,invalid@,9876502940,Other,2002-03-18,Delhi,501879
pattern_violations,Regex pattern validation failed for column EMAIL,EMAIL,3981,Sameer,Mehta,invalid@,9876502980,Other,2006-01-26,Kolkata,68475
pattern_violations,Regex pattern validation failed for column EMAIL,EMAIL,4021,Vijay,Kumar,invalid@,9876503020,Other,invalid,Kolkata,62405
pattern_violations,Regex pattern validation failed for column EMAIL,EMAIL,4061,Anjali,Joshi,invalid@,9876503060,Male,invalid,Chennai,460009
pattern_violations,Regex pattern validation failed for column EMAIL,EMAIL,4101,Neha,Kumar,invalid@,,,2008-06-03,Mumbai,45768
pattern_violations,Regex pattern validation failed for column EMAIL,EMAIL,4141,Priya,Verma,invalid@,9876503140,Other,1977-01-21,Delhi,60684
pattern_violations,Regex pattern validation failed for column EMAIL,EMAIL,4181,Priya,Patel,invalid@,9876503180,Male,2009-12-05,Delhi,592793
pattern_violations,Regex pattern validation failed for column EMAIL,EMAIL,4221,Neha,Mehta,invalid@,9876503220,Female,1991-07-23,Kolkata,47943
pattern_violations,Regex pattern validation failed for column EMAIL,EMAIL,4261,Priya,Patel,invalid@,9876503260,Female,1998-09-09,Ahmedabad,52140
pattern_violations,Regex pattern validation failed for column EMAIL,EMAIL,4301,Vijay,Singh,invalid@,,,2013-10-25,Pune,682781
pattern_violations,Regex pattern validation failed for column EMAIL,EMAIL,4341,Sameer,Sharma,invalid@,9876503340,,invalid,Delhi,70077
pattern_violations,Regex pattern validation failed for column EMAIL,EMAIL,4381,Priya,Sharma,invalid@,9876503380,Male,1994-09-20,Hyderabad,65032
pattern_violations,Regex pattern validation failed for column EMAIL,EMAIL,4421,Priya,Joshi,invalid@,9876503420,Female,2010-08-22,Mumbai,926689
pattern_violations,Regex pattern validation failed for column EMAIL,EMAIL,4461,Vijay,Kumar,invalid@,9876503460,,2000-07-21,Pune,97319
pattern_violations,Regex pattern validation failed for column EMAIL,EMAIL,4501,Kavya,Kumar,invalid@,,Male,1992-03-01,Kolkata,68406
pattern_violations,Regex pattern validation failed for column EMAIL,EMAIL,4541,Kavya,Kumar,invalid@,9876503540,,2012-09-13,Chennai,538759
pattern_violations,Regex pattern validation failed for column EMAIL,EMAIL,4581,Arjun,Patel,invalid@,9876503580,Female,2007-09-03,Delhi,75400
pattern_violations,Regex pattern validation failed for column EMAIL,EMAIL,4621,Rakesh,Verma,invalid@,9876503620,Female,1987-04-05,Delhi,39526
pattern_violations,Regex pattern validation failed for column EMAIL,EMAIL,4661,Sameer,Joshi,invalid@,9876503660,,2000-05-13,Kolkata,515575
pattern_violations,Regex pattern validation failed for column EMAIL,EMAIL,4701,Vijay,Reddy,invalid@,,Female,1979-03-22,Ahmedabad,54094
pattern_violations,Regex pattern validation failed for column EMAIL,EMAIL,4741,Amit,Sharma,invalid@,9876503740,Other,1993-10-14,Chennai,55284
pattern_violations,Regex pattern validation failed for column EMAIL,EMAIL,4781,Sneha,Reddy,invalid@,9876503780,,2009-11-11,Hyderabad,738346
pattern_violations,Regex pattern validation failed for column EMAIL,EMAIL,4821,Vijay,Joshi,invalid@,9876503820,,2012-05-19,Delhi,46985
pattern_violations,Regex pattern validation failed for column EMAIL,EMAIL,4861,Neha,Kumar,invalid@,9876503860,,1985-12-14,Pune,97702
pattern_violations,Regex pattern validation failed for column EMAIL,EMAIL,4901,Arjun,Sharma,invalid@,,,1997-06-19,Bangalore,744595
pattern_violations,Regex pattern validation failed for column EMAIL,EMAIL,4941,Anjali,Kumar,invalid@,9876503940,,1993-10-13,Kolkata,54331
pattern_violations,Regex pattern validation failed for column EMAIL,EMAIL,4981,Anjali,Reddy,invalid@,9876503980,Female,1984-03-11,Pune,42099
pattern_violations,Regex pattern validation failed for column EMAIL,EMAIL,5021,Priya,Verma,invalid@,9876504020,Male,2005-04-13,Mumbai,782318
pattern_violations,Regex pattern validation failed for column EMAIL,EMAIL,5061,Sameer,Patel,invalid@,9876504060,Other,1981-07-18,Bangalore,69640
pattern_violations,Regex pattern validation failed for column EMAIL,EMAIL,5101,Amit,Singh,invalid@,,Female,2018-11-04,Hyderabad,49255
pattern_violations,Regex pattern validation failed for column EMAIL,EMAIL,5141,Arjun,Sharma,invalid@,9876504140,Female,1989-07-25,Chennai,906389
pattern_violations,Regex pattern validation failed for column EMAIL,EMAIL,5181,Kavya,Mehta,invalid@,9876504180,,2011-01-04,Bangalore,123723
pattern_violations,Regex pattern validation failed for column EMAIL,EMAIL,5221,Anjali,Reddy,invalid@,9876504220,,2006-03-28,Mumbai,90085
pattern_violations,Regex pattern validation failed for column EMAIL,EMAIL,5261,Amit,Gupta,invalid@,9876504260,Other,2004-01-08,Ahmedabad,692805
pattern_violations,Regex pattern validation failed for column EMAIL,EMAIL,5301,Sameer,Joshi,invalid@,,Female,1976-03-31,Hyderabad,63615
pattern_violations,Regex pattern validation failed for column EMAIL,EMAIL,5341,Priya,Mehta,invalid@,9876504340,Other,2011-09-14,Chennai,50885
pattern_violations,Regex pattern validation failed for column EMAIL,EMAIL,5381,Rakesh,Patel,invalid@,9876504380,Female,1975-04-17,Kolkata,491545
pattern_violations,Regex pattern validation failed for column EMAIL,EMAIL,5421,Anjali,Sharma,invalid@,9876504420,,1980-12-31,Pune,59620
pattern_violations,Regex pattern validation failed for column EMAIL,EMAIL,5461,Priya,Gupta,invalid@,9876504460,,2012-12-13,Delhi,44213
pattern_violations,Regex pattern validation failed for column EMAIL,EMAIL,5501,Amit,Verma,invalid@,,,1980-06-16,Delhi,645004
pattern_violations,Regex pattern validation failed for column EMAIL,EMAIL,5541,Rakesh,Rao,invalid@,9876504540,Other,1993-10-24,Chennai,65791
pattern_violations,Regex pattern validation failed for column EMAIL,EMAIL,5581,Kavya,Patel,invalid@,9876504580,,2013-12-29,Bangalore,58749
pattern_violations,Regex pattern validation failed for column EMAIL,EMAIL,5621,Sneha,Gupta,invalid@,9876504620,,2002-11-29,Hyderabad,915970
pattern_violations,Regex pattern validation failed for column EMAIL,EMAIL,5661,Arjun,Gupta,invalid@,9876504660,,1970-01-26,Bangalore,73009
pattern_violations,Regex pattern validation failed for column EMAIL,EMAIL,5701,Anjali,Mehta,invalid@,,,2008-06-15,Hyderabad,78366
pattern_violations,Regex pattern validation failed for column EMAIL,EMAIL,5741,Arjun,Joshi,invalid@,9876504740,,2016-04-22,Mumbai,472923
pattern_violations,Regex pattern validation failed for column EMAIL,EMAIL,5781,Sneha,Joshi,invalid@,9876504780,Male,1992-03-07,Delhi,100646
pattern_violations,Regex pattern validation failed for column EMAIL,EMAIL,5821,Anjali,Kumar,invalid@,9876504820,Female,1972-08-31,Chennai,46144
pattern_violations,Regex pattern validation failed for column EMAIL,EMAIL,5861,Neha,Rao,invalid@,9876504860,,1980-08-19,Hyderabad,579900
pattern_violations,Regex pattern validation failed for column EMAIL,EMAIL,5901,Anjali,Kumar,invalid@,,Other,1971-05-05,Pune,73295
pattern_violations,Regex pattern validation failed for column EMAIL,EMAIL,5941,Vijay,Gupta,invalid@,9876504940,Other,1997-01-14,Delhi,94625
pattern_violations,Regex pattern validation failed for column EMAIL,EMAIL,5981,Amit,Verma,invalid@,9876504980,,2011-12-06,Pune,749983
pattern_violations,Regex pattern validation failed for column EMAIL,EMAIL,6021,Priya,Joshi,invalid@,9876505020,Other,2011-05-11,Delhi,56762
pattern_violations,Regex pattern validation failed for column EMAIL,EMAIL,6061,Neha,Reddy,invalid@,9876505060,Other,2011-04-20,Ahmedabad,59615
pattern_violations,Regex pattern validation failed for column EMAIL,EMAIL,6101,Priya,Singh,invalid@,,Male,2019-03-27,Ahmedabad,931532
pattern_violations,Regex pattern validation failed for column EMAIL,EMAIL,6141,Neha,Verma,invalid@,9876505140,,1988-09-20,Pune,62928
pattern_violations,Regex pattern validation failed for column EMAIL,EMAIL,6181,Rakesh,Sharma,invalid@,9876505180,,2015-05-09,Delhi,80616
pattern_violations,Regex pattern validation failed for column EMAIL,EMAIL,6221,Kavya,Sharma,invalid@,9876505220,,1981-10-29,Chennai,668882
pattern_violations,Regex pattern validation failed for column EMAIL,EMAIL,6261,Anjali,Mehta,invalid@,9876505260,Other,1976-01-09,Ahmedabad,75632
pattern_violations,Regex pattern validation failed for column EMAIL,EMAIL,6301,Amit,Patel,invalid@,,,1974-11-18,Bangalore,54583
pattern_violations,Regex pattern validation failed for column EMAIL,EMAIL,6341,Arjun,Gupta,invalid@,9876505340,,2002-04-19,Delhi,690820
pattern_violations,Regex pattern validation failed for column EMAIL,EMAIL,6381,Anjali,Gupta,invalid@,9876505380,Male,2018-11-16,Kolkata,113241
pattern_violations,Regex pattern validation failed for column EMAIL,EMAIL,6421,Neha,Kumar,invalid@,9876505420,Male,1981-06-10,Hyderabad,69304
pattern_violations,Regex pattern validation failed for column EMAIL,EMAIL,6461,Sneha,Singh,invalid@,9876505460,Other,2006-04-04,Kolkata,826399
pattern_violations,Regex pattern validation failed for column EMAIL,EMAIL,6501,Kavya,Joshi,invalid@,,Other,2012-04-17,Kolkata,44367
pattern_violations,Regex pattern validation failed for column EMAIL,EMAIL,6541,Sameer,Gupta,invalid@,9876505540,,2014-10-10,Delhi,74158
pattern_violations,Regex pattern validation failed for column EMAIL,EMAIL,6581,Kavya,Mehta,invalid@,9876505580,,2006-05-28,Kolkata,504129
pattern_violations,Regex pattern validation failed for column EMAIL,EMAIL,6621,Kavya,Patel,invalid@,9876505620,Other,2005-03-08,Ahmedabad,76770
pattern_violations,Regex pattern validation failed for column EMAIL,EMAIL,6661,Anjali,Verma,invalid@,9876505660,,1971-08-21,Hyderabad,56005
pattern_violations,Regex pattern validation failed for column EMAIL,EMAIL,6701,Sneha,Verma,invalid@,,,2007-03-03,Mumbai,454068
pattern_violations,Regex pattern validation failed for column EMAIL,EMAIL,6741,Priya,Rao,invalid@,9876505740,Other,1995-03-11,Kolkata,38499
pattern_violations,Regex pattern validation failed for column EMAIL,EMAIL,6781,Anjali,Reddy,invalid@,9876505780,Male,2001-04-04,Delhi,46764
pattern_violations,Regex pattern validation failed for column EMAIL,EMAIL,6821,Sameer,Kumar,invalid@,9876505820,,2005-11-17,Hyderabad,609246
pattern_violations,Regex pattern validation failed for column EMAIL,EMAIL,6861,Rakesh,Sharma,invalid@,9876505860,Other,2014-07-11,Pune,63285
pattern_violations,Regex pattern validation failed for column EMAIL,EMAIL,6901,Priya,Patel,invalid@,,,1980-03-10,Bangalore,92574
pattern_violations,Regex pattern validation failed for column EMAIL,EMAIL,6941,Kavya,Gupta,invalid@,9876505940,Other,1994-11-03,Hyderabad,513092
pattern_violations,Regex pattern validation failed for column EMAIL,EMAIL,6981,Sameer,Kumar,invalid@,9876505980,Female,2005-12-25,Chennai,70494
pattern_violations,Regex pattern validation failed for column EMAIL,EMAIL,7021,Anjali,Kumar,invalid@,9876506020,,2011-11-09,Hyderabad,78877
pattern_violations,Regex pattern validation failed for column EMAIL,EMAIL,7061,Amit,Verma,invalid@,9876506060,,1998-11-06,Ahmedabad,787788
pattern_violations,Regex pattern validation failed for column EMAIL,EMAIL,7101,Kavya,Patel,invalid@,,,2002-11-06,Chennai,51996
pattern_violations,Regex pattern validation failed for column EMAIL,EMAIL,7141,Sneha,Gupta,invalid@,9876506140,Male,1982-02-10,Bangalore,60323
pattern_violations,Regex pattern validation failed for column EMAIL,EMAIL,7181,Amit,Reddy,invalid@,9876506180,Male,1973-12-13,Kolkata,550026
pattern_violations,Regex pattern validation failed for column EMAIL,EMAIL,7221,Kavya,Verma,invalid@,9876506220,Other,1989-02-18,Kolkata,49435
pattern_violations,Regex pattern validation failed for column EMAIL,EMAIL,7261,Rakesh,Gupta,invalid@,9876506260,,2002-06-16,Kolkata,79241
pattern_violations,Regex pattern validation failed for column EMAIL,EMAIL,7301,Neha,Singh,invalid@,,,1981-04-06,Chennai,600220
pattern_violations,Regex pattern validation failed for column EMAIL,EMAIL,7341,Priya,Mehta,invalid@,9876506340,Female,1977-03-16,Delhi,83882
pattern_violations,Regex pattern validation failed for column EMAIL,EMAIL,7381,Amit,Gupta,invalid@,9876506380,,1975-03-21,Delhi,67692
pattern_violations,Regex pattern validation failed for column EMAIL,EMAIL,7421,Sneha,Rao,invalid@,9876506420,,1993-07-20,Mumbai,540628
pattern_violations,Regex pattern validation failed for column EMAIL,EMAIL,7461,Sameer,Verma,invalid@,9876506460,Other,2005-12-01,Bangalore,47102
pattern_violations,Regex pattern validation failed for column EMAIL,EMAIL,7501,Amit,Sharma,invalid@,,Male,1991-05-09,Hyderabad,93438
pattern_violations,Regex pattern validation failed for column EMAIL,EMAIL,7541,Anjali,Joshi,invalid@,9876506540,,2016-12-08,Ahmedabad,337991
pattern_violations,Regex pattern validation failed for column EMAIL,EMAIL,7581,Kavya,Gupta,invalid@,9876506580,Female,2011-12-19,Bangalore,87271
pattern_violations,Regex pattern validation failed for column EMAIL,EMAIL,7621,Anjali,Singh,invalid@,9876506620,Male,2050-01-01,Delhi,36572
pattern_violations,Regex pattern validation failed for column EMAIL,EMAIL,7661,Neha,Sharma,invalid@,9876506660,Other,1977-12-31,Hyderabad,712960
pattern_violations,Regex pattern validation failed for column EMAIL,EMAIL,7701,Sneha,Rao,invalid@,,,1996-04-18,Kolkata,52149
pattern_violations,Regex pattern validation failed for column EMAIL,EMAIL,7741,Sameer,Sharma,invalid@,9876506740,Female,1984-11-17,Hyderabad,47119
pattern_violations,Regex pattern validation failed for column EMAIL,EMAIL,7781,Kavya,Mehta,invalid@,9876506780,Male,invalid,Bangalore,874927
pattern_violations,Regex pattern validation failed for column EMAIL,EMAIL,7821,Kavya,Patel,invalid@,9876506820,,1986-03-15,Ahmedabad,76630
pattern_violations,Regex pattern validation failed for column EMAIL,EMAIL,7861,Neha,Gupta,invalid@,9876506860,,2009-06-24,Ahmedabad,57092
pattern_violations,Regex pattern validation failed for column EMAIL,EMAIL,7901,Rakesh,Reddy,invalid@,,,1971-07-14,Bangalore,775540
pattern_violations,Regex pattern validation failed for column EMAIL,EMAIL,7941,Priya,Joshi,invalid@,9876506940,Male,1995-09-22,Delhi,10416
pattern_violations,Regex pattern validation failed for column EMAIL,EMAIL,7981,Sneha,Rao,invalid@,9876506980,,1999-07-26,Ahmedabad,77225
pattern_violations,Regex pattern validation failed for column EMAIL,EMAIL,8021,Rakesh,Singh,invalid@,9876507020,Female,1975-08-06,Pune,976822
pattern_violations,Regex pattern validation failed for column EMAIL,EMAIL,8061,Anjali,Patel,invalid@,9876507060,Other,1991-10-09,Kolkata,72218
pattern_violations,Regex pattern validation failed for column EMAIL,EMAIL,8101,Neha,Sharma,invalid@,,Male,2011-10-18,Hyderabad,99703
pattern_violations,Regex pattern validation failed for column EMAIL,EMAIL,8141,Sameer,Verma,invalid@,9876507140,Male,1983-10-12,Pune,623729
pattern_violations,Regex pattern validation failed for column EMAIL,EMAIL,8181,Amit,Mehta,invalid@,9876507180,,2019-02-01,Pune,60690
pattern_violations,Regex pattern validation failed for column EMAIL,EMAIL,8221,Anjali,Singh,invalid@,9876507220,,1990-02-09,Delhi,80545
pattern_violations,Regex pattern validation failed for column EMAIL,EMAIL,8261,Arjun,Rao,invalid@,9876507260,Male,2018-05-29,Mumbai,502209
pattern_violations,Regex pattern validation failed for column EMAIL,EMAIL,8301,Amit,Gupta,invalid@,,Other,2001-09-03,Delhi,51430
pattern_violations,Regex pattern validation failed for column EMAIL,EMAIL,8341,Neha,Mehta,invalid@,9876507340,,2015-01-03,Kolkata,65168
pattern_violations,Regex pattern validation failed for column EMAIL,EMAIL,8381,Anjali,Kumar,invalid@,9876507380,,2011-05-10,Pune,960031
pattern_violations,Regex pattern validation failed for column EMAIL,EMAIL,8421,Amit,Sharma,invalid@,9876507420,,2014-11-29,Mumbai,58603
pattern_violations,Regex pattern validation failed for column EMAIL,EMAIL,8461,Rakesh,Rao,invalid@,9876507460,Female,1977-06-10,Mumbai,80197
pattern_violations,Regex pattern validation failed for column EMAIL,EMAIL,8501,Amit,Patel,invalid@,,Male,1995-12-03,Mumbai,743649
pattern_violations,Regex pattern validation failed for column EMAIL,EMAIL,8541,Neha,Patel,invalid@,9876507540,Other,1997-11-25,Ahmedabad,86871
pattern_violations,Regex pattern validation failed for column EMAIL,EMAIL,8581,Amit,Reddy,invalid@,9876507580,Other,2017-08-31,Delhi,50969
pattern_violations,Regex pattern validation failed for column EMAIL,EMAIL,8621,Rakesh,Reddy,invalid@,9876507620,Male,1984-03-09,Mumbai,485245
pattern_violations,Regex pattern validation failed for column EMAIL,EMAIL,8661,Sneha,Mehta,invalid@,9876507660,Female,1970-09-17,Pune,83627
pattern_violations,Regex pattern validation failed for column EMAIL,EMAIL,8701,Neha,Sharma,invalid@,,,2019-04-03,Kolkata,81247
pattern_violations,Regex pattern validation failed for column EMAIL,EMAIL,8741,Amit,Gupta,invalid@,9876507740,,1991-08-24,Hyderabad,788621
pattern_violations,Regex pattern validation failed for column EMAIL,EMAIL,8781,Sameer,Singh,invalid@,9876507780,,1990-06-28,Hyderabad,50311
pattern_violations,Regex pattern validation failed for column EMAIL,EMAIL,8821,Kavya,Kumar,invalid@,9876507820,Male,1975-02-06,Delhi,37964
pattern_violations,Regex pattern validation failed for column EMAIL,EMAIL,8861,Anjali,Singh,invalid@,9876507860,Male,1976-03-14,Chennai,763404
pattern_violations,Regex pattern validation failed for column EMAIL,EMAIL,8901,Neha,Reddy,invalid@,,Other,2004-07-12,Chennai,65930
pattern_violations,Regex pattern validation failed for column EMAIL,EMAIL,8941,Arjun,Kumar,invalid@,9876507940,,1997-01-20,Bangalore,61002
pattern_violations,Regex pattern validation failed for column EMAIL,EMAIL,8981,Priya,Kumar,invalid@,9876507980,,2001-11-15,Chennai,655604
pattern_violations,Regex pattern validation failed for column EMAIL,EMAIL,9021,Priya,Sharma,invalid@,9876508020,Female,2008-12-18,Delhi,51641
pattern_violations,Regex pattern validation failed for column EMAIL,EMAIL,9061,Amit,Mehta,invalid@,9876508060,,1990-03-11,Mumbai,25484
pattern_violations,Regex pattern validation failed for column EMAIL,EMAIL,9101,Priya,Patel,invalid@,,Other,1986-07-03,Mumbai,827017
pattern_violations,Regex pattern validation failed for column EMAIL,EMAIL,9141,Sneha,Patel,invalid@,9876508140,Male,2006-06-08,Delhi,75223
pattern_violations,Regex pattern validation failed for column EMAIL,EMAIL,9181,Sameer,Sharma,invalid@,9876508180,Other,1999-01-15,Kolkata,55320
pattern_violations,Regex pattern validation failed for column EMAIL,EMAIL,9221,Arjun,Verma,invalid@,9876508220,Female,1977-11-30,Bangalore,524501
pattern_violations,Regex pattern validation failed for column EMAIL,EMAIL,9261,Rakesh,Rao,invalid@,9876508260,Other,2016-06-09,Chennai,71436
pattern_violations,Regex pattern validation failed for column EMAIL,EMAIL,9301,Amit,Patel,invalid@,,,2003-04-16,Pune,82428
pattern_violations,Regex pattern validation failed for column EMAIL,EMAIL,9341,Neha,Reddy,invalid@,9876508340,Female,2009-07-07,Delhi,743352
pattern_violations,Regex pattern validation failed for column EMAIL,EMAIL,9381,Kavya,Rao,invalid@,9876508380,,1997-10-11,Bangalore,38540
pattern_violations,Regex pattern validation failed for column EMAIL,EMAIL,9421,Anjali,Reddy,invalid@,9876508420,Male,2050-01-01,Hyderabad,88420
pattern_violations,Regex pattern validation failed for column EMAIL,EMAIL,9461,Rakesh,Gupta,invalid@,9876508460,,2013-05-12,Kolkata,562196
pattern_violations,Regex pattern validation failed for column EMAIL,EMAIL,9501,Anjali,Rao,invalid@,,Other,1999-11-19,Chennai,89550
pattern_violations,Regex pattern validation failed for column EMAIL,EMAIL,9541,Arjun,Singh,invalid@,9876508540,Other,1995-03-30,Kolkata,65522
pattern_violations,Regex pattern validation failed for column EMAIL,EMAIL,9581,Neha,Rao,invalid@,9876508580,,1991-04-03,Pune,519447
pattern_violations,Regex pattern validation failed for column EMAIL,EMAIL,9621,Sameer,Sharma,invalid@,9876508620,Other,1989-05-02,Pune,77603
pattern_violations,Regex pattern validation failed for column EMAIL,EMAIL,9661,Sneha,Sharma,invalid@,9876508660,Female,1997-05-16,Ahmedabad,64288
pattern_violations,Regex pattern validation failed for column EMAIL,EMAIL,9701,Rakesh,Joshi,invalid@,,Other,1984-07-28,Ahmedabad,576741
pattern_violations,Regex pattern validation failed for column EMAIL,EMAIL,9741,Neha,Reddy,invalid@,9876508740,,1982-05-15,Bangalore,40305
pattern_violations,Regex pattern validation failed for column EMAIL,EMAIL,9781,Neha,Kumar,invalid@,9876508780,Other,1983-01-20,Kolkata,65360
pattern_violations,Regex pattern validation failed for column EMAIL,EMAIL,9821,Arjun,Verma,invalid@,9876508820,Male,2013-11-28,Ahmedabad,925453
pattern_violations,Regex pattern validation failed for column EMAIL,EMAIL,9861,Amit,Joshi,invalid@,9876508860,Other,1989-01-19,Bangalore,41415
pattern_violations,Regex pattern validation failed for column EMAIL,EMAIL,9901,Anjali,Joshi,invalid@,,,2006-08-16,Delhi,67839
pattern_violations,Regex pattern validation failed for column EMAIL,EMAIL,9941,Sneha,Verma,invalid@,9876508940,Other,2015-09-29,Ahmedabad,396224
pattern_violations,Regex pattern validation failed for column EMAIL,EMAIL,9981,Priya,Reddy,invalid@,9876508980,,1989-04-10,Ahmedabad,67521
pattern_violations,Regex pattern validation failed for column EMAIL,EMAIL,10021,Arjun,Gupta,invalid@,9876509020,Other,1978-09-14,Delhi,63599
pattern_violations,Regex pattern validation failed for column EMAIL,EMAIL,10061,Priya,Reddy,invalid@,9876509060,,1996-02-06,Ahmedabad,799736
pattern_violations,Regex pattern validation failed for column EMAIL,EMAIL,10101,Sneha,Joshi,invalid@,,Female,1976-12-23,Chennai,75938
pattern_violations,Regex pattern validation failed for column EMAIL,EMAIL,10141,Arjun,Reddy,invalid@,9876509140,,1997-12-14,Chennai,96530
pattern_violations,Regex pattern validation failed for column EMAIL,EMAIL,10181,Amit,Joshi,invalid@,9876509180,Other,1974-12-14,Kolkata,730861
pattern_violations,Regex pattern validation failed for column EMAIL,EMAIL,10221,Arjun,Kumar,invalid@,9876509220,Other,2017-08-20,Pune,91870
pattern_violations,Regex pattern validation failed for column EMAIL,EMAIL,10261,Priya,Sharma,invalid@,9876509260,Male,2009-12-13,Pune,54143
pattern_violations,Regex pattern validation failed for column EMAIL,EMAIL,10301,Neha,Reddy,invalid@,,,1971-07-08,Kolkata,352358
pattern_violations,Regex pattern validation failed for column EMAIL,EMAIL,10341,Amit,Singh,invalid@,9876509340,Female,1977-11-02,Chennai,75628
pattern_violations,Regex pattern validation failed for column EMAIL,EMAIL,10381,Sneha,Gupta,invalid@,9876509380,Female,2003-05-13,Pune,65861
pattern_violations,Regex pattern validation failed for column EMAIL,EMAIL,10421,Arjun,Gupta,invalid@,9876509420,,1989-03-05,Delhi,723073
pattern_violations,Regex pattern validation failed for column EMAIL,EMAIL,10461,Arjun,Verma,invalid@,9876509460,Male,2011-05-02,Pune,64622
pattern_violations,Regex pattern validation failed for column EMAIL,EMAIL,10501,Rakesh,Verma,invalid@,,Male,1994-02-25,Mumbai,68637
pattern_violations,Regex pattern validation failed for column EMAIL,EMAIL,10541,Priya,Mehta,invalid@,9876509540,Female,2005-02-01,Kolkata,1000000
pattern_violations,Regex pattern validation failed for column EMAIL,EMAIL,10581,Vijay,Patel,invalid@,9876509580,Other,2011-01-17,Kolkata,62173
pattern_violations,Regex pattern validation failed for column EMAIL,EMAIL,10621,Vijay,Gupta,invalid@,9876509620,Male,1973-12-29,Bangalore,78523
pattern_violations,Regex pattern validation failed for column EMAIL,EMAIL,10661,Vijay,Rao,invalid@,9876509660,,1994-06-05,Hyderabad,1000000
pattern_violations,Regex pattern validation failed for column EMAIL,EMAIL,10701,Sneha,Patel,invalid@,,,2009-10-08,Bangalore,71726
pattern_violations,Regex pattern validation failed for column EMAIL,EMAIL,10741,Anjali,Rao,invalid@,9876509740,Female,1988-01-04,Hyderabad,66777
pattern_violations,Regex pattern validation failed for column EMAIL,EMAIL,10781,Priya,Mehta,invalid@,9876509780,,2018-06-10,Mumbai,915402
pattern_violations,Regex pattern validation failed for column EMAIL,EMAIL,10821,Kavya,Rao,invalid@,9876509820,,2007-09-21,Kolkata,68856
pattern_violations,Regex pattern validation failed for column EMAIL,EMAIL,10861,Kavya,Mehta,invalid@,9876509860,,2002-12-06,Delhi,83583
pattern_violations,Regex pattern validation failed for column EMAIL,EMAIL,10901,Kavya,Kumar,invalid@,,Other,1994-12-09,Kolkata,559190
pattern_violations,Regex pattern validation failed for column EMAIL,EMAIL,10941,Amit,Mehta,invalid@,9876509940,Other,2001-07-18,Pune,86199
pattern_violations,Regex pattern validation failed for column EMAIL,EMAIL,10981,Anjali,Mehta,invalid@,9876509980,Male,1982-06-05,Hyderabad,48265
