count,mean,std,min,25%,50%,75%,max,column_name
10.0,105.5,3.0276503540974917,101.0,103.25,105.5,107.75,110.0,EMP_ID
10.0,70500.0,14856.723132044368,47000.0,59750.0,71500.0,81250.0,91000.0,SALARY
