count,mean,std,min,25%,50%,75%,max,column_name
5.0,3003.0,1.5811388300841898,3001.0,3002.0,3003.0,3004.0,3005.0,CUSTOMER_ID
5.0,9876500003.0,1.5811388300841898,9876500001.0,9876500002.0,9876500003.0,9876500004.0,9876500005.0,PHONE
5.0,1009393920000000.0,533406084654789.06,689817600000000.0,734572800000000.0,808963200000000.0,857088000000000.0,1956528000000000.0,DOB
5.0,53200.0,24712.34509309062,10000.0,58000.0,61000.0,65000.0,72000.0,SALARY
