customer_id,first_name,last_name,email,phone,gender,dob,city,salary
1001,Amit,Patel,,,,2017-03-17,Ahmedabad,520375
1002,Neha,Verma,user1@example.com,9876500001,,2000-08-12,Mumbai,107945
1003,Sneha,Patel,user2@example.com,9876500002,,2002-07-30,Chennai,17031
1004,Rakesh,Reddy,user3@example.com,9876500003,,1974-09-09,Bangalore,48175
1005,Amit,Singh,user4@example.com,9876500004,,2016-04-08,Kolkata,38245
1006,Anjali,Mehta,user5@example.com,9876500005,,1990-02-20,Delhi,99457
1007,Sameer,Gupta,user6@example.com,9876500006,Other,1998-12-25,Pune,62380
1008,Amit,Gupta,user7@example.com,9876500007,Male,2018-08-16,Ahmedabad,46106
1009,Sneha,Verma,user8@example.com,9876500008,,1980-01-18,Bangalore,52888
1010,Rakesh,Gupta,user9@example.com,9876500009,Male,2009-05-18,Chennai,34502
1011,Neha,Reddy,user10@example.com,9876500010,Other,2012-04-06,Mumbai,77548
1012,Sneha,Kumar,user11@example.com,9876500011,Female,1978-12-07,Delhi,79560
1013,Sneha,Verma,user12@example.com,9876500012,Female,1982-09-13,Chennai,71070
1014,Sameer,Patel,user13@example.com,9876500013,Female,1977-11-06,Pune,50681
1015,Priya,Sharma,user14@example.com,9876500014,,1995-05-01,Mumbai,95522
1016,Rakesh,Joshi,user15@example.com,9876500015,Female,1994-07-02,Kolkata,-1000
1017,Kavya,Reddy,user16@example.com,9876500016,,1970-07-07,Mumbai,30107
1018,Sneha,Patel,user17@example.com,9876500017,,1998-12-13,Pune,61123
1019,Priya,Kumar,user18@example.com,9876500018,Male,1990-04-14,Kolkata,41863
1020,Kavya,Sharma,user19@example.com,9876500019,Female,2015-09-01,Mumbai,94438
1021,Rakesh,Gupta,invalid@,9876500020,,1979-09-04,Hyderabad,56031
1022,Arjun,Kumar,user21@example.com,9876500021,Female,2050-01-01,Kolkata,37415
1023,Anjali,Verma,user22@example.com,9876500022,Female,1981-01-25,Kolkata,62076
1024,Priya,Rao,user23@example.com,9876500023,Female,1991-03-05,Delhi,96796
1025,Vijay,Rao,user24@example.com,9876500024,,2010-03-08,Delhi,82289
1026,Arjun,Gupta,user25@example.com,123,,1986-06-11,Hyderabad,54573
1027,Anjali,Rao,user26@example.com,9876500026,,1986-01-27,Kolkata,61519
1028,Sameer,Rao,user27@example.com,9876500027,,1980-09-09,Mumbai,84899
1029,Amit,Patel,user28@example.com,9876500028,,2012-05-07,Bangalore,92893
1030,Neha,Patel,user29@example.com,9876500029,Male,2002-10-13,Hyderabad,33985
1031,Vijay,Joshi,user30@example.com,9876500030,,2008-11-25,Mumbai,680719
1032,Sameer,Singh,user31@example.com,9876500031,Female,1976-03-11,Bangalore,57902
1033,Rakesh,Gupta,user32@example.com,9876500032,Other,2005-09-19,Mumbai,55248
1034,Sameer,Rao,user33@example.com,9876500033,Other,2018-09-30,Chennai,91840
1035,Amit,Joshi,user34@example.com,9876500034,Female,2009-09-21,Ahmedabad,37900
1036,Rakesh,Gupta,user35@example.com,9876500035,,2016-03-02,Delhi,81100
1037,Vijay,Rao,user36@example.com,9876500036,Female,1988-01-04,Mumbai,19358
1038,Amit,Reddy,user37@example.com,9876500037,,1988-07-30,Delhi,50497
1039,Kavya,Mehta,user38@example.com,9876500038,,1994-04-29,Pune,65675
1040,Neha,Reddy,user39@example.com,9876500039,Female,1978-04-27,Ahmedabad,38775
1041,Vijay,Sharma,,9876500040,,1970-07-13,Bangalore,109075
1042,Kavya,Gupta,user41@example.com,9876500041,,2015-01-07,Hyderabad,50654
1043,Anjali,Singh,user42@example.com,9876500042,,2002-04-24,Pune,49046
1044,Vijay,Sharma,user43@example.com,9876500043,Male,2050-01-01,Ahmedabad,51128
1045,Anjali,Joshi,user44@example.com,9876500044,Male,2005-04-06,Pune,76672
1046,Rakesh,Joshi,user45@example.com,9876500045,,2003-07-12,Delhi,-1000
1047,Kavya,Rao,user46@example.com,9876500046,Male,2007-04-30,Chennai,56235
1048,Neha,Sharma,user47@example.com,9876500047,,2000-11-16,Ahmedabad,71333
1049,Amit,Rao,user48@example.com,9876500048,Male,1990-11-15,Pune,72889
1050,Sneha,Gupta,user49@example.com,9876500049,,1970-08-09,Bangalore,36174
1051,Sameer,Joshi,user50@example.com,,,1972-05-25,Ahmedabad,62618
1052,Arjun,Mehta,user51@example.com,9876500051,,2001-11-28,Ahmedabad,52388
1053,Neha,Joshi,user52@example.com,9876500052,,1973-04-11,Pune,33867
1054,Kavya,Patel,user53@example.com,9876500053,Other,2015-10-11,Chennai,69264
1055,Sneha,Kumar,user54@example.com,9876500054,Male,1993-01-16,Hyderabad,85296
1056,Neha,Singh,user55@example.com,9876500055,,invalid,Kolkata,65877
1057,Kavya,Sharma,user56@example.com,9876500056,Female,1973-06-01,Kolkata,13566
1058,Priya,Rao,user57@example.com,9876500057,,2006-04-12,Kolkata,55861
1059,Priya,Kumar,user58@example.com,9876500058,Female,1989-06-21,Kolkata,47128
1060,Anjali,Kumar,user59@example.com,9876500059,Female,1975-03-02,Mumbai,100594
1061,Neha,Reddy,invalid@,9876500060,Other,1970-11-07,Bangalore,582170
1062,Priya,Verma,user61@example.com,9876500061,Male,1999-06-18,Bangalore,32723
1063,Kavya,Reddy,user62@example.com,9876500062,Other,2019-04-02,Kolkata,64083
1064,Anjali,Reddy,user63@example.com,9876500063,Male,1979-09-17,Pune,77709
1065,Kavya,Singh,user64@example.com,9876500064,,1984-08-26,Chennai,66978
1066,Anjali,Patel,user65@example.com,9876500065,Other,2017-08-03,Delhi,48946
1067,Neha,Joshi,user66@example.com,9876500066,,1971-05-12,Delhi,55826
1068,Sneha,Reddy,user67@example.com,9876500067,Male,2017-06-30,Kolkata,80310
1069,Amit,Gupta,user68@example.com,9876500068,Other,1997-12-01,Hyderabad,67023
1070,Vijay,Joshi,user69@example.com,9876500069,,1973-04-13,Mumbai,105502
1071,Sneha,Patel,user70@example.com,9876500070,Female,1998-11-07,Hyderabad,66961
1072,Rakesh,Rao,user71@example.com,9876500071,,invalid,Mumbai,34439
1073,Kavya,Verma,user72@example.com,9876500072,,1985-01-06,Pune,61006
1074,Rakesh,Joshi,user73@example.com,9876500073,Female,2006-09-06,Chennai,53733
1075,Sneha,Sharma,user74@example.com,9876500074,Other,1971-07-31,Delhi,33952
1076,Anjali,Singh,user75@example.com,123,Female,1970-02-23,Bangalore,-1000
1077,Vijay,Kumar,user76@example.com,9876500076,,2013-10-11,Chennai,56637
1078,Vijay,Rao,user77@example.com,9876500077,Male,2001-10-29,Delhi,67988
1079,Arjun,Patel,user78@example.com,9876500078,Other,2013-05-10,Chennai,101602
1080,Vijay,Reddy,user79@example.com,9876500079,Male,1970-08-17,Pune,62413
1081,Amit,Gupta,,9876500080,Female,2014-04-30,Delhi,85490
1082,Vijay,Gupta,user81@example.com,9876500081,,2002-12-01,Ahmedabad,61167
1083,Sneha,Verma,user82@example.com,9876500082,Male,1972-09-11,Kolkata,73308
1084,Arjun,Patel,user83@example.com,9876500083,Male,2050-01-01,Pune,67395
1085,Sneha,Rao,user84@example.com,9876500084,,1997-06-29,Ahmedabad,70348
1086,Sneha,Sharma,user85@example.com,9876500085,Male,1971-06-16,Hyderabad,62368
1087,Sameer,Kumar,user86@example.com,9876500086,Male,2007-07-17,Chennai,94007
1088,Arjun,Reddy,user87@example.com,9876500087,,2000-09-27,Pune,77638
1089,Sneha,Singh,user88@example.com,9876500088,,1991-12-25,Hyderabad,67313
1090,Sameer,Mehta,user89@example.com,9876500089,Female,2016-05-24,Bangalore,83171
1091,Sameer,Mehta,user90@example.com,9876500090,Female,1970-03-31,Pune,675712
1092,Arjun,Reddy,user91@example.com,9876500091,Male,1985-09-14,Pune,87333
1093,Rakesh,Rao,user92@example.com,9876500092,Other,1978-08-12,Kolkata,41405
1094,Anjali,Reddy,user93@example.com,9876500093,Female,1973-07-16,Pune,107632
1095,Amit,Patel,user94@example.com,9876500094,Female,1990-09-12,Pune,68446
1096,Anjali,Mehta,user95@example.com,9876500095,Other,1980-05-09,Mumbai,42175
1097,Vijay,Verma,user96@example.com,9876500096,Other,1976-07-19,Ahmedabad,79980
1098,Amit,Patel,user97@example.com,9876500097,,2018-03-12,Pune,90872
1099,Vijay,Mehta,user98@example.com,9876500098,Female,2006-02-25,Pune,44502
1100,Sneha,Sharma,user99@example.com,9876500099,,1976-03-02,Chennai,55563
1101,Kavya,Kumar,invalid@,,,1980-08-27,Mumbai,85298
1102,Arjun,Gupta,user101@example.com,9876500101,Male,1997-01-05,Delhi,76291
1103,Amit,Patel,user102@example.com,9876500102,Female,2016-12-24,Hyderabad,56198
1104,Amit,Gupta,user103@example.com,9876500103,,1984-04-26,Chennai,60016
1105,Sneha,Gupta,user104@example.com,9876500104,Female,1990-09-06,Chennai,39990
1106,Rakesh,Mehta,user105@example.com,9876500105,Female,1970-03-05,Kolkata,-1000
1107,Sameer,Patel,user106@example.com,9876500106,,1974-11-23,Kolkata,31542
1108,Sneha,Kumar,user107@example.com,9876500107,Female,2002-12-21,Hyderabad,58032
1109,Priya,Sharma,user108@example.com,9876500108,Other,1992-02-04,Mumbai,78552
1110,Sameer,Joshi,user109@example.com,9876500109,Male,2002-02-08,Hyderabad,59670
1111,Arjun,Verma,user110@example.com,9876500110,,1980-09-20,Mumbai,87331
1112,Sameer,Gupta,user111@example.com,9876500111,,2010-02-15,Kolkata,52081
1113,Rakesh,Kumar,user112@example.com,9876500112,,2004-08-14,Mumbai,35179
1114,Sameer,Singh,user113@example.com,9876500113,Male,1970-04-03,Chennai,88096
1115,Arjun,Singh,user114@example.com,9876500114,Other,1999-12-09,Chennai,72344
1116,Rakesh,Joshi,user115@example.com,9876500115,Other,1974-08-05,Kolkata,89548
1117,Anjali,Joshi,user116@example.com,9876500116,Other,1980-07-31,Pune,58267
1118,Amit,Joshi,user117@example.com,9876500117,Other,2018-09-11,Mumbai,96809
1119,Amit,Verma,user118@example.com,9876500118,,2019-04-04,Hyderabad,43466
1120,Vijay,Verma,user119@example.com,9876500119,,2003-04-06,Mumbai,59254
1121,Anjali,Sharma,,9876500120,Female,2000-11-02,Kolkata,731533
1122,Anjali,Gupta,user121@example.com,9876500121,Female,2017-04-25,Chennai,55616
1123,Sameer,Rao,user122@example.com,9876500122,Male,2011-05-19,Chennai,69550
1124,Amit,Singh,user123@example.com,9876500123,Female,1982-07-24,Mumbai,89954
1125,Arjun,Mehta,user124@example.com,9876500124,Male,2019-01-20,Pune,72533
1126,Neha,Mehta,user125@example.com,123,Male,1997-11-04,Bangalore,61432
1127,Neha,Joshi,user126@example.com,9876500126,Male,1974-12-04,Bangalore,89526
1128,Rakesh,Reddy,user127@example.com,9876500127,Other,2007-09-26,Hyderabad,75249
1129,Amit,Singh,user128@example.com,9876500128,,2018-07-23,Delhi,64840
1130,Amit,Rao,user129@example.com,9876500129,,2006-09-17,Pune,63402
1131,Neha,Rao,user130@example.com,9876500130,,1997-06-18,Chennai,57646
1132,Amit,Mehta,user131@example.com,9876500131,Male,1999-06-10,Mumbai,81861
1133,Sameer,Reddy,user132@example.com,9876500132,Other,1989-04-22,Kolkata,82612
1134,Priya,Rao,user133@example.com,9876500133,Female,1996-12-25,Mumbai,90306
1135,Kavya,Singh,user134@example.com,9876500134,Female,1998-12-29,Hyderabad,73604
1136,Anjali,Gupta,user135@example.com,9876500135,,2001-03-14,Hyderabad,-1000
1137,Vijay,Kumar,user136@example.com,9876500136,,2005-02-19,Mumbai,71615
1138,Rakesh,Reddy,user137@example.com,9876500137,Male,1971-08-22,Hyderabad,53753
1139,Priya,Rao,user138@example.com,9876500138,Male,2009-05-03,Hyderabad,68241
1140,Neha,Reddy,user139@example.com,9876500139,Female,2015-07-26,Hyderabad,93196
1141,Anjali,Reddy,invalid@,9876500140,Female,1991-11-30,Bangalore,88625
1142,Amit,Gupta,user141@example.com,9876500141,Female,1997-08-24,Kolkata,83106
1143,Vijay,Singh,user142@example.com,9876500142,Female,2006-02-28,Chennai,64547
1144,Amit,Mehta,user143@example.com,9876500143,,2002-05-17,Kolkata,82918
1145,Arjun,Gupta,user144@example.com,9876500144,Male,1972-03-08,Mumbai,52185
1146,Arjun,Rao,user145@example.com,9876500145,Male,1999-04-14,Mumbai,35764
1147,Vijay,Joshi,user146@example.com,9876500146,Female,1985-08-23,Bangalore,70437
1148,Vijay,Gupta,user147@example.com,9876500147,Other,1990-01-07,Mumbai,57492
1149,Neha,Joshi,user148@example.com,9876500148,Female,1986-03-09,Hyderabad,100683
1150,Vijay,Patel,user149@example.com,9876500149,,1980-10-29,Kolkata,97647
1151,Sameer,Mehta,user150@example.com,,Other,1996-11-19,Delhi,512206
1152,Amit,Singh,user151@example.com,9876500151,,1981-10-22,Chennai,78893
1153,Priya,Kumar,user152@example.com,9876500152,Other,1994-08-03,Kolkata,25508
1154,Sneha,Reddy,user153@example.com,9876500153,,2013-05-03,Ahmedabad,71786
1155,Vijay,Joshi,user154@example.com,9876500154,Female,2008-03-14,Kolkata,71277
1156,Rakesh,Kumar,user155@example.com,9876500155,Female,1989-06-12,Kolkata,45139
1157,Arjun,Kumar,user156@example.com,9876500156,Other,2050-01-01,Delhi,68302
1158,Sameer,Joshi,user157@example.com,9876500157,,2012-03-28,Hyderabad,46433
1159,Anjali,Kumar,user158@example.com,9876500158,,1973-12-18,Pune,82038
1160,Sneha,Reddy,user159@example.com,9876500159,Other,2016-04-07,Kolkata,68724
1161,Priya,Sharma,,9876500160,Other,2004-08-21,Delhi,94855
1162,Sneha,Patel,user161@example.com,9876500161,Male,2011-05-18,Delhi,34382
1163,Vijay,Joshi,user162@example.com,9876500162,Other,1975-05-06,Kolkata,47638
1164,Neha,Reddy,user163@example.com,9876500163,,2007-11-10,Kolkata,55299
1165,Arjun,Mehta,user164@example.com,9876500164,Female,1994-07-19,Bangalore,74809
1166,Arjun,Joshi,user165@example.com,9876500165,,1970-11-25,Pune,-1000
1167,Anjali,Reddy,user166@example.com,9876500166,Male,1994-08-08,Kolkata,73503
1168,Neha,Reddy,user167@example.com,9876500167,,2005-04-11,Chennai,52017
1169,Amit,Gupta,user168@example.com,9876500168,Female,1986-05-10,Kolkata,26940
1170,Kavya,Sharma,user169@example.com,9876500169,Other,2018-09-20,Chennai,49801
1171,Sameer,Joshi,user170@example.com,9876500170,,1991-02-14,Delhi,93163
1172,Arjun,Singh,user171@example.com,9876500171,Male,1973-02-11,Ahmedabad,52592
1173,Rakesh,Reddy,user172@example.com,9876500172,,2019-02-25,Delhi,68543
1174,Arjun,Patel,user173@example.com,9876500173,,1982-03-31,Mumbai,66218
1175,Sneha,Gupta,user174@example.com,9876500174,,1978-12-19,Bangalore,68673
1176,Arjun,Reddy,user175@example.com,123,,1978-12-18,Mumbai,38294
1177,Arjun,Joshi,user176@example.com,9876500176,Female,2011-06-26,Hyderabad,81360
1178,Kavya,Rao,user177@example.com,9876500177,,1997-10-21,Pune,63012
1179,Kavya,Reddy,user178@example.com,9876500178,,1984-09-06,Pune,111205
1180,Priya,Verma,user179@example.com,9876500179,Female,1982-09-11,Bangalore,57541
1181,Amit,Rao,invalid@,9876500180,,1984-08-21,Delhi,845424
1182,Rakesh,Reddy,user181@example.com,9876500181,Female,2018-03-30,Pune,57241
1183,Arjun,Kumar,user182@example.com,9876500182,Other,1999-12-13,Ahmedabad,103384
1184,Arjun,Reddy,user183@example.com,9876500183,Female,1981-07-10,Kolkata,79614
1185,Sameer,Mehta,user184@example.com,9876500184,,1982-03-27,Bangalore,39294
1186,Kavya,Kumar,user185@example.com,9876500185,Other,1976-06-04,Mumbai,93141
1187,Rakesh,Joshi,user186@example.com,9876500186,Other,2008-04-15,Ahmedabad,80504
1188,Anjali,Patel,user187@example.com,9876500187,Male,1972-11-08,Kolkata,55655
1189,Priya,Rao,user188@example.com,9876500188,,2005-10-07,Kolkata,32736
1190,Amit,Singh,user189@example.com,9876500189,Other,1992-06-13,Chennai,88959
1191,Neha,Gupta,user190@example.com,9876500190,Other,1980-03-20,Bangalore,99552
1192,Amit,Patel,user191@example.com,9876500191,,1996-09-26,Ahmedabad,87382
1193,Sneha,Kumar,user192@example.com,9876500192,Other,1989-12-29,Kolkata,82393
1194,Arjun,Gupta,user193@example.com,9876500193,,2016-02-13,Bangalore,76152
1195,Priya,Rao,user194@example.com,9876500194,,2014-08-12,Mumbai,86181
1196,Sneha,Singh,user195@example.com,9876500195,Male,1976-04-21,Delhi,-1000
1197,Rakesh,Verma,user196@example.com,9876500196,Male,1996-02-17,Bangalore,28707
1198,Neha,Verma,user197@example.com,9876500197,,1970-12-28,Pune,80181
1199,Kavya,Singh,user198@example.com,9876500198,,1985-01-15,Hyderabad,72851
1200,Priya,Gupta,user199@example.com,9876500199,Female,2017-01-05,Mumbai,36928
1201,Priya,Joshi,,,Other,2015-06-06,Mumbai,21143
1202,Arjun,Gupta,user201@example.com,9876500201,Other,1993-02-27,Ahmedabad,66627
1203,Vijay,Reddy,user202@example.com,9876500202,Other,1983-12-11,Pune,61891
1204,Priya,Gupta,user203@example.com,9876500203,,2016-05-16,Ahmedabad,60199
1205,Sameer,Joshi,user204@example.com,9876500204,Female,1991-12-22,Hyderabad,76591
1206,Neha,Patel,user205@example.com,9876500205,Other,2007-10-31,Chennai,50097
1207,Neha,Rao,user206@example.com,9876500206,,1996-10-10,Mumbai,78745
1208,Sameer,Gupta,user207@example.com,9876500207,,1982-05-14,Bangalore,78890
1209,Anjali,Rao,user208@example.com,9876500208,Male,1987-08-31,Chennai,11788
1210,Sameer,Kumar,user209@example.com,9876500209,,2009-10-13,Pune,63626
1211,Sameer,Verma,user210@example.com,9876500210,,1995-06-29,Mumbai,690024
1212,Neha,Verma,user211@example.com,9876500211,,1974-02-22,Kolkata,79961
1213,Amit,Joshi,user212@example.com,9876500212,,2006-07-07,Pune,75979
1214,Neha,Kumar,user213@example.com,9876500213,,2001-09-30,Chennai,29981
1215,Vijay,Verma,user214@example.com,9876500214,Male,1988-06-24,Bangalore,66913
1216,Arjun,Joshi,user215@example.com,9876500215,Male,1989-03-07,Delhi,59810
1217,Sneha,Gupta,user216@example.com,9876500216,,1982-02-25,Ahmedabad,86497
1218,Amit,Kumar,user217@example.com,9876500217,Male,2005-04-07,Kolkata,41027
1219,Kavya,Reddy,user218@example.com,9876500218,Male,2003-07-23,Ahmedabad,64948
1220,Sneha,Reddy,user219@example.com,9876500219,Other,1997-11-11,Hyderabad,82426
1221,Arjun,Reddy,invalid@,9876500220,,2014-10-16,Hyderabad,80208
1222,Vijay,Patel,user221@example.com,9876500221,,2009-06-17,Chennai,61912
1223,Vijay,Reddy,user222@example.com,9876500222,,2009-02-12,Mumbai,88595
1224,Kavya,Kumar,user223@example.com,9876500223,Male,2018-02-27,Mumbai,50378
1225,Amit,Mehta,user224@example.com,9876500224,Male,2005-09-18,Bangalore,79643
1226,Anjali,Verma,user225@example.com,123,,1976-09-01,Hyderabad,-1000
1227,Sameer,Reddy,user226@example.com,9876500226,Female,2000-07-28,Mumbai,37636
1228,Amit,Kumar,user227@example.com,9876500227,Female,1978-06-26,Mumbai,91057
1229,Anjali,Sharma,user228@example.com,9876500228,Female,1979-04-10,Mumbai,32028
1230,Vijay,Gupta,user229@example.com,9876500229,Other,1984-11-23,Pune,72474
1231,Neha,Patel,user230@example.com,9876500230,Male,2004-11-13,Pune,55623
1232,Arjun,Rao,user231@example.com,9876500231,,1997-05-27,Hyderabad,85246
1233,Kavya,Joshi,user232@example.com,9876500232,,1987-08-16,Delhi,71595
1234,Arjun,Sharma,user233@example.com,9876500233,Female,1990-04-09,Hyderabad,100818
1235,Rakesh,Sharma,user234@example.com,9876500234,Other,1999-04-15,Pune,87734
1236,Rakesh,Patel,user235@example.com,9876500235,Other,1978-01-18,Hyderabad,67636
1237,Amit,Joshi,user236@example.com,9876500236,Female,2017-02-25,Kolkata,89100
1238,Vijay,Patel,user237@example.com,9876500237,Female,1978-08-05,Kolkata,62936
1239,Vijay,Reddy,user238@example.com,9876500238,Male,2015-05-04,Ahmedabad,43215
1240,Sameer,Rao,user239@example.com,9876500239,Other,1978-08-29,Kolkata,55851
1241,Sameer,Joshi,,9876500240,,1977-07-15,Chennai,627045
1242,Sameer,Kumar,user241@example.com,9876500241,Female,2005-04-16,Delhi,2843
1243,Neha,Verma,user242@example.com,9876500242,Male,1972-04-17,Mumbai,92673
1244,Sneha,Patel,user243@example.com,9876500243,,2002-12-22,Ahmedabad,63059
1245,Priya,Rao,user244@example.com,9876500244,Other,2013-04-02,Delhi,84280
1246,Sneha,Gupta,user245@example.com,9876500245,Female,2009-05-22,Chennai,68210
1247,Arjun,Mehta,user246@example.com,9876500246,Female,1977-06-26,Delhi,34174
1248,Sneha,Gupta,user247@example.com,9876500247,Male,2002-11-11,Ahmedabad,66588
1249,Neha,Mehta,user248@example.com,9876500248,Male,2009-12-23,Delhi,62603
1250,Arjun,Singh,user249@example.com,9876500249,Other,1984-04-03,Ahmedabad,51286
1251,Sneha,Kumar,user250@example.com,,Female,1977-04-07,Delhi,57194
1252,Neha,Singh,user251@example.com,9876500251,Male,1979-01-24,Delhi,65530
1253,Priya,Patel,user252@example.com,9876500252,Female,2050-01-01,Kolkata,15914
1254,Sneha,Patel,user253@example.com,9876500253,Other,1984-03-19,Delhi,72201
1255,Neha,Mehta,user254@example.com,9876500254,Female,2015-11-18,Ahmedabad,77079
1256,Sameer,Joshi,user255@example.com,9876500255,,1982-10-20,Delhi,-1000
1257,Vijay,Rao,user256@example.com,9876500256,Female,2005-01-21,Hyderabad,59371
1258,Sameer,Reddy,user257@example.com,9876500257,,2014-05-20,Kolkata,104282
1259,Vijay,Sharma,user258@example.com,9876500258,,1973-06-15,Chennai,75219
1260,Kavya,Patel,user259@example.com,9876500259,Other,1990-11-25,Chennai,56642
1261,Kavya,Singh,invalid@,9876500260,Other,1992-10-04,Pune,40222
1262,Kavya,Singh,user261@example.com,9876500261,Other,1985-02-23,Pune,37701
1263,Priya,Gupta,user262@example.com,9876500262,,1977-11-24,Pune,72997
1264,Sameer,Kumar,user263@example.com,9876500263,,1999-08-06,Pune,79437
1265,Vijay,Mehta,user264@example.com,9876500264,Female,1985-05-25,Hyderabad,67485
1266,Neha,Sharma,user265@example.com,9876500265,Male,2050-01-01,Pune,63868
1267,Arjun,Mehta,user266@example.com,9876500266,,1998-01-08,Chennai,58217
1268,Neha,Patel,user267@example.com,9876500267,,2016-03-14,Mumbai,74852
1269,Arjun,Verma,user268@example.com,9876500268,,2008-09-15,Delhi,49480
1270,Rakesh,Sharma,user269@example.com,9876500269,Female,1978-05-04,Chennai,64608
1271,Neha,Gupta,user270@example.com,9876500270,Female,1971-01-18,Chennai,668517
1272,Sneha,Singh,user271@example.com,9876500271,Other,2017-01-22,Bangalore,76535
1273,Sneha,Gupta,user272@example.com,9876500272,Male,1985-04-17,Mumbai,48634
1274,Amit,Patel,user273@example.com,9876500273,Other,1995-08-27,Ahmedabad,44913
1275,Sameer,Verma,user274@example.com,9876500274,Female,1976-01-27,Kolkata,65995
1276,Arjun,Reddy,user275@example.com,123,,1995-12-23,Mumbai,69140
1277,Arjun,Sharma,user276@example.com,9876500276,Other,2004-10-27,Bangalore,64894
1278,Sameer,Mehta,user277@example.com,9876500277,Female,2011-05-21,Chennai,10724
1279,Priya,Sharma,user278@example.com,9876500278,Female,1971-10-13,Mumbai,71651
1280,Amit,Singh,user279@example.com,9876500279,,1992-05-14,Delhi,116368
1281,Priya,Mehta,,9876500280,,2014-08-30,Pune,83364
1282,Priya,Reddy,user281@example.com,9876500281,,1999-12-18,Delhi,25877
1283,Priya,Reddy,user282@example.com,9876500282,Male,1978-10-04,Mumbai,56892
1284,Sameer,Kumar,user283@example.com,9876500283,Female,2017-06-08,Chennai,61094
1285,Priya,Mehta,user284@example.com,9876500284,,1993-11-28,Chennai,58582
1286,Sneha,Rao,user285@example.com,9876500285,Male,1985-11-23,Bangalore,-1000
1287,Kavya,Verma,user286@example.com,9876500286,,1973-04-17,Ahmedabad,47139
1288,Rakesh,Rao,user287@example.com,9876500287,,2016-08-21,Delhi,83676
1289,Arjun,Reddy,user288@example.com,9876500288,,1978-03-26,Bangalore,79942
1290,Arjun,Mehta,user289@example.com,9876500289,Female,1993-04-15,Ahmedabad,62766
1291,Rakesh,Kumar,user290@example.com,9876500290,Male,1995-09-02,Pune,83961
1292,Sameer,Sharma,user291@example.com,9876500291,Male,2005-11-18,Delhi,51863
1293,Neha,Sharma,user292@example.com,9876500292,,2015-03-11,Chennai,58143
1294,Sameer,Sharma,user293@example.com,9876500293,Other,1988-01-30,Delhi,57706
1295,Arjun,Kumar,user294@example.com,9876500294,,1980-01-31,Chennai,33971
1296,Arjun,Patel,user295@example.com,9876500295,Female,2006-11-08,Chennai,59883
1297,Rakesh,Mehta,user296@example.com,9876500296,,2007-02-15,Pune,97757
1298,Priya,Rao,user297@example.com,9876500297,,1988-10-17,Pune,95571
1299,Sameer,Verma,user298@example.com,9876500298,Male,2008-12-21,Mumbai,67344
1300,Vijay,Reddy,user299@example.com,9876500299,,2002-07-21,Ahmedabad,60625
1301,Rakesh,Verma,invalid@,,,1974-09-26,Bangalore,1003784
1302,Sneha,Reddy,user301@example.com,9876500301,,2002-03-01,Kolkata,60067
1303,Arjun,Mehta,user302@example.com,9876500302,Other,2017-12-02,Kolkata,54630
1304,Rakesh,Mehta,user303@example.com,9876500303,Female,1975-12-09,Pune,84142
1305,Sameer,Gupta,user304@example.com,9876500304,Female,2003-12-27,Mumbai,30777
1306,Arjun,Rao,user305@example.com,9876500305,Male,2010-10-02,Ahmedabad,62780
1307,Neha,Singh,user306@example.com,9876500306,Female,2005-07-09,Hyderabad,63686
1308,Rakesh,Reddy,user307@example.com,9876500307,Other,1990-12-30,Ahmedabad,75306
1309,Amit,Joshi,user308@example.com,9876500308,,2050-01-01,Delhi,53154
1310,Arjun,Singh,user309@example.com,9876500309,Male,2000-12-17,Mumbai,61598
1311,Sameer,Sharma,user310@example.com,9876500310,,2017-09-25,Mumbai,66870
1312,Kavya,Verma,user311@example.com,9876500311,Other,1994-05-11,Delhi,59910
1313,Vijay,Mehta,user312@example.com,9876500312,Male,1988-03-07,Kolkata,61290
1314,Anjali,Joshi,user313@example.com,9876500313,,2008-02-10,Bangalore,81655
1315,Priya,Reddy,user314@example.com,9876500314,Female,1991-01-05,Kolkata,76619
1316,Anjali,Patel,user315@example.com,9876500315,Other,1982-12-05,Pune,-1000
1317,Sameer,Reddy,user316@example.com,9876500316,Male,1972-12-02,Chennai,32129
1318,Sneha,Verma,user317@example.com,9876500317,,1997-10-04,Delhi,73595
1319,Sneha,Reddy,user318@example.com,9876500318,Male,1975-04-03,Pune,48187
1320,Kavya,Reddy,user319@example.com,9876500319,,1995-11-23,Chennai,104829
1321,Priya,Kumar,,9876500320,Other,1999-05-15,Mumbai,64816
1322,Amit,Rao,user321@example.com,9876500321,Male,2009-02-07,Kolkata,61078
1323,Kavya,Singh,user322@example.com,9876500322,Other,2018-06-29,Delhi,95380
1324,Anjali,Patel,user323@example.com,9876500323,Other,1990-05-24,Chennai,89171
1325,Kavya,Mehta,user324@example.com,9876500324,,1973-02-16,Bangalore,60255
1326,Anjali,Reddy,user325@example.com,123,Female,1973-11-16,Pune,41467
1327,Arjun,Patel,user326@example.com,9876500326,,1987-06-15,Kolkata,29727
1328,Sneha,Gupta,user327@example.com,9876500327,Male,1972-01-31,Pune,44051
1329,Arjun,Reddy,user328@example.com,9876500328,Female,1979-12-22,Pune,71420
1330,Vijay,Kumar,user329@example.com,9876500329,,2019-02-09,Mumbai,62046
1331,Priya,Kumar,user330@example.com,9876500330,Female,2017-03-21,Kolkata,462618
1332,Amit,Joshi,user331@example.com,9876500331,Other,1995-08-05,Chennai,57156
1333,Anjali,Sharma,user332@example.com,9876500332,Other,1973-08-21,Pune,99339
1334,Amit,Verma,user333@example.com,9876500333,,2017-09-04,Ahmedabad,87392
1335,Anjali,Singh,user334@example.com,9876500334,Male,2003-01-11,Kolkata,100053
1336,Sameer,Gupta,user335@example.com,9876500335,Male,1978-08-07,Pune,51203
1337,Kavya,Verma,user336@example.com,9876500336,,2017-04-09,Mumbai,81139
1338,Vijay,Verma,user337@example.com,9876500337,,invalid,Delhi,79064
1339,Sneha,Joshi,user338@example.com,9876500338,Male,2008-06-27,Pune,94367
1340,Anjali,Kumar,user339@example.com,9876500339,Other,1979-09-28,Pune,65231
1341,Amit,Rao,invalid@,9876500340,,2006-03-04,Delhi,49344
1342,Vijay,Patel,user341@example.com,9876500341,Female,2009-05-22,Chennai,46964
1343,Neha,Mehta,user342@example.com,9876500342,,1996-11-02,Chennai,64733
1344,Neha,Rao,user343@example.com,9876500343,,1978-08-30,Hyderabad,66547
1345,Arjun,Rao,user344@example.com,9876500344,Male,1982-03-22,Ahmedabad,70453
1346,Sneha,Sharma,user345@example.com,9876500345,,1980-12-21,Mumbai,-1000
1347,Sameer,Sharma,user346@example.com,9876500346,,1982-10-20,Delhi,90877
1348,Amit,Rao,user347@example.com,9876500347,Male,2008-06-28,Mumbai,37944
1349,Kavya,Kumar,user348@example.com,9876500348,Male,2014-06-12,Chennai,90814
1350,Kavya,Verma,user349@example.com,9876500349,Male,1983-01-04,Delhi,58542
1351,Amit,Patel,user350@example.com,,,1987-01-11,Bangalore,101911
1352,Priya,Verma,user351@example.com,9876500351,Male,2012-04-15,Ahmedabad,30082
1353,Sameer,Verma,user352@example.com,9876500352,Female,1993-01-18,Hyderabad,88509
1354,Vijay,Verma,user353@example.com,9876500353,Female,1991-03-07,Bangalore,44383
1355,Anjali,Patel,user354@example.com,9876500354,Other,1994-01-18,Chennai,42952
1356,Priya,Patel,user355@example.com,9876500355,Female,2009-07-31,Kolkata,98122
1357,Anjali,Joshi,user356@example.com,9876500356,,2050-01-01,Delhi,80058
1358,Anjali,Singh,user357@example.com,9876500357,Other,1999-09-29,Chennai,35443
1359,Priya,Rao,user358@example.com,9876500358,Female,2011-09-08,Delhi,69038
1360,Arjun,Reddy,user359@example.com,9876500359,,1975-09-10,Mumbai,93095
1361,Neha,Joshi,,9876500360,Female,2003-03-31,Delhi,761683
1362,Anjali,Joshi,user361@example.com,9876500361,,2003-01-21,Chennai,65618
1363,Priya,Mehta,user362@example.com,9876500362,Male,1979-02-04,Mumbai,88017
1364,Priya,Reddy,user363@example.com,9876500363,,2003-10-12,Mumbai,72373
1365,Rakesh,Sharma,user364@example.com,9876500364,Male,2011-03-28,Delhi,31807
1366,Arjun,Mehta,user365@example.com,9876500365,,1986-06-17,Mumbai,66921
1367,Sneha,Sharma,user366@example.com,9876500366,,1989-05-28,Hyderabad,74684
1368,Rakesh,Singh,user367@example.com,9876500367,Female,1997-05-15,Hyderabad,69450
1369,Rakesh,Gupta,user368@example.com,9876500368,,1974-09-27,Chennai,56905
1370,Amit,Sharma,user369@example.com,9876500369,Female,2008-07-17,Kolkata,74156
1371,Neha,Verma,user370@example.com,9876500370,,1988-02-14,Ahmedabad,68672
1372,Priya,Sharma,user371@example.com,9876500371,,1988-11-21,Bangalore,25163
1373,Neha,Reddy,user372@example.com,9876500372,Other,1972-10-26,Hyderabad,38474
1374,Sameer,Patel,user373@example.com,9876500373,Female,2011-06-03,Delhi,71203
1375,Amit,Reddy,user374@example.com,9876500374,Female,1971-02-16,Hyderabad,79914
1376,Sneha,Singh,user375@example.com,123,Male,1975-06-05,Mumbai,-1000
1377,Neha,Joshi,user376@example.com,9876500376,,1996-02-13,Mumbai,79741
1378,Kavya,Verma,user377@example.com,9876500377,Male,1973-07-29,Chennai,75008
1379,Anjali,Gupta,user378@example.com,9876500378,,2004-03-01,Mumbai,61219
1380,Sameer,Singh,user379@example.com,9876500379,,2006-04-08,Mumbai,73536
1381,Arjun,Joshi,invalid@,9876500380,,1982-08-01,Ahmedabad,73093
1382,Sneha,Kumar,user381@example.com,9876500381,Male,2017-02-02,Kolkata,82531
1383,Sameer,Reddy,user382@example.com,9876500382,Other,2002-01-10,Delhi,83482
1384,Anjali,Singh,user383@example.com,9876500383,,2012-03-23,Delhi,44161
1385,Amit,Reddy,user384@example.com,9876500384,,1996-06-21,Chennai,50341
1386,Anjali,Gupta,user385@example.com,9876500385,Female,1985-05-14,Ahmedabad,94531
1387,Rakesh,Joshi,user386@example.com,9876500386,,1975-07-31,Ahmedabad,82657
1388,Anjali,Reddy,user387@example.com,9876500387,Other,1996-01-27,Ahmedabad,77770
1389,Rakesh,Patel,user388@example.com,9876500388,,2002-11-07,Delhi,80889
1390,Amit,Sharma,user389@example.com,9876500389,Female,1989-05-27,Kolkata,87761
1391,Vijay,Mehta,user390@example.com,9876500390,Male,1973-02-23,Pune,676737
1392,Rakesh,Gupta,user391@example.com,9876500391,,2014-11-16,Chennai,57418
1393,Arjun,Mehta,user392@example.com,9876500392,Female,1973-12-07,Chennai,76221
1394,Anjali,Rao,user393@example.com,9876500393,Male,1978-11-25,Bangalore,64472
1395,Anjali,Sharma,user394@example.com,9876500394,,2016-10-04,Hyderabad,95984
1396,Arjun,Gupta,user395@example.com,9876500395,Male,2009-01-19,Hyderabad,95687
1397,Kavya,Singh,user396@example.com,9876500396,,1983-04-06,Ahmedabad,82818
1398,Priya,Patel,user397@example.com,9876500397,Other,2004-01-16,Hyderabad,39462
1399,Vijay,Singh,user398@example.com,9876500398,Male,2001-08-25,Ahmedabad,43098
1400,Sneha,Kumar,user399@example.com,9876500399,Other,1983-07-24,Delhi,38697
1401,Rakesh,Rao,,,Other,1991-06-22,Kolkata,68730
1402,Arjun,Patel,user401@example.com,9876500401,Male,1970-01-26,Chennai,83460
1403,Amit,Reddy,user402@example.com,9876500402,,1975-11-24,Hyderabad,58843
1404,Rakesh,Reddy,user403@example.com,9876500403,Male,1991-12-16,Delhi,52073
1405,Priya,Verma,user404@example.com,9876500404,Female,1993-05-03,Kolkata,67075
1406,Amit,Reddy,user405@example.com,9876500405,Other,1984-02-18,Bangalore,-1000
1407,Sameer,Joshi,user406@example.com,9876500406,,2016-08-15,Mumbai,70317
1408,Anjali,Rao,user407@example.com,9876500407,Other,1975-01-27,Delhi,60135
1409,Sameer,Joshi,user408@example.com,9876500408,,1991-02-23,Kolkata,51858
1410,Rakesh,Sharma,user409@example.com,9876500409,Female,2013-01-01,Kolkata,67305
1411,Priya,Verma,user410@example.com,9876500410,Female,1999-02-01,Bangalore,82750
1412,Vijay,Verma,user411@example.com,9876500411,Female,1980-06-06,Kolkata,34618
1413,Rakesh,Reddy,user412@example.com,9876500412,Male,1973-08-04,Hyderabad,68362
1414,Arjun,Patel,user413@example.com,9876500413,Other,2000-08-29,Delhi,23020
1415,Neha,Sharma,user414@example.com,9876500414,,1987-01-30,Delhi,59906
1416,Rakesh,Kumar,user415@example.com,9876500415,Female,1991-04-29,Delhi,78904
1417,Anjali,Rao,user416@example.com,9876500416,Female,1989-02-07,Pune,85446
1418,Anjali,Rao,user417@example.com,9876500417,,1987-07-20,Hyderabad,54505
1419,Rakesh,Gupta,user418@example.com,9876500418,Other,invalid,Kolkata,54292
1420,Amit,Singh,user419@example.com,9876500419,Other,1977-04-10,Pune,60401
1421,Neha,Reddy,invalid@,9876500420,,1981-04-27,Ahmedabad,429513
1422,Arjun,Gupta,user421@example.com,9876500421,,1979-07-17,Pune,68253
1423,Rakesh,Kumar,user422@example.com,9876500422,Other,2015-12-28,Bangalore,44948
1424,Amit,Verma,user423@example.com,9876500423,,1999-09-20,Delhi,76130
1425,Anjali,Mehta,user424@example.com,9876500424,,2009-10-27,Pune,50665
1426,Anjali,Kumar,user425@example.com,123,Female,2003-09-14,Chennai,58606
1427,Priya,Kumar,user426@example.com,9876500426,,1986-11-01,Delhi,74987
1428,Rakesh,Patel,user427@example.com,9876500427,Male,1985-11-09,Mumbai,77709
1429,Neha,Patel,user428@example.com,9876500428,Female,2017-05-17,Ahmedabad,76799
1430,Kavya,Patel,user429@example.com,9876500429,Female,2017-05-04,Pune,70272
1431,Neha,Patel,user430@example.com,9876500430,Other,2002-06-20,Chennai,43267
1432,Anjali,Singh,user431@example.com,9876500431,,2011-01-28,Kolkata,64370
1433,Anjali,Reddy,user432@example.com,9876500432,Other,1983-05-28,Chennai,61517
1434,Sameer,Rao,user433@example.com,9876500433,Male,1998-11-26,Delhi,56585
1435,Anjali,Reddy,user434@example.com,9876500434,Female,2017-01-10,Mumbai,66481
1436,Arjun,Reddy,user435@example.com,9876500435,Female,1997-02-27,Ahmedabad,-1000
1437,Sneha,Rao,user436@example.com,9876500436,,2001-04-07,Ahmedabad,64305
1438,Rakesh,Patel,user437@example.com,9876500437,,2003-11-22,Mumbai,59005
1439,Neha,Reddy,user438@example.com,9876500438,,1980-03-14,Pune,55852
1440,Sneha,Singh,user439@example.com,9876500439,,2001-08-24,Pune,42671
1441,Amit,Patel,,9876500440,Male,2005-10-01,Delhi,42141
1442,Kavya,Singh,user441@example.com,9876500441,,1973-09-22,Hyderabad,91846
1443,Arjun,Gupta,user442@example.com,9876500442,Female,1975-08-11,Bangalore,67296
1444,Neha,Reddy,user443@example.com,9876500443,Male,1987-02-13,Delhi,101245
1445,Sneha,Joshi,user444@example.com,9876500444,Other,2000-07-29,Delhi,102236
1446,Kavya,Singh,user445@example.com,9876500445,Other,1970-07-25,Kolkata,89592
1447,Sameer,Gupta,user446@example.com,9876500446,Male,2001-12-22,Delhi,39363
1448,Arjun,Sharma,user447@example.com,9876500447,Female,2011-07-30,Kolkata,93220
1449,Arjun,Sharma,user448@example.com,9876500448,Other,1994-02-18,Mumbai,62470
1450,Sameer,Gupta,user449@example.com,9876500449,Female,2001-06-06,Ahmedabad,59446
1451,Rakesh,Verma,user450@example.com,,,2000-09-04,Ahmedabad,565905
1452,Sameer,Verma,user451@example.com,9876500451,,2007-11-22,Bangalore,57988
1453,Arjun,Patel,user452@example.com,9876500452,Male,2002-05-22,Hyderabad,72988
1454,Arjun,Verma,user453@example.com,9876500453,,1999-10-28,Pune,110995
1455,Sneha,Sharma,user454@example.com,9876500454,,1975-02-15,Delhi,32213
1456,Anjali,Verma,user455@example.com,9876500455,Other,1988-12-26,Mumbai,103868
1457,Kavya,Joshi,user456@example.com,9876500456,Female,1976-05-24,Mumbai,95181
1458,Sameer,Sharma,user457@example.com,9876500457,Female,1974-09-22,Delhi,61445
1459,Kavya,Singh,user458@example.com,9876500458,,1995-06-25,Mumbai,55046
1460,Sameer,Kumar,user459@example.com,9876500459,Male,1986-05-22,Mumbai,38058
1461,Amit,Verma,invalid@,9876500460,,1989-10-04,Kolkata,46837
1462,Arjun,Verma,user461@example.com,9876500461,Other,2015-04-19,Delhi,52856
1463,Anjali,Reddy,user462@example.com,9876500462,Male,1973-11-26,Bangalore,62936
1464,Sneha,Rao,user463@example.com,9876500463,,1974-09-30,Mumbai,64408
1465,Anjali,Joshi,user464@example.com,9876500464,,2004-07-08,Ahmedabad,80222
1466,Anjali,Sharma,user465@example.com,9876500465,Female,1999-01-12,Chennai,-1000
1467,Anjali,Sharma,user466@example.com,9876500466,Other,2003-04-10,Ahmedabad,69773
1468,Kavya,Mehta,user467@example.com,9876500467,Male,2013-04-06,Hyderabad,64127
1469,Sameer,Rao,user468@example.com,9876500468,Female,2016-07-03,Kolkata,87862
1470,Vijay,Verma,user469@example.com,9876500469,Other,1996-09-08,Kolkata,81790
1471,Amit,Gupta,user470@example.com,9876500470,,2007-01-18,Hyderabad,73899
1472,Neha,Reddy,user471@example.com,9876500471,,2008-04-16,Chennai,56884
1473,Anjali,Singh,user472@example.com,9876500472,Female,1974-03-01,Chennai,87112
1474,Rakesh,Reddy,user473@example.com,9876500473,Male,1976-07-18,Ahmedabad,81697
1475,Kavya,Verma,user474@example.com,9876500474,Other,1973-01-22,Delhi,60080
1476,Sneha,Mehta,user475@example.com,123,,1989-12-27,Hyderabad,26650
1477,Neha,Kumar,user476@example.com,9876500476,,1996-08-08,Chennai,66900
1478,Vijay,Sharma,user477@example.com,9876500477,Male,2004-02-11,Ahmedabad,51153
1479,Rakesh,Singh,user478@example.com,9876500478,Female,1986-10-25,Pune,79344
1480,Vijay,Rao,user479@example.com,9876500479,,1991-09-27,Mumbai,69318
1481,Neha,Verma,,9876500480,Other,1983-01-30,Kolkata,315453
1482,Anjali,Joshi,user481@example.com,9876500481,,2001-04-20,Bangalore,70895
1483,Rakesh,Gupta,user482@example.com,9876500482,,2009-01-27,Chennai,99302
1484,Vijay,Reddy,user483@example.com,9876500483,Male,1980-05-29,Hyderabad,61944
1485,Sneha,Mehta,user484@example.com,9876500484,Female,1989-04-28,Hyderabad,64832
1486,Sameer,Kumar,user485@example.com,9876500485,Other,1990-07-25,Hyderabad,58139
1487,Arjun,Patel,user486@example.com,9876500486,Male,1992-03-05,Ahmedabad,66441
1488,Sameer,Gupta,user487@example.com,9876500487,Female,2011-08-07,Hyderabad,95802
1489,Neha,Verma,user488@example.com,9876500488,Male,2014-03-03,Delhi,86110
1490,Kavya,Kumar,user489@example.com,9876500489,,1982-03-09,Kolkata,53483
1491,Arjun,Gupta,user490@example.com,9876500490,,2009-11-01,Chennai,63544
1492,Amit,Gupta,user491@example.com,9876500491,,2050-01-01,Bangalore,64844
1493,Sneha,Sharma,user492@example.com,9876500492,Male,2015-05-28,Kolkata,73233
1494,Amit,Gupta,user493@example.com,9876500493,,1989-02-26,Delhi,73601
1495,Rakesh,Joshi,user494@example.com,9876500494,Female,2008-11-18,Bangalore,63082
1496,Arjun,Kumar,user495@example.com,9876500495,,1983-10-23,Bangalore,-1000
1497,Amit,Verma,user496@example.com,9876500496,Other,1991-06-14,Mumbai,62706
1498,Amit,Verma,user497@example.com,9876500497,Male,1996-03-01,Chennai,57750
1499,Vijay,Joshi,user498@example.com,9876500498,,1975-01-27,Chennai,47051
1500,Sameer,Rao,user499@example.com,9876500499,Female,2014-07-12,Chennai,80767
1501,Vijay,Kumar,invalid@,,Male,2004-07-30,Bangalore,65384
1502,Arjun,Gupta,user501@example.com,9876500501,Female,1974-07-21,Pune,44345
1503,Arjun,Mehta,user502@example.com,9876500502,,2010-05-05,Pune,104599
1504,Neha,Singh,user503@example.com,9876500503,,1990-10-12,Kolkata,73329
1505,Vijay,Kumar,user504@example.com,9876500504,,invalid,Pune,80838
1506,Priya,Patel,user505@example.com,9876500505,,2015-06-10,Hyderabad,85961
1507,Sameer,Mehta,user506@example.com,9876500506,Female,1982-09-30,Kolkata,56277
1508,Arjun,Joshi,user507@example.com,9876500507,Male,1993-12-15,Delhi,75873
1509,Neha,Gupta,user508@example.com,9876500508,Female,1999-07-25,Mumbai,26403
1510,Vijay,Rao,user509@example.com,9876500509,Male,1988-03-12,Delhi,84247
1511,Sameer,Patel,user510@example.com,9876500510,,2002-07-27,Chennai,636385
1512,Vijay,Rao,user511@example.com,9876500511,Other,1975-06-18,Chennai,75534
1513,Amit,Rao,user512@example.com,9876500512,Male,2010-09-14,Ahmedabad,63596
1514,Neha,Reddy,user513@example.com,9876500513,,2011-05-28,Chennai,101354
1515,Sameer,Sharma,user514@example.com,9876500514,,2016-02-27,Pune,89483
1516,Anjali,Patel,user515@example.com,9876500515,,1992-07-17,Mumbai,12781
1517,Rakesh,Singh,user516@example.com,9876500516,Female,1999-09-09,Pune,76055
1518,Rakesh,Sharma,user517@example.com,9876500517,Female,1980-12-06,Mumbai,59359
1519,Sameer,Patel,user518@example.com,9876500518,Female,1983-03-17,Hyderabad,76845
1520,Vijay,Rao,user519@example.com,9876500519,,1979-08-19,Delhi,76567
1521,Neha,Sharma,,9876500520,Male,1976-03-18,Chennai,50140
1522,Rakesh,Patel,user521@example.com,9876500521,,2013-10-28,Delhi,62684
1523,Neha,Singh,user522@example.com,9876500522,Male,2017-06-06,Hyderabad,44612
1524,Rakesh,Mehta,user523@example.com,9876500523,Female,1982-02-25,Pune,94721
1525,Amit,Kumar,user524@example.com,9876500524,Other,2001-06-28,Bangalore,71545
1526,Vijay,Gupta,user525@example.com,123,Female,1987-03-31,Hyderabad,-1000
1527,Amit,Patel,user526@example.com,9876500526,,2005-12-11,Mumbai,71078
1528,Rakesh,Singh,user527@example.com,9876500527,Male,2000-12-28,Chennai,43803
1529,Anjali,Kumar,user528@example.com,9876500528,Other,2010-04-23,Ahmedabad,77656
1530,Anjali,Sharma,user529@example.com,9876500529,Female,1983-08-30,Kolkata,100703
1531,Amit,Patel,user530@example.com,9876500530,Other,1986-07-04,Bangalore,33878
1532,Anjali,Patel,user531@example.com,9876500531,,2007-04-23,Hyderabad,66605
1533,Rakesh,Joshi,user532@example.com,9876500532,Male,2003-09-30,Delhi,80192
1534,Sameer,Patel,user533@example.com,9876500533,,1993-01-22,Mumbai,50029
1535,Amit,Gupta,user534@example.com,9876500534,,1999-03-23,Bangalore,79646
1536,Kavya,Joshi,user535@example.com,9876500535,Other,2006-12-30,Kolkata,65899
1537,Vijay,Kumar,user536@example.com,9876500536,Female,2009-08-16,Ahmedabad,50748
1538,Anjali,Sharma,user537@example.com,9876500537,Male,2010-10-18,Bangalore,14808
1539,Anjali,Sharma,user538@example.com,9876500538,,1977-12-13,Ahmedabad,63013
1540,Arjun,Verma,user539@example.com,9876500539,Female,1991-04-04,Delhi,63533
1541,Priya,Verma,invalid@,9876500540,,2000-01-04,Hyderabad,912844
1542,Amit,Kumar,user541@example.com,9876500541,Male,2000-05-07,Mumbai,71776
1543,Sneha,Reddy,user542@example.com,9876500542,Other,1998-02-18,Delhi,54400
1544,Anjali,Singh,user543@example.com,9876500543,,1975-09-06,Mumbai,33573
1545,Vijay,Reddy,user544@example.com,9876500544,Male,1991-06-05,Bangalore,82490
1546,Kavya,Singh,user545@example.com,9876500545,,1975-08-28,Delhi,67348
1547,Anjali,Joshi,user546@example.com,9876500546,Female,1978-10-14,Mumbai,57119
1548,Kavya,Kumar,user547@example.com,9876500547,,1982-10-19,Chennai,54176
1549,Rakesh,Singh,user548@example.com,9876500548,Female,1994-11-25,Ahmedabad,89868
1550,Rakesh,Verma,user549@example.com,9876500549,Female,2008-09-15,Mumbai,92825
1551,Priya,Verma,user550@example.com,,Male,2011-12-02,Chennai,52465
1552,Sameer,Rao,user551@example.com,9876500551,,1995-04-25,Delhi,19033
1553,Sneha,Singh,user552@example.com,9876500552,,1970-05-03,Delhi,60731
1554,Arjun,Kumar,user553@example.com,9876500553,Other,2050-01-01,Bangalore,69521
1555,Priya,Mehta,user554@example.com,9876500554,Female,invalid,Hyderabad,66448
1556,Neha,Joshi,user555@example.com,9876500555,,1995-11-09,Ahmedabad,-1000
1557,Arjun,Patel,user556@example.com,9876500556,Female,1982-02-20,Mumbai,95661
1558,Amit,Patel,user557@example.com,9876500557,,invalid,Delhi,27791
1559,Vijay,Singh,user558@example.com,9876500558,,1985-03-19,Mumbai,50021
1560,Neha,Reddy,user559@example.com,9876500559,Other,2010-02-10,Pune,44561
1561,Neha,Joshi,,9876500560,,1982-11-23,Hyderabad,43504
1562,Priya,Sharma,user561@example.com,9876500561,Other,1979-10-21,Ahmedabad,21347
1563,Sameer,Gupta,user562@example.com,9876500562,Male,1972-05-21,Ahmedabad,66212
1564,Priya,Patel,user563@example.com,9876500563,Female,2009-12-14,Chennai,93290
1565,Amit,Verma,user564@example.com,9876500564,Other,2005-05-19,Pune,61706
1566,Anjali,Joshi,user565@example.com,9876500565,Female,1998-06-06,Ahmedabad,44847
1567,Anjali,Reddy,user566@example.com,9876500566,,invalid,Pune,93191
1568,Sameer,Kumar,user567@example.com,9876500567,Male,2004-12-22,Mumbai,81786
1569,Amit,Reddy,user568@example.com,9876500568,,1978-10-13,Kolkata,48109
1570,Sameer,Joshi,user569@example.com,9876500569,,1978-06-25,Pune,71446
1571,Kavya,Sharma,user570@example.com,9876500570,,2000-11-17,Bangalore,865804
1572,Anjali,Patel,user571@example.com,9876500571,,1974-06-13,Chennai,46922
1573,Neha,Verma,user572@example.com,9876500572,,2013-09-20,Pune,67433
1574,Sneha,Mehta,user573@example.com,9876500573,,2000-07-11,Mumbai,57230
1575,Vijay,Kumar,user574@example.com,9876500574,Female,1996-08-09,Ahmedabad,41149
1576,Amit,Verma,user575@example.com,123,,2018-12-01,Bangalore,68324
1577,Arjun,Sharma,user576@example.com,9876500576,,2015-07-26,Pune,73647
1578,Sameer,Gupta,user577@example.com,9876500577,,2007-05-07,Hyderabad,65880
1579,Vijay,Sharma,user578@example.com,9876500578,,2016-02-06,Hyderabad,48675
1580,Arjun,Sharma,user579@example.com,9876500579,Other,1994-08-13,Chennai,107015
1581,Vijay,Patel,invalid@,9876500580,Other,invalid,Hyderabad,55207
1582,Sneha,Joshi,user581@example.com,9876500581,,1984-01-24,Chennai,76168
1583,Arjun,Joshi,user582@example.com,9876500582,Female,1974-09-09,Mumbai,81146
1584,Priya,Verma,user583@example.com,9876500583,Male,1975-06-26,Bangalore,15181
1585,Rakesh,Gupta,user584@example.com,9876500584,Male,1992-04-26,Bangalore,81587
1586,Priya,Gupta,user585@example.com,9876500585,,2012-11-26,Hyderabad,-1000
1587,Anjali,Reddy,user586@example.com,9876500586,Female,1987-02-15,Bangalore,59737
1588,Rakesh,Mehta,user587@example.com,9876500587,Female,1998-09-04,Pune,62540
1589,Priya,Sharma,user588@example.com,9876500588,Female,2011-11-25,Mumbai,76657
1590,Rakesh,Mehta,user589@example.com,9876500589,Other,2007-09-05,Mumbai,19348
1591,Rakesh,Rao,user590@example.com,9876500590,,1994-06-02,Mumbai,65638
1592,Neha,Singh,user591@example.com,9876500591,Male,1975-01-06,Kolkata,73620
1593,Sameer,Sharma,user592@example.com,9876500592,Female,1974-12-27,Hyderabad,108221
1594,Sameer,Mehta,user593@example.com,9876500593,,1974-12-22,Delhi,37995
1595,Neha,Patel,user594@example.com,9876500594,Male,2013-06-22,Ahmedabad,73867
1596,Vijay,Singh,user595@example.com,9876500595,Other,2015-02-09,Mumbai,55319
1597,Kavya,Gupta,user596@example.com,9876500596,,1979-05-26,Delhi,74690
1598,Vijay,Sharma,user597@example.com,9876500597,Male,2012-05-22,Delhi,82332
1599,Arjun,Sharma,user598@example.com,9876500598,Male,1980-01-28,Bangalore,50296
1600,Arjun,Gupta,user599@example.com,9876500599,Male,2016-07-04,Ahmedabad,104102
1601,Rakesh,Reddy,,,,2016-01-11,Bangalore,914314
1602,Priya,Patel,user601@example.com,9876500601,Female,1992-06-12,Ahmedabad,80764
1603,Priya,Sharma,user602@example.com,9876500602,,1987-02-24,Kolkata,57864
1604,Sameer,Mehta,user603@example.com,9876500603,Male,2018-08-14,Bangalore,53909
1605,Amit,Sharma,user604@example.com,9876500604,Other,1994-03-08,Chennai,73792
1606,Vijay,Singh,user605@example.com,9876500605,Male,2002-09-24,Hyderabad,57117
1607,Anjali,Sharma,user606@example.com,9876500606,Other,1984-02-19,Hyderabad,54525
1608,Sneha,Mehta,user607@example.com,9876500607,,1980-06-08,Pune,103304
1609,Priya,Kumar,user608@example.com,9876500608,Other,1979-01-20,Ahmedabad,75950
1610,Sneha,Singh,user609@example.com,9876500609,Male,1993-08-25,Chennai,81471
1611,Rakesh,Verma,user610@example.com,9876500610,,2003-03-22,Delhi,102531
1612,Sneha,Verma,user611@example.com,9876500611,Male,2008-12-05,Delhi,66662
1613,Anjali,Singh,user612@example.com,9876500612,Male,1993-10-31,Ahmedabad,52350
1614,Neha,Patel,user613@example.com,9876500613,,2013-06-29,Bangalore,43596
1615,Anjali,Kumar,user614@example.com,9876500614,Female,1973-11-02,Kolkata,92089
1616,Sneha,Singh,user615@example.com,9876500615,Male,1997-05-23,Pune,-1000
1617,Anjali,Mehta,user616@example.com,9876500616,,1971-06-30,Pune,5913
1618,Kavya,Rao,user617@example.com,9876500617,,1976-12-08,Mumbai,11765
1619,Rakesh,Joshi,user618@example.com,9876500618,,1975-07-03,Ahmedabad,35490
1620,Vijay,Sharma,user619@example.com,9876500619,,1986-02-27,Pune,57485
1621,Neha,Reddy,invalid@,9876500620,Other,1981-03-09,Bangalore,60469
1622,Priya,Kumar,user621@example.com,9876500621,Female,1976-01-25,Bangalore,75520
1623,Arjun,Mehta,user622@example.com,9876500622,Female,2013-12-02,Delhi,42261
1624,Vijay,Reddy,user623@example.com,9876500623,,2013-02-27,Pune,69367
1625,Arjun,Verma,user624@example.com,9876500624,,1975-12-25,Pune,82682
1626,Rakesh,Singh,user625@example.com,123,,1998-05-08,Bangalore,62120
1627,Neha,Kumar,user626@example.com,9876500626,,1973-06-29,Delhi,55705
1628,Sameer,Gupta,user627@example.com,9876500627,Female,1996-01-09,Pune,47667
1629,Priya,Sharma,user628@example.com,9876500628,Female,1979-08-25,Kolkata,87918
1630,Kavya,Joshi,user629@example.com,9876500629,Female,1993-11-03,Kolkata,37600
1631,Sameer,Verma,user630@example.com,9876500630,Male,1972-10-16,Bangalore,965386
1632,Rakesh,Singh,user631@example.com,9876500631,,1972-11-15,Delhi,64548
1633,Vijay,Sharma,user632@example.com,9876500632,,2006-08-21,Delhi,44226
1634,Kavya,Verma,user633@example.com,9876500633,,2050-01-01,Bangalore,81815
1635,Anjali,Gupta,user634@example.com,9876500634,,1995-11-15,Delhi,75163
1636,Sneha,Reddy,user635@example.com,9876500635,,2012-10-09,Chennai,73314
1637,Kavya,Joshi,user636@example.com,9876500636,,1978-03-05,Chennai,79080
1638,Rakesh,Joshi,user637@example.com,9876500637,,2003-01-09,Delhi,68239
1639,Amit,Sharma,user638@example.com,9876500638,Other,1985-08-15,Mumbai,74175
1640,Sneha,Mehta,user639@example.com,9876500639,Other,2017-12-28,Hyderabad,92214
1641,Arjun,Sharma,,9876500640,Male,1971-12-07,Hyderabad,69050
1642,Priya,Verma,user641@example.com,9876500641,Female,1976-10-20,Delhi,81393
1643,Arjun,Mehta,user642@example.com,9876500642,,1974-10-12,Kolkata,21008
1644,Kavya,Joshi,user643@example.com,9876500643,,2014-05-26,Pune,71485
1645,Arjun,Rao,user644@example.com,9876500644,Other,1995-01-31,Delhi,115456
1646,Rakesh,Joshi,user645@example.com,9876500645,Female,2008-04-05,Pune,-1000
1647,Anjali,Sharma,user646@example.com,9876500646,Male,1972-02-17,Bangalore,105007
1648,Vijay,Verma,user647@example.com,9876500647,Female,1996-01-30,Delhi,79420
1649,Priya,Mehta,user648@example.com,9876500648,,1998-03-24,Bangalore,31056
1650,Arjun,Singh,user649@example.com,9876500649,Female,1998-12-20,Hyderabad,65808
1651,Arjun,Mehta,user650@example.com,,,1978-07-12,Ahmedabad,73043
1652,Kavya,Gupta,user651@example.com,9876500651,Other,2003-12-19,Kolkata,83226
1653,Vijay,Patel,user652@example.com,9876500652,Other,1978-01-15,Chennai,56293
1654,Sameer,Patel,user653@example.com,9876500653,,1973-09-07,Delhi,78924
1655,Arjun,Kumar,user654@example.com,9876500654,,1975-08-04,Bangalore,92705
1656,Rakesh,Reddy,user655@example.com,9876500655,Other,2009-03-27,Ahmedabad,82729
1657,Amit,Kumar,user656@example.com,9876500656,,2006-02-19,Pune,88863
1658,Priya,Kumar,user657@example.com,9876500657,,1990-07-19,Hyderabad,56089
1659,Arjun,Mehta,user658@example.com,9876500658,,1996-09-08,Hyderabad,78706
1660,Rakesh,Verma,user659@example.com,9876500659,Other,2016-09-29,Pune,110995
1661,Rakesh,Kumar,invalid@,9876500660,,1970-04-30,Hyderabad,434016
1662,Priya,Sharma,user661@example.com,9876500661,,1986-11-22,Chennai,73440
1663,Sameer,Mehta,user662@example.com,9876500662,Other,1985-12-20,Chennai,42699
1664,Rakesh,Verma,user663@example.com,9876500663,,2010-02-09,Kolkata,90094
1665,Amit,Patel,user664@example.com,9876500664,Female,2003-07-13,Kolkata,25463
1666,Rakesh,Rao,user665@example.com,9876500665,Female,1974-06-02,Pune,53641
1667,Rakesh,Sharma,user666@example.com,9876500666,Other,2012-08-23,Pune,111138
1668,Rakesh,Singh,user667@example.com,9876500667,,1990-11-15,Pune,55108
1669,Anjali,Reddy,user668@example.com,9876500668,Other,1978-04-22,Mumbai,63779
1670,Anjali,Singh,user669@example.com,9876500669,Male,1985-06-30,Kolkata,89929
1671,Sameer,Verma,user670@example.com,9876500670,Other,2003-07-22,Chennai,62227
1672,Arjun,Gupta,user671@example.com,9876500671,Other,2003-01-28,Hyderabad,24353
1673,Rakesh,Verma,user672@example.com,9876500672,Female,2002-10-16,Bangalore,43595
1674,Vijay,Rao,user673@example.com,9876500673,Female,1999-08-15,Ahmedabad,91362
1675,Arjun,Patel,user674@example.com,9876500674,,2013-01-13,Ahmedabad,94429
1676,Sameer,Joshi,user675@example.com,123,Other,1995-07-30,Hyderabad,-1000
1677,Neha,Verma,user676@example.com,9876500676,Other,2011-08-10,Delhi,46010
1678,Arjun,Patel,user677@example.com,9876500677,,2014-08-14,Bangalore,51553
1679,Arjun,Singh,user678@example.com,9876500678,,2008-09-12,Chennai,57385
1680,Sneha,Verma,user679@example.com,9876500679,,2003-07-08,Hyderabad,46421
1681,Kavya,Verma,,9876500680,Female,1971-04-01,Hyderabad,67118
1682,Sneha,Kumar,user681@example.com,9876500681,Female,1990-12-05,Mumbai,53539
1683,Amit,Singh,user682@example.com,9876500682,Other,2050-01-01,Mumbai,56429
1684,Anjali,Reddy,user683@example.com,9876500683,Female,1994-04-12,Bangalore,42344
1685,Anjali,Reddy,user684@example.com,9876500684,,2014-02-25,Pune,80675
1686,Kavya,Sharma,user685@example.com,9876500685,Other,1983-12-18,Pune,37256
1687,Priya,Gupta,user686@example.com,9876500686,,2008-01-09,Bangalore,72634
1688,Priya,Joshi,user687@example.com,9876500687,,1998-11-16,Chennai,85066
1689,Sameer,Verma,user688@example.com,9876500688,Other,2012-04-05,Ahmedabad,104818
1690,Kavya,Verma,user689@example.com,9876500689,,1970-03-01,Pune,75009
1691,Arjun,Sharma,user690@example.com,9876500690,Female,2004-09-12,Hyderabad,695240
1692,Priya,Gupta,user691@example.com,9876500691,Male,1985-02-22,Delhi,31193
1693,Rakesh,Singh,user692@example.com,9876500692,Male,1977-07-27,Chennai,94454
1694,Vijay,Verma,user693@example.com,9876500693,Male,1974-11-30,Chennai,67859
1695,Arjun,Patel,user694@example.com,9876500694,Female,1999-05-10,Mumbai,71187
1696,Amit,Mehta,user695@example.com,9876500695,,1985-07-27,Kolkata,72908
1697,Rakesh,Gupta,user696@example.com,9876500696,,2010-03-07,Pune,67284
1698,Rakesh,Verma,user697@example.com,9876500697,Other,1983-08-28,Ahmedabad,65158
1699,Kavya,Gupta,user698@example.com,9876500698,,2005-04-15,Chennai,57708
1700,Sameer,Reddy,user699@example.com,9876500699,Male,1988-01-07,Pune,79539
1701,Amit,Joshi,invalid@,,Female,2007-01-20,Pune,34994
1702,Priya,Verma,user701@example.com,9876500701,Female,2018-08-14,Mumbai,34566
1703,Kavya,Joshi,user702@example.com,9876500702,Other,1979-09-24,Delhi,48057
1704,Priya,Rao,user703@example.com,9876500703,,1992-04-19,Chennai,89974
1705,Kavya,Mehta,user704@example.com,9876500704,,1995-05-24,Kolkata,73905
1706,Kavya,Sharma,user705@example.com,9876500705,,2004-01-22,Delhi,-1000
1707,Kavya,Joshi,user706@example.com,9876500706,,1984-11-20,Ahmedabad,48988
1708,Sameer,Verma,user707@example.com,9876500707,,2003-08-13,Kolkata,63411
1709,Kavya,Kumar,user708@example.com,9876500708,,1993-12-15,Bangalore,73005
1710,Neha,Sharma,user709@example.com,9876500709,,2007-09-29,Bangalore,92217
1711,Vijay,Sharma,user710@example.com,9876500710,Other,1986-03-13,Kolkata,106055
1712,Priya,Singh,user711@example.com,9876500711,Female,1996-08-26,Bangalore,62482
1713,Arjun,Joshi,user712@example.com,9876500712,Male,2010-04-04,Ahmedabad,109042
1714,Sneha,Kumar,user713@example.com,9876500713,,1976-07-10,Hyderabad,66592
1715,Amit,Joshi,user714@example.com,9876500714,Female,1995-12-09,Chennai,71046
1716,Anjali,Singh,user715@example.com,9876500715,,1981-12-07,Pune,84575
1717,Sameer,Mehta,user716@example.com,9876500716,Male,1992-10-04,Hyderabad,87477
1718,Arjun,Verma,user717@example.com,9876500717,,2008-06-01,Delhi,96508
1719,Rakesh,Reddy,user718@example.com,9876500718,Female,1970-05-20,Delhi,39285
1720,Neha,Reddy,user719@example.com,9876500719,Other,1990-12-06,Pune,67444
1721,Anjali,Joshi,,9876500720,Male,1974-12-21,Chennai,901025
1722,Sneha,Singh,user721@example.com,9876500721,Female,1981-10-11,Kolkata,43639
1723,Arjun,Gupta,user722@example.com,9876500722,,invalid,Delhi,27559
1724,Anjali,Verma,user723@example.com,9876500723,,2011-07-30,Chennai,35276
1725,Arjun,Joshi,user724@example.com,9876500724,,1989-12-12,Kolkata,62566
1726,Neha,Gupta,user725@example.com,123,Other,1995-03-31,Kolkata,105432
1727,Sneha,Verma,user726@example.com,9876500726,,1998-08-08,Kolkata,34830
1728,Rakesh,Gupta,user727@example.com,9876500727,,2008-09-28,Delhi,41684
1729,Kavya,Sharma,user728@example.com,9876500728,,1993-05-16,Bangalore,54933
1730,Priya,Joshi,user729@example.com,9876500729,Other,1978-11-10,Bangalore,45133
1731,Rakesh,Singh,user730@example.com,9876500730,,1973-10-19,Mumbai,41511
1732,Kavya,Verma,user731@example.com,9876500731,,2003-06-06,Mumbai,24227
1733,Sameer,Reddy,user732@example.com,9876500732,Other,1972-09-10,Delhi,54436
1734,Vijay,Joshi,user733@example.com,9876500733,Other,2009-04-12,Bangalore,104203
1735,Amit,Verma,user734@example.com,9876500734,Female,1990-09-01,Chennai,76095
1736,Amit,Verma,user735@example.com,9876500735,,1988-10-06,Mumbai,-1000
1737,Priya,Gupta,user736@example.com,9876500736,,1972-02-15,Mumbai,52903
1738,Sneha,Gupta,user737@example.com,9876500737,Male,2016-11-14,Bangalore,48149
1739,Neha,Kumar,user738@example.com,9876500738,Other,2018-12-05,Chennai,75428
1740,Sneha,Joshi,user739@example.com,9876500739,Female,2015-12-10,Mumbai,66677
1741,Neha,Rao,invalid@,9876500740,Male,2005-07-06,Pune,63888
1742,Sneha,Patel,user741@example.com,9876500741,Other,1975-06-25,Kolkata,98545
1743,Vijay,Rao,user742@example.com,9876500742,Female,2001-11-13,Chennai,48896
1744,Sameer,Verma,user743@example.com,9876500743,,2010-05-27,Pune,46132
1745,Sameer,Kumar,user744@example.com,9876500744,Female,1992-01-28,Bangalore,82031
1746,Kavya,Verma,user745@example.com,9876500745,Other,1997-07-04,Bangalore,79340
1747,Anjali,Rao,user746@example.com,9876500746,,1981-06-20,Mumbai,44118
1748,Sameer,Verma,user747@example.com,9876500747,,2008-01-08,Delhi,66580
1749,Sameer,Gupta,user748@example.com,9876500748,Female,1987-05-21,Ahmedabad,29129
1750,Rakesh,Joshi,user749@example.com,9876500749,Male,2050-01-01,Hyderabad,70960
1751,Rakesh,Reddy,user750@example.com,,,2006-06-23,Pune,556343
1752,Kavya,Rao,user751@example.com,9876500751,,1991-05-05,Pune,60082
1753,Anjali,Patel,user752@example.com,9876500752,,2006-09-10,Hyderabad,42201
1754,Priya,Patel,user753@example.com,9876500753,Female,2016-11-22,Hyderabad,88895
1755,Rakesh,Gupta,user754@example.com,9876500754,Male,1986-11-15,Chennai,70247
1756,Priya,Joshi,user755@example.com,9876500755,,2013-08-06,Chennai,84872
1757,Arjun,Mehta,user756@example.com,9876500756,Female,2015-11-18,Bangalore,62902
1758,Rakesh,Mehta,user757@example.com,9876500757,Male,1986-03-03,Kolkata,88794
1759,Vijay,Singh,user758@example.com,9876500758,Male,2003-08-12,Delhi,27641
1760,Anjali,Singh,user759@example.com,9876500759,Other,1985-07-30,Bangalore,65116
1761,Kavya,Rao,,9876500760,Male,2012-02-10,Mumbai,88902
1762,Arjun,Gupta,user761@example.com,9876500761,Female,2012-06-17,Delhi,25379
1763,Anjali,Gupta,user762@example.com,9876500762,,1988-11-19,Mumbai,67584
1764,Vijay,Verma,user763@example.com,9876500763,,1974-04-14,Pune,76542
1765,Anjali,Patel,user764@example.com,9876500764,Other,2014-09-21,Hyderabad,57311
1766,Vijay,Patel,user765@example.com,9876500765,Female,2007-12-23,Bangalore,-1000
1767,Vijay,Patel,user766@example.com,9876500766,Male,2008-12-06,Chennai,85093
1768,Priya,Kumar,user767@example.com,9876500767,Other,2015-01-06,Hyderabad,52636
1769,Sneha,Joshi,user768@example.com,9876500768,,1998-06-02,Bangalore,57263
1770,Arjun,Sharma,user769@example.com,9876500769,Female,1978-01-27,Ahmedabad,41770
1771,Anjali,Verma,user770@example.com,9876500770,Other,1978-08-01,Delhi,71353
1772,Neha,Mehta,user771@example.com,9876500771,,2019-03-16,Kolkata,69049
1773,Arjun,Gupta,user772@example.com,9876500772,Other,1994-07-23,Pune,65046
1774,Sneha,Mehta,user773@example.com,9876500773,,1980-01-27,Ahmedabad,67013
1775,Arjun,Kumar,user774@example.com,9876500774,Female,2050-01-01,Ahmedabad,47856
1776,Sameer,Mehta,user775@example.com,123,Other,2017-08-04,Bangalore,36422
1777,Neha,Patel,user776@example.com,9876500776,Male,1979-02-26,Delhi,73884
1778,Sneha,Reddy,user777@example.com,9876500777,Female,1980-12-28,Bangalore,61037
1779,Priya,Verma,user778@example.com,9876500778,Other,1983-12-26,Hyderabad,44378
1780,Anjali,Reddy,user779@example.com,9876500779,Other,2002-07-02,Delhi,50499
1781,Amit,Singh,invalid@,9876500780,Female,1981-11-07,Hyderabad,833708
1782,Sneha,Reddy,user781@example.com,9876500781,,1982-09-30,Ahmedabad,82228
1783,Kavya,Sharma,user782@example.com,9876500782,Male,1986-01-15,Mumbai,78258
1784,Anjali,Gupta,user783@example.com,9876500783,Female,1985-05-22,Pune,64174
1785,Sneha,Kumar,user784@example.com,9876500784,Male,1994-12-13,Hyderabad,51359
1786,Sameer,Gupta,user785@example.com,9876500785,Male,1989-03-06,Ahmedabad,91445
1787,Amit,Sharma,user786@example.com,9876500786,Female,1973-05-27,Bangalore,58532
1788,Sameer,Gupta,user787@example.com,9876500787,Other,2015-01-29,Kolkata,70411
1789,Amit,Reddy,user788@example.com,9876500788,,1977-04-15,Kolkata,47989
1790,Kavya,Joshi,user789@example.com,9876500789,Male,1983-02-20,Pune,60234
1791,Anjali,Gupta,user790@example.com,9876500790,Male,2050-01-01,Hyderabad,11670
1792,Priya,Singh,user791@example.com,9876500791,Other,1978-08-24,Ahmedabad,52424
1793,Sameer,Verma,user792@example.com,9876500792,Female,1982-12-01,Delhi,34528
1794,Sameer,Verma,user793@example.com,9876500793,,1984-08-11,Kolkata,69344
1795,Vijay,Mehta,user794@example.com,9876500794,Male,1989-08-14,Bangalore,53084
1796,Amit,Rao,user795@example.com,9876500795,Male,1996-01-17,Kolkata,-1000
1797,Rakesh,Reddy,user796@example.com,9876500796,Female,2010-04-29,Ahmedabad,107607
1798,Anjali,Patel,user797@example.com,9876500797,Other,2007-08-29,Delhi,44572
1799,Amit,Sharma,user798@example.com,9876500798,,1984-04-06,Delhi,67438
1800,Vijay,Kumar,user799@example.com,9876500799,Other,invalid,Delhi,69387
1801,Arjun,Reddy,,,Male,1990-12-07,Kolkata,46003
1802,Amit,Verma,user801@example.com,9876500801,Male,1985-09-19,Pune,87069
1803,Priya,Mehta,user802@example.com,9876500802,,1981-05-17,Bangalore,97926
1804,Anjali,Gupta,user803@example.com,9876500803,Other,1977-04-19,Delhi,88989
1805,Vijay,Patel,user804@example.com,9876500804,,1986-06-24,Ahmedabad,45923
1806,Arjun,Patel,user805@example.com,9876500805,,1985-08-23,Delhi,50943
1807,Neha,Rao,user806@example.com,9876500806,,2005-10-15,Bangalore,24462
1808,Vijay,Joshi,user807@example.com,9876500807,,2011-12-19,Hyderabad,61365
1809,Neha,Rao,user808@example.com,9876500808,Other,1972-10-23,Chennai,62796
1810,Anjali,Gupta,user809@example.com,9876500809,Male,1982-04-01,Hyderabad,80588
1811,Sameer,Reddy,user810@example.com,9876500810,,1982-10-12,Chennai,1002667
1812,Vijay,Singh,user811@example.com,9876500811,Other,2016-06-18,Hyderabad,39823
1813,Kavya,Sharma,user812@example.com,9876500812,,2013-08-24,Pune,67769
1814,Neha,Patel,user813@example.com,9876500813,Other,1971-11-16,Delhi,60481
1815,Priya,Kumar,user814@example.com,9876500814,,1978-12-13,Ahmedabad,61972
1816,Kavya,Reddy,user815@example.com,9876500815,Other,2011-08-07,Bangalore,96285
1817,Sneha,Kumar,user816@example.com,9876500816,,1971-10-21,Kolkata,66914
1818,Sneha,Mehta,user817@example.com,9876500817,Male,1973-07-20,Delhi,75995
1819,Arjun,Kumar,user818@example.com,9876500818,,1974-03-06,Hyderabad,74479
1820,Sameer,Patel,user819@example.com,9876500819,Female,1998-02-17,Kolkata,69361
1821,Anjali,Patel,invalid@,9876500820,Male,1989-07-30,Pune,49658
1822,Vijay,Patel,user821@example.com,9876500821,Other,1991-05-03,Mumbai,102433
1823,Rakesh,Reddy,user822@example.com,9876500822,Other,1988-01-31,Chennai,64319
1824,Priya,Reddy,user823@example.com,9876500823,Female,2011-03-20,Ahmedabad,75622
1825,Neha,Sharma,user824@example.com,9876500824,Other,1985-11-07,Hyderabad,70076
1826,Anjali,Verma,user825@example.com,123,Male,1990-04-26,Hyderabad,-1000
1827,Kavya,Joshi,user826@example.com,9876500826,Male,1985-10-02,Chennai,44156
1828,Sneha,Gupta,user827@example.com,9876500827,,2012-07-23,Hyderabad,67279
1829,Priya,Gupta,user828@example.com,9876500828,,1983-12-27,Delhi,48008
1830,Rakesh,Mehta,user829@example.com,9876500829,Other,1984-05-14,Delhi,73060
1831,Vijay,Rao,user830@example.com,9876500830,Female,1993-01-01,Mumbai,46796
1832,Arjun,Sharma,user831@example.com,9876500831,Male,2016-07-25,Bangalore,65338
1833,Rakesh,Verma,user832@example.com,9876500832,Male,1997-05-16,Kolkata,30850
1834,Priya,Singh,user833@example.com,9876500833,Male,1984-05-28,Hyderabad,81718
1835,Rakesh,Mehta,user834@example.com,9876500834,,1981-09-08,Kolkata,74019
1836,Priya,Reddy,user835@example.com,9876500835,,1986-05-21,Hyderabad,74953
1837,Priya,Verma,user836@example.com,9876500836,Other,1970-01-11,Kolkata,63186
1838,Amit,Patel,user837@example.com,9876500837,Female,2016-12-09,Mumbai,51057
1839,Neha,Reddy,user838@example.com,9876500838,,1973-03-23,Kolkata,96559
1840,Sneha,Rao,user839@example.com,9876500839,,1995-02-07,Hyderabad,98329
1841,Amit,Rao,,9876500840,,1976-07-17,Hyderabad,635713
1842,Vijay,Gupta,user841@example.com,9876500841,Male,1987-06-05,Bangalore,53572
1843,Amit,Joshi,user842@example.com,9876500842,Female,2013-03-13,Delhi,30430
1844,Sameer,Joshi,user843@example.com,9876500843,Other,2002-06-27,Mumbai,69503
1845,Sameer,Singh,user844@example.com,9876500844,,2003-10-02,Chennai,51630
1846,Sneha,Reddy,user845@example.com,9876500845,Male,2018-12-01,Kolkata,55407
1847,Rakesh,Reddy,user846@example.com,9876500846,,invalid,Chennai,84280
1848,Neha,Rao,user847@example.com,9876500847,,1980-03-30,Kolkata,45752
1849,Sneha,Patel,user848@example.com,9876500848,Other,1989-12-12,Hyderabad,103376
1850,Priya,Patel,user849@example.com,9876500849,Other,1980-07-06,Delhi,44658
1851,Kavya,Kumar,user850@example.com,,,1990-10-04,Mumbai,24060
1852,Neha,Patel,user851@example.com,9876500851,Other,2008-09-15,Delhi,51838
1853,Neha,Verma,user852@example.com,9876500852,Male,1984-05-04,Hyderabad,72135
1854,Priya,Joshi,user853@example.com,9876500853,Male,2004-03-27,Hyderabad,67732
1855,Priya,Patel,user854@example.com,9876500854,Male,2050-01-01,Hyderabad,68660
1856,Arjun,Sharma,user855@example.com,9876500855,,1984-06-27,Chennai,-1000
1857,Sneha,Reddy,user856@example.com,9876500856,,1984-05-14,Hyderabad,54977
1858,Priya,Patel,user857@example.com,9876500857,Other,1994-03-21,Hyderabad,40209
1859,Sameer,Kumar,user858@example.com,9876500858,,2002-02-15,Chennai,67589
1860,Vijay,Singh,user859@example.com,9876500859,Male,1987-12-24,Delhi,86135
1861,Kavya,Singh,invalid@,9876500860,Female,1972-05-02,Kolkata,65283
1862,Sneha,Rao,user861@example.com,9876500861,Male,1996-09-14,Delhi,49784
1863,Anjali,Patel,user862@example.com,9876500862,Female,2003-03-26,Pune,67919
1864,Sameer,Reddy,user863@example.com,9876500863,Other,1999-10-04,Mumbai,94276
1865,Rakesh,Reddy,user864@example.com,9876500864,,2010-10-23,Hyderabad,60919
1866,Priya,Joshi,user865@example.com,9876500865,,2018-06-20,Pune,40267
1867,Anjali,Singh,user866@example.com,9876500866,,2015-03-11,Hyderabad,69396
1868,Priya,Rao,user867@example.com,9876500867,Male,1981-08-25,Delhi,76792
1869,Neha,Patel,user868@example.com,9876500868,Male,2014-06-18,Ahmedabad,82344
1870,Sameer,Singh,user869@example.com,9876500869,Female,1993-04-08,Hyderabad,78944
1871,Neha,Singh,user870@example.com,9876500870,,2003-05-02,Chennai,683218
1872,Arjun,Reddy,user871@example.com,9876500871,Other,1975-03-12,Bangalore,48324
1873,Neha,Patel,user872@example.com,9876500872,Male,2005-04-05,Mumbai,45334
1874,Arjun,Mehta,user873@example.com,9876500873,,1986-05-13,Mumbai,58237
1875,Arjun,Patel,user874@example.com,9876500874,,1980-09-16,Chennai,77305
1876,Anjali,Verma,user875@example.com,123,Female,2014-09-24,Bangalore,51988
1877,Priya,Singh,user876@example.com,9876500876,Male,2050-01-01,Pune,55187
1878,Rakesh,Joshi,user877@example.com,9876500877,Male,2017-09-14,Bangalore,47292
1879,Neha,Mehta,user878@example.com,9876500878,Other,1996-03-27,Ahmedabad,96215
1880,Sameer,Kumar,user879@example.com,9876500879,Male,1980-09-09,Delhi,60558
1881,Arjun,Rao,,9876500880,,1983-05-09,Bangalore,78432
1882,Priya,Patel,user881@example.com,9876500881,,1992-10-01,Hyderabad,96605
1883,Kavya,Joshi,user882@example.com,9876500882,,1971-12-05,Kolkata,45966
1884,Sneha,Kumar,user883@example.com,9876500883,,1984-12-23,Bangalore,80179
1885,Anjali,Kumar,user884@example.com,9876500884,,1987-08-20,Delhi,63137
1886,Rakesh,Singh,user885@example.com,9876500885,Male,1975-07-18,Chennai,-1000
1887,Amit,Verma,user886@example.com,9876500886,,2013-02-15,Mumbai,49153
1888,Anjali,Singh,user887@example.com,9876500887,,2004-11-08,Chennai,69285
1889,Kavya,Rao,user888@example.com,9876500888,Other,1981-11-24,Kolkata,77687
1890,Sneha,Mehta,user889@example.com,9876500889,,1997-10-15,Hyderabad,51309
1891,Kavya,Reddy,user890@example.com,9876500890,Female,1985-06-05,Ahmedabad,60847
1892,Neha,Sharma,user891@example.com,9876500891,Female,2017-08-03,Chennai,62186
1893,Arjun,Mehta,user892@example.com,9876500892,Female,2015-12-20,Bangalore,86876
1894,Rakesh,Rao,user893@example.com,9876500893,Male,2050-01-01,Bangalore,109359
1895,Vijay,Reddy,user894@example.com,9876500894,,1970-09-01,Mumbai,96538
1896,Arjun,Kumar,user895@example.com,9876500895,Other,1976-08-11,Ahmedabad,93762
1897,Vijay,Mehta,user896@example.com,9876500896,Male,1980-07-23,Delhi,-18722
1898,Sneha,Reddy,user897@example.com,9876500897,,1987-02-24,Delhi,67653
1899,Priya,Patel,user898@example.com,9876500898,Other,2011-07-30,Pune,66279
1900,Amit,Singh,user899@example.com,9876500899,Other,2013-04-04,Ahmedabad,81014
1901,Sameer,Sharma,invalid@,,Other,1993-08-12,Ahmedabad,361830
1902,Arjun,Joshi,user901@example.com,9876500901,Female,2004-02-22,Bangalore,79505
1903,Rakesh,Patel,user902@example.com,9876500902,Female,2007-09-16,Pune,23293
1904,Kavya,Mehta,user903@example.com,9876500903,Female,1973-02-15,Delhi,85548
1905,Rakesh,Gupta,user904@example.com,9876500904,Other,1981-04-19,Hyderabad,32032
1906,Sneha,Reddy,user905@example.com,9876500905,Other,2010-09-11,Hyderabad,89497
1907,Vijay,Kumar,user906@example.com,9876500906,Female,2007-03-12,Kolkata,88495
1908,Kavya,Kumar,user907@example.com,9876500907,Other,1981-06-29,Ahmedabad,58324
1909,Sameer,Gupta,user908@example.com,9876500908,Female,1985-12-12,Ahmedabad,73767
1910,Sameer,Mehta,user909@example.com,9876500909,Female,2003-02-14,Mumbai,64936
1911,Arjun,Kumar,user910@example.com,9876500910,Female,2003-03-04,Delhi,35426
1912,Sneha,Verma,user911@example.com,9876500911,,2018-08-31,Mumbai,76254
1913,Priya,Kumar,user912@example.com,9876500912,Other,1983-06-27,Hyderabad,88745
1914,Sneha,Sharma,user913@example.com,9876500913,Male,2016-07-19,Pune,58550
1915,Vijay,Verma,user914@example.com,9876500914,Female,1976-10-05,Ahmedabad,77773
1916,Rakesh,Rao,user915@example.com,9876500915,Male,2004-02-20,Pune,-1000
1917,Sameer,Rao,user916@example.com,9876500916,,1977-05-26,Chennai,83362
1918,Rakesh,Reddy,user917@example.com,9876500917,Other,1987-02-18,Mumbai,65203
1919,Rakesh,Verma,user918@example.com,9876500918,Female,1992-03-11,Delhi,64701
1920,Rakesh,Patel,user919@example.com,9876500919,Female,1978-09-01,Ahmedabad,74383
1921,Sameer,Reddy,,9876500920,Female,invalid,Chennai,95583
1922,Anjali,Patel,user921@example.com,9876500921,Male,1998-09-14,Chennai,75530
1923,Neha,Sharma,user922@example.com,9876500922,,2010-05-29,Delhi,43354
1924,Vijay,Singh,user923@example.com,9876500923,Other,1982-02-17,Pune,50637
1925,Anjali,Mehta,user924@example.com,9876500924,,1995-04-18,Chennai,63560
1926,Vijay,Verma,user925@example.com,123,Female,1986-05-29,Bangalore,74923
1927,Kavya,Gupta,user926@example.com,9876500926,,2003-07-16,Delhi,41766
1928,Sneha,Joshi,user927@example.com,9876500927,Male,1988-01-24,Chennai,71986
1929,Sneha,Mehta,user928@example.com,9876500928,,1973-11-08,Delhi,82782
1930,Amit,Sharma,user929@example.com,9876500929,,1995-03-12,Delhi,54995
1931,Sneha,Verma,user930@example.com,9876500930,Other,1985-03-20,Ahmedabad,1044191
1932,Sameer,Rao,user931@example.com,9876500931,Other,2012-06-24,Pune,50147
1933,Priya,Mehta,user932@example.com,9876500932,,1979-04-30,Hyderabad,69030
1934,Arjun,Patel,user933@example.com,9876500933,Other,2002-04-17,Pune,23228
1935,Amit,Gupta,user934@example.com,9876500934,Male,2050-01-01,Ahmedabad,58664
1936,Arjun,Mehta,user935@example.com,9876500935,Female,1992-04-02,Delhi,62023
1937,Vijay,Joshi,user936@example.com,9876500936,Female,2050-01-01,Delhi,56442
1938,Arjun,Sharma,user937@example.com,9876500937,,1974-03-26,Hyderabad,50258
1939,Arjun,Sharma,user938@example.com,9876500938,Female,2015-03-24,Bangalore,54654
1940,Amit,Reddy,user939@example.com,9876500939,,1977-10-30,Chennai,77672
1941,Kavya,Sharma,invalid@,9876500940,Other,2005-10-01,Delhi,26634
1942,Rakesh,Reddy,user941@example.com,9876500941,Other,1986-06-09,Chennai,27793
1943,Sneha,Sharma,user942@example.com,9876500942,Male,1973-06-18,Mumbai,55169
1944,Sneha,Joshi,user943@example.com,9876500943,Female,2015-04-23,Chennai,62558
1945,Sameer,Sharma,user944@example.com,9876500944,Male,2004-07-13,Hyderabad,49347
1946,Amit,Gupta,user945@example.com,9876500945,,2013-11-10,Delhi,-1000
1947,Sameer,Singh,user946@example.com,9876500946,Male,2012-08-25,Hyderabad,77404
1948,Priya,Rao,user947@example.com,9876500947,,1994-02-15,Bangalore,84576
1949,Priya,Gupta,user948@example.com,9876500948,,1988-05-31,Mumbai,91464
1950,Sameer,Sharma,user949@example.com,9876500949,Male,1988-08-28,Bangalore,38512
1951,Amit,Verma,user950@example.com,,Other,2014-04-25,Chennai,49573
1952,Sameer,Patel,user951@example.com,9876500951,,1980-11-16,Bangalore,47456
1953,Sneha,Singh,user952@example.com,9876500952,Male,1990-10-17,Chennai,85220
1954,Anjali,Rao,user953@example.com,9876500953,Other,2015-12-17,Pune,52346
1955,Neha,Patel,user954@example.com,9876500954,Male,1989-09-17,Chennai,71141
1956,Arjun,Gupta,user955@example.com,9876500955,Female,1987-02-25,Ahmedabad,36700
1957,Neha,Joshi,user956@example.com,9876500956,,2013-06-18,Bangalore,52127
1958,Amit,Joshi,user957@example.com,9876500957,Female,1982-04-08,Delhi,47062
1959,Neha,Patel,user958@example.com,9876500958,Female,1988-02-15,Pune,78668
1960,Priya,Verma,user959@example.com,9876500959,,1977-02-20,Kolkata,40066
1961,Vijay,Patel,,9876500960,Other,1995-09-09,Mumbai,1006928
1962,Arjun,Gupta,user961@example.com,9876500961,,2050-01-01,Chennai,69311
1963,Rakesh,Patel,user962@example.com,9876500962,Female,2017-01-07,Ahmedabad,50435
1964,Amit,Rao,user963@example.com,9876500963,,1974-02-03,Pune,71826
1965,Arjun,Verma,user964@example.com,9876500964,Other,2009-05-24,Bangalore,48726
1966,Neha,Kumar,user965@example.com,9876500965,Male,1988-05-16,Kolkata,43753
1967,Priya,Mehta,user966@example.com,9876500966,Female,1972-03-31,Kolkata,78965
1968,Kavya,Kumar,user967@example.com,9876500967,Other,2003-06-25,Pune,92378
1969,Anjali,Reddy,user968@example.com,9876500968,,2018-11-12,Delhi,72619
1970,Rakesh,Patel,user969@example.com,9876500969,Other,2000-10-27,Delhi,40422
1971,Anjali,Joshi,user970@example.com,9876500970,Male,2002-05-30,Delhi,48676
1972,Arjun,Kumar,user971@example.com,9876500971,Other,2003-06-17,Ahmedabad,95580
1973,Priya,Sharma,user972@example.com,9876500972,,1980-11-09,Hyderabad,80887
1974,Priya,Gupta,user973@example.com,9876500973,Female,2005-09-12,Kolkata,42449
1975,Neha,Kumar,user974@example.com,9876500974,Female,1996-01-13,Pune,50731
1976,Sneha,Singh,user975@example.com,123,,2015-05-10,Hyderabad,-1000
1977,Neha,Verma,user976@example.com,9876500976,,2050-01-01,Pune,62121
1978,Sneha,Gupta,user977@example.com,9876500977,,1995-01-22,Kolkata,106780
1979,Sneha,Joshi,user978@example.com,9876500978,,2017-07-26,Bangalore,50368
1980,Rakesh,Reddy,user979@example.com,9876500979,Male,1997-02-25,Mumbai,76986
1981,Neha,Kumar,invalid@,9876500980,,2010-02-14,Hyderabad,70946
1982,Kavya,Verma,user981@example.com,9876500981,Female,1971-12-08,Delhi,31805
1983,Sameer,Mehta,user982@example.com,9876500982,,1983-04-10,Mumbai,17135
1984,Sameer,Verma,user983@example.com,9876500983,Male,2005-04-20,Kolkata,57305
1985,Neha,Verma,user984@example.com,9876500984,,1982-09-24,Kolkata,73368
1986,Neha,Gupta,user985@example.com,9876500985,,2001-10-18,Mumbai,96796
1987,Anjali,Mehta,user986@example.com,9876500986,,1988-01-23,Delhi,49347
1988,Rakesh,Verma,user987@example.com,9876500987,,2008-02-29,Hyderabad,74491
1989,Neha,Singh,user988@example.com,9876500988,,1993-08-02,Hyderabad,59195
1990,Anjali,Kumar,user989@example.com,9876500989,,1997-09-02,Delhi,99547
1991,Sneha,Kumar,user990@example.com,9876500990,Other,2003-08-13,Hyderabad,642000
1992,Priya,Singh,user991@example.com,9876500991,Male,2012-04-18,Bangalore,56202
1993,Priya,Kumar,user992@example.com,9876500992,,2005-12-16,Ahmedabad,68408
1994,Sneha,Verma,user993@example.com,9876500993,,2001-02-21,Delhi,68856
1995,Amit,Reddy,user994@example.com,9876500994,,1982-09-21,Mumbai,92927
1996,Anjali,Verma,user995@example.com,9876500995,,2007-07-14,Hyderabad,65101
1997,Anjali,Gupta,user996@example.com,9876500996,,invalid,Hyderabad,73606
1998,Sneha,Sharma,user997@example.com,9876500997,Female,2005-01-01,Kolkata,31918
1999,Kavya,Reddy,user998@example.com,9876500998,Female,2000-11-18,Bangalore,41892
2000,Vijay,Joshi,user999@example.com,9876500999,Female,2012-02-22,Hyderabad,57471
2001,Arjun,Joshi,,,Female,2000-01-28,Pune,67075
2002,Sneha,Reddy,user1001@example.com,9876501001,Other,1976-12-11,Kolkata,49766
2003,Neha,Verma,user1002@example.com,9876501002,,1988-11-01,Bangalore,70670
2004,Neha,Patel,user1003@example.com,9876501003,Other,2010-07-03,Delhi,54533
2005,Rakesh,Sharma,user1004@example.com,9876501004,,1990-05-14,Kolkata,98965
2006,Sneha,Singh,user1005@example.com,9876501005,Male,1982-09-09,Chennai,-1000
2007,Rakesh,Verma,user1006@example.com,9876501006,Other,2016-05-30,Delhi,73616
2008,Sneha,Reddy,user1007@example.com,9876501007,Female,2015-03-10,Ahmedabad,60634
2009,Anjali,Patel,user1008@example.com,9876501008,Female,1988-07-13,Bangalore,63139
2010,Arjun,Verma,user1009@example.com,9876501009,,1993-04-17,Delhi,75927
2011,Anjali,Patel,user1010@example.com,9876501010,,2012-01-18,Mumbai,67759
2012,Vijay,Reddy,user1011@example.com,9876501011,Male,1971-09-13,Mumbai,54566
2013,Priya,Verma,user1012@example.com,9876501012,Other,1971-03-30,Bangalore,71700
2014,Sameer,Mehta,user1013@example.com,9876501013,,2007-11-14,Kolkata,61830
2015,Sneha,Kumar,user1014@example.com,9876501014,,1972-08-16,Ahmedabad,76652
2016,Vijay,Reddy,user1015@example.com,9876501015,Other,2050-01-01,Chennai,87952
2017,Priya,Joshi,user1016@example.com,9876501016,Other,1972-02-02,Bangalore,84840
2018,Amit,Joshi,user1017@example.com,9876501017,Other,2011-04-05,Ahmedabad,43756
2019,Arjun,Sharma,user1018@example.com,9876501018,Other,2007-07-03,Mumbai,4425
2020,Rakesh,Rao,user1019@example.com,9876501019,Female,2011-06-04,Delhi,110152
2021,Rakesh,Joshi,invalid@,9876501020,,1992-12-19,Pune,754923
2022,Anjali,Rao,user1021@example.com,9876501021,,2015-07-28,Delhi,72546
2023,Neha,Mehta,user1022@example.com,9876501022,Female,1988-06-21,Mumbai,50764
2024,Priya,Reddy,user1023@example.com,9876501023,,1986-02-16,Chennai,23999
2025,Amit,Patel,user1024@example.com,9876501024,Other,1986-07-29,Kolkata,24940
2026,Vijay,Sharma,user1025@example.com,123,Male,1973-07-04,Mumbai,58254
2027,Arjun,Kumar,user1026@example.com,9876501026,,2015-03-25,Delhi,68060
2028,Priya,Singh,user1027@example.com,9876501027,Male,1991-07-27,Delhi,98704
2029,Amit,Rao,user1028@example.com,9876501028,Male,1976-12-20,Chennai,69863
2030,Sameer,Kumar,user1029@example.com,9876501029,Female,2009-07-22,Chennai,78394
2031,Sneha,Sharma,user1030@example.com,9876501030,,2001-12-21,Mumbai,54347
2032,Rakesh,Sharma,user1031@example.com,9876501031,,1993-06-09,Delhi,55844
2033,Vijay,Joshi,user1032@example.com,9876501032,Female,1980-01-11,Kolkata,35533
2034,Rakesh,Kumar,user1033@example.com,9876501033,Female,2013-02-01,Pune,40434
2035,Vijay,Verma,user1034@example.com,9876501034,Male,2005-09-29,Hyderabad,40237
2036,Anjali,Gupta,user1035@example.com,9876501035,,1988-06-04,Pune,-1000
2037,Neha,Sharma,user1036@example.com,9876501036,Female,2005-01-15,Bangalore,31722
2038,Vijay,Rao,user1037@example.com,9876501037,Other,1983-03-02,Pune,48774
2039,Rakesh,Singh,user1038@example.com,9876501038,Female,1992-01-14,Mumbai,64216
2040,Anjali,Singh,user1039@example.com,9876501039,Other,2005-11-20,Mumbai,16939
2041,Vijay,Mehta,,9876501040,,1987-11-08,Bangalore,94644
2042,Sameer,Mehta,user1041@example.com,9876501041,Other,2016-05-07,Kolkata,100630
2043,Neha,Joshi,user1042@example.com,9876501042,Other,1979-05-17,Ahmedabad,85659
2044,Vijay,Verma,user1043@example.com,9876501043,Male,1982-04-11,Kolkata,72837
2045,Anjali,Joshi,user1044@example.com,9876501044,Female,2004-04-19,Bangalore,71520
2046,Priya,Singh,user1045@example.com,9876501045,,1989-06-29,Ahmedabad,75629
2047,Kavya,Patel,user1046@example.com,9876501046,Female,2017-11-11,Ahmedabad,66722
2048,Amit,Singh,user1047@example.com,9876501047,Other,1999-05-07,Delhi,68639
2049,Kavya,Sharma,user1048@example.com,9876501048,Other,2012-02-03,Chennai,31778
2050,Kavya,Kumar,user1049@example.com,9876501049,Female,1984-11-18,Pune,67323
2051,Arjun,Kumar,user1050@example.com,,,2003-10-30,Kolkata,749730
2052,Sameer,Sharma,user1051@example.com,9876501051,,1974-09-16,Ahmedabad,71765
2053,Priya,Sharma,user1052@example.com,9876501052,Male,1985-10-17,Hyderabad,87961
2054,Sneha,Singh,user1053@example.com,9876501053,Other,2002-07-13,Delhi,94386
2055,Vijay,Kumar,user1054@example.com,9876501054,Other,1995-02-05,Bangalore,54492
2056,Amit,Kumar,user1055@example.com,9876501055,Male,2015-12-29,Hyderabad,42316
2057,Neha,Reddy,user1056@example.com,9876501056,Female,1994-10-04,Bangalore,90116
2058,Priya,Kumar,user1057@example.com,9876501057,Other,2002-10-09,Hyderabad,78305
2059,Rakesh,Sharma,user1058@example.com,9876501058,Female,1989-09-21,Kolkata,53545
2060,Sneha,Mehta,user1059@example.com,9876501059,,1982-09-16,Kolkata,60532
2061,Arjun,Verma,invalid@,9876501060,,2009-05-10,Ahmedabad,58920
2062,Arjun,Patel,user1061@example.com,9876501061,Male,2009-10-29,Kolkata,70416
2063,Priya,Sharma,user1062@example.com,9876501062,Other,2016-11-20,Delhi,93733
2064,Anjali,Kumar,user1063@example.com,9876501063,Male,2008-08-11,Mumbai,47088
2065,Kavya,Rao,user1064@example.com,9876501064,,1971-08-15,Kolkata,70852
2066,Rakesh,Singh,user1065@example.com,9876501065,,1972-01-20,Chennai,-1000
2067,Arjun,Singh,user1066@example.com,9876501066,,1976-01-29,Chennai,25260
2068,Amit,Verma,user1067@example.com,9876501067,,1994-09-21,Pune,115096
2069,Arjun,Sharma,user1068@example.com,9876501068,,2010-06-17,Ahmedabad,69188
2070,Neha,Verma,user1069@example.com,9876501069,Female,2000-12-31,Mumbai,88130
2071,Vijay,Mehta,user1070@example.com,9876501070,Female,2001-12-17,Hyderabad,32642
2072,Arjun,Gupta,user1071@example.com,9876501071,,1993-11-21,Pune,103543
2073,Neha,Joshi,user1072@example.com,9876501072,Female,2004-08-24,Hyderabad,57951
2074,Priya,Rao,user1073@example.com,9876501073,,1997-04-14,Mumbai,18933
2075,Priya,Joshi,user1074@example.com,9876501074,Female,1990-07-23,Chennai,36554
2076,Sneha,Gupta,user1075@example.com,123,Male,2011-04-27,Delhi,40427
2077,Arjun,Rao,user1076@example.com,9876501076,Female,1977-01-14,Kolkata,49532
2078,Amit,Joshi,user1077@example.com,9876501077,Male,1970-09-22,Ahmedabad,39203
2079,Arjun,Rao,user1078@example.com,9876501078,Other,2013-11-16,Mumbai,81209
2080,Amit,Verma,user1079@example.com,9876501079,Male,2006-07-20,Hyderabad,68580
2081,Sameer,Patel,,9876501080,Male,1993-06-22,Mumbai,752255
2082,Sneha,Reddy,user1081@example.com,9876501081,,2001-06-15,Mumbai,73600
2083,Sameer,Rao,user1082@example.com,9876501082,,1995-08-16,Chennai,60098
2084,Arjun,Gupta,user1083@example.com,9876501083,,1999-03-20,Ahmedabad,33811
2085,Sneha,Verma,user1084@example.com,9876501084,Male,1971-01-24,Delhi,34773
2086,Sameer,Reddy,user1085@example.com,9876501085,,1975-09-03,Delhi,35623
2087,Kavya,Verma,user1086@example.com,9876501086,,2010-12-25,Mumbai,43160
2088,Arjun,Mehta,user1087@example.com,9876501087,,2009-07-29,Delhi,98868
2089,Sameer,Kumar,user1088@example.com,9876501088,Male,1991-06-20,Pune,35083
2090,Kavya,Singh,user1089@example.com,9876501089,Other,2002-06-11,Delhi,94563
2091,Kavya,Mehta,user1090@example.com,9876501090,Other,1998-07-24,Mumbai,43916
2092,Priya,Gupta,user1091@example.com,9876501091,Female,invalid,Pune,37896
2093,Arjun,Sharma,user1092@example.com,9876501092,Other,2010-12-25,Hyderabad,73431
2094,Kavya,Sharma,user1093@example.com,9876501093,,2005-08-13,Ahmedabad,90344
2095,Priya,Singh,user1094@example.com,9876501094,,2010-04-20,Bangalore,32514
2096,Sameer,Verma,user1095@example.com,9876501095,Female,1977-10-30,Chennai,-1000
2097,Neha,Patel,user1096@example.com,9876501096,,1976-07-21,Delhi,88742
2098,Arjun,Gupta,user1097@example.com,9876501097,,2008-07-31,Kolkata,83217
2099,Sneha,Singh,user1098@example.com,9876501098,,1975-08-13,Pune,34101
2100,Amit,Reddy,user1099@example.com,9876501099,Male,1978-07-19,Bangalore,60901
2101,Amit,Reddy,invalid@,,Male,1994-12-17,Ahmedabad,32818
2102,Sameer,Sharma,user1101@example.com,9876501101,Male,1983-08-12,Bangalore,72482
2103,Anjali,Kumar,user1102@example.com,9876501102,Other,2002-03-21,Hyderabad,68310
2104,Anjali,Verma,user1103@example.com,9876501103,Male,1979-03-09,Ahmedabad,76301
2105,Sameer,Sharma,user1104@example.com,9876501104,,1982-04-02,Mumbai,45899
2106,Kavya,Patel,user1105@example.com,9876501105,Other,1979-04-21,Mumbai,51019
2107,Arjun,Singh,user1106@example.com,9876501106,Male,1987-03-14,Chennai,84769
2108,Amit,Rao,user1107@example.com,9876501107,,2003-12-26,Chennai,85619
2109,Amit,Patel,user1108@example.com,9876501108,,2013-02-15,Ahmedabad,98445
2110,Kavya,Rao,user1109@example.com,9876501109,,1985-02-12,Bangalore,93421
2111,Amit,Verma,user1110@example.com,9876501110,Female,1979-07-05,Chennai,320259
2112,Sneha,Singh,user1111@example.com,9876501111,,1985-01-03,Hyderabad,89482
2113,Arjun,Reddy,user1112@example.com,9876501112,,1987-01-01,Delhi,64310
2114,Vijay,Reddy,user1113@example.com,9876501113,,1993-08-11,Bangalore,79549
2115,Amit,Mehta,user1114@example.com,9876501114,Female,1995-06-23,Chennai,58238
2116,Sameer,Reddy,user1115@example.com,9876501115,,2005-12-26,Bangalore,46700
2117,Sneha,Gupta,user1116@example.com,9876501116,,1998-01-19,Kolkata,59305
2118,Amit,Mehta,user1117@example.com,9876501117,Female,2004-01-28,Delhi,66291
2119,Sneha,Mehta,user1118@example.com,9876501118,,1990-08-30,Bangalore,70802
2120,Priya,Reddy,user1119@example.com,9876501119,Other,1985-11-20,Bangalore,84472
2121,Vijay,Sharma,,9876501120,,1971-06-29,Pune,44245
2122,Rakesh,Kumar,user1121@example.com,9876501121,Male,1988-03-19,Ahmedabad,42504
2123,Sameer,Kumar,user1122@example.com,9876501122,Male,2013-12-13,Mumbai,32405
2124,Sameer,Gupta,user1123@example.com,9876501123,Other,1977-03-13,Chennai,60557
2125,Arjun,Joshi,user1124@example.com,9876501124,,1979-06-14,Kolkata,47507
2126,Sneha,Sharma,user1125@example.com,123,,1993-11-25,Chennai,-1000
2127,Kavya,Joshi,user1126@example.com,9876501126,,1973-12-07,Chennai,65492
2128,Sameer,Rao,user1127@example.com,9876501127,Male,2000-02-20,Ahmedabad,29347
2129,Sneha,Sharma,user1128@example.com,9876501128,Female,1978-05-21,Bangalore,53889
2130,Sneha,Singh,user1129@example.com,9876501129,Other,2015-07-27,Delhi,72253
2131,Neha,Joshi,user1130@example.com,9876501130,Female,1990-09-04,Delhi,66376
2132,Neha,Gupta,user1131@example.com,9876501131,,2005-11-26,Mumbai,57518
2133,Rakesh,Gupta,user1132@example.com,9876501132,,2012-11-19,Mumbai,64287
2134,Priya,Sharma,user1133@example.com,9876501133,,1982-01-29,Mumbai,59561
2135,Rakesh,Mehta,user1134@example.com,9876501134,Female,1983-04-04,Delhi,45073
2136,Amit,Singh,user1135@example.com,9876501135,,1991-10-19,Bangalore,41698
2137,Kavya,Verma,user1136@example.com,9876501136,,2016-10-28,Mumbai,118746
2138,Amit,Singh,user1137@example.com,9876501137,Male,1984-03-24,Mumbai,77573
2139,Anjali,Gupta,user1138@example.com,9876501138,Male,2000-05-16,Kolkata,86626
2140,Amit,Rao,user1139@example.com,9876501139,Other,1990-08-30,Delhi,77075
2141,Arjun,Joshi,invalid@,9876501140,Male,2009-08-28,Chennai,928598
2142,Amit,Joshi,user1141@example.com,9876501141,Male,2011-05-09,Bangalore,76465
2143,Rakesh,Rao,user1142@example.com,9876501142,Female,2010-03-12,Mumbai,22902
2144,Sameer,Patel,user1143@example.com,9876501143,Male,2008-08-10,Hyderabad,48234
2145,Sameer,Sharma,user1144@example.com,9876501144,Male,1997-05-25,Bangalore,69725
2146,Neha,Gupta,user1145@example.com,9876501145,Female,2050-01-01,Pune,69179
2147,Kavya,Kumar,user1146@example.com,9876501146,Male,1997-03-13,Chennai,67628
2148,Kavya,Reddy,user1147@example.com,9876501147,Male,2006-04-23,Chennai,42685
2149,Arjun,Rao,user1148@example.com,9876501148,Other,2006-03-02,Hyderabad,53773
2150,Rakesh,Rao,user1149@example.com,9876501149,Male,1992-07-05,Mumbai,69951
2151,Neha,Singh,user1150@example.com,,Male,2011-04-01,Hyderabad,65726
2152,Anjali,Sharma,user1151@example.com,9876501151,Other,1970-08-19,Mumbai,80509
2153,Kavya,Sharma,user1152@example.com,9876501152,Female,1990-08-10,Kolkata,43503
2154,Sameer,Kumar,user1153@example.com,9876501153,Male,1984-06-17,Delhi,74717
2155,Amit,Reddy,user1154@example.com,9876501154,,1973-06-05,Chennai,53542
2156,Amit,Sharma,user1155@example.com,9876501155,Female,1988-11-11,Hyderabad,-1000
2157,Neha,Mehta,user1156@example.com,9876501156,Female,2006-08-24,Kolkata,63884
2158,Rakesh,Gupta,user1157@example.com,9876501157,Male,2004-09-25,Pune,30371
2159,Rakesh,Mehta,user1158@example.com,9876501158,Other,1974-11-14,Pune,67542
2160,Priya,Patel,user1159@example.com,9876501159,Female,1992-01-18,Pune,90154
2161,Vijay,Gupta,,9876501160,Other,1983-05-03,Ahmedabad,40678
2162,Kavya,Verma,user1161@example.com,9876501161,,1973-02-21,Delhi,102155
2163,Rakesh,Gupta,user1162@example.com,9876501162,Other,1977-10-18,Delhi,52049
2164,Sameer,Gupta,user1163@example.com,9876501163,,1971-09-13,Hyderabad,76780
2165,Neha,Kumar,user1164@example.com,9876501164,Other,1972-08-21,Mumbai,38535
2166,Anjali,Mehta,user1165@example.com,9876501165,Female,1989-10-03,Delhi,108183
2167,Priya,Reddy,user1166@example.com,9876501166,Other,2000-04-05,Mumbai,43795
2168,Sneha,Singh,user1167@example.com,9876501167,Other,2013-10-25,Kolkata,69142
2169,Arjun,Kumar,user1168@example.com,9876501168,,1990-04-24,Mumbai,54279
2170,Anjali,Gupta,user1169@example.com,9876501169,,2018-06-28,Ahmedabad,64002
2171,Sneha,Singh,user1170@example.com,9876501170,Male,1970-05-02,Kolkata,672419
2172,Amit,Joshi,user1171@example.com,9876501171,Female,1981-10-23,Delhi,58476
2173,Arjun,Singh,user1172@example.com,9876501172,Male,2050-01-01,Delhi,51404
2174,Kavya,Rao,user1173@example.com,9876501173,,2018-02-04,Ahmedabad,64055
2175,Sameer,Kumar,user1174@example.com,9876501174,Other,2008-04-13,Ahmedabad,63620
2176,Arjun,Kumar,user1175@example.com,123,,1972-03-05,Kolkata,71476
2177,Vijay,Rao,user1176@example.com,9876501176,,1996-11-16,Kolkata,74689
2178,Sneha,Joshi,user1177@example.com,9876501177,Other,1993-03-24,Delhi,81219
2179,Kavya,Sharma,user1178@example.com,9876501178,Male,1990-01-22,Delhi,76232
2180,Vijay,Sharma,user1179@example.com,9876501179,Other,1993-10-09,Kolkata,67644
2181,Amit,Sharma,invalid@,9876501180,,2007-02-04,Mumbai,59869
2182,Vijay,Sharma,user1181@example.com,9876501181,,2012-10-25,Bangalore,34341
2183,Priya,Mehta,user1182@example.com,9876501182,Female,1986-05-23,Chennai,68106
2184,Priya,Rao,user1183@example.com,9876501183,Female,1980-09-12,Mumbai,86889
2185,Neha,Joshi,user1184@example.com,9876501184,Female,1989-05-22,Pune,49659
2186,Anjali,Gupta,user1185@example.com,9876501185,,2006-07-24,Pune,-1000
2187,Anjali,Patel,user1186@example.com,9876501186,Female,2050-01-01,Bangalore,91109
2188,Kavya,Kumar,user1187@example.com,9876501187,,2007-09-15,Chennai,97649
2189,Amit,Singh,user1188@example.com,9876501188,,1971-05-06,Ahmedabad,48302
2190,Rakesh,Sharma,user1189@example.com,9876501189,Female,1981-09-03,Pune,116029
2191,Priya,Singh,user1190@example.com,9876501190,Male,1991-04-10,Ahmedabad,73349
2192,Kavya,Patel,user1191@example.com,9876501191,,2018-02-19,Ahmedabad,83469
2193,Rakesh,Kumar,user1192@example.com,9876501192,,2001-11-09,Mumbai,57957
2194,Anjali,Verma,user1193@example.com,9876501193,Other,1975-03-20,Ahmedabad,70163
2195,Neha,Reddy,user1194@example.com,9876501194,Female,1984-06-05,Bangalore,73516
2196,Vijay,Joshi,user1195@example.com,9876501195,Male,invalid,Mumbai,47009
2197,Priya,Mehta,user1196@example.com,9876501196,,2004-02-19,Hyderabad,98069
2198,Kavya,Singh,user1197@example.com,9876501197,,1978-09-27,Hyderabad,64216
2199,Arjun,Sharma,user1198@example.com,9876501198,,1970-01-28,Bangalore,54998
2200,Rakesh,Rao,user1199@example.com,9876501199,,2008-09-10,Hyderabad,41823
2201,Vijay,Singh,,,,1977-07-13,Ahmedabad,762470
2202,Priya,Kumar,user1201@example.com,9876501201,Other,1977-11-19,Pune,70117
2203,Anjali,Verma,user1202@example.com,9876501202,,1981-12-06,Chennai,45487
2204,Amit,Joshi,user1203@example.com,9876501203,Female,1999-10-01,Ahmedabad,67801
2205,Rakesh,Rao,user1204@example.com,9876501204,Female,2014-07-04,Bangalore,74758
2206,Anjali,Reddy,user1205@example.com,9876501205,Male,1977-10-03,Delhi,57100
2207,Priya,Kumar,user1206@example.com,9876501206,Male,1978-07-07,Hyderabad,72470
2208,Rakesh,Verma,user1207@example.com,9876501207,,1996-06-05,Delhi,65094
2209,Vijay,Rao,user1208@example.com,9876501208,,1985-10-07,Hyderabad,60607
2210,Priya,Reddy,user1209@example.com,9876501209,Other,1977-12-31,Pune,45800
2211,Sneha,Singh,user1210@example.com,9876501210,,1973-12-04,Hyderabad,68981
2212,Kavya,Kumar,user1211@example.com,9876501211,,1982-02-15,Kolkata,23519
2213,Vijay,Gupta,user1212@example.com,9876501212,,1991-01-29,Chennai,93762
2214,Rakesh,Reddy,user1213@example.com,9876501213,,1992-03-17,Bangalore,88745
2215,Amit,Verma,user1214@example.com,9876501214,,2018-02-03,Pune,44509
2216,Anjali,Gupta,user1215@example.com,9876501215,Other,2012-06-28,Mumbai,-1000
2217,Arjun,Gupta,user1216@example.com,9876501216,Other,2013-01-30,Ahmedabad,88384
2218,Anjali,Mehta,user1217@example.com,9876501217,Female,2003-11-10,Kolkata,61677
2219,Rakesh,Verma,user1218@example.com,9876501218,Other,2008-10-03,Mumbai,66196
2220,Anjali,Gupta,user1219@example.com,9876501219,Female,2004-03-07,Delhi,65477
2221,Kavya,Singh,invalid@,9876501220,,1997-04-24,Ahmedabad,38719
2222,Priya,Kumar,user1221@example.com,9876501221,Other,2004-04-05,Mumbai,80709
2223,Arjun,Kumar,user1222@example.com,9876501222,Other,1977-03-27,Hyderabad,73977
2224,Sameer,Singh,user1223@example.com,9876501223,Other,1990-09-30,Delhi,65375
2225,Rakesh,Mehta,user1224@example.com,9876501224,Female,2007-12-02,Chennai,19622
2226,Neha,Joshi,user1225@example.com,123,Female,1980-02-29,Mumbai,75072
2227,Sameer,Mehta,user1226@example.com,9876501226,Male,1984-12-11,Hyderabad,72564
2228,Anjali,Kumar,user1227@example.com,9876501227,Female,1988-04-16,Ahmedabad,63111
2229,Rakesh,Joshi,user1228@example.com,9876501228,Female,2004-03-30,Mumbai,84305
2230,Sneha,Mehta,user1229@example.com,9876501229,,1995-10-16,Kolkata,87579
2231,Neha,Gupta,user1230@example.com,9876501230,Other,2014-06-18,Hyderabad,717137
2232,Arjun,Joshi,user1231@example.com,9876501231,Female,2015-05-30,Kolkata,34758
2233,Amit,Kumar,user1232@example.com,9876501232,Other,1986-05-22,Ahmedabad,39693
2234,Sneha,Singh,user1233@example.com,9876501233,Other,1978-08-27,Mumbai,51045
2235,Sameer,Sharma,user1234@example.com,9876501234,,2001-05-23,Pune,60028
2236,Priya,Gupta,user1235@example.com,9876501235,Other,1991-07-22,Chennai,81830
2237,Kavya,Gupta,user1236@example.com,9876501236,Female,1991-06-19,Mumbai,71588
2238,Amit,Sharma,user1237@example.com,9876501237,Other,2012-11-08,Mumbai,61684
2239,Sneha,Reddy,user1238@example.com,9876501238,Male,1988-10-12,Kolkata,77579
2240,Priya,Patel,user1239@example.com,9876501239,Male,1972-01-23,Kolkata,49492
2241,Priya,Rao,,9876501240,,2006-06-05,Pune,77538
2242,Rakesh,Verma,user1241@example.com,9876501241,Female,2015-03-04,Kolkata,69554
2243,Sneha,Mehta,user1242@example.com,9876501242,,2011-03-24,Delhi,75464
2244,Arjun,Patel,user1243@example.com,9876501243,Male,1980-11-24,Ahmedabad,81924
2245,Anjali,Mehta,user1244@example.com,9876501244,Female,1987-04-27,Bangalore,64048
2246,Neha,Patel,user1245@example.com,9876501245,Other,2016-02-21,Delhi,-1000
2247,Neha,Joshi,user1246@example.com,9876501246,Female,1971-03-02,Ahmedabad,51817
2248,Sameer,Singh,user1247@example.com,9876501247,,1992-04-16,Mumbai,80632
2249,Sameer,Verma,user1248@example.com,9876501248,Female,2019-03-04,Delhi,53702
2250,Neha,Verma,user1249@example.com,9876501249,Other,1997-07-15,Mumbai,51711
2251,Arjun,Mehta,user1250@example.com,,,2017-02-20,Delhi,66244
2252,Kavya,Sharma,user1251@example.com,9876501251,,2009-03-13,Delhi,86867
2253,Vijay,Joshi,user1252@example.com,9876501252,Female,2050-01-01,Bangalore,74160
2254,Anjali,Reddy,user1253@example.com,9876501253,,1981-03-30,Pune,99815
2255,Kavya,Verma,user1254@example.com,9876501254,Female,1973-11-09,Delhi,73030
2256,Rakesh,Rao,user1255@example.com,9876501255,Male,1985-12-09,Kolkata,72257
2257,Vijay,Mehta,user1256@example.com,9876501256,Male,1998-05-16,Mumbai,60326
2258,Vijay,Gupta,user1257@example.com,9876501257,Other,1988-09-27,Bangalore,33972
2259,Sneha,Rao,user1258@example.com,9876501258,Male,1987-07-06,Delhi,67945
2260,Arjun,Kumar,user1259@example.com,9876501259,,1994-01-30,Kolkata,65830
2261,Arjun,Mehta,invalid@,9876501260,,2013-05-18,Pune,782712
2262,Vijay,Mehta,user1261@example.com,9876501261,Female,2015-06-10,Mumbai,71097
2263,Sneha,Gupta,user1262@example.com,9876501262,,2012-01-02,Bangalore,70384
2264,Anjali,Joshi,user1263@example.com,9876501263,,1983-02-23,Ahmedabad,87711
2265,Vijay,Gupta,user1264@example.com,9876501264,Female,2012-01-07,Chennai,59777
2266,Amit,Verma,user1265@example.com,9876501265,,1974-10-25,Pune,81772
2267,Sameer,Singh,user1266@example.com,9876501266,Male,1985-10-29,Hyderabad,90769
2268,Sameer,Mehta,user1267@example.com,9876501267,Female,2000-10-30,Kolkata,53927
2269,Kavya,Kumar,user1268@example.com,9876501268,,1994-07-27,Ahmedabad,56837
2270,Rakesh,Sharma,user1269@example.com,9876501269,Other,2003-12-27,Ahmedabad,49637
2271,Sameer,Mehta,user1270@example.com,9876501270,Other,invalid,Bangalore,37850
2272,Priya,Gupta,user1271@example.com,9876501271,,2050-01-01,Bangalore,101876
2273,Kavya,Patel,user1272@example.com,9876501272,,2018-07-13,Bangalore,128701
2274,Sameer,Mehta,user1273@example.com,9876501273,Other,2003-09-04,Kolkata,69209
2275,Rakesh,Mehta,user1274@example.com,9876501274,,2018-12-19,Hyderabad,58387
2276,Arjun,Kumar,user1275@example.com,123,Female,1985-03-22,Kolkata,-1000
2277,Arjun,Kumar,user1276@example.com,9876501276,Female,1986-03-24,Ahmedabad,77020
2278,Anjali,Mehta,user1277@example.com,9876501277,,1993-11-03,Chennai,49916
2279,Vijay,Patel,user1278@example.com,9876501278,,2014-04-15,Mumbai,47435
2280,Amit,Singh,user1279@example.com,9876501279,,2001-11-28,Bangalore,81377
2281,Arjun,Reddy,,9876501280,,2008-04-22,Pune,72662
2282,Sneha,Patel,user1281@example.com,9876501281,Other,2000-11-10,Bangalore,87446
2283,Sameer,Patel,user1282@example.com,9876501282,Other,1991-01-06,Chennai,79075
2284,Sneha,Patel,user1283@example.com,9876501283,,1995-07-28,Bangalore,40587
2285,Rakesh,Singh,user1284@example.com,9876501284,Other,1977-02-07,Chennai,49527
2286,Arjun,Joshi,user1285@example.com,9876501285,Female,1980-01-05,Bangalore,47443
2287,Amit,Joshi,user1286@example.com,9876501286,,1996-09-01,Hyderabad,69340
2288,Rakesh,Patel,user1287@example.com,9876501287,Other,1978-08-22,Ahmedabad,62534
2289,Priya,Reddy,user1288@example.com,9876501288,,1972-09-05,Chennai,55886
2290,Priya,Gupta,user1289@example.com,9876501289,Other,1998-09-28,Mumbai,58780
2291,Sneha,Rao,user1290@example.com,9876501290,Male,2003-01-23,Bangalore,784805
2292,Vijay,Joshi,user1291@example.com,9876501291,,1977-02-02,Ahmedabad,61381
2293,Kavya,Sharma,user1292@example.com,9876501292,Other,1986-04-09,Hyderabad,51379
2294,Vijay,Kumar,user1293@example.com,9876501293,Other,1976-11-13,Pune,38895
2295,Anjali,Singh,user1294@example.com,9876501294,Female,2004-04-03,Mumbai,46941
2296,Vijay,Singh,user1295@example.com,9876501295,,2018-02-15,Ahmedabad,86363
2297,Anjali,Rao,user1296@example.com,9876501296,,1986-03-13,Hyderabad,51636
2298,Anjali,Joshi,user1297@example.com,9876501297,Female,1975-08-08,Chennai,101274
2299,Amit,Reddy,user1298@example.com,9876501298,Female,1993-02-08,Delhi,77591
2300,Arjun,Reddy,user1299@example.com,9876501299,Male,1996-03-21,Pune,48670
2301,Amit,Kumar,invalid@,,,1996-03-09,Pune,52747
2302,Anjali,Patel,user1301@example.com,9876501301,,2000-05-28,Delhi,22824
2303,Rakesh,Gupta,user1302@example.com,9876501302,Female,2013-03-01,Ahmedabad,56204
2304,Priya,Joshi,user1303@example.com,9876501303,Female,2010-07-03,Ahmedabad,103970
2305,Anjali,Reddy,user1304@example.com,9876501304,,2010-11-08,Kolkata,97664
2306,Amit,Rao,user1305@example.com,9876501305,Female,1989-08-30,Chennai,-1000
2307,Rakesh,Kumar,user1306@example.com,9876501306,Male,1970-02-14,Pune,77185
2308,Amit,Mehta,user1307@example.com,9876501307,,1982-05-09,Kolkata,61441
2309,Vijay,Kumar,user1308@example.com,9876501308,Male,2012-03-22,Ahmedabad,66956
2310,Sameer,Reddy,user1309@example.com,9876501309,Other,1991-04-16,Delhi,75894
2311,Sneha,Mehta,user1310@example.com,9876501310,,1999-04-26,Kolkata,64674
2312,Kavya,Sharma,user1311@example.com,9876501311,Female,2006-08-12,Ahmedabad,49278
2313,Amit,Verma,user1312@example.com,9876501312,,1991-10-06,Pune,63560
2314,Kavya,Kumar,user1313@example.com,9876501313,Male,2000-05-02,Ahmedabad,37944
2315,Neha,Rao,user1314@example.com,9876501314,,1992-06-30,Mumbai,76894
2316,Amit,Rao,user1315@example.com,9876501315,,1997-05-25,Delhi,46822
2317,Sameer,Gupta,user1316@example.com,9876501316,Female,1973-05-10,Hyderabad,76393
2318,Kavya,Patel,user1317@example.com,9876501317,,1973-06-02,Delhi,43396
2319,Anjali,Kumar,user1318@example.com,9876501318,Female,2013-06-13,Hyderabad,61674
2320,Amit,Reddy,user1319@example.com,9876501319,Other,1985-08-08,Bangalore,70499
2321,Arjun,Verma,,9876501320,Female,2019-03-11,Ahmedabad,617199
2322,Sneha,Joshi,user1321@example.com,9876501321,Male,1983-04-11,Chennai,77796
2323,Sameer,Reddy,user1322@example.com,9876501322,,1997-02-13,Hyderabad,73953
2324,Kavya,Rao,user1323@example.com,9876501323,,2002-04-06,Delhi,56564
2325,Sameer,Sharma,user1324@example.com,9876501324,,2006-08-28,Ahmedabad,53200
2326,Rakesh,Reddy,user1325@example.com,123,Female,1978-08-05,Mumbai,51776
2327,Sneha,Singh,user1326@example.com,9876501326,,2019-01-05,Kolkata,48902
2328,Anjali,Rao,user1327@example.com,9876501327,Female,1999-11-29,Pune,106942
2329,Amit,Kumar,user1328@example.com,9876501328,Male,1982-09-17,Pune,52387
2330,Amit,Sharma,user1329@example.com,9876501329,Female,1984-03-24,Bangalore,86842
2331,Amit,Singh,user1330@example.com,9876501330,,2000-07-17,Bangalore,68274
2332,Sneha,Mehta,user1331@example.com,9876501331,Other,2003-01-03,Hyderabad,57892
2333,Arjun,Verma,user1332@example.com,9876501332,Male,1986-12-21,Hyderabad,68883
2334,Neha,Rao,user1333@example.com,9876501333,Other,1992-02-07,Chennai,70092
2335,Priya,Kumar,user1334@example.com,9876501334,Male,2013-09-17,Hyderabad,29843
2336,Vijay,Singh,user1335@example.com,9876501335,Male,1996-07-11,Delhi,-1000
2337,Kavya,Singh,user1336@example.com,9876501336,,2002-08-20,Chennai,65127
2338,Arjun,Patel,user1337@example.com,9876501337,Female,1997-03-07,Delhi,58418
2339,Anjali,Singh,user1338@example.com,9876501338,,2008-06-29,Delhi,22542
2340,Kavya,Verma,user1339@example.com,9876501339,,2010-02-09,Mumbai,58358
2341,Amit,Sharma,invalid@,9876501340,,2018-07-15,Bangalore,97270
2342,Sameer,Sharma,user1341@example.com,9876501341,Other,invalid,Bangalore,76010
2343,Anjali,Singh,user1342@example.com,9876501342,Male,2014-12-28,Pune,43947
2344,Kavya,Kumar,user1343@example.com,9876501343,,1986-03-14,Bangalore,82863
2345,Amit,Rao,user1344@example.com,9876501344,Female,2001-07-23,Bangalore,42856
2346,Kavya,Kumar,user1345@example.com,9876501345,,1974-10-13,Mumbai,70377
2347,Sameer,Gupta,user1346@example.com,9876501346,Male,1992-05-15,Chennai,70545
2348,Amit,Rao,user1347@example.com,9876501347,Female,1971-09-26,Delhi,57658
2349,Neha,Mehta,user1348@example.com,9876501348,,2005-04-16,Chennai,85844
2350,Arjun,Verma,user1349@example.com,9876501349,,2015-05-04,Kolkata,80073
2351,Rakesh,Kumar,user1350@example.com,,,2011-06-15,Kolkata,494935
2352,Vijay,Patel,user1351@example.com,9876501351,,1992-04-27,Hyderabad,59198
2353,Sneha,Sharma,user1352@example.com,9876501352,,2013-01-13,Mumbai,47865
2354,Vijay,Singh,user1353@example.com,9876501353,Female,1982-01-10,Ahmedabad,53530
2355,Anjali,Rao,user1354@example.com,9876501354,Female,1984-09-23,Pune,78002
2356,Vijay,Singh,user1355@example.com,9876501355,,1993-09-23,Pune,64730
2357,Amit,Mehta,user1356@example.com,9876501356,Male,1996-12-08,Pune,85588
2358,Neha,Gupta,user1357@example.com,9876501357,,1975-05-13,Chennai,33386
2359,Rakesh,Singh,user1358@example.com,9876501358,Other,1988-04-15,Delhi,70520
2360,Arjun,Kumar,user1359@example.com,9876501359,,2013-08-04,Delhi,81623
2361,Arjun,Rao,,9876501360,Male,2006-07-19,Delhi,67028
2362,Sameer,Patel,user1361@example.com,9876501361,Female,1990-02-13,Pune,37741
2363,Sneha,Mehta,user1362@example.com,9876501362,Other,1986-02-10,Hyderabad,44000
2364,Kavya,Reddy,user1363@example.com,9876501363,Other,2003-09-17,Pune,83170
2365,Neha,Verma,user1364@example.com,9876501364,,1994-03-04,Chennai,54340
2366,Kavya,Gupta,user1365@example.com,9876501365,Female,1980-06-17,Chennai,-1000
2367,Rakesh,Kumar,user1366@example.com,9876501366,Male,1981-11-01,Kolkata,58223
2368,Vijay,Verma,user1367@example.com,9876501367,Female,1984-12-20,Pune,59935
2369,Arjun,Patel,user1368@example.com,9876501368,,2003-09-30,Ahmedabad,88724
2370,Rakesh,Verma,user1369@example.com,9876501369,Other,1985-01-24,Ahmedabad,30096
2371,Vijay,Sharma,user1370@example.com,9876501370,,2018-02-26,Kolkata,76516
2372,Arjun,Rao,user1371@example.com,9876501371,,1987-08-29,Chennai,94214
2373,Vijay,Verma,user1372@example.com,9876501372,Other,2018-02-25,Pune,83906
2374,Sneha,Kumar,user1373@example.com,9876501373,,1972-09-09,Delhi,111475
2375,Neha,Reddy,user1374@example.com,9876501374,Male,1994-06-07,Delhi,55853
2376,Anjali,Sharma,user1375@example.com,123,Male,2011-01-15,Ahmedabad,82843
2377,Rakesh,Sharma,user1376@example.com,9876501376,Male,2006-10-08,Ahmedabad,63279
2378,Rakesh,Verma,user1377@example.com,9876501377,,2009-06-01,Pune,54622
2379,Priya,Gupta,user1378@example.com,9876501378,Female,1999-07-20,Pune,20598
2380,Amit,Joshi,user1379@example.com,9876501379,Male,1986-03-03,Delhi,55704
2381,Sneha,Gupta,invalid@,9876501380,,1981-02-25,Chennai,863017
2382,Sneha,Singh,user1381@example.com,9876501381,Male,1976-02-13,Bangalore,30686
2383,Kavya,Kumar,user1382@example.com,9876501382,,2011-10-26,Chennai,106952
2384,Vijay,Joshi,user1383@example.com,9876501383,Male,1990-11-23,Kolkata,73196
2385,Amit,Rao,user1384@example.com,9876501384,Female,2018-10-27,Delhi,42890
2386,Neha,Sharma,user1385@example.com,9876501385,,2003-01-09,Chennai,69572
2387,Neha,Kumar,user1386@example.com,9876501386,Male,2015-02-19,Delhi,78735
2388,Sneha,Patel,user1387@example.com,9876501387,,2002-07-31,Pune,55222
2389,Neha,Singh,user1388@example.com,9876501388,Male,2007-08-13,Hyderabad,52520
2390,Priya,Reddy,user1389@example.com,9876501389,Female,1999-09-16,Hyderabad,104483
2391,Rakesh,Singh,user1390@example.com,9876501390,,2016-04-28,Bangalore,58202
2392,Sameer,Kumar,user1391@example.com,9876501391,,1989-04-10,Bangalore,62127
2393,Anjali,Rao,user1392@example.com,9876501392,Male,1989-06-24,Hyderabad,91467
2394,Kavya,Sharma,user1393@example.com,9876501393,Male,2003-12-25,Kolkata,63542
2395,Vijay,Mehta,user1394@example.com,9876501394,,1990-06-14,Pune,80290
2396,Anjali,Mehta,user1395@example.com,9876501395,Female,2011-01-29,Mumbai,-1000
2397,Vijay,Kumar,user1396@example.com,9876501396,Other,1987-10-11,Pune,51045
2398,Arjun,Verma,user1397@example.com,9876501397,Male,1981-11-23,Ahmedabad,72617
2399,Anjali,Gupta,user1398@example.com,9876501398,,1975-05-26,Chennai,45380
2400,Sameer,Singh,user1399@example.com,9876501399,Other,2007-03-10,Bangalore,73142
2401,Sneha,Rao,,,Male,1996-05-28,Kolkata,46645
2402,Priya,Singh,user1401@example.com,9876501401,,2016-10-22,Pune,72951
2403,Rakesh,Patel,user1402@example.com,9876501402,,1980-01-04,Delhi,89700
2404,Rakesh,Mehta,user1403@example.com,9876501403,,2012-01-03,Delhi,25130
2405,Priya,Sharma,user1404@example.com,9876501404,Female,2004-04-26,Chennai,56776
2406,Amit,Patel,user1405@example.com,9876501405,Other,2004-12-16,Delhi,25805
2407,Arjun,Sharma,user1406@example.com,9876501406,,1987-09-21,Kolkata,59133
2408,Vijay,Singh,user1407@example.com,9876501407,Male,1996-05-24,Hyderabad,71724
2409,Sameer,Rao,user1408@example.com,9876501408,Male,1984-01-12,Pune,58199
2410,Neha,Mehta,user1409@example.com,9876501409,Other,1993-09-07,Mumbai,22181
2411,Anjali,Singh,user1410@example.com,9876501410,,1977-10-14,Kolkata,829763
2412,Arjun,Mehta,user1411@example.com,9876501411,,2016-06-24,Ahmedabad,35805
2413,Anjali,Kumar,user1412@example.com,9876501412,,1971-05-13,Delhi,81712
2414,Sameer,Reddy,user1413@example.com,9876501413,,1975-11-05,Pune,50064
2415,Kavya,Reddy,user1414@example.com,9876501414,,1984-10-26,Mumbai,47593
2416,Kavya,Sharma,user1415@example.com,9876501415,,1981-10-02,Bangalore,65216
2417,Arjun,Singh,user1416@example.com,9876501416,,1970-01-27,Hyderabad,86324
2418,Sneha,Joshi,user1417@example.com,9876501417,Other,2003-02-25,Kolkata,104111
2419,Sameer,Mehta,user1418@example.com,9876501418,,2009-08-14,Hyderabad,56796
2420,Sameer,Mehta,user1419@example.com,9876501419,,1976-03-03,Kolkata,38960
2421,Priya,Joshi,invalid@,9876501420,,invalid,Kolkata,71916
2422,Sneha,Verma,user1421@example.com,9876501421,Male,2006-08-19,Hyderabad,38215
2423,Vijay,Singh,user1422@example.com,9876501422,Male,2004-08-19,Kolkata,79874
2424,Vijay,Joshi,user1423@example.com,9876501423,Female,1995-12-11,Bangalore,73871
2425,Neha,Reddy,user1424@example.com,9876501424,,2011-01-19,Chennai,92095
2426,Rakesh,Mehta,user1425@example.com,123,Female,1972-12-22,Hyderabad,-1000
2427,Kavya,Reddy,user1426@example.com,9876501426,,1975-07-09,Ahmedabad,67791
2428,Vijay,Singh,user1427@example.com,9876501427,,1997-02-15,Pune,65623
2429,Sneha,Rao,user1428@example.com,9876501428,,1989-07-03,Pune,47254
2430,Sameer,Rao,user1429@example.com,9876501429,Male,2008-02-25,Delhi,46855
2431,Vijay,Sharma,user1430@example.com,9876501430,,1989-05-25,Mumbai,64174
2432,Sameer,Reddy,user1431@example.com,9876501431,Male,2009-01-04,Ahmedabad,43456
2433,Vijay,Reddy,user1432@example.com,9876501432,,1982-03-26,Mumbai,59643
2434,Kavya,Reddy,user1433@example.com,9876501433,,1977-12-06,Kolkata,55589
2435,Anjali,Verma,user1434@example.com,9876501434,,1998-05-16,Kolkata,76851
2436,Vijay,Reddy,user1435@example.com,9876501435,Male,1995-07-31,Kolkata,64551
2437,Sneha,Rao,user1436@example.com,9876501436,Other,2018-07-06,Ahmedabad,84899
2438,Vijay,Verma,user1437@example.com,9876501437,,2018-05-21,Pune,58964
2439,Rakesh,Sharma,user1438@example.com,9876501438,Other,1994-06-21,Pune,41613
2440,Kavya,Kumar,user1439@example.com,9876501439,,2010-01-14,Ahmedabad,75981
2441,Sneha,Patel,,9876501440,Other,2004-10-16,Mumbai,625194
2442,Priya,Sharma,user1441@example.com,9876501441,Male,1986-03-26,Chennai,59598
2443,Sneha,Gupta,user1442@example.com,9876501442,Female,2016-10-07,Bangalore,56557
2444,Rakesh,Verma,user1443@example.com,9876501443,Female,2000-09-26,Bangalore,64769
2445,Anjali,Rao,user1444@example.com,9876501444,Male,2016-02-27,Kolkata,59592
2446,Kavya,Rao,user1445@example.com,9876501445,Female,2003-04-26,Delhi,75336
2447,Priya,Singh,user1446@example.com,9876501446,Male,2008-11-06,Delhi,79798
2448,Rakesh,Mehta,user1447@example.com,9876501447,,1987-11-20,Chennai,57591
2449,Rakesh,Reddy,user1448@example.com,9876501448,Other,1993-10-29,Mumbai,104993
2450,Arjun,Rao,user1449@example.com,9876501449,Female,1998-08-14,Chennai,53593
2451,Kavya,Reddy,user1450@example.com,,,1984-09-28,Pune,65360
2452,Sneha,Joshi,user1451@example.com,9876501451,Female,2018-08-07,Mumbai,32553
2453,Sameer,Mehta,user1452@example.com,9876501452,,2017-10-06,Ahmedabad,62910
2454,Anjali,Joshi,user1453@example.com,9876501453,Male,1976-04-26,Kolkata,60928
2455,Sameer,Reddy,user1454@example.com,9876501454,Male,2015-09-13,Bangalore,64007
2456,Sneha,Verma,user1455@example.com,9876501455,,1995-02-27,Delhi,-1000
2457,Sneha,Gupta,user1456@example.com,9876501456,,1995-07-10,Hyderabad,98588
2458,Kavya,Mehta,user1457@example.com,9876501457,Other,1970-10-31,Mumbai,87160
2459,Sneha,Verma,user1458@example.com,9876501458,,1987-10-05,Mumbai,62945
2460,Arjun,Rao,user1459@example.com,9876501459,,1985-03-29,Ahmedabad,68935
2461,Priya,Gupta,invalid@,9876501460,Other,1980-08-27,Kolkata,95462
2462,Sneha,Kumar,user1461@example.com,9876501461,Other,1994-10-08,Kolkata,44977
2463,Sameer,Rao,user1462@example.com,9876501462,,1985-09-03,Pune,80697
2464,Sneha,Patel,user1463@example.com,9876501463,Female,2012-08-27,Kolkata,47239
2465,Arjun,Sharma,user1464@example.com,9876501464,Female,1984-08-25,Pune,87862
2466,Vijay,Mehta,user1465@example.com,9876501465,,1994-09-01,Kolkata,62322
2467,Vijay,Patel,user1466@example.com,9876501466,Female,2008-05-26,Hyderabad,47407
2468,Rakesh,Reddy,user1467@example.com,9876501467,Other,1995-02-03,Kolkata,51845
2469,Anjali,Mehta,user1468@example.com,9876501468,Other,1981-04-26,Bangalore,55020
2470,Neha,Sharma,user1469@example.com,9876501469,Female,1995-08-28,Chennai,84058
2471,Priya,Mehta,user1470@example.com,9876501470,Other,2013-06-06,Chennai,917889
2472,Amit,Verma,user1471@example.com,9876501471,Male,1970-04-15,Delhi,56961
2473,Rakesh,Joshi,user1472@example.com,9876501472,Other,2009-01-25,Pune,47550
2474,Anjali,Singh,user1473@example.com,9876501473,,1993-06-10,Pune,105595
2475,Vijay,Verma,user1474@example.com,9876501474,,2003-12-03,Hyderabad,81380
2476,Sameer,Sharma,user1475@example.com,123,Female,1994-03-31,Pune,49493
2477,Amit,Mehta,user1476@example.com,9876501476,Female,2014-10-17,Chennai,72190
2478,Anjali,Verma,user1477@example.com,9876501477,Other,2016-09-29,Mumbai,56754
2479,Anjali,Joshi,user1478@example.com,9876501478,Other,2008-12-01,Kolkata,39296
2480,Rakesh,Patel,user1479@example.com,9876501479,,1988-06-18,Kolkata,58799
2481,Amit,Verma,,9876501480,,1977-02-01,Pune,37586
2482,Kavya,Reddy,user1481@example.com,9876501481,,1974-03-16,Chennai,55389
2483,Neha,Patel,user1482@example.com,9876501482,Male,2010-03-30,Ahmedabad,57264
2484,Kavya,Sharma,user1483@example.com,9876501483,,1975-07-22,Chennai,54205
2485,Amit,Patel,user1484@example.com,9876501484,Female,2010-12-04,Bangalore,83219
2486,Kavya,Mehta,user1485@example.com,9876501485,Other,1977-08-01,Pune,-1000
2487,Arjun,Gupta,user1486@example.com,9876501486,,1987-10-05,Hyderabad,52215
2488,Vijay,Gupta,user1487@example.com,9876501487,Other,1989-10-29,Delhi,71453
2489,Arjun,Kumar,user1488@example.com,9876501488,Other,1992-04-10,Hyderabad,91119
2490,Sneha,Reddy,user1489@example.com,9876501489,,2008-10-21,Mumbai,48401
2491,Kavya,Mehta,user1490@example.com,9876501490,,2004-09-06,Kolkata,38718
2492,Sneha,Sharma,user1491@example.com,9876501491,,2007-10-15,Ahmedabad,43309
2493,Sameer,Rao,user1492@example.com,9876501492,Male,1995-07-29,Chennai,72530
2494,Priya,Gupta,user1493@example.com,9876501493,,2009-05-09,Bangalore,94796
2495,Sameer,Sharma,user1494@example.com,9876501494,Male,2016-12-29,Mumbai,81956
2496,Amit,Patel,user1495@example.com,9876501495,,1982-01-23,Ahmedabad,90698
2497,Anjali,Verma,user1496@example.com,9876501496,Male,1975-11-24,Mumbai,21013
2498,Vijay,Gupta,user1497@example.com,9876501497,Female,1987-03-29,Bangalore,48333
2499,Kavya,Mehta,user1498@example.com,9876501498,,1977-01-27,Bangalore,42643
2500,Rakesh,Gupta,user1499@example.com,9876501499,,1978-05-02,Pune,76172
2501,Priya,Joshi,invalid@,,,2002-12-15,Delhi,610131
2502,Neha,Joshi,user1501@example.com,9876501501,Other,2018-01-22,Pune,5009
2503,Neha,Joshi,user1502@example.com,9876501502,Other,1989-04-07,Chennai,80193
2504,Neha,Reddy,user1503@example.com,9876501503,,2013-11-27,Kolkata,88361
2505,Kavya,Gupta,user1504@example.com,9876501504,,1988-06-01,Mumbai,105188
2506,Neha,Kumar,user1505@example.com,9876501505,Other,1981-01-05,Pune,68300
2507,Arjun,Sharma,user1506@example.com,9876501506,,1992-12-23,Bangalore,77380
2508,Priya,Joshi,user1507@example.com,9876501507,Other,1997-11-03,Bangalore,42174
2509,Arjun,Patel,user1508@example.com,9876501508,Male,2011-05-09,Bangalore,32166
2510,Anjali,Mehta,user1509@example.com,9876501509,,2003-07-29,Pune,89870
2511,Priya,Reddy,user1510@example.com,9876501510,Other,2006-02-28,Kolkata,75941
2512,Arjun,Singh,user1511@example.com,9876501511,,1988-03-31,Chennai,89973
2513,Priya,Joshi,user1512@example.com,9876501512,Other,1979-09-27,Chennai,59885
2514,Anjali,Sharma,user1513@example.com,9876501513,Female,1989-12-31,Ahmedabad,112401
2515,Sneha,Patel,user1514@example.com,9876501514,Other,1971-01-01,Pune,71261
2516,Kavya,Mehta,user1515@example.com,9876501515,,2013-07-07,Pune,-1000
2517,Kavya,Verma,user1516@example.com,9876501516,Other,2013-06-10,Hyderabad,58640
2518,Neha,Rao,user1517@example.com,9876501517,,1971-10-19,Pune,32922
2519,Sameer,Patel,user1518@example.com,9876501518,Male,1992-11-13,Pune,46153
2520,Neha,Kumar,user1519@example.com,9876501519,Female,2011-05-02,Bangalore,57257
2521,Amit,Patel,,9876501520,,2012-04-17,Kolkata,95995
2522,Arjun,Patel,user1521@example.com,9876501521,,2016-05-07,Delhi,63683
2523,Priya,Kumar,user1522@example.com,9876501522,Female,2002-12-25,Pune,86687
2524,Sameer,Verma,user1523@example.com,9876501523,Other,1987-08-06,Hyderabad,63002
2525,Anjali,Reddy,user1524@example.com,9876501524,Female,1974-10-28,Pune,44478
2526,Amit,Gupta,user1525@example.com,123,Male,1972-08-14,Delhi,75910
2527,Anjali,Mehta,user1526@example.com,9876501526,Female,1992-08-26,Hyderabad,48103
2528,Kavya,Patel,user1527@example.com,9876501527,Female,2018-03-30,Pune,57059
2529,Kavya,Patel,user1528@example.com,9876501528,Other,2010-09-03,Kolkata,105631
2530,Neha,Kumar,user1529@example.com,9876501529,Other,invalid,Delhi,77090
2531,Arjun,Sharma,user1530@example.com,9876501530,,2005-09-10,Bangalore,485938
2532,Sameer,Patel,user1531@example.com,9876501531,Other,1995-08-23,Ahmedabad,79642
2533,Vijay,Patel,user1532@example.com,9876501532,Female,1986-06-11,Pune,46244
2534,Amit,Kumar,user1533@example.com,9876501533,Male,2007-11-27,Ahmedabad,29918
2535,Amit,Sharma,user1534@example.com,9876501534,Other,1971-10-08,Pune,86849
2536,Neha,Kumar,user1535@example.com,9876501535,,1971-01-14,Mumbai,70896
2537,Kavya,Reddy,user1536@example.com,9876501536,,1989-06-19,Kolkata,61055
2538,Neha,Patel,user1537@example.com,9876501537,Female,2002-08-26,Chennai,31691
2539,Priya,Joshi,user1538@example.com,9876501538,Other,2017-12-24,Mumbai,58693
2540,Sameer,Mehta,user1539@example.com,9876501539,Other,2010-10-29,Bangalore,68844
2541,Arjun,Sharma,invalid@,9876501540,,2016-09-01,Ahmedabad,41688
2542,Sneha,Joshi,user1541@example.com,9876501541,Other,2006-01-15,Ahmedabad,65845
2543,Rakesh,Kumar,user1542@example.com,9876501542,Female,1971-01-23,Delhi,96006
2544,Rakesh,Patel,user1543@example.com,9876501543,Male,1997-09-07,Kolkata,69532
2545,Neha,Kumar,user1544@example.com,9876501544,Female,2004-09-22,Delhi,76686
2546,Priya,Gupta,user1545@example.com,9876501545,Other,invalid,Pune,-1000
2547,Sameer,Gupta,user1546@example.com,9876501546,Female,2011-08-23,Delhi,43978
2548,Vijay,Reddy,user1547@example.com,9876501547,,1977-08-03,Delhi,53769
2549,Rakesh,Patel,user1548@example.com,9876501548,,1981-06-01,Ahmedabad,86098
2550,Sameer,Patel,user1549@example.com,9876501549,Other,1997-07-13,Mumbai,63054
2551,Arjun,Joshi,user1550@example.com,,Other,1981-01-02,Ahmedabad,60955
2552,Anjali,Singh,user1551@example.com,9876501551,Male,1986-01-13,Kolkata,54888
2553,Priya,Patel,user1552@example.com,9876501552,Female,2010-02-10,Delhi,39570
2554,Kavya,Reddy,user1553@example.com,9876501553,Male,2013-08-10,Pune,92347
2555,Sameer,Sharma,user1554@example.com,9876501554,Other,2004-10-24,Mumbai,60838
2556,Arjun,Sharma,user1555@example.com,9876501555,Other,2014-12-14,Hyderabad,54369
2557,Vijay,Kumar,user1556@example.com,9876501556,,2007-06-18,Delhi,66594
2558,Sneha,Joshi,user1557@example.com,9876501557,Male,2011-10-13,Delhi,54408
2559,Kavya,Verma,user1558@example.com,9876501558,Other,2002-05-24,Chennai,71257
2560,Sneha,Rao,user1559@example.com,9876501559,,2003-04-22,Hyderabad,51308
2561,Vijay,Kumar,,9876501560,,1990-11-10,Pune,674719
2562,Arjun,Patel,user1561@example.com,9876501561,Female,1979-04-04,Pune,63948
2563,Rakesh,Kumar,user1562@example.com,9876501562,,2011-07-08,Delhi,102109
2564,Sneha,Verma,user1563@example.com,9876501563,Female,2010-04-26,Delhi,103209
2565,Kavya,Rao,user1564@example.com,9876501564,,1992-11-28,Ahmedabad,80749
2566,Neha,Verma,user1565@example.com,9876501565,Female,1982-11-01,Bangalore,63234
2567,Amit,Verma,user1566@example.com,9876501566,Male,2006-11-22,Pune,81061
2568,Sameer,Gupta,user1567@example.com,9876501567,Female,2006-02-22,Kolkata,80424
2569,Rakesh,Sharma,user1568@example.com,9876501568,Female,1974-05-06,Hyderabad,55595
2570,Sneha,Singh,user1569@example.com,9876501569,,1992-01-22,Pune,32007
2571,Anjali,Patel,user1570@example.com,9876501570,,invalid,Kolkata,26939
2572,Sameer,Reddy,user1571@example.com,9876501571,Female,1984-11-05,Kolkata,62619
2573,Neha,Joshi,user1572@example.com,9876501572,Male,1972-08-10,Hyderabad,54900
2574,Vijay,Kumar,user1573@example.com,9876501573,,1984-09-09,Chennai,54117
2575,Amit,Patel,user1574@example.com,9876501574,,2004-04-13,Ahmedabad,48906
2576,Arjun,Gupta,user1575@example.com,123,,1999-11-11,Hyderabad,-1000
2577,Neha,Sharma,user1576@example.com,9876501576,Other,1978-02-26,Mumbai,78096
2578,Neha,Kumar,user1577@example.com,9876501577,Male,2007-08-25,Chennai,4416
2579,Vijay,Joshi,user1578@example.com,9876501578,,1997-05-20,Chennai,76765
2580,Priya,Singh,user1579@example.com,9876501579,,2000-02-11,Mumbai,59479
2581,Vijay,Patel,invalid@,9876501580,Male,2003-10-18,Hyderabad,93814
2582,Priya,Reddy,user1581@example.com,9876501581,,2002-09-21,Mumbai,70326
2583,Priya,Sharma,user1582@example.com,9876501582,Female,2010-03-23,Pune,30338
2584,Rakesh,Mehta,user1583@example.com,9876501583,Male,2050-01-01,Bangalore,27568
2585,Rakesh,Patel,user1584@example.com,9876501584,,1983-06-10,Hyderabad,42151
2586,Kavya,Verma,user1585@example.com,9876501585,Male,2001-01-04,Bangalore,70292
2587,Sneha,Verma,user1586@example.com,9876501586,,1975-05-14,Kolkata,30742
2588,Sneha,Reddy,user1587@example.com,9876501587,Other,1984-03-10,Ahmedabad,67207
2589,Arjun,Rao,user1588@example.com,9876501588,Other,1972-03-16,Kolkata,79048
2590,Sneha,Reddy,user1589@example.com,9876501589,Female,1978-06-28,Mumbai,54441
2591,Rakesh,Sharma,user1590@example.com,9876501590,Female,1974-04-25,Mumbai,472394
2592,Kavya,Verma,user1591@example.com,9876501591,,2002-08-23,Delhi,21980
2593,Kavya,Singh,user1592@example.com,9876501592,Female,1994-01-26,Ahmedabad,95201
2594,Priya,Singh,user1593@example.com,9876501593,Other,1977-02-28,Chennai,101535
2595,Vijay,Verma,user1594@example.com,9876501594,,2001-08-29,Chennai,89396
2596,Arjun,Sharma,user1595@example.com,9876501595,,2011-03-07,Ahmedabad,59467
2597,Priya,Gupta,user1596@example.com,9876501596,,1985-05-28,Pune,63926
2598,Vijay,Joshi,user1597@example.com,9876501597,Male,1999-05-27,Pune,78712
2599,Sneha,Joshi,user1598@example.com,9876501598,Female,invalid,Ahmedabad,67932
2600,Priya,Sharma,user1599@example.com,9876501599,,1988-11-06,Bangalore,2681
2601,Sameer,Mehta,,,Other,2019-04-08,Ahmedabad,83362
2602,Sneha,Joshi,user1601@example.com,9876501601,Female,2001-05-12,Bangalore,89378
2603,Vijay,Kumar,user1602@example.com,9876501602,Other,2002-10-14,Pune,86435
2604,Arjun,Joshi,user1603@example.com,9876501603,Female,1994-04-11,Kolkata,74045
2605,Vijay,Kumar,user1604@example.com,9876501604,,2014-12-28,Ahmedabad,84161
2606,Priya,Verma,user1605@example.com,9876501605,Other,2018-08-27,Bangalore,-1000
2607,Priya,Gupta,user1606@example.com,9876501606,,2011-02-10,Delhi,63128
2608,Neha,Reddy,user1607@example.com,9876501607,Other,1981-12-21,Delhi,51627
2609,Arjun,Gupta,user1608@example.com,9876501608,Male,1980-07-09,Ahmedabad,94027
2610,Anjali,Joshi,user1609@example.com,9876501609,Male,1991-11-24,Mumbai,68679
2611,Sneha,Joshi,user1610@example.com,9876501610,Other,2001-12-28,Ahmedabad,61819
2612,Kavya,Sharma,user1611@example.com,9876501611,Other,1994-02-28,Pune,44641
2613,Arjun,Reddy,user1612@example.com,9876501612,,2014-07-16,Pune,43814
2614,Kavya,Joshi,user1613@example.com,9876501613,,1993-05-04,Hyderabad,42428
2615,Arjun,Rao,user1614@example.com,9876501614,Other,1997-07-29,Delhi,79903
2616,Arjun,Rao,user1615@example.com,9876501615,Female,1987-04-11,Bangalore,76959
2617,Vijay,Mehta,user1616@example.com,9876501616,Female,1993-10-25,Delhi,70002
2618,Arjun,Verma,user1617@example.com,9876501617,Female,2017-06-09,Bangalore,80822
2619,Neha,Kumar,user1618@example.com,9876501618,Male,1996-10-12,Kolkata,48889
2620,Anjali,Gupta,user1619@example.com,9876501619,,2018-11-11,Ahmedabad,28126
2621,Priya,Verma,invalid@,9876501620,Male,1990-06-16,Mumbai,786661
2622,Amit,Kumar,user1621@example.com,9876501621,Female,2010-07-02,Pune,63874
2623,Kavya,Kumar,user1622@example.com,9876501622,Other,1975-06-15,Ahmedabad,81656
2624,Priya,Patel,user1623@example.com,9876501623,Female,2006-01-08,Delhi,73521
2625,Amit,Joshi,user1624@example.com,9876501624,Other,1997-03-06,Chennai,63529
2626,Anjali,Mehta,user1625@example.com,123,,2015-03-02,Chennai,69111
2627,Anjali,Joshi,user1626@example.com,9876501626,,1976-03-13,Ahmedabad,93181
2628,Kavya,Mehta,user1627@example.com,9876501627,Other,1984-05-21,Mumbai,59197
2629,Kavya,Verma,user1628@example.com,9876501628,Male,1977-09-12,Bangalore,79735
2630,Anjali,Sharma,user1629@example.com,9876501629,Female,2004-06-02,Kolkata,71181
2631,Amit,Sharma,user1630@example.com,9876501630,Female,2017-02-20,Mumbai,31506
2632,Arjun,Verma,user1631@example.com,9876501631,Female,2012-04-27,Delhi,38718
2633,Sneha,Reddy,user1632@example.com,9876501632,Other,1989-10-15,Mumbai,64207
2634,Sameer,Rao,user1633@example.com,9876501633,,1993-01-21,Hyderabad,55046
2635,Priya,Kumar,user1634@example.com,9876501634,Other,2008-11-24,Pune,45998
2636,Vijay,Mehta,user1635@example.com,9876501635,Male,2008-03-16,Chennai,-1000
2637,Priya,Singh,user1636@example.com,9876501636,Female,2004-09-11,Hyderabad,35091
2638,Vijay,Joshi,user1637@example.com,9876501637,Other,1994-09-07,Mumbai,61027
2639,Amit,Verma,user1638@example.com,9876501638,Female,1976-11-23,Ahmedabad,47519
2640,Vijay,Kumar,user1639@example.com,9876501639,Male,1997-06-03,Bangalore,94655
2641,Kavya,Mehta,,9876501640,,1995-06-15,Pune,115350
2642,Sneha,Gupta,user1641@example.com,9876501641,,2017-09-16,Pune,58775
2643,Sneha,Reddy,user1642@example.com,9876501642,,1971-12-09,Pune,81972
2644,Kavya,Joshi,user1643@example.com,9876501643,Female,2018-08-24,Hyderabad,90395
2645,Neha,Sharma,user1644@example.com,9876501644,Other,2018-06-04,Delhi,82974
2646,Amit,Verma,user1645@example.com,9876501645,Female,1989-06-28,Delhi,80820
2647,Neha,Sharma,user1646@example.com,9876501646,,2000-09-13,Ahmedabad,29543
2648,Neha,Mehta,user1647@example.com,9876501647,Other,2012-06-10,Hyderabad,88526
2649,Priya,Sharma,user1648@example.com,9876501648,Male,1994-04-13,Bangalore,72185
2650,Anjali,Joshi,user1649@example.com,9876501649,,1996-09-16,Mumbai,60419
2651,Priya,Rao,user1650@example.com,,Other,2050-01-01,Ahmedabad,634379
2652,Anjali,Kumar,user1651@example.com,9876501651,Other,1998-11-15,Delhi,70157
2653,Sameer,Rao,user1652@example.com,9876501652,,1970-12-24,Ahmedabad,59919
2654,Vijay,Verma,user1653@example.com,9876501653,Male,1984-10-26,Bangalore,57901
2655,Anjali,Rao,user1654@example.com,9876501654,Female,1978-11-09,Hyderabad,45446
2656,Kavya,Patel,user1655@example.com,9876501655,Female,2016-01-02,Ahmedabad,75203
2657,Priya,Kumar,user1656@example.com,9876501656,Other,1974-05-13,Kolkata,61768
2658,Amit,Mehta,user1657@example.com,9876501657,,1982-08-08,Chennai,49141
2659,Vijay,Kumar,user1658@example.com,9876501658,,2008-03-31,Chennai,66955
2660,Sameer,Patel,user1659@example.com,9876501659,Male,1996-03-22,Pune,65856
2661,Anjali,Singh,invalid@,9876501660,Female,2004-06-30,Mumbai,75116
2662,Sameer,Rao,user1661@example.com,9876501661,Male,1999-12-18,Kolkata,64402
2663,Amit,Kumar,user1662@example.com,9876501662,Male,1970-09-02,Delhi,77336
2664,Neha,Sharma,user1663@example.com,9876501663,Male,1982-07-09,Kolkata,59538
2665,Sneha,Mehta,user1664@example.com,9876501664,,2016-07-16,Delhi,60977
2666,Amit,Gupta,user1665@example.com,9876501665,,2014-06-29,Chennai,-1000
2667,Rakesh,Verma,user1666@example.com,9876501666,,2015-07-17,Hyderabad,72742
2668,Amit,Verma,user1667@example.com,9876501667,Other,2000-11-24,Bangalore,89232
2669,Sameer,Verma,user1668@example.com,9876501668,,1988-02-16,Bangalore,85954
2670,Kavya,Kumar,user1669@example.com,9876501669,Other,1986-01-26,Bangalore,64127
2671,Priya,Rao,user1670@example.com,9876501670,Female,1986-05-08,Delhi,36797
2672,Kavya,Kumar,user1671@example.com,9876501671,Female,2016-04-03,Pune,78680
2673,Sameer,Joshi,user1672@example.com,9876501672,Female,2008-03-19,Kolkata,75556
2674,Priya,Sharma,user1673@example.com,9876501673,Female,1986-05-05,Mumbai,69340
2675,Rakesh,Gupta,user1674@example.com,9876501674,Female,1990-12-09,Bangalore,80464
2676,Sneha,Gupta,user1675@example.com,123,,2015-01-22,Delhi,57628
2677,Vijay,Sharma,user1676@example.com,9876501676,,2050-01-01,Pune,33099
2678,Sameer,Patel,user1677@example.com,9876501677,,1984-01-29,Bangalore,47512
2679,Anjali,Reddy,user1678@example.com,9876501678,,1975-10-28,Kolkata,7061
2680,Sameer,Joshi,user1679@example.com,9876501679,,1987-09-19,Bangalore,73876
2681,Sameer,Mehta,,9876501680,Female,2012-05-13,Mumbai,636794
2682,Priya,Gupta,user1681@example.com,9876501681,Male,2014-04-01,Chennai,82214
2683,Arjun,Verma,user1682@example.com,9876501682,,2005-05-05,Mumbai,80071
2684,Amit,Kumar,user1683@example.com,9876501683,Male,invalid,Ahmedabad,55203
2685,Arjun,Patel,user1684@example.com,9876501684,Female,1972-09-11,Chennai,48509
2686,Rakesh,Reddy,user1685@example.com,9876501685,,2018-05-31,Chennai,49245
2687,Anjali,Sharma,user1686@example.com,9876501686,Male,1989-09-05,Kolkata,103301
2688,Sneha,Singh,user1687@example.com,9876501687,,1999-09-11,Chennai,61973
2689,Neha,Mehta,user1688@example.com,9876501688,Female,1985-08-23,Bangalore,59530
2690,Rakesh,Reddy,user1689@example.com,9876501689,,2008-07-23,Ahmedabad,70828
2691,Neha,Verma,user1690@example.com,9876501690,,2012-06-28,Kolkata,33270
2692,Neha,Reddy,user1691@example.com,9876501691,Female,2000-06-30,Delhi,57055
2693,Sneha,Gupta,user1692@example.com,9876501692,,1975-09-17,Kolkata,47867
2694,Kavya,Kumar,user1693@example.com,9876501693,Other,1987-11-21,Mumbai,43673
2695,Arjun,Sharma,user1694@example.com,9876501694,Other,2014-04-23,Chennai,59757
2696,Sameer,Reddy,user1695@example.com,9876501695,Female,1977-06-20,Chennai,-1000
2697,Vijay,Mehta,user1696@example.com,9876501696,Other,1971-01-12,Pune,39901
2698,Neha,Reddy,user1697@example.com,9876501697,Male,1989-02-22,Bangalore,57688
2699,Anjali,Singh,user1698@example.com,9876501698,,2008-11-02,Kolkata,66599
2700,Rakesh,Patel,user1699@example.com,9876501699,,1982-11-04,Bangalore,74031
2701,Kavya,Gupta,invalid@,,,1972-12-01,Ahmedabad,59543
2702,Neha,Kumar,user1701@example.com,9876501701,Female,1980-01-31,Mumbai,71600
2703,Kavya,Verma,user1702@example.com,9876501702,,2010-07-03,Chennai,57954
2704,Kavya,Sharma,user1703@example.com,9876501703,Male,2017-09-26,Chennai,90629
2705,Neha,Sharma,user1704@example.com,9876501704,Male,2050-01-01,Ahmedabad,75880
2706,Priya,Patel,user1705@example.com,9876501705,Female,2007-11-03,Kolkata,51576
2707,Amit,Rao,user1706@example.com,9876501706,,1992-01-24,Bangalore,55093
2708,Anjali,Rao,user1707@example.com,9876501707,Other,2008-08-27,Mumbai,72845
2709,Sameer,Verma,user1708@example.com,9876501708,Other,1980-11-18,Bangalore,54499
2710,Sameer,Reddy,user1709@example.com,9876501709,,1988-03-26,Mumbai,26398
2711,Anjali,Singh,user1710@example.com,9876501710,Female,1983-04-04,Kolkata,709144
2712,Priya,Sharma,user1711@example.com,9876501711,,2009-12-05,Bangalore,57333
2713,Sameer,Reddy,user1712@example.com,9876501712,Other,1979-05-18,Pune,78597
2714,Kavya,Sharma,user1713@example.com,9876501713,Other,2010-05-04,Chennai,65816
2715,Sneha,Sharma,user1714@example.com,9876501714,Other,2009-10-21,Kolkata,77917
2716,Rakesh,Reddy,user1715@example.com,9876501715,,1996-01-22,Kolkata,115380
2717,Arjun,Patel,user1716@example.com,9876501716,Female,2018-01-24,Ahmedabad,90641
2718,Sameer,Rao,user1717@example.com,9876501717,Male,2004-03-31,Hyderabad,57986
2719,Anjali,Joshi,user1718@example.com,9876501718,Male,1980-04-27,Hyderabad,73463
2720,Sneha,Mehta,user1719@example.com,9876501719,Other,invalid,Mumbai,67352
2721,Neha,Patel,,9876501720,Female,1976-06-01,Ahmedabad,70367
2722,Amit,Gupta,user1721@example.com,9876501721,Female,1979-04-10,Mumbai,33648
2723,Anjali,Singh,user1722@example.com,9876501722,,1976-05-28,Kolkata,86088
2724,Kavya,Singh,user1723@example.com,9876501723,,1971-11-15,Mumbai,18894
2725,Amit,Mehta,user1724@example.com,9876501724,,1972-11-20,Chennai,64657
2726,Rakesh,Singh,user1725@example.com,123,,1970-12-15,Mumbai,-1000
2727,Rakesh,Reddy,user1726@example.com,9876501726,,2014-10-19,Bangalore,50930
2728,Priya,Singh,user1727@example.com,9876501727,Male,1972-10-19,Delhi,69192
2729,Vijay,Joshi,user1728@example.com,9876501728,Other,1971-05-19,Bangalore,82372
2730,Priya,Singh,user1729@example.com,9876501729,Female,1992-08-30,Delhi,85439
2731,Sneha,Sharma,user1730@example.com,9876501730,Male,2001-07-11,Chennai,61139
2732,Amit,Patel,user1731@example.com,9876501731,Male,2007-03-04,Chennai,84810
2733,Vijay,Reddy,user1732@example.com,9876501732,,1971-06-07,Bangalore,63747
2734,Neha,Rao,user1733@example.com,9876501733,Other,2002-07-16,Delhi,50756
2735,Kavya,Singh,user1734@example.com,9876501734,,1970-01-18,Hyderabad,72466
2736,Amit,Verma,user1735@example.com,9876501735,Male,1973-06-22,Hyderabad,46650
2737,Priya,Verma,user1736@example.com,9876501736,Female,1973-03-22,Kolkata,62336
2738,Arjun,Verma,user1737@example.com,9876501737,,2004-11-23,Hyderabad,55425
2739,Vijay,Singh,user1738@example.com,9876501738,,2002-10-01,Chennai,33999
2740,Vijay,Gupta,user1739@example.com,9876501739,Male,1979-11-23,Mumbai,71591
2741,Kavya,Sharma,invalid@,9876501740,,2015-03-04,Mumbai,678799
2742,Sameer,Kumar,user1741@example.com,9876501741,,1994-06-28,Delhi,88010
2743,Rakesh,Singh,user1742@example.com,9876501742,Male,1988-01-17,Hyderabad,27630
2744,Rakesh,Gupta,user1743@example.com,9876501743,Other,1988-07-13,Delhi,50734
2745,Arjun,Kumar,user1744@example.com,9876501744,Male,1970-11-18,Ahmedabad,87559
2746,Sneha,Mehta,user1745@example.com,9876501745,Female,1990-11-18,Mumbai,75591
2747,Sneha,Joshi,user1746@example.com,9876501746,,2004-04-05,Bangalore,79487
2748,Neha,Sharma,user1747@example.com,9876501747,Female,2017-02-20,Ahmedabad,94034
2749,Amit,Singh,user1748@example.com,9876501748,,1993-01-03,Kolkata,49711
2750,Anjali,Patel,user1749@example.com,9876501749,,1995-11-14,Hyderabad,47715
2751,Sameer,Reddy,user1750@example.com,,Other,2015-04-17,Delhi,82118
2752,Priya,Patel,user1751@example.com,9876501751,Male,1977-03-04,Kolkata,77675
2753,Anjali,Patel,user1752@example.com,9876501752,,1973-09-09,Chennai,62495
2754,Anjali,Mehta,user1753@example.com,9876501753,Female,1978-08-31,Bangalore,61925
2755,Vijay,Reddy,user1754@example.com,9876501754,,2007-02-15,Pune,45580
2756,Arjun,Mehta,user1755@example.com,9876501755,Other,1972-06-29,Pune,-1000
2757,Rakesh,Kumar,user1756@example.com,9876501756,Male,1989-08-15,Kolkata,105529
2758,Neha,Mehta,user1757@example.com,9876501757,,1976-09-17,Kolkata,87342
2759,Sneha,Verma,user1758@example.com,9876501758,Female,2002-11-04,Hyderabad,78058
2760,Arjun,Joshi,user1759@example.com,9876501759,,1971-02-08,Chennai,76797
2761,Vijay,Verma,,9876501760,Male,1997-06-21,Pune,71620
2762,Priya,Singh,user1761@example.com,9876501761,,1979-07-18,Chennai,29747
2763,Neha,Kumar,user1762@example.com,9876501762,Female,2007-08-26,Bangalore,55484
2764,Vijay,Gupta,user1763@example.com,9876501763,Male,1995-11-14,Chennai,81395
2765,Rakesh,Kumar,user1764@example.com,9876501764,Other,invalid,Kolkata,48060
2766,Rakesh,Gupta,user1765@example.com,9876501765,Other,2009-01-18,Delhi,68108
2767,Rakesh,Joshi,user1766@example.com,9876501766,,1996-12-04,Bangalore,88139
2768,Arjun,Mehta,user1767@example.com,9876501767,,2016-04-15,Ahmedabad,88459
2769,Arjun,Mehta,user1768@example.com,9876501768,Female,1975-04-29,Ahmedabad,83743
2770,Sneha,Reddy,user1769@example.com,9876501769,,2050-01-01,Pune,70673
2771,Sneha,Singh,user1770@example.com,9876501770,Male,1982-12-31,Hyderabad,809557
2772,Priya,Patel,user1771@example.com,9876501771,,1989-08-03,Kolkata,60172
2773,Neha,Rao,user1772@example.com,9876501772,Female,2008-07-29,Delhi,99061
2774,Kavya,Kumar,user1773@example.com,9876501773,,2016-06-24,Kolkata,33184
2775,Kavya,Kumar,user1774@example.com,9876501774,Female,2003-02-02,Ahmedabad,66358
2776,Vijay,Singh,user1775@example.com,123,Male,1984-08-02,Mumbai,55576
2777,Rakesh,Verma,user1776@example.com,9876501776,,2016-12-04,Kolkata,78648
2778,Neha,Sharma,user1777@example.com,9876501777,Female,1971-05-12,Mumbai,58210
2779,Anjali,Singh,user1778@example.com,9876501778,Male,2005-10-04,Pune,113362
2780,Arjun,Rao,user1779@example.com,9876501779,Other,2012-11-12,Kolkata,83314
2781,Amit,Mehta,invalid@,9876501780,Female,1974-05-18,Pune,45028
2782,Sameer,Gupta,user1781@example.com,9876501781,,1981-04-20,Pune,11679
2783,Priya,Verma,user1782@example.com,9876501782,Female,2005-12-06,Hyderabad,42241
2784,Rakesh,Verma,user1783@example.com,9876501783,Female,1985-03-14,Ahmedabad,76229
2785,Rakesh,Reddy,user1784@example.com,9876501784,Male,1979-10-31,Delhi,59734
2786,Rakesh,Joshi,user1785@example.com,9876501785,,2005-07-09,Chennai,-1000
2787,Arjun,Rao,user1786@example.com,9876501786,,2016-02-14,Chennai,50532
2788,Arjun,Verma,user1787@example.com,9876501787,Female,1983-08-07,Pune,81596
2789,Sameer,Rao,user1788@example.com,9876501788,,2011-12-11,Bangalore,58377
2790,Anjali,Singh,user1789@example.com,9876501789,,2001-07-12,Pune,56297
2791,Neha,Gupta,user1790@example.com,9876501790,Male,2015-04-24,Hyderabad,84889
2792,Rakesh,Gupta,user1791@example.com,9876501791,Female,1974-09-25,Kolkata,96240
2793,Kavya,Kumar,user1792@example.com,9876501792,Female,1982-11-11,Chennai,42722
2794,Sneha,Mehta,user1793@example.com,9876501793,,2013-01-25,Chennai,88562
2795,Kavya,Kumar,user1794@example.com,9876501794,Male,2001-02-13,Chennai,62790
2796,Vijay,Verma,user1795@example.com,9876501795,Other,1970-02-07,Hyderabad,83363
2797,Kavya,Joshi,user1796@example.com,9876501796,,1990-07-01,Hyderabad,78111
2798,Vijay,Kumar,user1797@example.com,9876501797,,1975-07-15,Ahmedabad,65400
2799,Amit,Kumar,user1798@example.com,9876501798,Female,1988-11-02,Delhi,66247
2800,Sneha,Kumar,user1799@example.com,9876501799,Male,1982-05-19,Pune,78365
2801,Kavya,Rao,,,Other,1994-03-15,Mumbai,430702
2802,Amit,Singh,user1801@example.com,9876501801,,1979-01-16,Pune,42144
2803,Priya,Joshi,user1802@example.com,9876501802,Male,1993-04-21,Pune,106618
2804,Neha,Gupta,user1803@example.com,9876501803,Other,1987-06-09,Delhi,88353
2805,Amit,Reddy,user1804@example.com,9876501804,Female,1999-06-03,Bangalore,84848
2806,Neha,Rao,user1805@example.com,9876501805,,1997-02-22,Hyderabad,61876
2807,Kavya,Verma,user1806@example.com,9876501806,,1997-03-28,Pune,32222
2808,Anjali,Joshi,user1807@example.com,9876501807,,2002-07-02,Pune,54395
2809,Amit,Gupta,user1808@example.com,9876501808,Other,1986-01-30,Chennai,73201
2810,Sneha,Joshi,user1809@example.com,9876501809,,1990-07-13,Hyderabad,88016
2811,Kavya,Sharma,user1810@example.com,9876501810,Male,1985-06-06,Ahmedabad,73566
2812,Rakesh,Sharma,user1811@example.com,9876501811,Female,1972-02-04,Delhi,74125
2813,Arjun,Kumar,user1812@example.com,9876501812,Male,2016-08-23,Ahmedabad,61571
2814,Amit,Kumar,user1813@example.com,9876501813,Other,2003-08-08,Chennai,77994
2815,Sneha,Sharma,user1814@example.com,9876501814,,2011-06-18,Pune,46818
2816,Priya,Reddy,user1815@example.com,9876501815,,2002-04-17,Pune,-1000
2817,Rakesh,Gupta,user1816@example.com,9876501816,Male,1998-04-05,Mumbai,60412
2818,Priya,Verma,user1817@example.com,9876501817,Female,1970-05-26,Ahmedabad,93908
2819,Kavya,Mehta,user1818@example.com,9876501818,Other,1983-12-20,Chennai,7886
2820,Arjun,Mehta,user1819@example.com,9876501819,Female,1981-08-18,Delhi,61966
2821,Amit,Rao,invalid@,9876501820,Other,1996-03-23,Kolkata,69984
2822,Amit,Reddy,user1821@example.com,9876501821,Female,1981-06-20,Kolkata,27929
2823,Anjali,Reddy,user1822@example.com,9876501822,Male,1999-07-07,Kolkata,79810
2824,Anjali,Verma,user1823@example.com,9876501823,,1977-05-20,Pune,62367
2825,Kavya,Joshi,user1824@example.com,9876501824,Other,1992-07-24,Mumbai,45920
2826,Kavya,Mehta,user1825@example.com,123,Male,invalid,Mumbai,85370
2827,Arjun,Joshi,user1826@example.com,9876501826,,2002-04-04,Kolkata,50123
2828,Anjali,Joshi,user1827@example.com,9876501827,,1999-07-08,Bangalore,81171
2829,Sneha,Reddy,user1828@example.com,9876501828,Female,1982-09-16,Delhi,68732
2830,Sneha,Joshi,user1829@example.com,9876501829,,1985-03-22,Kolkata,56800
2831,Arjun,Mehta,user1830@example.com,9876501830,,2050-01-01,Mumbai,448130
2832,Sneha,Gupta,user1831@example.com,9876501831,Other,2016-08-20,Delhi,50730
2833,Vijay,Patel,user1832@example.com,9876501832,Female,2001-11-05,Kolkata,82595
2834,Neha,Joshi,user1833@example.com,9876501833,Other,1978-05-07,Pune,88060
2835,Arjun,Verma,user1834@example.com,9876501834,Other,1975-07-17,Kolkata,78898
2836,Arjun,Singh,user1835@example.com,9876501835,Male,1975-09-06,Hyderabad,64416
2837,Sameer,Kumar,user1836@example.com,9876501836,,2004-01-17,Bangalore,78857
2838,Rakesh,Verma,user1837@example.com,9876501837,Other,2006-01-07,Chennai,71327
2839,Rakesh,Sharma,user1838@example.com,9876501838,,1976-05-01,Hyderabad,52961
2840,Vijay,Mehta,user1839@example.com,9876501839,,1979-07-07,Hyderabad,46680
2841,Anjali,Singh,,9876501840,,2008-10-19,Delhi,58728
2842,Kavya,Kumar,user1841@example.com,9876501841,,1978-12-05,Hyderabad,52307
2843,Kavya,Verma,user1842@example.com,9876501842,Female,2014-09-28,Chennai,67596
2844,Priya,Singh,user1843@example.com,9876501843,Female,1985-05-20,Bangalore,97124
2845,Vijay,Patel,user1844@example.com,9876501844,Female,2005-08-02,Chennai,70597
2846,Arjun,Mehta,user1845@example.com,9876501845,,invalid,Delhi,-1000
2847,Vijay,Gupta,user1846@example.com,9876501846,Other,1995-06-04,Chennai,65010
2848,Vijay,Rao,user1847@example.com,9876501847,Male,1986-07-24,Delhi,61644
2849,Vijay,Reddy,user1848@example.com,9876501848,Female,1992-04-16,Ahmedabad,34699
2850,Rakesh,Patel,user1849@example.com,9876501849,Male,2000-11-27,Hyderabad,77795
2851,Vijay,Sharma,user1850@example.com,,,1975-01-29,Bangalore,51878
2852,Neha,Reddy,user1851@example.com,9876501851,,2016-05-23,Delhi,47787
2853,Kavya,Gupta,user1852@example.com,9876501852,,1990-08-30,Ahmedabad,44736
2854,Priya,Patel,user1853@example.com,9876501853,Female,2012-08-01,Ahmedabad,72077
2855,Neha,Kumar,user1854@example.com,9876501854,Other,1989-09-25,Bangalore,53441
2856,Priya,Singh,user1855@example.com,9876501855,Female,1987-10-05,Pune,97934
2857,Sameer,Mehta,user1856@example.com,9876501856,Male,1986-10-31,Bangalore,87380
2858,Priya,Singh,user1857@example.com,9876501857,Female,1997-06-05,Delhi,54317
2859,Kavya,Joshi,user1858@example.com,9876501858,Other,2011-04-30,Pune,17517
2860,Kavya,Verma,user1859@example.com,9876501859,Other,1990-12-26,Hyderabad,67367
2861,Vijay,Sharma,invalid@,9876501860,,2009-11-25,Bangalore,587990
2862,Amit,Joshi,user1861@example.com,9876501861,,1974-08-11,Bangalore,82798
2863,Sameer,Joshi,user1862@example.com,9876501862,Other,invalid,Hyderabad,65269
2864,Arjun,Sharma,user1863@example.com,9876501863,Other,1972-10-06,Bangalore,88018
2865,Sneha,Verma,user1864@example.com,9876501864,Male,2013-04-25,Hyderabad,74865
2866,Priya,Kumar,user1865@example.com,9876501865,Female,1997-02-07,Bangalore,39466
2867,Amit,Verma,user1866@example.com,9876501866,,1977-02-25,Pune,50061
2868,Vijay,Mehta,user1867@example.com,9876501867,Male,1989-10-14,Delhi,55910
2869,Rakesh,Singh,user1868@example.com,9876501868,Female,1981-11-20,Ahmedabad,61630
2870,Arjun,Kumar,user1869@example.com,9876501869,,2019-01-30,Bangalore,59607
2871,Anjali,Rao,user1870@example.com,9876501870,Male,2018-03-31,Hyderabad,79368
2872,Amit,Singh,user1871@example.com,9876501871,,2000-07-29,Ahmedabad,75056
2873,Rakesh,Kumar,user1872@example.com,9876501872,,1985-08-19,Ahmedabad,56577
2874,Sameer,Verma,user1873@example.com,9876501873,,2006-04-02,Ahmedabad,78255
2875,Vijay,Sharma,user1874@example.com,9876501874,Male,1976-03-13,Bangalore,41577
2876,Arjun,Verma,user1875@example.com,123,Female,2015-08-19,Bangalore,-1000
2877,Arjun,Rao,user1876@example.com,9876501876,Female,1991-11-25,Chennai,82379
2878,Arjun,Kumar,user1877@example.com,9876501877,Male,2014-09-02,Bangalore,70509
2879,Sameer,Mehta,user1878@example.com,9876501878,,2050-01-01,Kolkata,75513
2880,Priya,Verma,user1879@example.com,9876501879,Male,1999-08-09,Bangalore,78142
2881,Anjali,Kumar,,9876501880,,2008-12-15,Mumbai,85954
2882,Sameer,Singh,user1881@example.com,9876501881,,2007-01-19,Delhi,79836
2883,Sneha,Rao,user1882@example.com,9876501882,Female,1975-02-26,Mumbai,89150
2884,Anjali,Mehta,user1883@example.com,9876501883,,1986-12-10,Chennai,33541
2885,Kavya,Kumar,user1884@example.com,9876501884,Other,2010-02-12,Kolkata,67648
2886,Vijay,Patel,user1885@example.com,9876501885,Male,1994-01-27,Pune,64081
2887,Sameer,Verma,user1886@example.com,9876501886,,2016-02-19,Kolkata,68045
2888,Rakesh,Rao,user1887@example.com,9876501887,Male,1980-10-25,Mumbai,83018
2889,Anjali,Mehta,user1888@example.com,9876501888,,1980-08-25,Mumbai,67579
2890,Sneha,Mehta,user1889@example.com,9876501889,,1995-03-22,Mumbai,66771
2891,Kavya,Joshi,user1890@example.com,9876501890,Other,2019-02-04,Delhi,743406
2892,Priya,Reddy,user1891@example.com,9876501891,Other,2005-11-02,Ahmedabad,34867
2893,Rakesh,Rao,user1892@example.com,9876501892,,2012-08-14,Pune,96120
2894,Anjali,Mehta,user1893@example.com,9876501893,Other,1982-02-23,Pune,62904
2895,Vijay,Kumar,user1894@example.com,9876501894,,2016-10-13,Kolkata,94540
2896,Rakesh,Joshi,user1895@example.com,9876501895,Female,1993-04-07,Delhi,47907
2897,Kavya,Reddy,user1896@example.com,9876501896,,1990-11-28,Chennai,46752
2898,Rakesh,Singh,user1897@example.com,9876501897,Other,2002-10-19,Kolkata,60448
2899,Neha,Kumar,user1898@example.com,9876501898,Male,1994-10-27,Mumbai,65716
2900,Amit,Verma,user1899@example.com,9876501899,Other,1974-05-01,Ahmedabad,54845
2901,Priya,Reddy,invalid@,,,1980-11-01,Kolkata,48909
2902,Kavya,Rao,user1901@example.com,9876501901,Other,invalid,Kolkata,72410
2903,Rakesh,Verma,user1902@example.com,9876501902,Female,2010-10-31,Bangalore,93995
2904,Amit,Gupta,user1903@example.com,9876501903,,1996-10-28,Kolkata,98184
2905,Amit,Gupta,user1904@example.com,9876501904,,1990-08-15,Delhi,59132
2906,Rakesh,Rao,user1905@example.com,9876501905,,2007-11-08,Chennai,-1000
2907,Vijay,Singh,user1906@example.com,9876501906,,1988-12-03,Ahmedabad,59742
2908,Neha,Reddy,user1907@example.com,9876501907,Other,1985-09-10,Chennai,99229
2909,Sameer,Joshi,user1908@example.com,9876501908,Male,2017-04-23,Delhi,85575
2910,Neha,Patel,user1909@example.com,9876501909,,invalid,Delhi,72713
2911,Rakesh,Mehta,user1910@example.com,9876501910,Female,2006-11-03,Bangalore,55659
2912,Priya,Patel,user1911@example.com,9876501911,Female,2001-05-13,Chennai,83239
2913,Sameer,Gupta,user1912@example.com,9876501912,Male,2002-12-24,Ahmedabad,110252
2914,Kavya,Gupta,user1913@example.com,9876501913,Male,1979-09-02,Chennai,62145
2915,Neha,Singh,user1914@example.com,9876501914,Other,1999-03-16,Kolkata,25594
2916,Rakesh,Patel,user1915@example.com,9876501915,Female,1983-04-15,Chennai,44476
2917,Neha,Patel,user1916@example.com,9876501916,,2014-12-10,Hyderabad,66250
2918,Sameer,Joshi,user1917@example.com,9876501917,Male,2009-02-06,Mumbai,61886
2919,Sneha,Singh,user1918@example.com,9876501918,Male,2013-03-06,Chennai,92211
2920,Anjali,Singh,user1919@example.com,9876501919,Male,2009-05-23,Ahmedabad,53168
2921,Neha,Rao,,9876501920,,2015-07-10,Kolkata,615112
2922,Kavya,Verma,user1921@example.com,9876501921,Female,2005-07-09,Ahmedabad,52050
2923,Kavya,Singh,user1922@example.com,9876501922,,2008-02-14,Hyderabad,80579
2924,Arjun,Singh,user1923@example.com,9876501923,,1985-02-02,Hyderabad,47790
2925,Neha,Kumar,user1924@example.com,9876501924,Other,1985-01-30,Mumbai,60303
2926,Anjali,Reddy,user1925@example.com,123,Male,1982-10-13,Bangalore,34530
2927,Vijay,Reddy,user1926@example.com,9876501926,Female,1986-09-01,Ahmedabad,54427
2928,Amit,Sharma,user1927@example.com,9876501927,Other,1989-03-17,Chennai,98255
2929,Anjali,Patel,user1928@example.com,9876501928,Other,1988-03-29,Chennai,100516
2930,Amit,Mehta,user1929@example.com,9876501929,,2001-10-19,Mumbai,78478
2931,Amit,Patel,user1930@example.com,9876501930,Male,1980-12-17,Delhi,73823
2932,Sneha,Rao,user1931@example.com,9876501931,Female,1971-08-22,Delhi,52414
2933,Arjun,Rao,user1932@example.com,9876501932,Female,1970-03-11,Kolkata,68980
2934,Anjali,Rao,user1933@example.com,9876501933,Female,1992-04-14,Mumbai,68314
2935,Anjali,Verma,user1934@example.com,9876501934,Male,1996-03-30,Delhi,65347
2936,Sneha,Mehta,user1935@example.com,9876501935,Female,1980-01-08,Ahmedabad,-1000
2937,Neha,Reddy,user1936@example.com,9876501936,,1985-06-05,Mumbai,46131
2938,Neha,Joshi,user1937@example.com,9876501937,,1988-09-05,Chennai,116240
2939,Neha,Reddy,user1938@example.com,9876501938,Male,1980-01-31,Kolkata,97495
2940,Priya,Verma,user1939@example.com,9876501939,Female,1977-05-07,Kolkata,48760
2941,Amit,Rao,invalid@,9876501940,,1982-06-29,Hyderabad,67151
2942,Priya,Verma,user1941@example.com,9876501941,,1982-09-27,Ahmedabad,53023
2943,Arjun,Reddy,user1942@example.com,9876501942,,2006-02-02,Pune,77723
2944,Sneha,Joshi,user1943@example.com,9876501943,,1996-01-07,Bangalore,63215
2945,Anjali,Sharma,user1944@example.com,9876501944,,1982-11-27,Chennai,27365
2946,Amit,Mehta,user1945@example.com,9876501945,Female,1984-10-27,Chennai,46581
2947,Priya,Verma,user1946@example.com,9876501946,Female,1975-09-07,Bangalore,91529
2948,Priya,Reddy,user1947@example.com,9876501947,,1972-02-22,Bangalore,60622
2949,Rakesh,Mehta,user1948@example.com,9876501948,Other,1996-01-30,Mumbai,60439
2950,Priya,Reddy,user1949@example.com,9876501949,,2002-08-10,Pune,78383
2951,Vijay,Reddy,user1950@example.com,,Other,2010-12-19,Hyderabad,837990
2952,Anjali,Joshi,user1951@example.com,9876501951,Male,2013-05-28,Bangalore,63218
2953,Vijay,Sharma,user1952@example.com,9876501952,Male,2017-10-02,Ahmedabad,21680
2954,Anjali,Mehta,user1953@example.com,9876501953,Female,1975-08-17,Chennai,48938
2955,Sneha,Rao,user1954@example.com,9876501954,,2009-05-11,Bangalore,22120
2956,Anjali,Mehta,user1955@example.com,9876501955,Female,2001-09-28,Pune,37008
2957,Vijay,Singh,user1956@example.com,9876501956,Female,2006-02-17,Ahmedabad,66541
2958,Anjali,Rao,user1957@example.com,9876501957,,1975-10-11,Ahmedabad,65924
2959,Sneha,Mehta,user1958@example.com,9876501958,Female,2050-01-01,Mumbai,90508
2960,Sneha,Kumar,user1959@example.com,9876501959,,2010-04-15,Hyderabad,64344
2961,Arjun,Kumar,,9876501960,Female,2013-10-09,Mumbai,47437
2962,Anjali,Reddy,user1961@example.com,9876501961,Male,1982-02-04,Delhi,89058
2963,Rakesh,Rao,user1962@example.com,9876501962,Other,1980-02-17,Pune,100022
2964,Neha,Mehta,user1963@example.com,9876501963,Female,2016-11-11,Kolkata,83331
2965,Kavya,Reddy,user1964@example.com,9876501964,Other,2007-06-04,Ahmedabad,63654
2966,Sneha,Patel,user1965@example.com,9876501965,,1987-12-20,Pune,-1000
2967,Sameer,Reddy,user1966@example.com,9876501966,Female,2007-05-14,Bangalore,41168
2968,Neha,Verma,user1967@example.com,9876501967,Male,2014-10-16,Kolkata,49197
2969,Amit,Kumar,user1968@example.com,9876501968,,2008-11-19,Chennai,56032
2970,Anjali,Patel,user1969@example.com,9876501969,Male,1994-01-31,Bangalore,38514
2971,Vijay,Gupta,user1970@example.com,9876501970,Other,1974-09-19,Chennai,58301
2972,Kavya,Verma,user1971@example.com,9876501971,,1999-01-05,Hyderabad,59367
2973,Sameer,Rao,user1972@example.com,9876501972,Male,2009-10-19,Delhi,90487
2974,Neha,Reddy,user1973@example.com,9876501973,Male,2001-12-18,Hyderabad,32619
2975,Anjali,Kumar,user1974@example.com,9876501974,Male,2012-11-03,Hyderabad,68448
2976,Arjun,Sharma,user1975@example.com,123,,1977-09-13,Ahmedabad,37780
2977,Amit,Kumar,user1976@example.com,9876501976,Male,1996-10-04,Chennai,25880
2978,Kavya,Joshi,user1977@example.com,9876501977,Male,1976-03-28,Hyderabad,55114
2979,Rakesh,Kumar,user1978@example.com,9876501978,Other,2012-04-24,Ahmedabad,65377
2980,Arjun,Sharma,user1979@example.com,9876501979,Male,1976-06-08,Chennai,90444
2981,Sameer,Sharma,invalid@,9876501980,Male,1979-12-03,Delhi,596150
2982,Kavya,Reddy,user1981@example.com,9876501981,,1987-11-18,Bangalore,54230
2983,Arjun,Rao,user1982@example.com,9876501982,,2016-10-24,Ahmedabad,50960
2984,Amit,Sharma,user1983@example.com,9876501983,,2013-10-09,Kolkata,54649
2985,Rakesh,Kumar,user1984@example.com,9876501984,Other,1972-07-13,Hyderabad,-5436
2986,Arjun,Rao,user1985@example.com,9876501985,,1982-05-27,Chennai,48614
2987,Priya,Mehta,user1986@example.com,9876501986,Female,invalid,Pune,81031
2988,Rakesh,Kumar,user1987@example.com,9876501987,,1977-09-16,Ahmedabad,15928
2989,Sameer,Singh,user1988@example.com,9876501988,Male,1982-07-15,Chennai,56697
2990,Amit,Reddy,user1989@example.com,9876501989,,1982-03-21,Hyderabad,59225
2991,Anjali,Verma,user1990@example.com,9876501990,,1972-06-07,Chennai,79327
2992,Vijay,Reddy,user1991@example.com,9876501991,Male,2007-05-09,Bangalore,67333
2993,Vijay,Sharma,user1992@example.com,9876501992,Male,1974-09-20,Ahmedabad,73435
2994,Vijay,Gupta,user1993@example.com,9876501993,Other,2018-04-21,Ahmedabad,50080
2995,Kavya,Joshi,user1994@example.com,9876501994,,1993-07-21,Mumbai,29834
2996,Sameer,Singh,user1995@example.com,9876501995,,2001-03-05,Chennai,-1000
2997,Amit,Sharma,user1996@example.com,9876501996,Female,1977-02-26,Hyderabad,62146
2998,Rakesh,Kumar,user1997@example.com,9876501997,Female,1997-05-23,Hyderabad,88158
2999,Kavya,Rao,user1998@example.com,9876501998,,2013-10-02,Ahmedabad,36446
3000,Sameer,Singh,user1999@example.com,9876501999,Female,2003-02-15,Chennai,106775
3001,Anjali,Gupta,,,,1971-11-09,Delhi,68450
3002,Priya,Verma,user2001@example.com,9876502001,,2000-05-25,Delhi,49776
3003,Amit,Rao,user2002@example.com,9876502002,Other,1991-03-02,Pune,48738
3004,Vijay,Joshi,user2003@example.com,9876502003,Female,1998-08-05,Ahmedabad,61806
3005,Arjun,Patel,user2004@example.com,9876502004,,1978-03-24,Pune,63646
3006,Amit,Joshi,user2005@example.com,9876502005,Female,2012-03-03,Bangalore,65264
3007,Sneha,Reddy,user2006@example.com,9876502006,Other,1994-08-09,Chennai,77751
3008,Sameer,Singh,user2007@example.com,9876502007,,1971-12-30,Bangalore,51776
3009,Neha,Reddy,user2008@example.com,9876502008,Male,2008-10-21,Mumbai,67126
3010,Anjali,Sharma,user2009@example.com,9876502009,Male,2010-08-20,Mumbai,58300
3011,Priya,Mehta,user2010@example.com,9876502010,Female,1970-07-10,Hyderabad,979343
3012,Anjali,Sharma,user2011@example.com,9876502011,,2008-07-29,Ahmedabad,28841
3013,Amit,Verma,user2012@example.com,9876502012,Other,1997-11-23,Ahmedabad,107903
3014,Neha,Singh,user2013@example.com,9876502013,,1998-03-14,Hyderabad,47327
3015,Sneha,Mehta,user2014@example.com,9876502014,,2007-06-26,Pune,43289
3016,Rakesh,Rao,user2015@example.com,9876502015,,2050-01-01,Hyderabad,59076
3017,Arjun,Mehta,user2016@example.com,9876502016,Male,1998-03-16,Pune,69321
3018,Neha,Verma,user2017@example.com,9876502017,Other,1986-07-15,Ahmedabad,57734
3019,Sameer,Kumar,user2018@example.com,9876502018,Male,1987-08-25,Kolkata,76949
3020,Vijay,Reddy,user2019@example.com,9876502019,Female,1994-03-05,Hyderabad,56010
3021,Sneha,Gupta,invalid@,9876502020,,1981-01-28,Ahmedabad,52126
3022,Arjun,Sharma,user2021@example.com,9876502021,Other,1985-05-26,Mumbai,46508
3023,Priya,Singh,user2022@example.com,9876502022,,2000-02-24,Mumbai,90209
3024,Vijay,Verma,user2023@example.com,9876502023,Male,1988-09-17,Mumbai,72687
3025,Amit,Patel,user2024@example.com,9876502024,Male,1994-09-25,Ahmedabad,41861
3026,Neha,Gupta,user2025@example.com,123,Male,1978-11-22,Hyderabad,-1000
3027,Arjun,Verma,user2026@example.com,9876502026,,2018-03-10,Pune,38523
3028,Kavya,Patel,user2027@example.com,9876502027,Other,2050-01-01,Delhi,119515
3029,Rakesh,Patel,user2028@example.com,9876502028,Other,1985-04-18,Delhi,68662
3030,Rakesh,Patel,user2029@example.com,9876502029,Female,1991-09-28,Pune,25205
3031,Sneha,Kumar,user2030@example.com,9876502030,,1995-11-15,Pune,37801
3032,Priya,Mehta,user2031@example.com,9876502031,Female,1991-11-06,Hyderabad,39991
3033,Sneha,Joshi,user2032@example.com,9876502032,Female,1974-02-23,Kolkata,70852
3034,Kavya,Sharma,user2033@example.com,9876502033,Female,2004-11-16,Pune,31043
3035,Sameer,Patel,user2034@example.com,9876502034,Female,1977-11-23,Mumbai,37688
3036,Priya,Verma,user2035@example.com,9876502035,Male,1980-06-23,Bangalore,59973
3037,Anjali,Rao,user2036@example.com,9876502036,Female,2004-05-29,Kolkata,63341
3038,Sameer,Rao,user2037@example.com,9876502037,Other,1981-11-18,Ahmedabad,53916
3039,Priya,Singh,user2038@example.com,9876502038,Female,1971-11-06,Mumbai,56694
3040,Priya,Reddy,user2039@example.com,9876502039,Male,2012-03-27,Delhi,36298
3041,Kavya,Patel,,9876502040,,2015-02-20,Ahmedabad,739228
3042,Amit,Verma,user2041@example.com,9876502041,,1998-11-19,Pune,24968
3043,Kavya,Patel,user2042@example.com,9876502042,,1980-12-07,Hyderabad,61709
3044,Priya,Kumar,user2043@example.com,9876502043,,2003-06-16,Chennai,100609
3045,Arjun,Reddy,user2044@example.com,9876502044,Other,1980-02-26,Kolkata,57678
3046,Sameer,Patel,user2045@example.com,9876502045,Male,1974-02-04,Kolkata,37019
3047,Kavya,Sharma,user2046@example.com,9876502046,,1979-04-16,Delhi,62666
3048,Amit,Rao,user2047@example.com,9876502047,Male,2002-01-11,Pune,58835
3049,Neha,Patel,user2048@example.com,9876502048,Male,1990-08-21,Chennai,68689
3050,Sneha,Sharma,user2049@example.com,9876502049,,1977-08-17,Pune,68365
3051,Priya,Sharma,user2050@example.com,,,1985-04-20,Pune,84244
3052,Anjali,Mehta,user2051@example.com,9876502051,Female,1983-02-24,Ahmedabad,54959
3053,Neha,Sharma,user2052@example.com,9876502052,Male,2011-08-25,Delhi,48284
3054,Rakesh,Reddy,user2053@example.com,9876502053,,1983-05-24,Delhi,48790
3055,Vijay,Rao,user2054@example.com,9876502054,Male,2004-12-08,Pune,51866
3056,Amit,Singh,user2055@example.com,9876502055,,1979-08-27,Hyderabad,-1000
3057,Anjali,Kumar,user2056@example.com,9876502056,,1983-01-30,Mumbai,37319
3058,Vijay,Rao,user2057@example.com,9876502057,Female,1981-06-21,Hyderabad,46094
3059,Amit,Verma,user2058@example.com,9876502058,,2005-08-28,Hyderabad,66006
3060,Arjun,Singh,user2059@example.com,9876502059,,1999-02-27,Bangalore,89096
3061,Sneha,Sharma,invalid@,9876502060,,2007-12-30,Chennai,47310
3062,Neha,Patel,user2061@example.com,9876502061,Female,1973-02-24,Mumbai,71984
3063,Sameer,Mehta,user2062@example.com,9876502062,Other,2009-02-26,Ahmedabad,60830
3064,Amit,Singh,user2063@example.com,9876502063,Male,1981-04-30,Hyderabad,75071
3065,Sameer,Verma,user2064@example.com,9876502064,Male,1974-02-19,Chennai,66189
3066,Sneha,Verma,user2065@example.com,9876502065,,2008-04-13,Bangalore,65540
3067,Priya,Singh,user2066@example.com,9876502066,Female,1980-09-20,Mumbai,116051
3068,Rakesh,Mehta,user2067@example.com,9876502067,Female,2010-05-05,Hyderabad,123595
3069,Neha,Sharma,user2068@example.com,9876502068,Female,2000-01-01,Chennai,59739
3070,Sneha,Reddy,user2069@example.com,9876502069,Male,1980-10-13,Kolkata,46650
3071,Sneha,Verma,user2070@example.com,9876502070,,1972-12-09,Delhi,698408
3072,Arjun,Sharma,user2071@example.com,9876502071,Male,1976-01-02,Mumbai,77079
3073,Vijay,Reddy,user2072@example.com,9876502072,Male,1992-06-21,Hyderabad,91413
3074,Rakesh,Reddy,user2073@example.com,9876502073,Male,1990-03-20,Pune,20100
3075,Neha,Verma,user2074@example.com,9876502074,,1984-02-28,Ahmedabad,56787
3076,Priya,Singh,user2075@example.com,123,Other,1992-09-20,Mumbai,54839
3077,Priya,Reddy,user2076@example.com,9876502076,,2050-01-01,Chennai,48859
3078,Kavya,Patel,user2077@example.com,9876502077,Other,2004-08-28,Mumbai,35062
3079,Sneha,Rao,user2078@example.com,9876502078,Other,1977-10-28,Chennai,60509
3080,Amit,Kumar,user2079@example.com,9876502079,Male,1981-11-28,Hyderabad,79090
3081,Arjun,Verma,,9876502080,Other,1973-11-29,Bangalore,40108
3082,Rakesh,Gupta,user2081@example.com,9876502081,Male,1988-05-29,Pune,66755
3083,Priya,Reddy,user2082@example.com,9876502082,Male,invalid,Hyderabad,73396
3084,Neha,Joshi,user2083@example.com,9876502083,,2013-01-13,Kolkata,97868
3085,Kavya,Patel,user2084@example.com,9876502084,Female,2010-07-19,Bangalore,77703
3086,Neha,Gupta,user2085@example.com,9876502085,Male,2006-05-04,Kolkata,-1000
3087,Arjun,Sharma,user2086@example.com,9876502086,Other,2002-05-21,Hyderabad,71228
3088,Amit,Kumar,user2087@example.com,9876502087,,2001-12-07,Ahmedabad,80254
3089,Kavya,Mehta,user2088@example.com,9876502088,Other,1991-07-06,Hyderabad,67416
3090,Kavya,Reddy,user2089@example.com,9876502089,Female,2000-09-23,Ahmedabad,80734
3091,Vijay,Mehta,user2090@example.com,9876502090,,1988-03-12,Chennai,58351
3092,Rakesh,Kumar,user2091@example.com,9876502091,Female,1977-12-31,Pune,89008
3093,Kavya,Patel,user2092@example.com,9876502092,,1992-05-11,Bangalore,54807
3094,Vijay,Patel,user2093@example.com,9876502093,Female,2004-08-07,Pune,51284
3095,Vijay,Kumar,user2094@example.com,9876502094,Female,2007-09-10,Hyderabad,55637
3096,Arjun,Patel,user2095@example.com,9876502095,,1972-05-28,Bangalore,45591
3097,Sameer,Reddy,user2096@example.com,9876502096,,1999-04-23,Chennai,80089
3098,Neha,Kumar,user2097@example.com,9876502097,Other,1993-04-12,Chennai,33550
3099,Amit,Verma,user2098@example.com,9876502098,Male,2011-10-19,Chennai,56331
3100,Anjali,Joshi,user2099@example.com,9876502099,,2050-01-01,Delhi,71488
3101,Neha,Sharma,invalid@,,,1973-08-14,Pune,652420
3102,Kavya,Rao,user2101@example.com,9876502101,,2001-09-23,Hyderabad,64161
3103,Amit,Singh,user2102@example.com,9876502102,Female,2011-03-13,Kolkata,62147
3104,Priya,Joshi,user2103@example.com,9876502103,,1999-08-03,Ahmedabad,68289
3105,Sameer,Rao,user2104@example.com,9876502104,,1993-03-03,Bangalore,44946
3106,Priya,Singh,user2105@example.com,9876502105,,2050-01-01,Delhi,55411
3107,Priya,Mehta,user2106@example.com,9876502106,Male,1978-07-22,Ahmedabad,59849
3108,Rakesh,Joshi,user2107@example.com,9876502107,,1992-05-31,Bangalore,74116
3109,Neha,Gupta,user2108@example.com,9876502108,,1983-12-18,Delhi,83859
3110,Anjali,Joshi,user2109@example.com,9876502109,Female,1993-06-01,Ahmedabad,62358
3111,Arjun,Patel,user2110@example.com,9876502110,Other,2001-11-01,Ahmedabad,79686
3112,Anjali,Reddy,user2111@example.com,9876502111,,2017-03-10,Delhi,66793
3113,Priya,Reddy,user2112@example.com,9876502112,Female,2017-03-18,Ahmedabad,63587
3114,Kavya,Rao,user2113@example.com,9876502113,Female,2005-07-24,Bangalore,80688
3115,Sameer,Patel,user2114@example.com,9876502114,Female,invalid,Kolkata,36048
3116,Sneha,Mehta,user2115@example.com,9876502115,,2003-08-12,Bangalore,-1000
3117,Anjali,Reddy,user2116@example.com,9876502116,Female,2002-02-21,Ahmedabad,51286
3118,Priya,Sharma,user2117@example.com,9876502117,Other,invalid,Mumbai,85772
3119,Sameer,Mehta,user2118@example.com,9876502118,,2003-11-28,Chennai,51842
3120,Amit,Patel,user2119@example.com,9876502119,Other,1970-11-23,Delhi,58790
3121,Neha,Patel,,9876502120,,1975-10-22,Mumbai,33704
3122,Vijay,Rao,user2121@example.com,9876502121,,1972-09-20,Bangalore,72346
3123,Rakesh,Verma,user2122@example.com,9876502122,Female,2004-07-21,Ahmedabad,56647
3124,Sameer,Reddy,user2123@example.com,9876502123,Female,2013-03-14,Pune,54256
3125,Kavya,Patel,user2124@example.com,9876502124,,1977-08-13,Kolkata,65547
3126,Kavya,Patel,user2125@example.com,123,Male,1989-03-21,Pune,31600
3127,Sameer,Sharma,user2126@example.com,9876502126,Other,1977-12-15,Chennai,51135
3128,Kavya,Joshi,user2127@example.com,9876502127,,1992-09-12,Mumbai,61274
3129,Neha,Joshi,user2128@example.com,9876502128,,2011-10-13,Hyderabad,94294
3130,Kavya,Patel,user2129@example.com,9876502129,Other,2015-07-11,Mumbai,68667
3131,Anjali,Mehta,user2130@example.com,9876502130,Other,1991-09-26,Hyderabad,729209
3132,Vijay,Sharma,user2131@example.com,9876502131,,1985-01-16,Mumbai,66239
3133,Kavya,Mehta,user2132@example.com,9876502132,Male,1977-06-02,Bangalore,133194
3134,Vijay,Singh,user2133@example.com,9876502133,Female,2004-08-24,Chennai,82976
3135,Priya,Verma,user2134@example.com,9876502134,Male,2014-10-26,Kolkata,24338
3136,Arjun,Joshi,user2135@example.com,9876502135,Male,2001-04-06,Chennai,69445
3137,Neha,Joshi,user2136@example.com,9876502136,Female,2007-09-13,Bangalore,86805
3138,Arjun,Sharma,user2137@example.com,9876502137,Male,1991-05-06,Chennai,35983
3139,Priya,Kumar,user2138@example.com,9876502138,,2014-01-12,Kolkata,67098
3140,Neha,Mehta,user2139@example.com,9876502139,,2017-09-22,Ahmedabad,54238
3141,Sameer,Reddy,invalid@,9876502140,Female,1996-01-12,Bangalore,47907
3142,Sameer,Sharma,user2141@example.com,9876502141,Female,1996-03-23,Hyderabad,91719
3143,Vijay,Rao,user2142@example.com,9876502142,Other,1988-05-17,Hyderabad,51737
3144,Priya,Kumar,user2143@example.com,9876502143,Other,2013-10-01,Ahmedabad,51921
3145,Vijay,Gupta,user2144@example.com,9876502144,Male,2011-03-16,Ahmedabad,46974
3146,Rakesh,Mehta,user2145@example.com,9876502145,Male,1992-01-28,Mumbai,-1000
3147,Kavya,Kumar,user2146@example.com,9876502146,Female,2013-05-08,Pune,54070
3148,Sneha,Sharma,user2147@example.com,9876502147,Male,1996-04-17,Kolkata,53080
3149,Rakesh,Reddy,user2148@example.com,9876502148,,2001-04-29,Mumbai,41242
3150,Kavya,Rao,user2149@example.com,9876502149,,1982-07-07,Bangalore,64452
3151,Neha,Verma,user2150@example.com,,Male,2005-03-03,Delhi,14404
3152,Vijay,Kumar,user2151@example.com,9876502151,Male,2002-07-02,Bangalore,67031
3153,Neha,Verma,user2152@example.com,9876502152,Other,1996-02-16,Kolkata,84526
3154,Neha,Patel,user2153@example.com,9876502153,,1983-03-27,Pune,54385
3155,Kavya,Joshi,user2154@example.com,9876502154,Male,1988-08-15,Bangalore,72081
3156,Priya,Singh,user2155@example.com,9876502155,,1979-02-23,Pune,59949
3157,Kavya,Joshi,user2156@example.com,9876502156,Male,1999-06-22,Delhi,112038
3158,Amit,Gupta,user2157@example.com,9876502157,Female,2003-09-17,Hyderabad,84464
3159,Sameer,Reddy,user2158@example.com,9876502158,,1980-07-11,Delhi,47671
3160,Sameer,Rao,user2159@example.com,9876502159,Male,1971-10-02,Chennai,90830
3161,Rakesh,Verma,,9876502160,,2001-04-08,Ahmedabad,1132239
3162,Sameer,Sharma,user2161@example.com,9876502161,Male,2011-08-25,Kolkata,60669
3163,Kavya,Verma,user2162@example.com,9876502162,,2006-12-14,Bangalore,74736
3164,Anjali,Reddy,user2163@example.com,9876502163,,1992-04-26,Ahmedabad,85257
3165,Vijay,Sharma,user2164@example.com,9876502164,,1992-12-08,Mumbai,42611
3166,Kavya,Sharma,user2165@example.com,9876502165,Other,2050-01-01,Kolkata,28316
3167,Kavya,Gupta,user2166@example.com,9876502166,Other,2013-08-28,Mumbai,68191
3168,Sneha,Reddy,user2167@example.com,9876502167,Female,2018-06-20,Mumbai,48554
3169,Vijay,Kumar,user2168@example.com,9876502168,Other,1993-11-15,Chennai,60635
3170,Amit,Joshi,user2169@example.com,9876502169,,1978-12-04,Mumbai,85496
3171,Sameer,Patel,user2170@example.com,9876502170,Other,1979-07-16,Mumbai,76300
3172,Vijay,Verma,user2171@example.com,9876502171,Female,1996-09-20,Hyderabad,76162
3173,Sameer,Kumar,user2172@example.com,9876502172,Male,1997-12-31,Bangalore,62427
3174,Rakesh,Patel,user2173@example.com,9876502173,Other,2008-10-20,Hyderabad,52111
3175,Vijay,Rao,user2174@example.com,9876502174,,2018-06-26,Ahmedabad,50824
3176,Sameer,Singh,user2175@example.com,123,,1982-01-22,Ahmedabad,-1000
3177,Amit,Verma,user2176@example.com,9876502176,Female,1995-10-01,Pune,110122
3178,Arjun,Gupta,user2177@example.com,9876502177,Female,1986-04-04,Mumbai,86576
3179,Neha,Patel,user2178@example.com,9876502178,,1973-12-05,Delhi,59383
3180,Neha,Sharma,user2179@example.com,9876502179,,1993-11-25,Pune,42743
3181,Amit,Kumar,invalid@,9876502180,,1983-07-25,Pune,119422
3182,Sneha,Joshi,user2181@example.com,9876502181,Male,1996-09-27,Bangalore,74062
3183,Arjun,Gupta,user2182@example.com,9876502182,,1992-12-15,Pune,73637
3184,Rakesh,Verma,user2183@example.com,9876502183,,2006-12-25,Delhi,53046
3185,Amit,Reddy,user2184@example.com,9876502184,,1990-03-15,Ahmedabad,78763
3186,Neha,Kumar,user2185@example.com,9876502185,Female,1997-05-24,Pune,60844
3187,Neha,Gupta,user2186@example.com,9876502186,Male,2005-07-23,Hyderabad,43890
3188,Neha,Singh,user2187@example.com,9876502187,Female,1976-09-03,Bangalore,58228
3189,Priya,Verma,user2188@example.com,9876502188,,2001-09-06,Kolkata,73059
3190,Amit,Rao,user2189@example.com,9876502189,,1982-06-19,Mumbai,95666
3191,Kavya,Joshi,user2190@example.com,9876502190,Female,2018-07-26,Hyderabad,335043
3192,Rakesh,Rao,user2191@example.com,9876502191,Other,2014-01-15,Delhi,40223
3193,Neha,Patel,user2192@example.com,9876502192,Male,1980-04-12,Mumbai,56468
3194,Sameer,Reddy,user2193@example.com,9876502193,,1987-02-26,Chennai,46280
3195,Amit,Patel,user2194@example.com,9876502194,,2002-02-03,Pune,65050
3196,Priya,Joshi,user2195@example.com,9876502195,Female,2015-04-17,Ahmedabad,55164
3197,Amit,Kumar,user2196@example.com,9876502196,Male,1988-06-16,Bangalore,67493
3198,Rakesh,Patel,user2197@example.com,9876502197,,1975-01-12,Kolkata,68349
3199,Priya,Reddy,user2198@example.com,9876502198,Female,2017-08-31,Delhi,37922
3200,Rakesh,Mehta,user2199@example.com,9876502199,,2016-08-29,Ahmedabad,60823
3201,Amit,Mehta,,,Other,2016-09-17,Delhi,49026
3202,Kavya,Gupta,user2201@example.com,9876502201,Other,1976-07-03,Bangalore,87763
3203,Rakesh,Gupta,user2202@example.com,9876502202,,2015-08-12,Hyderabad,51406
3204,Priya,Verma,user2203@example.com,9876502203,Male,1988-10-12,Bangalore,55099
3205,Priya,Gupta,user2204@example.com,9876502204,,2004-11-17,Pune,46845
3206,Rakesh,Singh,user2205@example.com,9876502205,Female,1974-05-08,Delhi,-1000
3207,Anjali,Gupta,user2206@example.com,9876502206,Male,2005-03-12,Chennai,61957
3208,Amit,Singh,user2207@example.com,9876502207,Other,1970-09-03,Chennai,94636
3209,Anjali,Gupta,user2208@example.com,9876502208,Female,1994-11-11,Pune,64393
3210,Sneha,Rao,user2209@example.com,9876502209,,1998-06-26,Delhi,91907
3211,Amit,Sharma,user2210@example.com,9876502210,,1992-06-06,Delhi,95765
3212,Rakesh,Singh,user2211@example.com,9876502211,,1975-12-25,Mumbai,57925
3213,Arjun,Kumar,user2212@example.com,9876502212,Other,2004-01-21,Pune,61499
3214,Rakesh,Verma,user2213@example.com,9876502213,,1978-11-26,Delhi,53524
3215,Anjali,Joshi,user2214@example.com,9876502214,Male,2014-07-30,Delhi,40445
3216,Kavya,Singh,user2215@example.com,9876502215,Other,1986-01-20,Hyderabad,112170
3217,Rakesh,Patel,user2216@example.com,9876502216,Female,1996-07-25,Hyderabad,53629
3218,Rakesh,Sharma,user2217@example.com,9876502217,Female,1980-04-29,Bangalore,46965
3219,Kavya,Rao,user2218@example.com,9876502218,,2007-01-23,Kolkata,43783
3220,Rakesh,Mehta,user2219@example.com,9876502219,Male,1995-07-09,Mumbai,52492
3221,Neha,Rao,invalid@,9876502220,,2014-01-07,Chennai,589277
3222,Arjun,Gupta,user2221@example.com,9876502221,Female,1976-08-16,Hyderabad,89852
3223,Sameer,Verma,user2222@example.com,9876502222,Female,2007-01-05,Chennai,101254
3224,Arjun,Sharma,user2223@example.com,9876502223,,1990-04-02,Bangalore,23371
3225,Rakesh,Patel,user2224@example.com,9876502224,,1990-01-05,Kolkata,96752
3226,Neha,Singh,user2225@example.com,123,,2002-10-21,Kolkata,98552
3227,Amit,Rao,user2226@example.com,9876502226,,1971-11-17,Pune,52601
3228,Rakesh,Sharma,user2227@example.com,9876502227,Male,1977-07-19,Chennai,46780
3229,Anjali,Singh,user2228@example.com,9876502228,,1983-10-03,Pune,75437
3230,Neha,Verma,user2229@example.com,9876502229,Other,2004-05-20,Delhi,52237
3231,Kavya,Joshi,user2230@example.com,9876502230,,2016-10-20,Ahmedabad,94958
3232,Neha,Mehta,user2231@example.com,9876502231,,1983-12-04,Kolkata,74817
3233,Kavya,Verma,user2232@example.com,9876502232,Male,1985-06-17,Kolkata,49912
3234,Sneha,Gupta,user2233@example.com,9876502233,,2008-10-05,Bangalore,70846
3235,Sameer,Reddy,user2234@example.com,9876502234,Male,2000-07-21,Kolkata,66405
3236,Vijay,Joshi,user2235@example.com,9876502235,Other,2002-10-31,Pune,-1000
3237,Neha,Gupta,user2236@example.com,9876502236,Female,2017-11-06,Kolkata,45259
3238,Priya,Rao,user2237@example.com,9876502237,Male,1978-02-03,Delhi,51844
3239,Anjali,Joshi,user2238@example.com,9876502238,,2013-02-05,Delhi,72589
3240,Rakesh,Gupta,user2239@example.com,9876502239,,2014-09-11,Bangalore,76327
3241,Anjali,Joshi,,9876502240,,2002-12-02,Kolkata,89130
3242,Arjun,Verma,user2241@example.com,9876502241,,1996-05-19,Hyderabad,50906
3243,Vijay,Sharma,user2242@example.com,9876502242,,2010-11-19,Hyderabad,35358
3244,Arjun,Mehta,user2243@example.com,9876502243,Male,1981-05-06,Chennai,48059
3245,Sneha,Mehta,user2244@example.com,9876502244,,1990-12-06,Delhi,50878
3246,Vijay,Gupta,user2245@example.com,9876502245,Female,1978-03-17,Mumbai,48964
3247,Vijay,Gupta,user2246@example.com,9876502246,Other,1984-04-05,Chennai,64568
3248,Arjun,Joshi,user2247@example.com,9876502247,Male,1997-03-26,Ahmedabad,78964
3249,Kavya,Rao,user2248@example.com,9876502248,Male,2009-05-23,Bangalore,56762
3250,Arjun,Gupta,user2249@example.com,9876502249,,1979-11-15,Bangalore,75021
3251,Anjali,Joshi,user2250@example.com,,,2016-01-05,Bangalore,844010
3252,Kavya,Kumar,user2251@example.com,9876502251,Male,2016-07-12,Delhi,64789
3253,Anjali,Mehta,user2252@example.com,9876502252,,1993-08-25,Delhi,42251
3254,Sneha,Gupta,user2253@example.com,9876502253,,1995-01-22,Bangalore,59418
3255,Rakesh,Verma,user2254@example.com,9876502254,,1970-05-11,Hyderabad,85408
3256,Amit,Patel,user2255@example.com,9876502255,,1977-04-01,Bangalore,77605
3257,Kavya,Joshi,user2256@example.com,9876502256,,2003-08-07,Mumbai,43653
3258,Sneha,Mehta,user2257@example.com,9876502257,,2010-04-10,Hyderabad,88548
3259,Priya,Gupta,user2258@example.com,9876502258,,2010-10-04,Pune,58387
3260,Sneha,Sharma,user2259@example.com,9876502259,,1988-04-09,Chennai,43545
3261,Arjun,Joshi,invalid@,9876502260,Male,1999-02-04,Chennai,64361
3262,Arjun,Rao,user2261@example.com,9876502261,Other,1980-03-18,Mumbai,34501
3263,Amit,Gupta,user2262@example.com,9876502262,Male,1982-02-18,Bangalore,78004
3264,Sneha,Joshi,user2263@example.com,9876502263,,1972-10-21,Kolkata,87892
3265,Sameer,Gupta,user2264@example.com,9876502264,Male,1989-04-10,Delhi,44974
3266,Rakesh,Reddy,user2265@example.com,9876502265,Other,2016-04-30,Delhi,-1000
3267,Arjun,Patel,user2266@example.com,9876502266,,1982-07-28,Bangalore,82432
3268,Amit,Singh,user2267@example.com,9876502267,Female,1971-05-23,Pune,38382
3269,Rakesh,Singh,user2268@example.com,9876502268,,1980-09-29,Ahmedabad,40572
3270,Sneha,Reddy,user2269@example.com,9876502269,,1994-04-17,Ahmedabad,60259
3271,Sneha,Joshi,user2270@example.com,9876502270,Other,1976-01-03,Mumbai,59421
3272,Vijay,Rao,user2271@example.com,9876502271,,2013-02-26,Chennai,65976
3273,Amit,Gupta,user2272@example.com,9876502272,,1982-09-30,Pune,62898
3274,Arjun,Joshi,user2273@example.com,9876502273,Female,2018-03-16,Ahmedabad,38404
3275,Sameer,Sharma,user2274@example.com,9876502274,,1983-09-29,Pune,32699
3276,Sneha,Rao,user2275@example.com,123,Other,1979-10-15,Delhi,38637
3277,Sameer,Sharma,user2276@example.com,9876502276,,1987-12-04,Delhi,75057
3278,Sneha,Reddy,user2277@example.com,9876502277,Other,2010-03-09,Kolkata,84021
3279,Arjun,Verma,user2278@example.com,9876502278,,2014-05-20,Hyderabad,63220
3280,Rakesh,Singh,user2279@example.com,9876502279,,2016-05-03,Pune,79210
3281,Neha,Singh,,9876502280,,2006-12-05,Hyderabad,528364
3282,Rakesh,Gupta,user2281@example.com,9876502281,Male,2016-04-03,Bangalore,57657
3283,Sneha,Patel,user2282@example.com,9876502282,,2010-08-09,Ahmedabad,83483
3284,Anjali,Reddy,user2283@example.com,9876502283,Other,2004-08-12,Ahmedabad,74304
3285,Neha,Joshi,user2284@example.com,9876502284,Female,2015-10-20,Delhi,68530
3286,Neha,Reddy,user2285@example.com,9876502285,,1984-03-07,Kolkata,62051
3287,Sameer,Joshi,user2286@example.com,9876502286,,2011-02-18,Hyderabad,41835
3288,Amit,Reddy,user2287@example.com,9876502287,Male,1987-06-13,Kolkata,66710
3289,Sameer,Verma,user2288@example.com,9876502288,Male,2004-01-17,Chennai,71198
3290,Sameer,Kumar,user2289@example.com,9876502289,Other,2001-08-27,Mumbai,109162
3291,Anjali,Patel,user2290@example.com,9876502290,Female,2002-11-23,Ahmedabad,63421
3292,Rakesh,Joshi,user2291@example.com,9876502291,,1998-12-11,Delhi,57606
3293,Rakesh,Patel,user2292@example.com,9876502292,,1993-07-09,Kolkata,70637
3294,Priya,Rao,user2293@example.com,9876502293,Male,2011-07-16,Delhi,93966
3295,Sneha,Reddy,user2294@example.com,9876502294,Other,2001-10-03,Pune,72041
3296,Anjali,Gupta,user2295@example.com,9876502295,Male,2007-07-28,Pune,-1000
3297,Priya,Mehta,user2296@example.com,9876502296,Male,2005-04-01,Chennai,49299
3298,Arjun,Rao,user2297@example.com,9876502297,Female,1995-12-22,Pune,48349
3299,Sneha,Sharma,user2298@example.com,9876502298,Other,2010-03-13,Hyderabad,80622
3300,Sneha,Singh,user2299@example.com,9876502299,Female,2002-01-14,Mumbai,59244
3301,Vijay,Mehta,invalid@,,Other,2012-02-02,Kolkata,105139
3302,Vijay,Verma,user2301@example.com,9876502301,,1985-02-14,Ahmedabad,66680
3303,Kavya,Reddy,user2302@example.com,9876502302,,2005-08-30,Mumbai,74761
3304,Kavya,Kumar,user2303@example.com,9876502303,,1980-04-21,Kolkata,53916
3305,Sameer,Verma,user2304@example.com,9876502304,Other,2010-05-27,Mumbai,48552
3306,Arjun,Joshi,user2305@example.com,9876502305,,2006-12-09,Pune,80276
3307,Neha,Mehta,user2306@example.com,9876502306,Male,1996-12-23,Chennai,88912
3308,Neha,Singh,user2307@example.com,9876502307,,1976-10-01,Delhi,45124
3309,Vijay,Gupta,user2308@example.com,9876502308,,1982-03-10,Bangalore,50300
3310,Vijay,Kumar,user2309@example.com,9876502309,,2013-12-22,Delhi,51822
3311,Vijay,Patel,user2310@example.com,9876502310,Other,1970-01-16,Delhi,785327
3312,Anjali,Reddy,user2311@example.com,9876502311,Male,invalid,Delhi,72234
3313,Amit,Joshi,user2312@example.com,9876502312,Other,1984-01-23,Delhi,63014
3314,Kavya,Reddy,user2313@example.com,9876502313,,2013-04-29,Mumbai,49402
3315,Anjali,Verma,user2314@example.com,9876502314,,1991-10-06,Pune,97158
3316,Rakesh,Mehta,user2315@example.com,9876502315,,1983-02-11,Pune,84552
3317,Neha,Verma,user2316@example.com,9876502316,Other,1992-08-13,Delhi,25092
3318,Sneha,Mehta,user2317@example.com,9876502317,Female,1993-07-21,Bangalore,82134
3319,Kavya,Gupta,user2318@example.com,9876502318,Other,1989-10-20,Ahmedabad,59226
3320,Priya,Singh,user2319@example.com,9876502319,Female,2000-04-04,Delhi,52969
3321,Rakesh,Patel,,9876502320,Other,2017-05-16,Delhi,80324
3322,Kavya,Gupta,user2321@example.com,9876502321,Female,2011-07-27,Bangalore,72019
3323,Anjali,Rao,user2322@example.com,9876502322,Female,1983-03-29,Mumbai,66779
3324,Arjun,Singh,user2323@example.com,9876502323,Female,1979-02-26,Delhi,47013
3325,Sneha,Gupta,user2324@example.com,9876502324,Female,1999-06-27,Bangalore,85294
3326,Kavya,Kumar,user2325@example.com,123,Male,2015-08-09,Mumbai,-1000
3327,Amit,Reddy,user2326@example.com,9876502326,Female,1972-03-30,Mumbai,80482
3328,Vijay,Verma,user2327@example.com,9876502327,Female,1977-02-28,Chennai,66794
3329,Vijay,Singh,user2328@example.com,9876502328,,2005-12-31,Kolkata,64285
3330,Sneha,Kumar,user2329@example.com,9876502329,Male,1986-08-14,Kolkata,53976
3331,Anjali,Verma,user2330@example.com,9876502330,Female,2050-01-01,Chennai,68293
3332,Vijay,Rao,user2331@example.com,9876502331,,1980-11-28,Chennai,37487
3333,Kavya,Sharma,user2332@example.com,9876502332,Male,1991-02-01,Delhi,89692
3334,Priya,Singh,user2333@example.com,9876502333,,1978-04-28,Kolkata,56940
3335,Neha,Kumar,user2334@example.com,9876502334,Other,1999-10-10,Mumbai,51204
3336,Neha,Verma,user2335@example.com,9876502335,,2016-07-04,Delhi,61064
3337,Rakesh,Verma,user2336@example.com,9876502336,,2011-04-07,Hyderabad,57527
3338,Sameer,Gupta,user2337@example.com,9876502337,Male,2003-03-18,Hyderabad,89868
3339,Arjun,Mehta,user2338@example.com,9876502338,Male,2008-08-30,Delhi,30332
3340,Sneha,Gupta,user2339@example.com,9876502339,,2004-08-24,Pune,63515
3341,Rakesh,Kumar,invalid@,9876502340,,1993-02-16,Ahmedabad,966549
3342,Sameer,Joshi,user2341@example.com,9876502341,Male,1976-10-23,Ahmedabad,66365
3343,Anjali,Reddy,user2342@example.com,9876502342,Male,1973-09-20,Pune,68768
3344,Amit,Singh,user2343@example.com,9876502343,Male,2016-09-29,Kolkata,64436
3345,Amit,Gupta,user2344@example.com,9876502344,Other,1993-04-09,Delhi,52018
3346,Arjun,Verma,user2345@example.com,9876502345,,1986-10-15,Bangalore,75803
3347,Vijay,Verma,user2346@example.com,9876502346,,1978-09-02,Mumbai,61166
3348,Kavya,Sharma,user2347@example.com,9876502347,,1972-04-05,Pune,67815
3349,Rakesh,Singh,user2348@example.com,9876502348,Female,1973-04-06,Chennai,75980
3350,Rakesh,Sharma,user2349@example.com,9876502349,Other,1998-04-10,Pune,73839
3351,Sneha,Reddy,user2350@example.com,,Male,2010-04-08,Pune,66937
3352,Sneha,Rao,user2351@example.com,9876502351,Male,1988-07-30,Kolkata,82971
3353,Amit,Gupta,user2352@example.com,9876502352,Other,1988-08-27,Kolkata,85233
3354,Amit,Patel,user2353@example.com,9876502353,,2016-04-26,Pune,80694
3355,Priya,Kumar,user2354@example.com,9876502354,Male,2000-04-12,Ahmedabad,86106
3356,Priya,Kumar,user2355@example.com,9876502355,Female,1973-04-22,Delhi,-1000
3357,Vijay,Rao,user2356@example.com,9876502356,,2000-01-12,Pune,40872
3358,Priya,Singh,user2357@example.com,9876502357,,1973-05-22,Pune,120154
3359,Kavya,Gupta,user2358@example.com,9876502358,Other,1983-07-15,Hyderabad,68129
3360,Kavya,Reddy,user2359@example.com,9876502359,,1998-03-07,Pune,60138
3361,Rakesh,Mehta,,9876502360,,invalid,Bangalore,68371
3362,Neha,Sharma,user2361@example.com,9876502361,Female,2012-05-05,Bangalore,35486
3363,Kavya,Rao,user2362@example.com,9876502362,Other,2008-03-04,Mumbai,69681
3364,Sameer,Mehta,user2363@example.com,9876502363,Male,1971-04-05,Delhi,49137
3365,Amit,Sharma,user2364@example.com,9876502364,Male,1994-03-17,Pune,66452
3366,Sneha,Rao,user2365@example.com,9876502365,,2004-12-17,Mumbai,67896
3367,Priya,Kumar,user2366@example.com,9876502366,,2015-03-09,Kolkata,53147
3368,Rakesh,Kumar,user2367@example.com,9876502367,Female,1998-08-09,Chennai,28926
3369,Arjun,Verma,user2368@example.com,9876502368,,1993-04-19,Mumbai,70474
3370,Sneha,Sharma,user2369@example.com,9876502369,Female,2014-03-05,Chennai,64978
3371,Sameer,Patel,user2370@example.com,9876502370,Female,2014-05-11,Chennai,688469
3372,Priya,Reddy,user2371@example.com,9876502371,Female,1993-07-04,Delhi,56569
3373,Sameer,Joshi,user2372@example.com,9876502372,Other,2006-04-20,Bangalore,51861
3374,Amit,Singh,user2373@example.com,9876502373,,1978-11-03,Hyderabad,60698
3375,Amit,Singh,user2374@example.com,9876502374,Other,2015-01-25,Delhi,67783
3376,Vijay,Sharma,user2375@example.com,123,,1979-05-04,Mumbai,78473
3377,Rakesh,Rao,user2376@example.com,9876502376,,1971-02-13,Chennai,48796
3378,Sneha,Rao,user2377@example.com,9876502377,Male,2010-04-30,Delhi,80823
3379,Anjali,Joshi,user2378@example.com,9876502378,Male,1985-10-22,Bangalore,78076
3380,Anjali,Reddy,user2379@example.com,9876502379,Male,1980-12-11,Mumbai,75412
3381,Sneha,Gupta,invalid@,9876502380,,1990-01-03,Delhi,101605
3382,Arjun,Reddy,user2381@example.com,9876502381,Female,1995-02-18,Kolkata,29812
3383,Rakesh,Gupta,user2382@example.com,9876502382,Female,1985-05-19,Kolkata,104012
3384,Sameer,Joshi,user2383@example.com,9876502383,,1977-05-25,Pune,51926
3385,Arjun,Gupta,user2384@example.com,9876502384,,1980-09-12,Pune,69831
3386,Neha,Patel,user2385@example.com,9876502385,Male,2007-11-24,Hyderabad,-1000
3387,Sneha,Verma,user2386@example.com,9876502386,,2016-09-15,Delhi,38235
3388,Sameer,Reddy,user2387@example.com,9876502387,Female,2006-09-16,Delhi,75580
3389,Anjali,Gupta,user2388@example.com,9876502388,Female,2011-12-15,Chennai,82275
3390,Kavya,Kumar,user2389@example.com,9876502389,Other,1988-08-30,Kolkata,73444
3391,Vijay,Patel,user2390@example.com,9876502390,Other,2016-05-04,Chennai,35463
3392,Anjali,Reddy,user2391@example.com,9876502391,,2015-04-23,Bangalore,40196
3393,Rakesh,Gupta,user2392@example.com,9876502392,,2017-07-21,Mumbai,51054
3394,Amit,Kumar,user2393@example.com,9876502393,Other,1971-09-10,Delhi,90455
3395,Kavya,Joshi,user2394@example.com,9876502394,Other,2003-02-22,Mumbai,66922
3396,Vijay,Joshi,user2395@example.com,9876502395,,1985-06-10,Pune,24986
3397,Vijay,Sharma,user2396@example.com,9876502396,Female,2001-10-21,Mumbai,106286
3398,Neha,Singh,user2397@example.com,9876502397,,2050-01-01,Ahmedabad,95004
3399,Neha,Mehta,user2398@example.com,9876502398,,2004-07-06,Kolkata,43265
3400,Priya,Kumar,user2399@example.com,9876502399,,2010-12-15,Bangalore,56814
3401,Anjali,Sharma,,,Other,2010-08-23,Kolkata,592735
3402,Anjali,Patel,user2401@example.com,9876502401,Female,1999-04-20,Bangalore,75463
3403,Anjali,Gupta,user2402@example.com,9876502402,,invalid,Hyderabad,68977
3404,Priya,Reddy,user2403@example.com,9876502403,,1978-06-07,Mumbai,51374
3405,Arjun,Rao,user2404@example.com,9876502404,,2015-11-27,Hyderabad,91222
3406,Vijay,Kumar,user2405@example.com,9876502405,Male,1999-10-14,Hyderabad,99879
3407,Kavya,Mehta,user2406@example.com,9876502406,Female,2017-05-25,Bangalore,64010
3408,Rakesh,Rao,user2407@example.com,9876502407,Male,2016-05-23,Mumbai,53525
3409,Vijay,Verma,user2408@example.com,9876502408,Female,1973-04-04,Mumbai,96902
3410,Neha,Mehta,user2409@example.com,9876502409,,2017-04-25,Pune,21110
3411,Sameer,Sharma,user2410@example.com,9876502410,Other,2010-12-31,Kolkata,47112
3412,Amit,Mehta,user2411@example.com,9876502411,Other,2008-12-03,Hyderabad,84587
3413,Priya,Gupta,user2412@example.com,9876502412,Female,2008-09-03,Mumbai,92830
3414,Sneha,Reddy,user2413@example.com,9876502413,,1976-06-26,Bangalore,58609
3415,Sameer,Patel,user2414@example.com,9876502414,Male,1983-07-25,Hyderabad,110605
3416,Rakesh,Rao,user2415@example.com,9876502415,,2000-10-07,Ahmedabad,-1000
3417,Anjali,Mehta,user2416@example.com,9876502416,,2050-01-01,Delhi,86894
3418,Neha,Gupta,user2417@example.com,9876502417,Other,2005-06-19,Bangalore,66728
3419,Neha,Joshi,user2418@example.com,9876502418,,1977-02-01,Ahmedabad,55266
3420,Neha,Mehta,user2419@example.com,9876502419,Male,2010-07-25,Bangalore,82555
3421,Anjali,Mehta,invalid@,9876502420,Other,1987-05-28,Ahmedabad,57195
3422,Sneha,Singh,user2421@example.com,9876502421,Female,1994-12-22,Bangalore,43259
3423,Priya,Rao,user2422@example.com,9876502422,,2010-03-27,Delhi,67308
3424,Sameer,Singh,user2423@example.com,9876502423,,1973-11-04,Hyderabad,63916
3425,Anjali,Singh,user2424@example.com,9876502424,Other,1992-12-22,Pune,49388
3426,Rakesh,Reddy,user2425@example.com,123,Female,1976-04-04,Pune,53536
3427,Priya,Gupta,user2426@example.com,9876502426,Male,1994-04-07,Delhi,56739
3428,Rakesh,Singh,user2427@example.com,9876502427,,1974-09-25,Bangalore,32475
3429,Priya,Mehta,user2428@example.com,9876502428,Other,invalid,Kolkata,31186
3430,Sneha,Sharma,user2429@example.com,9876502429,,1973-06-03,Ahmedabad,83661
3431,Amit,Sharma,user2430@example.com,9876502430,Female,1972-05-28,Mumbai,365246
3432,Rakesh,Joshi,user2431@example.com,9876502431,Male,2001-08-09,Bangalore,64643
3433,Anjali,Sharma,user2432@example.com,9876502432,Female,2016-03-21,Delhi,27613
3434,Priya,Joshi,user2433@example.com,9876502433,,2014-01-22,Chennai,95122
3435,Neha,Sharma,user2434@example.com,9876502434,Female,1991-02-02,Pune,59606
3436,Vijay,Verma,user2435@example.com,9876502435,Female,1990-10-01,Pune,87354
3437,Neha,Joshi,user2436@example.com,9876502436,,1999-03-18,Hyderabad,107288
3438,Arjun,Kumar,user2437@example.com,9876502437,Female,2016-05-01,Bangalore,39223
3439,Amit,Rao,user2438@example.com,9876502438,Other,2003-06-29,Ahmedabad,51384
3440,Amit,Rao,user2439@example.com,9876502439,,1994-11-23,Kolkata,82440
3441,Neha,Rao,,9876502440,,1974-01-06,Kolkata,52341
3442,Sameer,Gupta,user2441@example.com,9876502441,,2000-09-07,Delhi,70807
3443,Sneha,Reddy,user2442@example.com,9876502442,Other,1991-02-14,Delhi,67051
3444,Rakesh,Patel,user2443@example.com,9876502443,Female,1971-05-06,Ahmedabad,18142
3445,Anjali,Reddy,user2444@example.com,9876502444,,1997-12-31,Ahmedabad,83873
3446,Amit,Joshi,user2445@example.com,9876502445,Other,1992-05-11,Kolkata,-1000
3447,Neha,Reddy,user2446@example.com,9876502446,,1999-11-08,Bangalore,41119
3448,Neha,Sharma,user2447@example.com,9876502447,Male,1996-07-01,Kolkata,95936
3449,Sneha,Joshi,user2448@example.com,9876502448,Female,2010-10-03,Bangalore,50942
3450,Sneha,Reddy,user2449@example.com,9876502449,,1986-09-13,Chennai,49843
3451,Kavya,Reddy,user2450@example.com,,Male,2015-05-26,Pune,28983
3452,Kavya,Singh,user2451@example.com,9876502451,Female,1997-10-25,Hyderabad,76900
3453,Sameer,Verma,user2452@example.com,9876502452,,2007-10-24,Pune,65849
3454,Sameer,Gupta,user2453@example.com,9876502453,,1996-08-18,Ahmedabad,30236
3455,Arjun,Joshi,user2454@example.com,9876502454,,2050-01-01,Mumbai,69912
3456,Sameer,Patel,user2455@example.com,9876502455,,1992-03-08,Mumbai,81550
3457,Priya,Rao,user2456@example.com,9876502456,,2004-12-02,Mumbai,74242
3458,Sneha,Mehta,user2457@example.com,9876502457,,1980-07-11,Delhi,91494
3459,Anjali,Kumar,user2458@example.com,9876502458,,1971-08-19,Bangalore,52913
3460,Priya,Reddy,user2459@example.com,9876502459,,1992-10-22,Ahmedabad,100354
3461,Rakesh,Rao,invalid@,9876502460,Male,2017-08-20,Pune,650728
3462,Neha,Sharma,user2461@example.com,9876502461,Female,1970-08-30,Mumbai,81009
3463,Sameer,Kumar,user2462@example.com,9876502462,,2011-01-28,Pune,90552
3464,Neha,Verma,user2463@example.com,9876502463,Other,2016-11-11,Bangalore,117992
3465,Amit,Rao,user2464@example.com,9876502464,,1970-05-15,Chennai,43376
3466,Arjun,Singh,user2465@example.com,9876502465,Other,1977-03-11,Chennai,50211
3467,Amit,Rao,user2466@example.com,9876502466,Male,1998-03-31,Ahmedabad,68797
3468,Arjun,Verma,user2467@example.com,9876502467,Other,1989-08-28,Mumbai,57582
3469,Kavya,Rao,user2468@example.com,9876502468,Male,1974-02-19,Hyderabad,48964
3470,Neha,Reddy,user2469@example.com,9876502469,Male,2005-09-19,Mumbai,34503
3471,Arjun,Rao,user2470@example.com,9876502470,Male,1988-11-29,Chennai,67517
3472,Vijay,Singh,user2471@example.com,9876502471,Other,1982-05-10,Ahmedabad,80909
3473,Priya,Gupta,user2472@example.com,9876502472,Other,1981-10-12,Pune,72045
3474,Arjun,Verma,user2473@example.com,9876502473,Male,2000-01-04,Bangalore,32402
3475,Arjun,Singh,user2474@example.com,9876502474,Male,1982-01-24,Chennai,32877
3476,Priya,Joshi,user2475@example.com,123,Female,1996-04-05,Chennai,-1000
3477,Neha,Rao,user2476@example.com,9876502476,Male,1996-09-03,Bangalore,60223
3478,Neha,Patel,user2477@example.com,9876502477,,1979-05-05,Bangalore,58643
3479,Priya,Rao,user2478@example.com,9876502478,Female,2015-01-31,Chennai,59448
3480,Amit,Verma,user2479@example.com,9876502479,Female,1985-08-06,Pune,55036
3481,Vijay,Kumar,,9876502480,Female,2007-09-07,Pune,67976
3482,Anjali,Singh,user2481@example.com,9876502481,,2000-06-04,Mumbai,87024
3483,Rakesh,Patel,user2482@example.com,9876502482,Female,1998-09-06,Pune,46315
3484,Vijay,Joshi,user2483@example.com,9876502483,Female,2050-01-01,Delhi,74056
3485,Neha,Sharma,user2484@example.com,9876502484,Other,2009-05-01,Ahmedabad,66653
3486,Anjali,Joshi,user2485@example.com,9876502485,Other,2008-01-16,Pune,29337
3487,Kavya,Singh,user2486@example.com,9876502486,Male,1987-08-06,Bangalore,51887
3488,Sameer,Kumar,user2487@example.com,9876502487,Male,2014-01-18,Pune,65202
3489,Arjun,Singh,user2488@example.com,9876502488,,2004-04-17,Mumbai,108287
3490,Priya,Mehta,user2489@example.com,9876502489,,1991-08-25,Kolkata,50496
3491,Priya,Patel,user2490@example.com,9876502490,Other,1994-06-06,Ahmedabad,527949
3492,Arjun,Kumar,user2491@example.com,9876502491,Male,2009-02-07,Ahmedabad,73263
3493,Sameer,Patel,user2492@example.com,9876502492,,2018-08-01,Bangalore,62734
3494,Rakesh,Singh,user2493@example.com,9876502493,Female,1975-09-10,Ahmedabad,39766
3495,Sameer,Gupta,user2494@example.com,9876502494,,2017-07-14,Delhi,30299
3496,Anjali,Patel,user2495@example.com,9876502495,Other,1991-05-04,Ahmedabad,27772
3497,Sameer,Mehta,user2496@example.com,9876502496,,1974-06-26,Chennai,82000
3498,Anjali,Reddy,user2497@example.com,9876502497,Other,2008-02-07,Bangalore,44390
3499,Sameer,Kumar,user2498@example.com,9876502498,Male,1997-11-08,Ahmedabad,112398
3500,Rakesh,Mehta,user2499@example.com,9876502499,Male,1980-12-18,Pune,54437
3501,Rakesh,Mehta,invalid@,,,2016-06-14,Mumbai,80429
3502,Neha,Sharma,user2501@example.com,9876502501,Other,2012-12-27,Chennai,41765
3503,Arjun,Gupta,user2502@example.com,9876502502,Male,1997-11-03,Chennai,68798
3504,Rakesh,Rao,user2503@example.com,9876502503,Female,1993-03-16,Pune,93269
3505,Anjali,Gupta,user2504@example.com,9876502504,Female,1976-07-26,Kolkata,58003
3506,Rakesh,Verma,user2505@example.com,9876502505,,1973-05-23,Chennai,-1000
3507,Neha,Sharma,user2506@example.com,9876502506,,1979-06-29,Delhi,57554
3508,Priya,Singh,user2507@example.com,9876502507,Male,1984-09-07,Delhi,60675
3509,Anjali,Singh,user2508@example.com,9876502508,,1978-09-02,Mumbai,45286
3510,Neha,Joshi,user2509@example.com,9876502509,Female,1972-02-19,Mumbai,98059
3511,Amit,Rao,user2510@example.com,9876502510,,1975-11-05,Mumbai,65375
3512,Amit,Verma,user2511@example.com,9876502511,,1993-07-30,Mumbai,90604
3513,Kavya,Patel,user2512@example.com,9876502512,Male,2009-12-05,Ahmedabad,86487
3514,Sameer,Gupta,user2513@example.com,9876502513,Male,1983-07-27,Hyderabad,99024
3515,Arjun,Kumar,user2514@example.com,9876502514,Male,1992-12-29,Chennai,39818
3516,Sneha,Mehta,user2515@example.com,9876502515,,1989-11-06,Pune,77890
3517,Vijay,Patel,user2516@example.com,9876502516,,2003-01-10,Delhi,54923
3518,Neha,Joshi,user2517@example.com,9876502517,,1980-05-24,Ahmedabad,62158
3519,Priya,Gupta,user2518@example.com,9876502518,,2011-12-04,Mumbai,43381
3520,Vijay,Kumar,user2519@example.com,9876502519,Female,2006-02-28,Bangalore,111501
3521,Priya,Joshi,,9876502520,Other,1973-12-17,Bangalore,502964
3522,Vijay,Mehta,user2521@example.com,9876502521,Female,1972-08-09,Pune,78055
3523,Neha,Sharma,user2522@example.com,9876502522,,1974-09-14,Delhi,39287
3524,Sneha,Rao,user2523@example.com,9876502523,,1986-03-11,Hyderabad,59910
3525,Vijay,Sharma,user2524@example.com,9876502524,,2001-03-09,Kolkata,86211
3526,Neha,Kumar,user2525@example.com,123,Male,2012-05-17,Delhi,71946
3527,Rakesh,Sharma,user2526@example.com,9876502526,Male,2019-03-25,Pune,46166
3528,Sneha,Kumar,user2527@example.com,9876502527,,1988-01-21,Kolkata,50698
3529,Anjali,Verma,user2528@example.com,9876502528,,2002-08-26,Mumbai,68255
3530,Priya,Verma,user2529@example.com,9876502529,Male,1994-11-29,Hyderabad,64654
3531,Amit,Reddy,user2530@example.com,9876502530,Male,2002-09-12,Mumbai,38739
3532,Sameer,Reddy,user2531@example.com,9876502531,Female,2008-05-13,Hyderabad,57379
3533,Amit,Sharma,user2532@example.com,9876502532,,2003-07-17,Chennai,62081
3534,Sneha,Singh,user2533@example.com,9876502533,,2012-03-09,Delhi,76368
3535,Anjali,Sharma,user2534@example.com,9876502534,,1998-04-30,Delhi,85261
3536,Priya,Sharma,user2535@example.com,9876502535,Female,2009-07-03,Delhi,-1000
3537,Anjali,Singh,user2536@example.com,9876502536,Other,1985-10-04,Kolkata,71790
3538,Vijay,Rao,user2537@example.com,9876502537,Other,2005-11-29,Mumbai,72253
3539,Priya,Gupta,user2538@example.com,9876502538,Other,1987-03-16,Bangalore,74541
3540,Vijay,Singh,user2539@example.com,9876502539,Male,2014-07-17,Pune,84135
3541,Neha,Kumar,invalid@,9876502540,Other,1973-08-30,Pune,98837
3542,Sneha,Gupta,user2541@example.com,9876502541,,1999-04-06,Ahmedabad,45547
3543,Neha,Mehta,user2542@example.com,9876502542,Male,1988-09-09,Ahmedabad,56035
3544,Kavya,Rao,user2543@example.com,9876502543,Male,1985-07-08,Bangalore,85210
3545,Anjali,Mehta,user2544@example.com,9876502544,Other,2005-05-26,Delhi,45098
3546,Vijay,Reddy,user2545@example.com,9876502545,Male,2014-05-24,Bangalore,39089
3547,Rakesh,Patel,user2546@example.com,9876502546,Female,1993-12-30,Kolkata,52166
3548,Neha,Verma,user2547@example.com,9876502547,Female,1991-12-10,Hyderabad,66470
3549,Kavya,Mehta,user2548@example.com,9876502548,Other,1978-05-03,Kolkata,55432
3550,Arjun,Joshi,user2549@example.com,9876502549,,1983-09-28,Ahmedabad,72390
3551,Amit,Sharma,user2550@example.com,,Male,1990-06-12,Chennai,593153
3552,Priya,Kumar,user2551@example.com,9876502551,,1997-05-25,Hyderabad,58096
3553,Kavya,Mehta,user2552@example.com,9876502552,Other,1981-01-24,Ahmedabad,31618
3554,Sneha,Mehta,user2553@example.com,9876502553,Male,1975-03-05,Pune,76975
3555,Neha,Patel,user2554@example.com,9876502554,Other,1997-08-18,Kolkata,77238
3556,Sneha,Reddy,user2555@example.com,9876502555,Other,2007-01-02,Bangalore,61259
3557,Amit,Sharma,user2556@example.com,9876502556,,1998-10-22,Mumbai,67979
3558,Rakesh,Sharma,user2557@example.com,9876502557,,1980-03-07,Ahmedabad,67937
3559,Anjali,Patel,user2558@example.com,9876502558,Male,1995-04-28,Pune,86027
3560,Anjali,Singh,user2559@example.com,9876502559,Other,1996-07-21,Delhi,69454
3561,Sneha,Patel,,9876502560,Other,2009-08-27,Hyderabad,38291
3562,Vijay,Joshi,user2561@example.com,9876502561,Male,1974-06-19,Bangalore,103159
3563,Rakesh,Gupta,user2562@example.com,9876502562,Other,2017-07-28,Ahmedabad,90779
3564,Anjali,Joshi,user2563@example.com,9876502563,Other,2011-11-05,Mumbai,65994
3565,Rakesh,Patel,user2564@example.com,9876502564,Other,invalid,Hyderabad,68097
3566,Kavya,Verma,user2565@example.com,9876502565,Female,1988-10-19,Ahmedabad,-1000
3567,Rakesh,Singh,user2566@example.com,9876502566,Female,1995-04-02,Mumbai,49586
3568,Sameer,Verma,user2567@example.com,9876502567,,1983-06-23,Bangalore,87297
3569,Amit,Joshi,user2568@example.com,9876502568,,2006-07-16,Chennai,85210
3570,Anjali,Sharma,user2569@example.com,9876502569,Male,1993-12-20,Mumbai,63270
3571,Rakesh,Joshi,user2570@example.com,9876502570,,1987-02-10,Mumbai,78447
3572,Sneha,Rao,user2571@example.com,9876502571,,1972-03-04,Pune,85866
3573,Arjun,Reddy,user2572@example.com,9876502572,Female,2008-04-24,Chennai,69540
3574,Sameer,Kumar,user2573@example.com,9876502573,,1972-09-13,Bangalore,44383
3575,Sameer,Rao,user2574@example.com,9876502574,,1979-11-05,Ahmedabad,78715
3576,Vijay,Patel,user2575@example.com,123,,2012-07-06,Chennai,66127
3577,Rakesh,Mehta,user2576@example.com,9876502576,Other,2017-03-13,Delhi,43105
3578,Vijay,Verma,user2577@example.com,9876502577,Male,2009-06-18,Hyderabad,85697
3579,Vijay,Gupta,user2578@example.com,9876502578,,2019-02-26,Bangalore,69739
3580,Arjun,Rao,user2579@example.com,9876502579,Male,1976-03-06,Chennai,60409
3581,Kavya,Singh,invalid@,9876502580,Female,2003-02-18,Bangalore,1064410
3582,Rakesh,Verma,user2581@example.com,9876502581,,2007-07-28,Delhi,54097
3583,Neha,Rao,user2582@example.com,9876502582,,1998-07-07,Ahmedabad,46142
3584,Anjali,Sharma,user2583@example.com,9876502583,Male,1981-06-08,Kolkata,68129
3585,Vijay,Kumar,user2584@example.com,9876502584,Female,1991-10-19,Pune,61897
3586,Amit,Joshi,user2585@example.com,9876502585,Other,2012-03-17,Chennai,53826
3587,Priya,Joshi,user2586@example.com,9876502586,Other,1984-05-21,Ahmedabad,93175
3588,Amit,Rao,user2587@example.com,9876502587,,1993-01-29,Delhi,42555
3589,Arjun,Patel,user2588@example.com,9876502588,,2007-09-27,Ahmedabad,71195
3590,Arjun,Singh,user2589@example.com,9876502589,,2005-05-14,Bangalore,66746
3591,Sneha,Patel,user2590@example.com,9876502590,Male,1974-09-29,Pune,64779
3592,Kavya,Verma,user2591@example.com,9876502591,,2012-05-15,Mumbai,88107
3593,Anjali,Reddy,user2592@example.com,9876502592,Female,2000-10-23,Chennai,106081
3594,Vijay,Kumar,user2593@example.com,9876502593,Male,1972-03-25,Ahmedabad,65005
3595,Amit,Kumar,user2594@example.com,9876502594,,1989-04-06,Mumbai,82763
3596,Priya,Joshi,user2595@example.com,9876502595,Other,1973-04-01,Pune,-1000
3597,Arjun,Kumar,user2596@example.com,9876502596,,1995-02-15,Kolkata,66576
3598,Arjun,Patel,user2597@example.com,9876502597,Male,2016-04-12,Mumbai,74027
3599,Kavya,Singh,user2598@example.com,9876502598,Other,1999-05-27,Ahmedabad,68370
3600,Priya,Singh,user2599@example.com,9876502599,Female,1983-10-21,Delhi,46772
3601,Priya,Joshi,,,Other,2018-11-03,Chennai,91624
3602,Kavya,Rao,user2601@example.com,9876502601,Other,1991-03-31,Bangalore,73989
3603,Arjun,Singh,user2602@example.com,9876502602,Female,1995-04-30,Kolkata,64065
3604,Anjali,Patel,user2603@example.com,9876502603,,1972-08-04,Bangalore,52470
3605,Rakesh,Mehta,user2604@example.com,9876502604,,1981-01-13,Chennai,70839
3606,Rakesh,Rao,user2605@example.com,9876502605,Other,1992-10-19,Mumbai,60136
3607,Kavya,Reddy,user2606@example.com,9876502606,Other,2017-01-10,Bangalore,68643
3608,Priya,Gupta,user2607@example.com,9876502607,,1973-02-10,Chennai,61222
3609,Vijay,Sharma,user2608@example.com,9876502608,,1971-07-09,Chennai,48378
3610,Kavya,Kumar,user2609@example.com,9876502609,Female,2006-03-26,Bangalore,97207
3611,Anjali,Kumar,user2610@example.com,9876502610,Other,1979-04-27,Delhi,461241
3612,Kavya,Mehta,user2611@example.com,9876502611,Other,2018-08-07,Mumbai,49384
3613,Sameer,Rao,user2612@example.com,9876502612,,1972-08-06,Hyderabad,78563
3614,Amit,Joshi,user2613@example.com,9876502613,,1992-09-17,Delhi,71195
3615,Priya,Patel,user2614@example.com,9876502614,,1989-09-25,Delhi,78214
3616,Sneha,Mehta,user2615@example.com,9876502615,Male,1995-04-18,Pune,75062
3617,Sneha,Sharma,user2616@example.com,9876502616,Female,1990-04-25,Mumbai,49939
3618,Priya,Singh,user2617@example.com,9876502617,Male,1986-04-23,Kolkata,78399
3619,Anjali,Joshi,user2618@example.com,9876502618,Other,2010-01-16,Delhi,52139
3620,Sameer,Gupta,user2619@example.com,9876502619,,1990-01-18,Ahmedabad,86075
3621,Sameer,Joshi,invalid@,9876502620,,1977-02-27,Bangalore,45039
3622,Arjun,Mehta,user2621@example.com,9876502621,,2012-05-05,Mumbai,49140
3623,Amit,Reddy,user2622@example.com,9876502622,,2001-07-20,Pune,49703
3624,Rakesh,Mehta,user2623@example.com,9876502623,Female,1978-12-16,Delhi,71204
3625,Neha,Mehta,user2624@example.com,9876502624,Male,1994-09-21,Ahmedabad,63959
3626,Anjali,Mehta,user2625@example.com,123,Female,1985-07-19,Bangalore,-1000
3627,Neha,Joshi,user2626@example.com,9876502626,,2017-04-09,Bangalore,62641
3628,Neha,Mehta,user2627@example.com,9876502627,Other,2011-09-04,Kolkata,63936
3629,Priya,Rao,user2628@example.com,9876502628,,2012-08-19,Hyderabad,55359
3630,Sneha,Joshi,user2629@example.com,9876502629,Female,1998-06-17,Ahmedabad,34779
3631,Sneha,Singh,user2630@example.com,9876502630,Other,2013-06-10,Mumbai,37098
3632,Rakesh,Rao,user2631@example.com,9876502631,,1976-01-08,Bangalore,48971
3633,Priya,Sharma,user2632@example.com,9876502632,,1995-10-04,Bangalore,58558
3634,Neha,Singh,user2633@example.com,9876502633,,1994-11-03,Bangalore,94291
3635,Vijay,Gupta,user2634@example.com,9876502634,,2016-12-03,Hyderabad,44614
3636,Sneha,Kumar,user2635@example.com,9876502635,,1984-04-14,Hyderabad,43150
3637,Anjali,Joshi,user2636@example.com,9876502636,,1994-05-07,Chennai,28591
3638,Anjali,Kumar,user2637@example.com,9876502637,Female,1998-07-04,Delhi,75024
3639,Arjun,Joshi,user2638@example.com,9876502638,,1971-01-06,Delhi,60730
3640,Kavya,Singh,user2639@example.com,9876502639,,1974-09-29,Bangalore,39117
3641,Vijay,Gupta,,9876502640,Other,2012-06-23,Pune,644281
3642,Sneha,Patel,user2641@example.com,9876502641,,1984-05-26,Hyderabad,53333
3643,Sameer,Patel,user2642@example.com,9876502642,,2008-08-25,Chennai,90903
3644,Sneha,Rao,user2643@example.com,9876502643,Female,2017-01-19,Bangalore,51589
3645,Arjun,Mehta,user2644@example.com,9876502644,,1995-02-20,Mumbai,98962
3646,Anjali,Mehta,user2645@example.com,9876502645,Other,1971-02-20,Kolkata,68444
3647,Neha,Patel,user2646@example.com,9876502646,,1979-02-20,Kolkata,57102
3648,Sameer,Singh,user2647@example.com,9876502647,Male,1991-12-24,Chennai,59860
3649,Priya,Gupta,user2648@example.com,9876502648,Female,1983-11-06,Pune,70864
3650,Amit,Rao,user2649@example.com,9876502649,Other,1989-01-28,Hyderabad,59636
3651,Neha,Singh,user2650@example.com,,Female,2050-01-01,Mumbai,46487
3652,Amit,Mehta,user2651@example.com,9876502651,,1991-11-20,Hyderabad,77618
3653,Vijay,Rao,user2652@example.com,9876502652,,1990-03-23,Hyderabad,84830
3654,Kavya,Kumar,user2653@example.com,9876502653,,1983-05-26,Ahmedabad,85543
3655,Sameer,Verma,user2654@example.com,9876502654,Other,1983-04-19,Ahmedabad,61794
3656,Rakesh,Sharma,user2655@example.com,9876502655,,1980-01-04,Delhi,-1000
3657,Sameer,Rao,user2656@example.com,9876502656,Male,2050-01-01,Chennai,71309
3658,Sneha,Mehta,user2657@example.com,9876502657,Male,2015-01-28,Delhi,59146
3659,Anjali,Singh,user2658@example.com,9876502658,,2004-01-07,Delhi,53779
3660,Sneha,Kumar,user2659@example.com,9876502659,,1981-10-18,Hyderabad,83413
3661,Sneha,Sharma,invalid@,9876502660,,1971-09-11,Chennai,31342
3662,Vijay,Sharma,user2661@example.com,9876502661,Other,2017-06-26,Kolkata,92774
3663,Neha,Rao,user2662@example.com,9876502662,Male,2001-05-28,Ahmedabad,67519
3664,Rakesh,Sharma,user2663@example.com,9876502663,Other,2012-06-01,Chennai,53059
3665,Rakesh,Kumar,user2664@example.com,9876502664,Female,1992-03-20,Mumbai,50702
3666,Sneha,Gupta,user2665@example.com,9876502665,,2003-05-16,Pune,56134
3667,Amit,Singh,user2666@example.com,9876502666,Male,1999-03-19,Delhi,79118
3668,Vijay,Rao,user2667@example.com,9876502667,Other,2001-05-01,Kolkata,71231
3669,Sneha,Sharma,user2668@example.com,9876502668,,1989-10-23,Ahmedabad,55820
3670,Kavya,Gupta,user2669@example.com,9876502669,Female,1997-02-22,Delhi,54182
3671,Anjali,Singh,user2670@example.com,9876502670,Other,2018-01-14,Kolkata,712807
3672,Neha,Joshi,user2671@example.com,9876502671,,1997-08-08,Hyderabad,119872
3673,Priya,Gupta,user2672@example.com,9876502672,Male,2012-11-23,Bangalore,119668
3674,Kavya,Joshi,user2673@example.com,9876502673,Male,2001-09-28,Pune,86023
3675,Amit,Joshi,user2674@example.com,9876502674,Female,2050-01-01,Mumbai,49510
3676,Sameer,Gupta,user2675@example.com,123,,1995-06-10,Delhi,80081
3677,Sameer,Sharma,user2676@example.com,9876502676,,invalid,Bangalore,50117
3678,Kavya,Joshi,user2677@example.com,9876502677,Male,1981-04-25,Bangalore,60422
3679,Sneha,Sharma,user2678@example.com,9876502678,,1972-04-24,Kolkata,92312
3680,Priya,Sharma,user2679@example.com,9876502679,,1974-07-02,Pune,60118
3681,Arjun,Singh,,9876502680,Other,1973-06-17,Ahmedabad,59343
3682,Arjun,Reddy,user2681@example.com,9876502681,Other,1978-01-13,Ahmedabad,54885
3683,Amit,Kumar,user2682@example.com,9876502682,Male,1989-08-23,Delhi,48657
3684,Sneha,Sharma,user2683@example.com,9876502683,,1970-08-04,Delhi,59762
3685,Rakesh,Singh,user2684@example.com,9876502684,Other,1983-01-29,Ahmedabad,79808
3686,Rakesh,Verma,user2685@example.com,9876502685,,2050-01-01,Mumbai,-1000
3687,Neha,Joshi,user2686@example.com,9876502686,,1996-07-22,Mumbai,70876
3688,Priya,Rao,user2687@example.com,9876502687,,1973-01-21,Bangalore,88527
3689,Priya,Sharma,user2688@example.com,9876502688,,1991-03-22,Pune,30509
3690,Sameer,Gupta,user2689@example.com,9876502689,,2007-03-08,Mumbai,66051
3691,Vijay,Joshi,user2690@example.com,9876502690,,2008-02-23,Delhi,50820
3692,Amit,Joshi,user2691@example.com,9876502691,,1999-12-07,Hyderabad,104687
3693,Arjun,Verma,user2692@example.com,9876502692,Male,2006-04-08,Kolkata,59878
3694,Amit,Rao,user2693@example.com,9876502693,Male,1995-07-29,Hyderabad,79832
3695,Rakesh,Singh,user2694@example.com,9876502694,,1987-06-21,Mumbai,84945
3696,Rakesh,Verma,user2695@example.com,9876502695,,2011-01-14,Pune,57533
3697,Kavya,Kumar,user2696@example.com,9876502696,,2013-05-08,Delhi,83592
3698,Neha,Joshi,user2697@example.com,9876502697,Male,1995-07-21,Pune,85846
3699,Priya,Sharma,user2698@example.com,9876502698,Other,1985-06-26,Ahmedabad,80795
3700,Anjali,Sharma,user2699@example.com,9876502699,Male,1976-09-14,Pune,54556
3701,Amit,Verma,invalid@,,,2008-11-02,Pune,363868
3702,Rakesh,Kumar,user2701@example.com,9876502701,Other,2017-02-14,Pune,107768
3703,Vijay,Patel,user2702@example.com,9876502702,Other,1973-04-18,Delhi,59184
3704,Sameer,Mehta,user2703@example.com,9876502703,Female,1988-02-15,Pune,85086
3705,Arjun,Gupta,user2704@example.com,9876502704,,1988-08-12,Pune,55706
3706,Neha,Gupta,user2705@example.com,9876502705,,2017-03-03,Kolkata,106956
3707,Vijay,Patel,user2706@example.com,9876502706,,1978-02-19,Hyderabad,55034
3708,Neha,Joshi,user2707@example.com,9876502707,Female,1973-06-22,Hyderabad,67011
3709,Kavya,Singh,user2708@example.com,9876502708,,2013-09-04,Kolkata,111440
3710,Anjali,Rao,user2709@example.com,9876502709,,1982-12-28,Chennai,33033
3711,Rakesh,Patel,user2710@example.com,9876502710,Female,1991-03-07,Chennai,89123
3712,Sameer,Kumar,user2711@example.com,9876502711,,2009-10-31,Kolkata,64494
3713,Vijay,Sharma,user2712@example.com,9876502712,Male,1996-11-21,Bangalore,79153
3714,Neha,Mehta,user2713@example.com,9876502713,Other,1979-09-01,Hyderabad,58039
3715,Priya,Joshi,user2714@example.com,9876502714,Female,1983-12-04,Delhi,97720
3716,Kavya,Mehta,user2715@example.com,9876502715,Male,1994-08-18,Chennai,-1000
3717,Priya,Rao,user2716@example.com,9876502716,,1976-03-14,Pune,65743
3718,Sameer,Sharma,user2717@example.com,9876502717,Other,1970-01-20,Mumbai,83708
3719,Vijay,Kumar,user2718@example.com,9876502718,Female,2005-06-28,Pune,48591
3720,Kavya,Gupta,user2719@example.com,9876502719,Other,1989-12-23,Mumbai,67547
3721,Vijay,Rao,,9876502720,Female,2014-09-20,Hyderabad,44497
3722,Rakesh,Patel,user2721@example.com,9876502721,Female,1993-12-14,Kolkata,56961
3723,Sneha,Gupta,user2722@example.com,9876502722,,2002-03-09,Hyderabad,117491
3724,Kavya,Gupta,user2723@example.com,9876502723,Other,1977-06-18,Kolkata,91830
3725,Priya,Kumar,user2724@example.com,9876502724,Other,2005-08-30,Ahmedabad,78323
3726,Sameer,Patel,user2725@example.com,123,Male,1983-05-20,Ahmedabad,72384
3727,Anjali,Verma,user2726@example.com,9876502726,,2007-05-25,Kolkata,33684
3728,Rakesh,Rao,user2727@example.com,9876502727,Male,2015-05-25,Kolkata,61262
3729,Sneha,Singh,user2728@example.com,9876502728,,1984-04-23,Delhi,83445
3730,Anjali,Reddy,user2729@example.com,9876502729,Female,1977-09-29,Delhi,56155
3731,Arjun,Sharma,user2730@example.com,9876502730,,2005-09-05,Hyderabad,722112
3732,Rakesh,Kumar,user2731@example.com,9876502731,,1980-12-02,Kolkata,44932
3733,Sameer,Sharma,user2732@example.com,9876502732,Male,2008-12-26,Ahmedabad,43244
3734,Neha,Rao,user2733@example.com,9876502733,Female,1978-12-23,Delhi,110624
3735,Kavya,Patel,user2734@example.com,9876502734,,1987-09-19,Kolkata,107582
3736,Vijay,Singh,user2735@example.com,9876502735,,2004-12-14,Mumbai,63289
3737,Sameer,Reddy,user2736@example.com,9876502736,,1983-01-14,Mumbai,49437
3738,Kavya,Mehta,user2737@example.com,9876502737,Female,1973-10-19,Bangalore,46155
3739,Anjali,Singh,user2738@example.com,9876502738,Female,2016-08-12,Hyderabad,73032
3740,Vijay,Kumar,user2739@example.com,9876502739,Male,2011-06-21,Delhi,103693
3741,Amit,Sharma,invalid@,9876502740,Other,1989-09-28,Delhi,51023
3742,Priya,Singh,user2741@example.com,9876502741,Male,1971-07-29,Bangalore,68983
3743,Arjun,Joshi,user2742@example.com,9876502742,,1997-02-21,Pune,67974
3744,Rakesh,Patel,user2743@example.com,9876502743,Male,invalid,Mumbai,98313
3745,Sameer,Patel,user2744@example.com,9876502744,Female,1991-05-07,Pune,70613
3746,Arjun,Joshi,user2745@example.com,9876502745,,2001-10-17,Chennai,-1000
3747,Neha,Gupta,user2746@example.com,9876502746,Other,1973-12-27,Bangalore,80051
3748,Kavya,Gupta,user2747@example.com,9876502747,Female,1974-05-15,Chennai,68419
3749,Kavya,Rao,user2748@example.com,9876502748,,1991-11-13,Kolkata,47657
3750,Sameer,Verma,user2749@example.com,9876502749,,2005-12-29,Hyderabad,86201
3751,Sneha,Mehta,user2750@example.com,,,1997-06-30,Chennai,58742
3752,Sneha,Joshi,user2751@example.com,9876502751,,1972-04-11,Hyderabad,71668
3753,Amit,Rao,user2752@example.com,9876502752,Male,2000-01-17,Delhi,67889
3754,Priya,Sharma,user2753@example.com,9876502753,,1999-06-21,Pune,59027
3755,Vijay,Joshi,user2754@example.com,9876502754,,1993-03-29,Delhi,48766
3756,Neha,Verma,user2755@example.com,9876502755,Male,1988-07-05,Kolkata,76191
3757,Arjun,Joshi,user2756@example.com,9876502756,,invalid,Hyderabad,40595
3758,Sneha,Verma,user2757@example.com,9876502757,Female,1985-08-04,Hyderabad,83568
3759,Amit,Verma,user2758@example.com,9876502758,Other,1970-01-11,Bangalore,47921
3760,Amit,Verma,user2759@example.com,9876502759,,1983-05-13,Ahmedabad,41703
3761,Sameer,Patel,,9876502760,,2015-12-25,Delhi,930468
3762,Neha,Singh,user2761@example.com,9876502761,,1999-09-12,Chennai,66878
3763,Anjali,Patel,user2762@example.com,9876502762,Male,invalid,Kolkata,26916
3764,Vijay,Rao,user2763@example.com,9876502763,Male,2007-01-04,Chennai,64744
3765,Priya,Patel,user2764@example.com,9876502764,Male,2016-06-30,Pune,77225
3766,Rakesh,Patel,user2765@example.com,9876502765,Other,2017-02-10,Pune,77772
3767,Sameer,Sharma,user2766@example.com,9876502766,Female,1998-12-29,Bangalore,49524
3768,Vijay,Joshi,user2767@example.com,9876502767,,1984-04-14,Pune,52358
3769,Rakesh,Patel,user2768@example.com,9876502768,,1989-05-27,Mumbai,68263
3770,Rakesh,Reddy,user2769@example.com,9876502769,,2003-09-11,Delhi,85770
3771,Neha,Verma,user2770@example.com,9876502770,,1970-11-09,Kolkata,38696
3772,Neha,Joshi,user2771@example.com,9876502771,,2000-07-28,Kolkata,39838
3773,Arjun,Gupta,user2772@example.com,9876502772,,1988-04-07,Chennai,92416
3774,Amit,Sharma,user2773@example.com,9876502773,Female,2002-08-31,Mumbai,89352
3775,Vijay,Singh,user2774@example.com,9876502774,,1976-10-28,Bangalore,46153
3776,Sameer,Sharma,user2775@example.com,123,Male,1997-10-03,Chennai,-1000
3777,Kavya,Verma,user2776@example.com,9876502776,,2015-06-28,Mumbai,107158
3778,Sameer,Joshi,user2777@example.com,9876502777,,1999-09-30,Kolkata,82603
3779,Arjun,Singh,user2778@example.com,9876502778,,2012-01-07,Mumbai,64012
3780,Priya,Mehta,user2779@example.com,9876502779,,2011-09-07,Kolkata,87850
3781,Amit,Kumar,invalid@,9876502780,,2010-03-26,Chennai,55350
3782,Kavya,Sharma,user2781@example.com,9876502781,Other,2001-11-20,Delhi,68155
3783,Sneha,Singh,user2782@example.com,9876502782,,2002-03-29,Delhi,58801
3784,Priya,Rao,user2783@example.com,9876502783,Male,1970-02-13,Ahmedabad,79152
3785,Neha,Singh,user2784@example.com,9876502784,Male,1990-08-16,Hyderabad,79042
3786,Rakesh,Kumar,user2785@example.com,9876502785,,1984-09-28,Mumbai,69462
3787,Sneha,Verma,user2786@example.com,9876502786,,1985-05-17,Delhi,75081
3788,Sameer,Joshi,user2787@example.com,9876502787,Female,1978-03-15,Kolkata,87734
3789,Sameer,Mehta,user2788@example.com,9876502788,,2005-11-21,Hyderabad,74325
3790,Neha,Rao,user2789@example.com,9876502789,Male,2009-06-12,Mumbai,69511
3791,Arjun,Singh,user2790@example.com,9876502790,Other,2001-08-25,Mumbai,735343
3792,Vijay,Reddy,user2791@example.com,9876502791,Male,1998-11-04,Bangalore,89244
3793,Sneha,Patel,user2792@example.com,9876502792,Female,1981-11-20,Bangalore,46517
3794,Sneha,Verma,user2793@example.com,9876502793,,1996-12-01,Chennai,73315
3795,Anjali,Sharma,user2794@example.com,9876502794,Other,1971-09-09,Mumbai,27260
3796,Priya,Sharma,user2795@example.com,9876502795,Male,1970-08-28,Bangalore,59342
3797,Amit,Kumar,user2796@example.com,9876502796,Other,1986-07-28,Kolkata,102700
3798,Priya,Verma,user2797@example.com,9876502797,,1987-09-03,Hyderabad,49192
3799,Vijay,Rao,user2798@example.com,9876502798,Male,1997-07-06,Chennai,32370
3800,Sameer,Gupta,user2799@example.com,9876502799,,1994-12-15,Delhi,46085
3801,Sameer,Mehta,,,Other,2017-01-30,Mumbai,79250
3802,Sameer,Rao,user2801@example.com,9876502801,,1983-09-09,Bangalore,62370
3803,Anjali,Mehta,user2802@example.com,9876502802,,1974-09-27,Delhi,44873
3804,Sameer,Joshi,user2803@example.com,9876502803,,1979-05-18,Mumbai,89156
3805,Vijay,Joshi,user2804@example.com,9876502804,,1986-08-07,Chennai,73545
3806,Neha,Verma,user2805@example.com,9876502805,,1976-01-17,Mumbai,-1000
3807,Amit,Verma,user2806@example.com,9876502806,Female,2005-09-05,Bangalore,60566
3808,Vijay,Sharma,user2807@example.com,9876502807,Male,2007-12-20,Delhi,107652
3809,Amit,Patel,user2808@example.com,9876502808,Male,1979-03-23,Mumbai,58807
3810,Vijay,Kumar,user2809@example.com,9876502809,Other,1976-02-06,Mumbai,31119
3811,Sameer,Patel,user2810@example.com,9876502810,,2013-02-18,Kolkata,74401
3812,Neha,Rao,user2811@example.com,9876502811,Male,1998-08-14,Chennai,72652
3813,Sneha,Sharma,user2812@example.com,9876502812,,2005-02-03,Ahmedabad,91653
3814,Priya,Mehta,user2813@example.com,9876502813,Other,2007-07-12,Mumbai,57163
3815,Rakesh,Gupta,user2814@example.com,9876502814,,2009-04-28,Ahmedabad,73833
3816,Neha,Singh,user2815@example.com,9876502815,Other,2006-03-19,Ahmedabad,69930
3817,Sneha,Reddy,user2816@example.com,9876502816,Female,2000-06-01,Delhi,64873
3818,Arjun,Joshi,user2817@example.com,9876502817,,2002-01-25,Pune,71473
3819,Vijay,Patel,user2818@example.com,9876502818,,1970-07-08,Chennai,77039
3820,Arjun,Kumar,user2819@example.com,9876502819,,1995-10-11,Ahmedabad,76006
3821,Sneha,Gupta,invalid@,9876502820,Other,1984-04-18,Delhi,833606
3822,Neha,Gupta,user2821@example.com,9876502821,Female,invalid,Chennai,19409
3823,Vijay,Joshi,user2822@example.com,9876502822,,1988-06-21,Kolkata,35089
3824,Rakesh,Reddy,user2823@example.com,9876502823,Other,2009-03-28,Bangalore,69267
3825,Sameer,Verma,user2824@example.com,9876502824,Male,2000-10-24,Ahmedabad,67317
3826,Vijay,Gupta,user2825@example.com,123,Male,1997-12-22,Pune,44665
3827,Vijay,Rao,user2826@example.com,9876502826,Other,2012-08-31,Bangalore,58302
3828,Neha,Rao,user2827@example.com,9876502827,,1982-08-18,Chennai,48470
3829,Neha,Verma,user2828@example.com,9876502828,Male,1974-03-31,Ahmedabad,76753
3830,Sneha,Mehta,user2829@example.com,9876502829,,2013-04-05,Hyderabad,47168
3831,Kavya,Sharma,user2830@example.com,9876502830,,2009-11-17,Kolkata,69293
3832,Vijay,Verma,user2831@example.com,9876502831,Other,1984-04-30,Ahmedabad,85501
3833,Priya,Reddy,user2832@example.com,9876502832,,2001-05-05,Pune,47581
3834,Vijay,Rao,user2833@example.com,9876502833,Male,2008-06-06,Mumbai,38189
3835,Sneha,Gupta,user2834@example.com,9876502834,,2000-02-11,Pune,49774
3836,Amit,Rao,user2835@example.com,9876502835,,1970-02-03,Kolkata,-1000
3837,Arjun,Singh,user2836@example.com,9876502836,Male,2002-10-11,Delhi,65806
3838,Sameer,Sharma,user2837@example.com,9876502837,Female,1973-11-30,Delhi,30972
3839,Kavya,Kumar,user2838@example.com,9876502838,,1998-06-04,Kolkata,97121
3840,Rakesh,Singh,user2839@example.com,9876502839,Female,1975-06-11,Kolkata,39874
3841,Rakesh,Mehta,,9876502840,Female,2011-10-13,Kolkata,38016
3842,Rakesh,Joshi,user2841@example.com,9876502841,Male,2000-01-13,Pune,66227
3843,Neha,Singh,user2842@example.com,9876502842,Other,2002-07-21,Pune,62540
3844,Rakesh,Mehta,user2843@example.com,9876502843,,2014-06-25,Hyderabad,92425
3845,Sameer,Mehta,user2844@example.com,9876502844,Male,2013-01-04,Hyderabad,59523
3846,Arjun,Kumar,user2845@example.com,9876502845,,1974-03-28,Pune,59299
3847,Rakesh,Joshi,user2846@example.com,9876502846,,2016-02-15,Hyderabad,77952
3848,Vijay,Patel,user2847@example.com,9876502847,Other,2001-07-04,Pune,83949
3849,Vijay,Verma,user2848@example.com,9876502848,Male,1971-05-29,Kolkata,26104
3850,Neha,Gupta,user2849@example.com,9876502849,Other,2003-08-24,Pune,66309
3851,Sameer,Reddy,user2850@example.com,,,2007-02-06,Ahmedabad,1081014
3852,Arjun,Reddy,user2851@example.com,9876502851,Male,1984-03-02,Hyderabad,52532
3853,Kavya,Reddy,user2852@example.com,9876502852,,1979-10-07,Chennai,68004
3854,Sneha,Patel,user2853@example.com,9876502853,,1980-10-13,Chennai,85394
3855,Arjun,Verma,user2854@example.com,9876502854,,1974-01-11,Bangalore,74725
3856,Sneha,Reddy,user2855@example.com,9876502855,Other,2015-10-13,Delhi,43983
3857,Amit,Verma,user2856@example.com,9876502856,Other,1989-04-22,Delhi,63651
3858,Sneha,Gupta,user2857@example.com,9876502857,,1990-05-20,Chennai,40202
3859,Priya,Reddy,user2858@example.com,9876502858,Female,1979-05-06,Kolkata,43623
3860,Vijay,Joshi,user2859@example.com,9876502859,,1976-07-20,Kolkata,87177
3861,Sameer,Mehta,invalid@,9876502860,Male,2013-01-24,Hyderabad,82123
3862,Anjali,Reddy,user2861@example.com,9876502861,,1972-09-03,Chennai,100718
3863,Neha,Verma,user2862@example.com,9876502862,,1998-07-30,Hyderabad,83475
3864,Priya,Mehta,user2863@example.com,9876502863,,1981-02-20,Bangalore,62160
3865,Sneha,Kumar,user2864@example.com,9876502864,,1997-02-03,Hyderabad,44716
3866,Rakesh,Reddy,user2865@example.com,9876502865,,2017-03-30,Pune,-1000
3867,Sameer,Reddy,user2866@example.com,9876502866,Male,1979-05-03,Chennai,77517
3868,Priya,Singh,user2867@example.com,9876502867,,2004-11-22,Kolkata,80996
3869,Neha,Mehta,user2868@example.com,9876502868,Other,1974-03-30,Chennai,76465
3870,Vijay,Reddy,user2869@example.com,9876502869,,2011-04-21,Hyderabad,88726
3871,Sameer,Joshi,user2870@example.com,9876502870,,2002-01-12,Bangalore,34525
3872,Neha,Gupta,user2871@example.com,9876502871,Male,2010-05-07,Pune,40722
3873,Amit,Mehta,user2872@example.com,9876502872,,1977-03-06,Hyderabad,47563
3874,Amit,Gupta,user2873@example.com,9876502873,,1976-12-04,Delhi,72282
3875,Neha,Sharma,user2874@example.com,9876502874,Female,1998-05-03,Kolkata,55854
3876,Priya,Verma,user2875@example.com,123,,2010-05-12,Kolkata,87564
3877,Sameer,Kumar,user2876@example.com,9876502876,Other,1992-11-12,Chennai,64667
3878,Priya,Singh,user2877@example.com,9876502877,,1998-03-09,Mumbai,111374
3879,Kavya,Joshi,user2878@example.com,9876502878,Male,2000-02-13,Delhi,99273
3880,Sneha,Kumar,user2879@example.com,9876502879,,1997-11-26,Delhi,67783
3881,Kavya,Singh,,9876502880,Female,1987-07-10,Mumbai,378357
3882,Amit,Kumar,user2881@example.com,9876502881,Male,1977-01-25,Bangalore,78780
3883,Vijay,Kumar,user2882@example.com,9876502882,Female,2008-02-17,Ahmedabad,42734
3884,Arjun,Rao,user2883@example.com,9876502883,Female,2011-07-13,Pune,45509
3885,Sneha,Verma,user2884@example.com,9876502884,Other,1981-11-07,Pune,57119
3886,Amit,Patel,user2885@example.com,9876502885,,1988-09-06,Delhi,56741
3887,Priya,Singh,user2886@example.com,9876502886,Other,1980-04-05,Hyderabad,76052
3888,Priya,Joshi,user2887@example.com,9876502887,Other,1973-12-30,Mumbai,71547
3889,Priya,Mehta,user2888@example.com,9876502888,Other,1982-02-17,Hyderabad,44815
3890,Vijay,Kumar,user2889@example.com,9876502889,Male,1990-01-27,Kolkata,59085
3891,Kavya,Kumar,user2890@example.com,9876502890,,2000-08-11,Delhi,37803
3892,Arjun,Singh,user2891@example.com,9876502891,,1994-07-17,Delhi,73037
3893,Priya,Sharma,user2892@example.com,9876502892,Male,2017-11-25,Kolkata,27796
3894,Anjali,Patel,user2893@example.com,9876502893,Other,2001-06-30,Kolkata,60305
3895,Sneha,Kumar,user2894@example.com,9876502894,Other,2004-06-29,Chennai,52079
3896,Sameer,Reddy,user2895@example.com,9876502895,Female,1996-10-17,Bangalore,-1000
3897,Anjali,Rao,user2896@example.com,9876502896,Female,1999-11-26,Hyderabad,48820
3898,Arjun,Gupta,user2897@example.com,9876502897,,1995-12-09,Hyderabad,48000
3899,Vijay,Rao,user2898@example.com,9876502898,Female,2009-08-08,Hyderabad,72928
3900,Arjun,Patel,user2899@example.com,9876502899,,2000-03-04,Pune,73991
3901,Sameer,Reddy,invalid@,,Male,1976-07-01,Ahmedabad,44072
3902,Sneha,Rao,user2901@example.com,9876502901,Other,2009-04-18,Mumbai,76775
3903,Sameer,Gupta,user2902@example.com,9876502902,,2012-01-05,Ahmedabad,114134
3904,Neha,Mehta,user2903@example.com,9876502903,Female,1993-05-13,Mumbai,55569
3905,Sneha,Verma,user2904@example.com,9876502904,,2005-12-08,Pune,40430
3906,Arjun,Mehta,user2905@example.com,9876502905,Male,1982-12-07,Hyderabad,66108
3907,Priya,Verma,user2906@example.com,9876502906,Male,1995-11-30,Bangalore,37365
3908,Arjun,Sharma,user2907@example.com,9876502907,,1971-12-11,Ahmedabad,59825
3909,Arjun,Sharma,user2908@example.com,9876502908,,1989-02-22,Mumbai,54899
3910,Sneha,Sharma,user2909@example.com,9876502909,,1972-01-09,Delhi,78845
3911,Neha,Rao,user2910@example.com,9876502910,Other,2006-03-26,Kolkata,298735
3912,Arjun,Sharma,user2911@example.com,9876502911,,2010-03-24,Pune,33422
3913,Anjali,Verma,user2912@example.com,9876502912,Female,invalid,Bangalore,72635
3914,Amit,Mehta,user2913@example.com,9876502913,Female,2007-07-24,Kolkata,75848
3915,Rakesh,Singh,user2914@example.com,9876502914,Female,1980-03-07,Chennai,22057
3916,Rakesh,Kumar,user2915@example.com,9876502915,,2005-11-18,Delhi,95416
3917,Arjun,Verma,user2916@example.com,9876502916,,1992-06-15,Bangalore,82513
3918,Anjali,Mehta,user2917@example.com,9876502917,,1983-11-30,Mumbai,51568
3919,Priya,Mehta,user2918@example.com,9876502918,Other,2013-12-15,Hyderabad,66911
3920,Vijay,Kumar,user2919@example.com,9876502919,Other,1997-03-09,Delhi,25582
3921,Vijay,Reddy,,9876502920,Other,2019-02-15,Chennai,79084
3922,Sneha,Singh,user2921@example.com,9876502921,Other,1982-06-12,Hyderabad,48074
3923,Rakesh,Reddy,user2922@example.com,9876502922,Male,1984-08-14,Chennai,57880
3924,Arjun,Reddy,user2923@example.com,9876502923,Other,2012-01-14,Bangalore,62802
3925,Vijay,Mehta,user2924@example.com,9876502924,Other,1981-10-12,Pune,89164
3926,Arjun,Gupta,user2925@example.com,123,Other,1974-12-15,Ahmedabad,-1000
3927,Sneha,Joshi,user2926@example.com,9876502926,Female,1985-12-18,Chennai,57809
3928,Rakesh,Verma,user2927@example.com,9876502927,Female,2014-03-27,Chennai,53214
3929,Sameer,Rao,user2928@example.com,9876502928,Female,2013-06-13,Kolkata,69508
3930,Amit,Reddy,user2929@example.com,9876502929,,invalid,Ahmedabad,63289
3931,Amit,Sharma,user2930@example.com,9876502930,Male,1982-01-30,Delhi,60163
3932,Vijay,Rao,user2931@example.com,9876502931,,1999-10-20,Pune,65120
3933,Amit,Patel,user2932@example.com,9876502932,Other,1977-08-28,Pune,59591
3934,Sameer,Gupta,user2933@example.com,9876502933,Female,2008-05-08,Kolkata,33694
3935,Arjun,Rao,user2934@example.com,9876502934,Male,2010-12-22,Bangalore,63849
3936,Sneha,Kumar,user2935@example.com,9876502935,Other,1988-06-20,Delhi,64564
3937,Sameer,Joshi,user2936@example.com,9876502936,,2005-04-14,Kolkata,67661
3938,Sneha,Singh,user2937@example.com,9876502937,,1984-03-30,Pune,44932
3939,Sneha,Kumar,user2938@example.com,9876502938,Other,1974-04-05,Bangalore,49002
3940,Rakesh,Reddy,user2939@example.com,9876502939,,2002-07-14,Pune,97784
3941,Arjun,Gupta,invalid@,9876502940,Other,2002-03-18,Delhi,501879
3942,Anjali,Gupta,user2941@example.com,9876502941,,1982-03-02,Pune,75184
3943,Amit,Reddy,user2942@example.com,9876502942,Male,2007-03-11,Kolkata,49062
3944,Anjali,Joshi,user2943@example.com,9876502943,,1993-05-02,Pune,27178
3945,Rakesh,Mehta,user2944@example.com,9876502944,,1997-10-02,Pune,62922
3946,Sneha,Rao,user2945@example.com,9876502945,Male,1997-01-15,Ahmedabad,77255
3947,Vijay,Sharma,user2946@example.com,9876502946,,1972-01-17,Mumbai,58325
3948,Amit,Reddy,user2947@example.com,9876502947,Female,1975-12-25,Delhi,25075
3949,Amit,Sharma,user2948@example.com,9876502948,Male,2008-06-22,Hyderabad,20334
3950,Arjun,Rao,user2949@example.com,9876502949,,1996-03-21,Hyderabad,88072
3951,Neha,Joshi,user2950@example.com,,Other,invalid,Hyderabad,64714
3952,Kavya,Mehta,user2951@example.com,9876502951,Other,2011-04-15,Ahmedabad,77143
3953,Kavya,Singh,user2952@example.com,9876502952,Male,1989-07-28,Hyderabad,69633
3954,Kavya,Joshi,user2953@example.com,9876502953,Female,2005-03-13,Mumbai,41992
3955,Neha,Sharma,user2954@example.com,9876502954,,2012-05-13,Chennai,59883
3956,Arjun,Gupta,user2955@example.com,9876502955,Other,1996-08-26,Pune,-1000
3957,Neha,Gupta,user2956@example.com,9876502956,Other,2008-12-06,Pune,83915
3958,Kavya,Patel,user2957@example.com,9876502957,Female,2000-10-08,Kolkata,71385
3959,Rakesh,Verma,user2958@example.com,9876502958,,2009-04-23,Ahmedabad,79812
3960,Sameer,Kumar,user2959@example.com,9876502959,Male,1989-09-15,Bangalore,90813
3961,Sneha,Kumar,,9876502960,Female,1974-08-30,Delhi,57873
3962,Neha,Reddy,user2961@example.com,9876502961,Female,1985-02-20,Mumbai,50171
3963,Arjun,Sharma,user2962@example.com,9876502962,Female,1989-10-04,Hyderabad,62882
3964,Arjun,Kumar,user2963@example.com,9876502963,Female,2004-07-13,Pune,90352
3965,Anjali,Kumar,user2964@example.com,9876502964,,1990-12-17,Hyderabad,33675
3966,Sameer,Joshi,user2965@example.com,9876502965,,1984-10-31,Hyderabad,65413
3967,Vijay,Singh,user2966@example.com,9876502966,Female,2014-03-04,Delhi,81099
3968,Amit,Sharma,user2967@example.com,9876502967,Female,1987-04-26,Pune,71159
3969,Kavya,Patel,user2968@example.com,9876502968,Male,1992-10-05,Pune,86462
3970,Vijay,Singh,user2969@example.com,9876502969,Other,2009-08-03,Pune,34299
3971,Anjali,Patel,user2970@example.com,9876502970,,2015-08-02,Kolkata,867456
3972,Kavya,Sharma,user2971@example.com,9876502971,Female,2016-01-15,Delhi,52515
3973,Sameer,Mehta,user2972@example.com,9876502972,,1983-08-15,Ahmedabad,23097
3974,Anjali,Mehta,user2973@example.com,9876502973,,2004-11-01,Delhi,58463
3975,Kavya,Kumar,user2974@example.com,9876502974,,2012-05-13,Delhi,48221
3976,Sameer,Reddy,user2975@example.com,123,Male,1972-12-21,Chennai,61718
3977,Priya,Gupta,user2976@example.com,9876502976,,2013-03-07,Hyderabad,34601
3978,Vijay,Joshi,user2977@example.com,9876502977,Male,1992-09-14,Bangalore,62536
3979,Vijay,Kumar,user2978@example.com,9876502978,,1998-04-30,Kolkata,53501
3980,Amit,Verma,user2979@example.com,9876502979,,1989-09-20,Bangalore,104758
3981,Sameer,Mehta,invalid@,9876502980,Other,2006-01-26,Kolkata,68475
3982,Neha,Kumar,user2981@example.com,9876502981,Female,2017-01-17,Ahmedabad,69565
3983,Priya,Gupta,user2982@example.com,9876502982,,1985-05-13,Bangalore,60437
3984,Rakesh,Patel,user2983@example.com,9876502983,Other,2008-11-08,Hyderabad,89950
3985,Kavya,Patel,user2984@example.com,9876502984,,1984-05-30,Hyderabad,74705
3986,Priya,Rao,user2985@example.com,9876502985,,1993-08-14,Kolkata,-1000
3987,Sameer,Joshi,user2986@example.com,9876502986,,2002-11-05,Ahmedabad,86085
3988,Sneha,Reddy,user2987@example.com,9876502987,,1999-08-02,Kolkata,57296
3989,Kavya,Patel,user2988@example.com,9876502988,,1994-12-08,Pune,79591
3990,Arjun,Rao,user2989@example.com,9876502989,Male,1998-08-29,Pune,81282
3991,Vijay,Mehta,user2990@example.com,9876502990,Other,1994-03-15,Hyderabad,83894
3992,Sameer,Patel,user2991@example.com,9876502991,,invalid,Delhi,73028
3993,Arjun,Reddy,user2992@example.com,9876502992,Female,2018-10-11,Pune,38129
3994,Amit,Kumar,user2993@example.com,9876502993,,2008-01-09,Bangalore,64415
3995,Anjali,Gupta,user2994@example.com,9876502994,,1976-06-19,Hyderabad,67222
3996,Rakesh,Verma,user2995@example.com,9876502995,Male,2003-09-29,Mumbai,66419
3997,Rakesh,Patel,user2996@example.com,9876502996,Male,1971-12-25,Delhi,87947
3998,Arjun,Verma,user2997@example.com,9876502997,,1974-03-28,Ahmedabad,52134
3999,Vijay,Verma,user2998@example.com,9876502998,,1992-08-28,Pune,67721
4000,Amit,Verma,user2999@example.com,9876502999,Other,2006-09-14,Delhi,63608
4001,Sneha,Singh,,,Male,1973-09-27,Delhi,786704
4002,Vijay,Verma,user3001@example.com,9876503001,Male,2007-05-26,Delhi,101202
4003,Priya,Singh,user3002@example.com,9876503002,Other,1980-07-20,Pune,77450
4004,Rakesh,Gupta,user3003@example.com,9876503003,Male,1982-10-27,Ahmedabad,76124
4005,Priya,Verma,user3004@example.com,9876503004,Other,2001-03-10,Hyderabad,44603
4006,Kavya,Rao,user3005@example.com,9876503005,Female,1986-04-27,Delhi,34128
4007,Neha,Verma,user3006@example.com,9876503006,Other,2012-05-04,Hyderabad,70114
4008,Sameer,Sharma,user3007@example.com,9876503007,Female,2003-08-22,Delhi,61269
4009,Amit,Joshi,user3008@example.com,9876503008,,1974-04-17,Delhi,74206
4010,Vijay,Rao,user3009@example.com,9876503009,,1981-06-23,Chennai,52741
4011,Rakesh,Reddy,user3010@example.com,9876503010,Male,1996-08-10,Hyderabad,93058
4012,Priya,Patel,user3011@example.com,9876503011,Other,1984-01-23,Pune,41076
4013,Anjali,Gupta,user3012@example.com,9876503012,Male,1988-06-26,Chennai,61079
4014,Kavya,Gupta,user3013@example.com,9876503013,Other,1992-06-23,Bangalore,57173
4015,Sameer,Sharma,user3014@example.com,9876503014,Male,2001-12-16,Ahmedabad,86953
4016,Sameer,Sharma,user3015@example.com,9876503015,,1989-08-23,Delhi,-1000
4017,Vijay,Sharma,user3016@example.com,9876503016,,1992-01-27,Chennai,53439
4018,Amit,Sharma,user3017@example.com,9876503017,Male,2006-04-27,Delhi,66614
4019,Sneha,Sharma,user3018@example.com,9876503018,Other,1972-05-28,Chennai,49220
4020,Anjali,Mehta,user3019@example.com,9876503019,,1994-01-20,Delhi,64554
4021,Vijay,Kumar,invalid@,9876503020,Other,invalid,Kolkata,62405
4022,Priya,Gupta,user3021@example.com,9876503021,Male,1987-03-05,Pune,122784
4023,Neha,Sharma,user3022@example.com,9876503022,Other,2004-11-20,Bangalore,55750
4024,Arjun,Patel,user3023@example.com,9876503023,Female,2019-04-07,Delhi,63212
4025,Sneha,Mehta,user3024@example.com,9876503024,Other,1988-05-20,Chennai,69363
4026,Amit,Rao,user3025@example.com,123,,1983-12-28,Delhi,70463
4027,Kavya,Rao,user3026@example.com,9876503026,,2004-11-27,Pune,85863
4028,Sneha,Singh,user3027@example.com,9876503027,Female,2013-07-02,Ahmedabad,103425
4029,Rakesh,Kumar,user3028@example.com,9876503028,Other,1975-11-07,Ahmedabad,48978
4030,Amit,Rao,user3029@example.com,9876503029,,2050-01-01,Bangalore,73772
4031,Neha,Sharma,user3030@example.com,9876503030,Other,1989-01-27,Kolkata,617117
4032,Rakesh,Gupta,user3031@example.com,9876503031,,1975-08-16,Ahmedabad,71606
4033,Sneha,Singh,user3032@example.com,9876503032,,1991-04-04,Delhi,87207
4034,Arjun,Joshi,user3033@example.com,9876503033,Male,2006-03-25,Pune,97553
4035,Arjun,Mehta,user3034@example.com,9876503034,,1970-03-25,Kolkata,82492
4036,Neha,Joshi,user3035@example.com,9876503035,Male,2013-11-16,Hyderabad,71306
4037,Sameer,Joshi,user3036@example.com,9876503036,,2012-04-01,Delhi,85526
4038,Anjali,Sharma,user3037@example.com,9876503037,,1984-04-28,Delhi,48172
4039,Kavya,Joshi,user3038@example.com,9876503038,,1998-07-04,Bangalore,50484
4040,Sameer,Joshi,user3039@example.com,9876503039,Male,1994-05-05,Ahmedabad,68368
4041,Arjun,Rao,,9876503040,Male,2005-02-03,Ahmedabad,88275
4042,Arjun,Reddy,user3041@example.com,9876503041,,1995-06-09,Ahmedabad,59087
4043,Priya,Singh,user3042@example.com,9876503042,Male,1987-12-30,Chennai,61191
4044,Rakesh,Joshi,user3043@example.com,9876503043,,1977-12-04,Delhi,25352
4045,Sneha,Kumar,user3044@example.com,9876503044,,1979-05-11,Pune,112766
4046,Kavya,Patel,user3045@example.com,9876503045,Other,2015-07-16,Pune,-1000
4047,Neha,Singh,user3046@example.com,9876503046,Male,1991-05-21,Hyderabad,10175
4048,Sneha,Kumar,user3047@example.com,9876503047,Female,2004-09-13,Delhi,68342
4049,Priya,Patel,user3048@example.com,9876503048,Male,1997-10-15,Mumbai,74457
4050,Arjun,Joshi,user3049@example.com,9876503049,Male,1991-07-30,Delhi,60400
4051,Neha,Reddy,user3050@example.com,,,2004-08-20,Hyderabad,46796
4052,Arjun,Verma,user3051@example.com,9876503051,Female,1975-10-17,Hyderabad,82956
4053,Kavya,Gupta,user3052@example.com,9876503052,Female,1988-01-08,Hyderabad,80663
4054,Rakesh,Kumar,user3053@example.com,9876503053,,1985-06-22,Hyderabad,75521
4055,Sneha,Joshi,user3054@example.com,9876503054,,1974-12-12,Kolkata,49715
4056,Sneha,Singh,user3055@example.com,9876503055,Male,1989-12-27,Hyderabad,52824
4057,Sameer,Rao,user3056@example.com,9876503056,Other,1997-11-18,Chennai,57990
4058,Neha,Joshi,user3057@example.com,9876503057,,2014-06-02,Kolkata,56710
4059,Anjali,Verma,user3058@example.com,9876503058,Female,2009-05-04,Ahmedabad,77507
4060,Priya,Joshi,user3059@example.com,9876503059,Female,1985-01-15,Delhi,57103
4061,Anjali,Joshi,invalid@,9876503060,Male,invalid,Chennai,460009
4062,Sameer,Gupta,user3061@example.com,9876503061,Other,2003-01-15,Mumbai,73463
4063,Kavya,Rao,user3062@example.com,9876503062,,2014-06-04,Delhi,112532
4064,Priya,Kumar,user3063@example.com,9876503063,,2004-06-23,Kolkata,49263
4065,Rakesh,Sharma,user3064@example.com,9876503064,,1972-03-03,Ahmedabad,50808
4066,Anjali,Sharma,user3065@example.com,9876503065,Male,1972-12-25,Bangalore,62552
4067,Rakesh,Singh,user3066@example.com,9876503066,Other,1972-02-29,Pune,80126
4068,Anjali,Reddy,user3067@example.com,9876503067,Female,1981-06-26,Mumbai,76314
4069,Rakesh,Joshi,user3068@example.com,9876503068,Female,2004-05-20,Bangalore,62636
4070,Anjali,Singh,user3069@example.com,9876503069,,2006-11-23,Pune,56278
4071,Rakesh,Reddy,user3070@example.com,9876503070,Female,1988-04-07,Bangalore,106985
4072,Sameer,Kumar,user3071@example.com,9876503071,,1986-04-28,Kolkata,87878
4073,Amit,Kumar,user3072@example.com,9876503072,,2002-12-27,Delhi,99704
4074,Priya,Rao,user3073@example.com,9876503073,Other,1984-02-12,Hyderabad,79057
4075,Neha,Sharma,user3074@example.com,9876503074,,1970-11-10,Delhi,63130
4076,Kavya,Sharma,user3075@example.com,123,Other,1970-08-21,Pune,-1000
4077,Vijay,Singh,user3076@example.com,9876503076,Female,1995-04-01,Pune,101133
4078,Arjun,Gupta,user3077@example.com,9876503077,Male,2002-04-21,Delhi,75277
4079,Neha,Sharma,user3078@example.com,9876503078,,1977-06-04,Delhi,30633
4080,Arjun,Gupta,user3079@example.com,9876503079,,2004-04-23,Chennai,93046
4081,Priya,Gupta,,9876503080,,1998-09-11,Pune,94937
4082,Neha,Kumar,user3081@example.com,9876503081,,1991-09-28,Pune,89745
4083,Rakesh,Rao,user3082@example.com,9876503082,Other,2003-05-19,Hyderabad,38146
4084,Rakesh,Singh,user3083@example.com,9876503083,Male,1975-10-24,Hyderabad,72737
4085,Vijay,Patel,user3084@example.com,9876503084,,1980-05-07,Hyderabad,85507
4086,Arjun,Singh,user3085@example.com,9876503085,,1985-06-25,Hyderabad,65319
4087,Kavya,Gupta,user3086@example.com,9876503086,Female,2003-11-18,Kolkata,72619
4088,Priya,Reddy,user3087@example.com,9876503087,Female,2000-07-31,Chennai,76199
4089,Rakesh,Reddy,user3088@example.com,9876503088,,1973-03-18,Pune,48472
4090,Amit,Rao,user3089@example.com,9876503089,Other,1990-01-13,Kolkata,74400
4091,Sameer,Kumar,user3090@example.com,9876503090,Male,1970-06-09,Ahmedabad,452873
4092,Sameer,Kumar,user3091@example.com,9876503091,,1975-10-31,Kolkata,62946
4093,Anjali,Gupta,user3092@example.com,9876503092,Other,1977-12-27,Chennai,53469
4094,Kavya,Gupta,user3093@example.com,9876503093,Other,2004-12-13,Ahmedabad,82507
4095,Sameer,Verma,user3094@example.com,9876503094,,1987-04-28,Hyderabad,78376
4096,Anjali,Verma,user3095@example.com,9876503095,Other,1974-04-29,Delhi,76347
4097,Arjun,Gupta,user3096@example.com,9876503096,,2009-09-22,Ahmedabad,70638
4098,Rakesh,Sharma,user3097@example.com,9876503097,Other,2009-04-15,Kolkata,73718
4099,Rakesh,Singh,user3098@example.com,9876503098,,1975-05-15,Mumbai,105176
4100,Amit,Sharma,user3099@example.com,9876503099,Other,1991-08-21,Delhi,91486
4101,Neha,Kumar,invalid@,,,2008-06-03,Mumbai,45768
4102,Sameer,Patel,user3101@example.com,9876503101,Female,1980-07-11,Bangalore,54317
4103,Arjun,Singh,user3102@example.com,9876503102,,1982-11-11,Mumbai,60827
4104,Sneha,Sharma,user3103@example.com,9876503103,Other,1976-07-18,Bangalore,60153
4105,Sameer,Sharma,user3104@example.com,9876503104,,1973-11-20,Mumbai,48460
4106,Kavya,Mehta,user3105@example.com,9876503105,Male,1980-09-22,Kolkata,-1000
4107,Neha,Singh,user3106@example.com,9876503106,,2008-11-23,Kolkata,63778
4108,Sameer,Patel,user3107@example.com,9876503107,,2004-07-21,Bangalore,69350
4109,Arjun,Rao,user3108@example.com,9876503108,Male,2002-05-15,Hyderabad,30813
4110,Sameer,Rao,user3109@example.com,9876503109,Male,1983-07-14,Bangalore,33543
4111,Kavya,Sharma,user3110@example.com,9876503110,Male,1992-11-15,Delhi,54176
4112,Sneha,Gupta,user3111@example.com,9876503111,,1984-03-26,Kolkata,77159
4113,Priya,Patel,user3112@example.com,9876503112,,2000-11-10,Pune,74560
4114,Vijay,Patel,user3113@example.com,9876503113,Male,2000-03-14,Pune,85150
4115,Sneha,Kumar,user3114@example.com,9876503114,Male,2016-05-05,Delhi,50985
4116,Anjali,Reddy,user3115@example.com,9876503115,Female,2018-10-12,Bangalore,78713
4117,Sameer,Mehta,user3116@example.com,9876503116,,1994-04-05,Pune,95604
4118,Rakesh,Kumar,user3117@example.com,9876503117,,2013-02-26,Pune,83532
4119,Amit,Patel,user3118@example.com,9876503118,Other,1972-08-26,Mumbai,39152
4120,Rakesh,Joshi,user3119@example.com,9876503119,,1985-11-18,Ahmedabad,87156
4121,Sneha,Gupta,,9876503120,,invalid,Delhi,715259
4122,Rakesh,Patel,user3121@example.com,9876503121,Female,1983-03-13,Ahmedabad,74082
4123,Arjun,Mehta,user3122@example.com,9876503122,,1978-11-10,Bangalore,114911
4124,Rakesh,Patel,user3123@example.com,9876503123,,2015-07-19,Mumbai,69931
4125,Neha,Singh,user3124@example.com,9876503124,Male,1981-10-10,Pune,77624
4126,Priya,Singh,user3125@example.com,123,Male,2008-10-15,Chennai,66875
4127,Sameer,Verma,user3126@example.com,9876503126,,2012-11-17,Mumbai,60134
4128,Rakesh,Mehta,user3127@example.com,9876503127,Female,2000-04-24,Delhi,72291
4129,Kavya,Sharma,user3128@example.com,9876503128,,1980-12-12,Kolkata,56257
4130,Priya,Reddy,user3129@example.com,9876503129,Female,1994-08-05,Bangalore,67910
4131,Priya,Sharma,user3130@example.com,9876503130,Other,1984-03-08,Mumbai,58966
4132,Rakesh,Reddy,user3131@example.com,9876503131,,2004-11-30,Mumbai,23432
4133,Priya,Reddy,user3132@example.com,9876503132,Male,1984-11-04,Mumbai,55165
4134,Amit,Reddy,user3133@example.com,9876503133,,2018-12-14,Pune,84110
4135,Rakesh,Rao,user3134@example.com,9876503134,Female,2008-02-09,Bangalore,75395
4136,Arjun,Reddy,user3135@example.com,9876503135,Male,2009-03-13,Pune,-1000
4137,Sneha,Patel,user3136@example.com,9876503136,,1999-11-04,Mumbai,66971
4138,Neha,Joshi,user3137@example.com,9876503137,Male,2006-02-20,Kolkata,48890
4139,Vijay,Mehta,user3138@example.com,9876503138,,1984-09-22,Pune,51043
4140,Anjali,Joshi,user3139@example.com,9876503139,Female,2013-07-15,Pune,65133
4141,Priya,Verma,invalid@,9876503140,Other,1977-01-21,Delhi,60684
4142,Arjun,Patel,user3141@example.com,9876503141,Male,1992-04-08,Hyderabad,49928
4143,Sameer,Reddy,user3142@example.com,9876503142,Female,1973-05-20,Ahmedabad,63666
4144,Sameer,Rao,user3143@example.com,9876503143,,2017-10-03,Ahmedabad,42746
4145,Anjali,Kumar,user3144@example.com,9876503144,Male,2012-10-28,Hyderabad,96484
4146,Neha,Sharma,user3145@example.com,9876503145,,1980-01-08,Delhi,82911
4147,Priya,Singh,user3146@example.com,9876503146,Other,2002-06-09,Delhi,21567
4148,Amit,Mehta,user3147@example.com,9876503147,Other,2050-01-01,Chennai,81771
4149,Anjali,Joshi,user3148@example.com,9876503148,,1997-08-11,Hyderabad,57542
4150,Neha,Patel,user3149@example.com,9876503149,,1990-06-17,Pune,54066
4151,Priya,Kumar,user3150@example.com,,,2012-09-13,Chennai,800602
4152,Arjun,Gupta,user3151@example.com,9876503151,,2015-06-20,Pune,62138
4153,Sneha,Gupta,user3152@example.com,9876503152,,1996-12-01,Bangalore,57257
4154,Amit,Singh,user3153@example.com,9876503153,Female,1984-04-14,Ahmedabad,38427
4155,Vijay,Gupta,user3154@example.com,9876503154,,2007-01-24,Pune,83311
4156,Sameer,Sharma,user3155@example.com,9876503155,,1997-03-29,Bangalore,85730
4157,Kavya,Verma,user3156@example.com,9876503156,,1994-09-19,Hyderabad,68226
4158,Arjun,Gupta,user3157@example.com,9876503157,,1976-12-11,Kolkata,41682
4159,Sameer,Singh,user3158@example.com,9876503158,,1976-11-30,Chennai,71051
4160,Rakesh,Verma,user3159@example.com,9876503159,Other,1995-02-15,Ahmedabad,77821
4161,Kavya,Sharma,,9876503160,Other,2018-07-29,Hyderabad,64469
4162,Sameer,Singh,user3161@example.com,9876503161,,1983-05-20,Bangalore,82631
4163,Neha,Gupta,user3162@example.com,9876503162,Other,2010-08-26,Bangalore,68390
4164,Amit,Reddy,user3163@example.com,9876503163,Female,2000-10-22,Delhi,71081
4165,Sameer,Mehta,user3164@example.com,9876503164,Female,1982-04-05,Mumbai,94609
4166,Vijay,Gupta,user3165@example.com,9876503165,Female,2018-08-12,Mumbai,-1000
4167,Sneha,Singh,user3166@example.com,9876503166,,2014-01-25,Mumbai,33638
4168,Neha,Mehta,user3167@example.com,9876503167,,1986-09-18,Bangalore,61619
4169,Arjun,Mehta,user3168@example.com,9876503168,,1973-02-16,Pune,53724
4170,Arjun,Verma,user3169@example.com,9876503169,,2004-11-04,Hyderabad,36562
4171,Arjun,Sharma,user3170@example.com,9876503170,,1988-11-20,Chennai,77437
4172,Arjun,Gupta,user3171@example.com,9876503171,,2019-03-17,Mumbai,65016
4173,Sneha,Kumar,user3172@example.com,9876503172,Other,2003-05-05,Pune,28576
4174,Sameer,Reddy,user3173@example.com,9876503173,,2005-05-13,Kolkata,95923
4175,Priya,Sharma,user3174@example.com,9876503174,Other,1996-06-15,Kolkata,50441
4176,Sameer,Kumar,user3175@example.com,123,,2003-02-23,Ahmedabad,52682
4177,Rakesh,Kumar,user3176@example.com,9876503176,Female,2004-09-21,Chennai,83831
4178,Amit,Joshi,user3177@example.com,9876503177,Male,1981-11-21,Chennai,73563
4179,Kavya,Verma,user3178@example.com,9876503178,,2050-01-01,Mumbai,86837
4180,Priya,Rao,user3179@example.com,9876503179,Male,1979-03-17,Bangalore,21400
4181,Priya,Patel,invalid@,9876503180,Male,2009-12-05,Delhi,592793
4182,Sameer,Patel,user3181@example.com,9876503181,Female,1974-06-25,Kolkata,67677
4183,Priya,Verma,user3182@example.com,9876503182,Male,2010-11-21,Bangalore,91030
4184,Anjali,Verma,user3183@example.com,9876503183,Male,2000-05-27,Hyderabad,48106
4185,Anjali,Kumar,user3184@example.com,9876503184,Female,2011-05-14,Chennai,58187
4186,Rakesh,Verma,user3185@example.com,9876503185,Other,2018-04-07,Kolkata,67815
4187,Kavya,Kumar,user3186@example.com,9876503186,,2002-08-30,Pune,80227
4188,Vijay,Sharma,user3187@example.com,9876503187,Male,1999-07-17,Kolkata,42814
4189,Sneha,Rao,user3188@example.com,9876503188,,2006-04-30,Ahmedabad,81232
4190,Sameer,Joshi,user3189@example.com,9876503189,Female,1999-04-23,Chennai,53198
4191,Sneha,Kumar,user3190@example.com,9876503190,Male,1982-05-12,Bangalore,72506
4192,Vijay,Verma,user3191@example.com,9876503191,Other,2009-06-27,Chennai,61139
4193,Sameer,Mehta,user3192@example.com,9876503192,Other,2050-01-01,Hyderabad,70499
4194,Sameer,Gupta,user3193@example.com,9876503193,,1985-05-17,Delhi,69241
4195,Kavya,Patel,user3194@example.com,9876503194,Male,2018-05-01,Kolkata,90540
4196,Sneha,Rao,user3195@example.com,9876503195,,2010-08-19,Delhi,-1000
4197,Anjali,Gupta,user3196@example.com,9876503196,Other,1976-07-04,Ahmedabad,58952
4198,Arjun,Singh,user3197@example.com,9876503197,Other,2016-05-24,Mumbai,86367
4199,Sneha,Verma,user3198@example.com,9876503198,,2001-11-15,Hyderabad,93005
4200,Amit,Kumar,user3199@example.com,9876503199,Other,2011-09-15,Bangalore,57074
4201,Amit,Joshi,,,Female,2001-08-24,Chennai,78846
4202,Sameer,Mehta,user3201@example.com,9876503201,,2000-12-24,Hyderabad,47922
4203,Arjun,Joshi,user3202@example.com,9876503202,,2000-05-06,Hyderabad,78963
4204,Neha,Gupta,user3203@example.com,9876503203,Other,1976-11-09,Bangalore,83402
4205,Vijay,Mehta,user3204@example.com,9876503204,Female,1997-07-26,Delhi,59495
4206,Rakesh,Reddy,user3205@example.com,9876503205,,1996-07-07,Pune,87216
4207,Arjun,Patel,user3206@example.com,9876503206,Female,1995-07-10,Hyderabad,59745
4208,Rakesh,Verma,user3207@example.com,9876503207,,1998-08-17,Bangalore,65480
4209,Sneha,Singh,user3208@example.com,9876503208,,2005-10-08,Kolkata,72822
4210,Sneha,Gupta,user3209@example.com,9876503209,,1988-09-05,Hyderabad,45798
4211,Rakesh,Kumar,user3210@example.com,9876503210,,2004-03-20,Delhi,378222
4212,Vijay,Patel,user3211@example.com,9876503211,,2009-01-07,Pune,70595
4213,Arjun,Singh,user3212@example.com,9876503212,,1998-05-31,Mumbai,50161
4214,Neha,Joshi,user3213@example.com,9876503213,Female,1985-07-20,Kolkata,40585
4215,Sameer,Patel,user3214@example.com,9876503214,,1988-02-08,Mumbai,80379
4216,Kavya,Singh,user3215@example.com,9876503215,,2014-07-21,Delhi,95336
4217,Sneha,Singh,user3216@example.com,9876503216,Female,1973-11-13,Kolkata,82145
4218,Amit,Joshi,user3217@example.com,9876503217,,2018-03-15,Delhi,41308
4219,Vijay,Singh,user3218@example.com,9876503218,Female,1976-02-28,Mumbai,68565
4220,Kavya,Rao,user3219@example.com,9876503219,,1976-02-18,Delhi,58810
4221,Neha,Mehta,invalid@,9876503220,Female,1991-07-23,Kolkata,47943
4222,Priya,Rao,user3221@example.com,9876503221,,2004-07-15,Ahmedabad,66702
4223,Sameer,Joshi,user3222@example.com,9876503222,Other,1994-03-11,Bangalore,63649
4224,Sneha,Sharma,user3223@example.com,9876503223,,2010-07-13,Ahmedabad,60346
4225,Sameer,Patel,user3224@example.com,9876503224,,2005-01-12,Pune,84762
4226,Kavya,Reddy,user3225@example.com,123,,2009-07-16,Delhi,-1000
4227,Sameer,Kumar,user3226@example.com,9876503226,,2012-11-09,Delhi,58534
4228,Priya,Kumar,user3227@example.com,9876503227,Male,1984-03-13,Kolkata,61412
4229,Kavya,Gupta,user3228@example.com,9876503228,Male,2006-12-17,Pune,60049
4230,Sneha,Gupta,user3229@example.com,9876503229,Male,1996-03-22,Kolkata,75298
4231,Arjun,Joshi,user3230@example.com,9876503230,,1989-08-01,Bangalore,71628
4232,Amit,Gupta,user3231@example.com,9876503231,,2019-03-30,Mumbai,50808
4233,Kavya,Kumar,user3232@example.com,9876503232,Male,2007-10-12,Hyderabad,62424
4234,Anjali,Rao,user3233@example.com,9876503233,,2017-01-25,Ahmedabad,35061
4235,Priya,Reddy,user3234@example.com,9876503234,,1999-09-17,Bangalore,33571
4236,Kavya,Kumar,user3235@example.com,9876503235,,1992-09-28,Mumbai,41383
4237,Kavya,Rao,user3236@example.com,9876503236,,2005-05-15,Mumbai,59971
4238,Anjali,Sharma,user3237@example.com,9876503237,Male,2004-03-07,Delhi,77224
4239,Sneha,Joshi,user3238@example.com,9876503238,Female,2003-02-10,Pune,49350
4240,Kavya,Verma,user3239@example.com,9876503239,Other,1992-05-10,Chennai,62477
4241,Amit,Sharma,,9876503240,,2011-04-20,Hyderabad,693743
4242,Sameer,Sharma,user3241@example.com,9876503241,,2050-01-01,Delhi,95719
4243,Sneha,Kumar,user3242@example.com,9876503242,,2009-03-24,Kolkata,66116
4244,Amit,Joshi,user3243@example.com,9876503243,Other,2004-06-05,Chennai,67008
4245,Sneha,Mehta,user3244@example.com,9876503244,Female,1974-04-18,Hyderabad,52893
4246,Amit,Singh,user3245@example.com,9876503245,,2016-11-20,Pune,101733
4247,Priya,Sharma,user3246@example.com,9876503246,,1997-03-02,Hyderabad,80291
4248,Amit,Gupta,user3247@example.com,9876503247,,1983-06-06,Delhi,42777
4249,Rakesh,Rao,user3248@example.com,9876503248,Male,1978-01-12,Ahmedabad,94960
4250,Amit,Mehta,user3249@example.com,9876503249,Male,1982-05-07,Delhi,79335
4251,Arjun,Joshi,user3250@example.com,,Male,1982-05-24,Ahmedabad,69679
4252,Arjun,Verma,user3251@example.com,9876503251,,1986-03-07,Chennai,78206
4253,Vijay,Reddy,user3252@example.com,9876503252,Other,1978-09-03,Bangalore,87716
4254,Rakesh,Mehta,user3253@example.com,9876503253,,invalid,Bangalore,49939
4255,Rakesh,Verma,user3254@example.com,9876503254,Male,1973-09-02,Chennai,57207
4256,Sameer,Kumar,user3255@example.com,9876503255,Male,1974-02-23,Chennai,-1000
4257,Rakesh,Patel,user3256@example.com,9876503256,,2018-09-21,Delhi,40199
4258,Sameer,Singh,user3257@example.com,9876503257,Other,1991-02-24,Bangalore,79587
4259,Vijay,Kumar,user3258@example.com,9876503258,Other,1981-05-30,Mumbai,59491
4260,Vijay,Joshi,user3259@example.com,9876503259,,2017-08-28,Hyderabad,57286
4261,Priya,Patel,invalid@,9876503260,Female,1998-09-09,Ahmedabad,52140
4262,Arjun,Verma,user3261@example.com,9876503261,Male,2002-10-03,Chennai,64318
4263,Amit,Patel,user3262@example.com,9876503262,Other,1995-06-23,Kolkata,68115
4264,Amit,Reddy,user3263@example.com,9876503263,Male,1983-03-02,Pune,84921
4265,Anjali,Gupta,user3264@example.com,9876503264,Female,1994-03-09,Ahmedabad,85482
4266,Anjali,Gupta,user3265@example.com,9876503265,Male,1988-06-08,Delhi,42326
4267,Neha,Kumar,user3266@example.com,9876503266,Other,1998-07-22,Bangalore,74211
4268,Sneha,Kumar,user3267@example.com,9876503267,,1983-06-09,Bangalore,89598
4269,Priya,Joshi,user3268@example.com,9876503268,,2001-12-22,Hyderabad,60547
4270,Neha,Joshi,user3269@example.com,9876503269,,1978-10-31,Mumbai,61601
4271,Neha,Rao,user3270@example.com,9876503270,Other,1972-10-11,Bangalore,570646
4272,Kavya,Reddy,user3271@example.com,9876503271,Other,1988-07-13,Delhi,75764
4273,Kavya,Joshi,user3272@example.com,9876503272,Female,1984-12-11,Delhi,70746
4274,Neha,Sharma,user3273@example.com,9876503273,Male,1975-07-15,Pune,84592
4275,Rakesh,Reddy,user3274@example.com,9876503274,Female,2000-06-20,Ahmedabad,62776
4276,Sneha,Rao,user3275@example.com,123,,1978-07-04,Kolkata,90199
4277,Priya,Gupta,user3276@example.com,9876503276,Male,1994-07-29,Hyderabad,76950
4278,Neha,Mehta,user3277@example.com,9876503277,Female,1994-04-07,Ahmedabad,88526
4279,Amit,Rao,user3278@example.com,9876503278,,2000-01-05,Ahmedabad,53083
4280,Sneha,Rao,user3279@example.com,9876503279,Male,1999-06-23,Kolkata,96352
4281,Kavya,Kumar,,9876503280,,1977-01-28,Hyderabad,53890
4282,Amit,Singh,user3281@example.com,9876503281,,1983-07-14,Pune,54827
4283,Kavya,Patel,user3282@example.com,9876503282,Female,1973-07-01,Pune,57126
4284,Kavya,Gupta,user3283@example.com,9876503283,Other,1978-05-02,Pune,54993
4285,Sneha,Verma,user3284@example.com,9876503284,Male,1990-03-07,Mumbai,102871
4286,Kavya,Verma,user3285@example.com,9876503285,Female,2001-02-11,Pune,-1000
4287,Vijay,Joshi,user3286@example.com,9876503286,Other,2007-06-08,Hyderabad,74917
4288,Arjun,Gupta,user3287@example.com,9876503287,Other,1992-11-30,Bangalore,27169
4289,Vijay,Sharma,user3288@example.com,9876503288,Male,1993-03-08,Chennai,90709
4290,Arjun,Joshi,user3289@example.com,9876503289,Male,2008-03-15,Mumbai,44230
4291,Anjali,Joshi,user3290@example.com,9876503290,Other,2001-08-17,Kolkata,64272
4292,Anjali,Rao,user3291@example.com,9876503291,,2013-06-28,Bangalore,50916
4293,Kavya,Gupta,user3292@example.com,9876503292,Female,1996-04-30,Kolkata,69793
4294,Priya,Patel,user3293@example.com,9876503293,Male,2013-05-04,Ahmedabad,95681
4295,Priya,Joshi,user3294@example.com,9876503294,Other,1991-08-16,Delhi,45771
4296,Arjun,Singh,user3295@example.com,9876503295,,1976-10-05,Ahmedabad,50621
4297,Amit,Reddy,user3296@example.com,9876503296,,2010-08-15,Pune,67791
4298,Sneha,Sharma,user3297@example.com,9876503297,Other,1989-04-22,Delhi,96399
4299,Kavya,Sharma,user3298@example.com,9876503298,,1998-12-04,Ahmedabad,56507
4300,Sneha,Joshi,user3299@example.com,9876503299,,1996-10-13,Mumbai,50675
4301,Vijay,Singh,invalid@,,,2013-10-25,Pune,682781
4302,Priya,Reddy,user3301@example.com,9876503301,Male,1976-12-20,Ahmedabad,65149
4303,Rakesh,Mehta,user3302@example.com,9876503302,Other,1990-12-27,Delhi,44500
4304,Vijay,Kumar,user3303@example.com,9876503303,,1980-09-12,Bangalore,56893
4305,Vijay,Kumar,user3304@example.com,9876503304,,1980-03-20,Ahmedabad,25640
4306,Arjun,Kumar,user3305@example.com,9876503305,,2011-11-05,Mumbai,64391
4307,Sameer,Rao,user3306@example.com,9876503306,Female,1991-01-16,Delhi,40081
4308,Vijay,Sharma,user3307@example.com,9876503307,Other,1992-08-26,Ahmedabad,114379
4309,Kavya,Verma,user3308@example.com,9876503308,Male,2002-07-30,Bangalore,76096
4310,Neha,Verma,user3309@example.com,9876503309,,2006-11-26,Pune,70075
4311,Neha,Rao,user3310@example.com,9876503310,,2001-02-15,Hyderabad,75539
4312,Kavya,Joshi,user3311@example.com,9876503311,,1997-06-05,Pune,55172
4313,Sameer,Gupta,user3312@example.com,9876503312,,2010-08-02,Kolkata,62156
4314,Sameer,Gupta,user3313@example.com,9876503313,,2007-04-18,Pune,75107
4315,Arjun,Kumar,user3314@example.com,9876503314,Male,1992-08-26,Chennai,45482
4316,Priya,Gupta,user3315@example.com,9876503315,Male,2015-02-11,Delhi,-1000
4317,Sneha,Joshi,user3316@example.com,9876503316,Other,2007-04-29,Kolkata,107142
4318,Sameer,Mehta,user3317@example.com,9876503317,Male,1970-12-09,Kolkata,35402
4319,Rakesh,Rao,user3318@example.com,9876503318,,1989-01-01,Kolkata,75655
4320,Arjun,Mehta,user3319@example.com,9876503319,,2016-07-25,Chennai,48631
4321,Anjali,Sharma,,9876503320,Male,1972-05-17,Kolkata,78818
4322,Amit,Gupta,user3321@example.com,9876503321,Female,1999-03-18,Bangalore,71778
4323,Anjali,Reddy,user3322@example.com,9876503322,,1970-06-20,Hyderabad,102592
4324,Arjun,Kumar,user3323@example.com,9876503323,Other,1994-01-04,Bangalore,99030
4325,Vijay,Rao,user3324@example.com,9876503324,Female,1992-08-12,Ahmedabad,36038
4326,Sneha,Kumar,user3325@example.com,123,Male,1974-02-24,Pune,80284
4327,Amit,Gupta,user3326@example.com,9876503326,,1992-06-06,Delhi,79941
4328,Anjali,Patel,user3327@example.com,9876503327,,1976-01-08,Chennai,88778
4329,Amit,Gupta,user3328@example.com,9876503328,,2017-04-29,Chennai,74448
4330,Rakesh,Rao,user3329@example.com,9876503329,Other,2009-12-15,Pune,76930
4331,Rakesh,Verma,user3330@example.com,9876503330,Female,2005-09-11,Chennai,443479
4332,Rakesh,Rao,user3331@example.com,9876503331,,1991-03-27,Pune,73439
4333,Arjun,Singh,user3332@example.com,9876503332,Other,1994-08-09,Hyderabad,60668
4334,Sneha,Reddy,user3333@example.com,9876503333,,1975-08-29,Ahmedabad,78672
4335,Arjun,Gupta,user3334@example.com,9876503334,,1997-05-30,Ahmedabad,63109
4336,Neha,Singh,user3335@example.com,9876503335,Other,1980-09-12,Ahmedabad,73944
4337,Vijay,Verma,user3336@example.com,9876503336,,2050-01-01,Mumbai,77322
4338,Vijay,Joshi,user3337@example.com,9876503337,,1998-01-20,Mumbai,77699
4339,Rakesh,Joshi,user3338@example.com,9876503338,Other,1977-02-09,Chennai,50124
4340,Neha,Reddy,user3339@example.com,9876503339,,2004-08-28,Delhi,113375
4341,Sameer,Sharma,invalid@,9876503340,,invalid,Delhi,70077
4342,Sameer,Reddy,user3341@example.com,9876503341,Other,1977-03-06,Ahmedabad,77634
4343,Rakesh,Reddy,user3342@example.com,9876503342,,2050-01-01,Bangalore,66180
4344,Anjali,Reddy,user3343@example.com,9876503343,Male,1995-08-15,Delhi,42835
4345,Arjun,Reddy,user3344@example.com,9876503344,,2007-08-24,Chennai,80657
4346,Rakesh,Reddy,user3345@example.com,9876503345,,1980-07-08,Kolkata,-1000
4347,Priya,Mehta,user3346@example.com,9876503346,Female,2009-06-28,Mumbai,82776
4348,Amit,Verma,user3347@example.com,9876503347,Other,1982-06-25,Hyderabad,51702
4349,Vijay,Rao,user3348@example.com,9876503348,,2004-12-16,Kolkata,58353
4350,Sameer,Gupta,user3349@example.com,9876503349,,1981-11-18,Kolkata,70357
4351,Kavya,Singh,user3350@example.com,,,1970-08-27,Chennai,65965
4352,Sameer,Reddy,user3351@example.com,9876503351,Female,2018-03-14,Chennai,59276
4353,Vijay,Sharma,user3352@example.com,9876503352,Female,2016-12-17,Mumbai,70376
4354,Amit,Kumar,user3353@example.com,9876503353,,1990-03-25,Hyderabad,93596
4355,Vijay,Gupta,user3354@example.com,9876503354,Male,1998-07-19,Pune,74156
4356,Kavya,Kumar,user3355@example.com,9876503355,,1990-11-09,Kolkata,88460
4357,Rakesh,Singh,user3356@example.com,9876503356,Male,1992-02-17,Ahmedabad,61643
4358,Neha,Singh,user3357@example.com,9876503357,Male,1990-10-02,Hyderabad,66090
4359,Kavya,Gupta,user3358@example.com,9876503358,,2008-02-13,Kolkata,69862
4360,Vijay,Sharma,user3359@example.com,9876503359,Other,1987-09-05,Chennai,56110
4361,Vijay,Mehta,,9876503360,Other,1976-09-05,Hyderabad,700317
4362,Priya,Joshi,user3361@example.com,9876503361,Other,1997-06-07,Bangalore,96356
4363,Priya,Singh,user3362@example.com,9876503362,Female,1997-07-23,Hyderabad,99887
4364,Sneha,Sharma,user3363@example.com,9876503363,,2011-09-18,Ahmedabad,92504
4365,Priya,Singh,user3364@example.com,9876503364,Female,2004-03-22,Kolkata,71113
4366,Arjun,Patel,user3365@example.com,9876503365,,1992-12-22,Mumbai,50617
4367,Neha,Joshi,user3366@example.com,9876503366,,1992-11-30,Bangalore,113939
4368,Amit,Singh,user3367@example.com,9876503367,,1985-03-05,Delhi,54722
4369,Kavya,Sharma,user3368@example.com,9876503368,,1994-12-23,Pune,95487
4370,Vijay,Singh,user3369@example.com,9876503369,Other,2002-08-29,Chennai,72319
4371,Sneha,Kumar,user3370@example.com,9876503370,Female,1975-07-30,Mumbai,44340
4372,Sneha,Gupta,user3371@example.com,9876503371,Female,1996-06-30,Pune,35363
4373,Amit,Gupta,user3372@example.com,9876503372,,invalid,Chennai,92809
4374,Neha,Singh,user3373@example.com,9876503373,,1981-09-03,Kolkata,53514
4375,Kavya,Sharma,user3374@example.com,9876503374,Other,2011-03-11,Kolkata,39800
4376,Sameer,Kumar,user3375@example.com,123,Male,2003-08-16,Chennai,-1000
4377,Priya,Mehta,user3376@example.com,9876503376,Male,1997-09-03,Hyderabad,64898
4378,Rakesh,Mehta,user3377@example.com,9876503377,,1987-04-28,Ahmedabad,72419
4379,Sneha,Kumar,user3378@example.com,9876503378,Other,2008-01-13,Bangalore,71383
4380,Priya,Rao,user3379@example.com,9876503379,Male,2000-06-18,Ahmedabad,50350
4381,Priya,Sharma,invalid@,9876503380,Male,1994-09-20,Hyderabad,65032
4382,Arjun,Mehta,user3381@example.com,9876503381,Female,1991-02-21,Pune,99350
4383,Neha,Rao,user3382@example.com,9876503382,Other,2015-09-11,Kolkata,43949
4384,Rakesh,Sharma,user3383@example.com,9876503383,Male,1989-07-03,Mumbai,74418
4385,Sameer,Kumar,user3384@example.com,9876503384,Female,1985-11-30,Pune,43920
4386,Vijay,Reddy,user3385@example.com,9876503385,Other,1979-02-27,Mumbai,56767
4387,Arjun,Rao,user3386@example.com,9876503386,,1973-04-23,Kolkata,87648
4388,Priya,Rao,user3387@example.com,9876503387,Other,1975-05-26,Kolkata,24332
4389,Priya,Singh,user3388@example.com,9876503388,,1973-01-18,Pune,106961
4390,Anjali,Verma,user3389@example.com,9876503389,Female,1972-09-10,Hyderabad,39133
4391,Rakesh,Verma,user3390@example.com,9876503390,,2001-06-29,Ahmedabad,248116
4392,Rakesh,Sharma,user3391@example.com,9876503391,Female,2000-01-07,Hyderabad,65388
4393,Anjali,Singh,user3392@example.com,9876503392,Female,1998-05-08,Kolkata,56419
4394,Rakesh,Gupta,user3393@example.com,9876503393,Male,1975-10-29,Pune,52629
4395,Priya,Joshi,user3394@example.com,9876503394,Other,1971-07-15,Delhi,77830
4396,Sneha,Reddy,user3395@example.com,9876503395,Female,1988-03-19,Kolkata,46487
4397,Kavya,Joshi,user3396@example.com,9876503396,Female,1997-05-20,Ahmedabad,76396
4398,Priya,Rao,user3397@example.com,9876503397,,1993-03-23,Pune,81545
4399,Arjun,Patel,user3398@example.com,9876503398,,2005-02-15,Pune,37555
4400,Neha,Mehta,user3399@example.com,9876503399,,1975-03-25,Bangalore,85529
4401,Anjali,Mehta,,,Female,2011-05-05,Kolkata,80464
4402,Sameer,Singh,user3401@example.com,9876503401,,invalid,Ahmedabad,96049
4403,Vijay,Verma,user3402@example.com,9876503402,Other,2005-04-08,Bangalore,65107
4404,Sameer,Patel,user3403@example.com,9876503403,Female,2018-10-08,Ahmedabad,48304
4405,Priya,Singh,user3404@example.com,9876503404,Male,2017-06-14,Hyderabad,90081
4406,Arjun,Rao,user3405@example.com,9876503405,,1999-05-08,Mumbai,-1000
4407,Priya,Patel,user3406@example.com,9876503406,,1973-09-10,Ahmedabad,101456
4408,Neha,Mehta,user3407@example.com,9876503407,Other,1993-06-21,Ahmedabad,79186
4409,Sneha,Sharma,user3408@example.com,9876503408,,1997-02-04,Pune,64482
4410,Vijay,Rao,user3409@example.com,9876503409,Other,1970-11-06,Delhi,47370
4411,Neha,Singh,user3410@example.com,9876503410,,1985-11-07,Chennai,62912
4412,Anjali,Gupta,user3411@example.com,9876503411,Other,invalid,Ahmedabad,83745
4413,Anjali,Kumar,user3412@example.com,9876503412,,2000-05-09,Bangalore,34837
4414,Priya,Rao,user3413@example.com,9876503413,,1987-12-26,Delhi,56899
4415,Arjun,Rao,user3414@example.com,9876503414,,2006-11-01,Hyderabad,32710
4416,Neha,Gupta,user3415@example.com,9876503415,,1994-03-28,Ahmedabad,44179
4417,Amit,Reddy,user3416@example.com,9876503416,Other,1998-02-07,Delhi,52774
4418,Arjun,Sharma,user3417@example.com,9876503417,Other,2013-12-10,Hyderabad,59585
4419,Sneha,Gupta,user3418@example.com,9876503418,Female,2001-11-02,Mumbai,72067
4420,Anjali,Joshi,user3419@example.com,9876503419,,1975-11-13,Delhi,79035
4421,Priya,Joshi,invalid@,9876503420,Female,2010-08-22,Mumbai,926689
4422,Rakesh,Rao,user3421@example.com,9876503421,Female,2014-04-15,Delhi,97064
4423,Anjali,Reddy,user3422@example.com,9876503422,Male,1996-10-28,Delhi,88705
4424,Vijay,Mehta,user3423@example.com,9876503423,Other,2006-12-05,Bangalore,57411
4425,Kavya,Reddy,user3424@example.com,9876503424,Male,2010-08-04,Chennai,69676
4426,Rakesh,Joshi,user3425@example.com,123,Male,1997-10-08,Bangalore,53754
4427,Priya,Reddy,user3426@example.com,9876503426,Female,1971-04-04,Pune,70012
4428,Amit,Reddy,user3427@example.com,9876503427,Male,1990-10-03,Delhi,61786
4429,Rakesh,Sharma,user3428@example.com,9876503428,Other,2015-10-13,Mumbai,42154
4430,Vijay,Rao,user3429@example.com,9876503429,Female,2011-11-20,Kolkata,94039
4431,Arjun,Sharma,user3430@example.com,9876503430,Other,2003-03-24,Delhi,99161
4432,Amit,Mehta,user3431@example.com,9876503431,,2050-01-01,Kolkata,49838
4433,Anjali,Mehta,user3432@example.com,9876503432,Male,2050-01-01,Ahmedabad,75415
4434,Amit,Joshi,user3433@example.com,9876503433,Female,1985-06-14,Mumbai,50702
4435,Neha,Singh,user3434@example.com,9876503434,,2017-06-09,Ahmedabad,63415
4436,Vijay,Gupta,user3435@example.com,9876503435,Other,2015-10-21,Pune,-1000
4437,Rakesh,Verma,user3436@example.com,9876503436,Male,1993-04-26,Hyderabad,52456
4438,Neha,Rao,user3437@example.com,9876503437,Other,1988-02-06,Ahmedabad,68803
4439,Amit,Singh,user3438@example.com,9876503438,Other,2002-04-27,Hyderabad,28692
4440,Neha,Rao,user3439@example.com,9876503439,,1991-05-27,Hyderabad,54541
4441,Sameer,Gupta,,9876503440,Other,2002-09-02,Pune,145311
4442,Vijay,Gupta,user3441@example.com,9876503441,,2015-07-26,Pune,34177
4443,Sneha,Patel,user3442@example.com,9876503442,,2017-11-24,Pune,57394
4444,Arjun,Sharma,user3443@example.com,9876503443,,1987-10-06,Hyderabad,70762
4445,Amit,Joshi,user3444@example.com,9876503444,Male,2017-02-07,Ahmedabad,61407
4446,Vijay,Patel,user3445@example.com,9876503445,Other,1986-05-25,Pune,49722
4447,Sneha,Mehta,user3446@example.com,9876503446,Other,1985-06-06,Pune,84360
4448,Sneha,Verma,user3447@example.com,9876503447,,1989-06-03,Bangalore,67987
4449,Priya,Joshi,user3448@example.com,9876503448,Other,1982-08-10,Kolkata,52531
4450,Neha,Mehta,user3449@example.com,9876503449,Other,2019-02-20,Hyderabad,82145
4451,Sneha,Reddy,user3450@example.com,,,1995-09-26,Chennai,544531
4452,Sameer,Sharma,user3451@example.com,9876503451,,1975-01-14,Delhi,47502
4453,Vijay,Sharma,user3452@example.com,9876503452,,1991-01-06,Pune,76755
4454,Kavya,Sharma,user3453@example.com,9876503453,,2001-08-10,Mumbai,38858
4455,Kavya,Patel,user3454@example.com,9876503454,Male,1991-11-28,Mumbai,100156
4456,Amit,Kumar,user3455@example.com,9876503455,Other,1996-03-20,Bangalore,95321
4457,Anjali,Singh,user3456@example.com,9876503456,Other,1976-04-25,Ahmedabad,75937
4458,Neha,Gupta,user3457@example.com,9876503457,,2008-12-17,Ahmedabad,53356
4459,Anjali,Verma,user3458@example.com,9876503458,,1999-03-14,Ahmedabad,43643
4460,Sneha,Gupta,user3459@example.com,9876503459,Male,2011-05-20,Hyderabad,13544
4461,Vijay,Kumar,invalid@,9876503460,,2000-07-21,Pune,97319
4462,Amit,Reddy,user3461@example.com,9876503461,,2006-05-31,Chennai,45611
4463,Rakesh,Reddy,user3462@example.com,9876503462,,2017-06-27,Kolkata,72082
4464,Sneha,Reddy,user3463@example.com,9876503463,Other,1993-08-17,Chennai,68979
4465,Neha,Joshi,user3464@example.com,9876503464,Female,1971-04-01,Ahmedabad,31549
4466,Kavya,Mehta,user3465@example.com,9876503465,Male,1996-09-22,Ahmedabad,-1000
4467,Priya,Mehta,user3466@example.com,9876503466,Male,invalid,Delhi,42338
4468,Vijay,Reddy,user3467@example.com,9876503467,Female,2002-04-27,Chennai,80861
4469,Arjun,Verma,user3468@example.com,9876503468,,1974-02-21,Pune,81743
4470,Anjali,Patel,user3469@example.com,9876503469,,1982-12-22,Pune,60118
4471,Amit,Verma,user3470@example.com,9876503470,Male,2015-12-06,Kolkata,48144
4472,Anjali,Verma,user3471@example.com,9876503471,Female,1977-03-06,Hyderabad,68759
4473,Vijay,Mehta,user3472@example.com,9876503472,Other,2013-01-13,Mumbai,87142
4474,Anjali,Sharma,user3473@example.com,9876503473,Other,1986-11-29,Mumbai,35369
4475,Vijay,Verma,user3474@example.com,9876503474,,2012-06-04,Delhi,107253
4476,Anjali,Verma,user3475@example.com,123,Male,1994-12-13,Bangalore,60124
4477,Sameer,Gupta,user3476@example.com,9876503476,,1986-07-17,Pune,62623
4478,Rakesh,Sharma,user3477@example.com,9876503477,Male,1984-04-07,Kolkata,97053
4479,Sneha,Mehta,user3478@example.com,9876503478,Other,1982-05-06,Mumbai,63884
4480,Sneha,Patel,user3479@example.com,9876503479,Male,1987-08-22,Ahmedabad,62897
4481,Neha,Singh,,9876503480,Other,1987-01-08,Pune,467309
4482,Arjun,Mehta,user3481@example.com,9876503481,Female,1970-09-18,Pune,53458
4483,Arjun,Mehta,user3482@example.com,9876503482,Female,1988-09-16,Pune,50877
4484,Neha,Verma,user3483@example.com,9876503483,Other,1996-02-01,Chennai,29686
4485,Priya,Gupta,user3484@example.com,9876503484,,2006-04-08,Mumbai,23394
4486,Sneha,Kumar,user3485@example.com,9876503485,,1986-04-11,Delhi,60368
4487,Priya,Reddy,user3486@example.com,9876503486,Male,1970-12-01,Mumbai,37378
4488,Vijay,Rao,user3487@example.com,9876503487,Other,1990-12-31,Hyderabad,78053
4489,Vijay,Gupta,user3488@example.com,9876503488,,1977-08-11,Ahmedabad,60584
4490,Kavya,Kumar,user3489@example.com,9876503489,,2006-04-21,Ahmedabad,33086
4491,Anjali,Verma,user3490@example.com,9876503490,,invalid,Bangalore,95495
4492,Arjun,Verma,user3491@example.com,9876503491,Female,1978-08-30,Mumbai,56471
4493,Kavya,Patel,user3492@example.com,9876503492,,1994-11-25,Mumbai,75301
4494,Rakesh,Kumar,user3493@example.com,9876503493,,2001-10-29,Bangalore,97882
4495,Neha,Joshi,user3494@example.com,9876503494,,1970-01-24,Hyderabad,64323
4496,Neha,Reddy,user3495@example.com,9876503495,Other,1982-09-27,Bangalore,-1000
4497,Vijay,Rao,user3496@example.com,9876503496,Other,1977-07-11,Pune,93762
4498,Sneha,Patel,user3497@example.com,9876503497,Female,1992-03-01,Pune,59121
4499,Priya,Gupta,user3498@example.com,9876503498,Male,1979-03-12,Hyderabad,86463
4500,Arjun,Gupta,user3499@example.com,9876503499,,2003-02-13,Ahmedabad,63518
4501,Kavya,Kumar,invalid@,,Male,1992-03-01,Kolkata,68406
4502,Priya,Reddy,user3501@example.com,9876503501,Other,2050-01-01,Kolkata,68126
4503,Kavya,Reddy,user3502@example.com,9876503502,,1992-02-18,Kolkata,57603
4504,Anjali,Gupta,user3503@example.com,9876503503,Male,2006-01-21,Kolkata,54304
4505,Rakesh,Joshi,user3504@example.com,9876503504,Male,1989-05-10,Delhi,51947
4506,Rakesh,Verma,user3505@example.com,9876503505,,1984-08-12,Ahmedabad,39087
4507,Priya,Reddy,user3506@example.com,9876503506,Other,1980-05-01,Chennai,56068
4508,Priya,Kumar,user3507@example.com,9876503507,Female,2012-03-27,Mumbai,59692
4509,Priya,Gupta,user3508@example.com,9876503508,Female,1975-08-20,Kolkata,73150
4510,Kavya,Verma,user3509@example.com,9876503509,,2016-09-17,Delhi,63154
4511,Anjali,Sharma,user3510@example.com,9876503510,Male,2005-12-21,Pune,865479
4512,Sameer,Mehta,user3511@example.com,9876503511,,1978-02-22,Bangalore,85648
4513,Priya,Verma,user3512@example.com,9876503512,,2013-07-17,Bangalore,91904
4514,Sneha,Reddy,user3513@example.com,9876503513,Other,1987-08-24,Hyderabad,60953
4515,Arjun,Mehta,user3514@example.com,9876503514,,1975-02-22,Kolkata,54779
4516,Arjun,Reddy,user3515@example.com,9876503515,Male,1987-03-22,Ahmedabad,37650
4517,Kavya,Kumar,user3516@example.com,9876503516,Female,1996-11-02,Kolkata,91168
4518,Priya,Singh,user3517@example.com,9876503517,Female,2013-10-17,Mumbai,41910
4519,Vijay,Verma,user3518@example.com,9876503518,,2013-02-27,Mumbai,46977
4520,Neha,Mehta,user3519@example.com,9876503519,,2011-03-04,Bangalore,69514
4521,Sameer,Kumar,,9876503520,,2002-01-03,Hyderabad,58822
4522,Sneha,Reddy,user3521@example.com,9876503521,Male,1998-04-07,Ahmedabad,93946
4523,Anjali,Verma,user3522@example.com,9876503522,,1979-01-28,Chennai,49649
4524,Vijay,Kumar,user3523@example.com,9876503523,,2006-09-26,Ahmedabad,65581
4525,Rakesh,Reddy,user3524@example.com,9876503524,,1973-10-10,Pune,27945
4526,Vijay,Singh,user3525@example.com,123,Male,2009-04-22,Kolkata,-1000
4527,Kavya,Singh,user3526@example.com,9876503526,Other,2000-11-08,Pune,31484
4528,Sameer,Rao,user3527@example.com,9876503527,Other,2000-09-06,Pune,114754
4529,Amit,Patel,user3528@example.com,9876503528,,2050-01-01,Kolkata,62652
4530,Amit,Kumar,user3529@example.com,9876503529,Female,2003-02-01,Chennai,59252
4531,Priya,Patel,user3530@example.com,9876503530,Other,1997-02-15,Delhi,64367
4532,Priya,Rao,user3531@example.com,9876503531,Male,1971-03-29,Ahmedabad,43519
4533,Kavya,Joshi,user3532@example.com,9876503532,Female,1993-05-13,Ahmedabad,78157
4534,Anjali,Verma,user3533@example.com,9876503533,,1971-01-28,Chennai,56828
4535,Priya,Reddy,user3534@example.com,9876503534,Male,1984-12-24,Kolkata,58747
4536,Neha,Gupta,user3535@example.com,9876503535,Female,2018-05-02,Pune,90702
4537,Sameer,Patel,user3536@example.com,9876503536,Other,1992-04-12,Bangalore,30604
4538,Kavya,Patel,user3537@example.com,9876503537,,2008-04-28,Hyderabad,61084
4539,Arjun,Kumar,user3538@example.com,9876503538,,1995-02-01,Pune,62811
4540,Rakesh,Verma,user3539@example.com,9876503539,Male,1998-06-20,Delhi,67761
4541,Kavya,Kumar,invalid@,9876503540,,2012-09-13,Chennai,538759
4542,Kavya,Singh,user3541@example.com,9876503541,Female,1983-02-16,Kolkata,58619
4543,Amit,Patel,user3542@example.com,9876503542,,2015-04-24,Hyderabad,101984
4544,Sneha,Verma,user3543@example.com,9876503543,Other,1993-02-15,Bangalore,74989
4545,Anjali,Sharma,user3544@example.com,9876503544,Male,1993-04-03,Ahmedabad,49418
4546,Sneha,Joshi,user3545@example.com,9876503545,,1987-06-04,Delhi,78043
4547,Neha,Reddy,user3546@example.com,9876503546,,2000-12-04,Delhi,65912
4548,Arjun,Rao,user3547@example.com,9876503547,Male,1992-02-14,Hyderabad,79838
4549,Amit,Joshi,user3548@example.com,9876503548,Female,2002-12-11,Chennai,60920
4550,Arjun,Rao,user3549@example.com,9876503549,Other,1999-06-06,Bangalore,48843
4551,Neha,Patel,user3550@example.com,,Male,1974-02-14,Pune,31629
4552,Sneha,Joshi,user3551@example.com,9876503551,,1995-11-14,Pune,88047
4553,Kavya,Joshi,user3552@example.com,9876503552,,2006-04-02,Mumbai,78682
4554,Priya,Reddy,user3553@example.com,9876503553,Male,1990-04-15,Bangalore,72134
4555,Priya,Gupta,user3554@example.com,9876503554,,1970-07-29,Pune,77977
4556,Vijay,Reddy,user3555@example.com,9876503555,Male,2017-07-17,Delhi,-1000
4557,Rakesh,Kumar,user3556@example.com,9876503556,Male,1975-10-21,Chennai,31338
4558,Anjali,Gupta,user3557@example.com,9876503557,Other,1970-06-27,Pune,66666
4559,Neha,Joshi,user3558@example.com,9876503558,Male,1974-03-27,Chennai,28784
4560,Rakesh,Gupta,user3559@example.com,9876503559,,2008-11-03,Hyderabad,57119
4561,Anjali,Gupta,,9876503560,,1997-12-31,Hyderabad,71598
4562,Rakesh,Kumar,user3561@example.com,9876503561,Other,2003-06-28,Pune,57960
4563,Sneha,Verma,user3562@example.com,9876503562,,2015-08-11,Chennai,100247
4564,Anjali,Patel,user3563@example.com,9876503563,,2008-05-17,Delhi,59178
4565,Sneha,Verma,user3564@example.com,9876503564,Other,2008-09-12,Bangalore,49595
4566,Kavya,Patel,user3565@example.com,9876503565,Other,2008-07-22,Mumbai,65639
4567,Amit,Verma,user3566@example.com,9876503566,,2015-01-01,Chennai,44281
4568,Sneha,Verma,user3567@example.com,9876503567,,1991-04-16,Pune,47470
4569,Priya,Rao,user3568@example.com,9876503568,Female,2014-04-15,Chennai,83729
4570,Rakesh,Gupta,user3569@example.com,9876503569,,2008-09-11,Chennai,84805
4571,Vijay,Singh,user3570@example.com,9876503570,Other,1996-04-29,Pune,681416
4572,Sameer,Kumar,user3571@example.com,9876503571,Male,2014-10-25,Kolkata,77206
4573,Anjali,Verma,user3572@example.com,9876503572,Male,2010-08-16,Pune,106767
4574,Neha,Joshi,user3573@example.com,9876503573,Other,1998-11-16,Bangalore,63832
4575,Vijay,Sharma,user3574@example.com,9876503574,Other,1999-06-06,Delhi,47662
4576,Priya,Rao,user3575@example.com,123,Female,1974-04-03,Hyderabad,75715
4577,Sneha,Sharma,user3576@example.com,9876503576,Other,1976-10-05,Delhi,81704
4578,Amit,Mehta,user3577@example.com,9876503577,Male,2014-08-17,Hyderabad,83673
4579,Kavya,Reddy,user3578@example.com,9876503578,,1974-01-14,Delhi,87883
4580,Sameer,Mehta,user3579@example.com,9876503579,Other,2013-03-22,Delhi,84898
4581,Arjun,Patel,invalid@,9876503580,Female,2007-09-03,Delhi,75400
4582,Vijay,Verma,user3581@example.com,9876503581,,1970-12-04,Hyderabad,77717
4583,Amit,Kumar,user3582@example.com,9876503582,Female,1989-02-21,Kolkata,73215
4584,Arjun,Joshi,user3583@example.com,9876503583,,2001-01-29,Delhi,33213
4585,Sameer,Singh,user3584@example.com,9876503584,Other,1972-12-23,Pune,30630
4586,Neha,Singh,user3585@example.com,9876503585,Male,1973-07-17,Pune,-1000
4587,Neha,Rao,user3586@example.com,9876503586,,1994-03-24,Delhi,81395
4588,Rakesh,Rao,user3587@example.com,9876503587,,1986-05-01,Delhi,56246
4589,Sameer,Rao,user3588@example.com,9876503588,Female,1977-09-29,Bangalore,67724
4590,Sameer,Rao,user3589@example.com,9876503589,,1987-09-21,Chennai,96265
4591,Arjun,Gupta,user3590@example.com,9876503590,Female,1987-12-22,Bangalore,86673
4592,Amit,Verma,user3591@example.com,9876503591,Male,1973-08-29,Ahmedabad,21540
4593,Anjali,Sharma,user3592@example.com,9876503592,Female,1998-11-18,Pune,79603
4594,Arjun,Verma,user3593@example.com,9876503593,Female,2011-06-24,Kolkata,66122
4595,Kavya,Verma,user3594@example.com,9876503594,,2011-07-26,Delhi,51883
4596,Neha,Mehta,user3595@example.com,9876503595,Female,1974-07-26,Kolkata,58449
4597,Neha,Kumar,user3596@example.com,9876503596,,1973-04-27,Chennai,58728
4598,Rakesh,Joshi,user3597@example.com,9876503597,Female,1977-07-31,Kolkata,38766
4599,Kavya,Patel,user3598@example.com,9876503598,Other,2004-07-08,Pune,69890
4600,Neha,Kumar,user3599@example.com,9876503599,Female,2016-01-28,Kolkata,108531
4601,Arjun,Rao,,,Other,1996-04-03,Ahmedabad,853188
4602,Kavya,Sharma,user3601@example.com,9876503601,Female,1980-01-25,Hyderabad,24475
4603,Arjun,Mehta,user3602@example.com,9876503602,Female,1989-05-26,Bangalore,70826
4604,Anjali,Gupta,user3603@example.com,9876503603,,1982-11-02,Ahmedabad,70824
4605,Anjali,Sharma,user3604@example.com,9876503604,Other,1982-05-09,Mumbai,45102
4606,Neha,Mehta,user3605@example.com,9876503605,Other,2050-01-01,Kolkata,40782
4607,Neha,Reddy,user3606@example.com,9876503606,,2006-11-14,Hyderabad,82953
4608,Amit,Gupta,user3607@example.com,9876503607,Female,1971-11-17,Bangalore,67098
4609,Anjali,Rao,user3608@example.com,9876503608,Female,1971-11-16,Hyderabad,55454
4610,Vijay,Patel,user3609@example.com,9876503609,,2011-01-27,Pune,77050
4611,Vijay,Rao,user3610@example.com,9876503610,,1993-05-12,Bangalore,107346
4612,Rakesh,Sharma,user3611@example.com,9876503611,,2005-04-18,Ahmedabad,70159
4613,Anjali,Rao,user3612@example.com,9876503612,,1972-01-04,Hyderabad,70827
4614,Arjun,Reddy,user3613@example.com,9876503613,Other,1974-02-05,Delhi,64568
4615,Arjun,Rao,user3614@example.com,9876503614,Male,2011-06-29,Chennai,57155
4616,Priya,Mehta,user3615@example.com,9876503615,,2000-07-08,Ahmedabad,-1000
4617,Kavya,Singh,user3616@example.com,9876503616,Other,1984-12-03,Ahmedabad,61148
4618,Sneha,Rao,user3617@example.com,9876503617,,1982-09-10,Kolkata,74998
4619,Vijay,Reddy,user3618@example.com,9876503618,,2000-09-27,Hyderabad,95012
4620,Neha,Verma,user3619@example.com,9876503619,Male,2008-05-24,Kolkata,79895
4621,Rakesh,Verma,invalid@,9876503620,Female,1987-04-05,Delhi,39526
4622,Sneha,Patel,user3621@example.com,9876503621,,1999-03-21,Chennai,38356
4623,Sameer,Patel,user3622@example.com,9876503622,Male,2018-09-29,Hyderabad,90065
4624,Rakesh,Patel,user3623@example.com,9876503623,Male,1997-11-16,Pune,62756
4625,Sameer,Kumar,user3624@example.com,9876503624,,invalid,Chennai,70216
4626,Anjali,Joshi,user3625@example.com,123,Other,1993-10-06,Kolkata,49162
4627,Sameer,Patel,user3626@example.com,9876503626,,2050-01-01,Pune,77321
4628,Sameer,Rao,user3627@example.com,9876503627,,1973-12-12,Bangalore,102757
4629,Amit,Patel,user3628@example.com,9876503628,Male,1976-07-18,Hyderabad,68032
4630,Amit,Joshi,user3629@example.com,9876503629,Male,1973-10-16,Ahmedabad,77957
4631,Amit,Kumar,user3630@example.com,9876503630,Female,2005-12-19,Bangalore,899092
4632,Anjali,Joshi,user3631@example.com,9876503631,Male,1982-01-14,Delhi,98602
4633,Sneha,Sharma,user3632@example.com,9876503632,Female,1973-10-23,Mumbai,51414
4634,Rakesh,Patel,user3633@example.com,9876503633,Male,2015-08-05,Kolkata,73272
4635,Rakesh,Patel,user3634@example.com,9876503634,Male,1996-08-08,Pune,90502
4636,Neha,Patel,user3635@example.com,9876503635,,2012-08-16,Delhi,96081
4637,Amit,Sharma,user3636@example.com,9876503636,,1993-09-26,Pune,56526
4638,Anjali,Joshi,user3637@example.com,9876503637,,1981-09-11,Bangalore,51596
4639,Neha,Mehta,user3638@example.com,9876503638,Other,2015-07-06,Mumbai,61900
4640,Kavya,Rao,user3639@example.com,9876503639,,2011-09-11,Kolkata,58584
4641,Neha,Reddy,,9876503640,Male,2009-01-12,Chennai,59426
4642,Sneha,Rao,user3641@example.com,9876503641,,2004-12-27,Ahmedabad,73239
4643,Vijay,Patel,user3642@example.com,9876503642,,2009-07-09,Chennai,54183
4644,Sameer,Kumar,user3643@example.com,9876503643,Male,2004-11-10,Pune,96183
4645,Amit,Sharma,user3644@example.com,9876503644,Male,1983-12-12,Ahmedabad,56906
4646,Vijay,Mehta,user3645@example.com,9876503645,,1987-08-18,Kolkata,-1000
4647,Neha,Gupta,user3646@example.com,9876503646,Female,2004-11-07,Hyderabad,41603
4648,Anjali,Mehta,user3647@example.com,9876503647,Other,1997-03-23,Hyderabad,90145
4649,Sameer,Reddy,user3648@example.com,9876503648,,1976-05-22,Bangalore,39131
4650,Rakesh,Rao,user3649@example.com,9876503649,,1982-01-04,Pune,74147
4651,Arjun,Patel,user3650@example.com,,Other,2004-08-25,Chennai,78891
4652,Sameer,Singh,user3651@example.com,9876503651,Male,2014-09-03,Bangalore,6671
4653,Sneha,Gupta,user3652@example.com,9876503652,Male,1992-11-20,Hyderabad,38825
4654,Sneha,Patel,user3653@example.com,9876503653,Female,2008-10-20,Ahmedabad,57443
4655,Neha,Sharma,user3654@example.com,9876503654,,1979-09-13,Bangalore,102890
4656,Kavya,Gupta,user3655@example.com,9876503655,Other,2012-07-08,Kolkata,57448
4657,Sneha,Reddy,user3656@example.com,9876503656,,1992-01-20,Hyderabad,54930
4658,Sneha,Singh,user3657@example.com,9876503657,,1988-12-06,Kolkata,50003
4659,Anjali,Joshi,user3658@example.com,9876503658,,1990-07-28,Kolkata,49690
4660,Neha,Joshi,user3659@example.com,9876503659,,1992-08-22,Kolkata,52297
4661,Sameer,Joshi,invalid@,9876503660,,2000-05-13,Kolkata,515575
4662,Kavya,Kumar,user3661@example.com,9876503661,,1973-01-13,Bangalore,50702
4663,Vijay,Joshi,user3662@example.com,9876503662,Other,1973-05-09,Bangalore,50679
4664,Arjun,Verma,user3663@example.com,9876503663,Male,2005-04-03,Delhi,57376
4665,Amit,Gupta,user3664@example.com,9876503664,Female,2011-05-03,Hyderabad,84016
4666,Rakesh,Singh,user3665@example.com,9876503665,,1993-12-22,Delhi,42577
4667,Sneha,Sharma,user3666@example.com,9876503666,Male,1977-10-30,Pune,52060
4668,Neha,Verma,user3667@example.com,9876503667,Other,2010-01-19,Bangalore,54606
4669,Amit,Verma,user3668@example.com,9876503668,,2004-06-12,Hyderabad,64998
4670,Rakesh,Singh,user3669@example.com,9876503669,Other,1992-09-22,Chennai,49743
4671,Rakesh,Sharma,user3670@example.com,9876503670,Other,1976-08-09,Hyderabad,106507
4672,Vijay,Gupta,user3671@example.com,9876503671,,1977-04-01,Bangalore,76664
4673,Vijay,Rao,user3672@example.com,9876503672,Female,2007-10-19,Kolkata,84488
4674,Vijay,Patel,user3673@example.com,9876503673,,1979-02-21,Bangalore,69771
4675,Priya,Rao,user3674@example.com,9876503674,,1985-11-22,Delhi,93087
4676,Priya,Reddy,user3675@example.com,123,,2003-12-06,Ahmedabad,-1000
4677,Rakesh,Singh,user3676@example.com,9876503676,,1998-08-10,Bangalore,53850
4678,Vijay,Rao,user3677@example.com,9876503677,,1979-05-11,Kolkata,48668
4679,Anjali,Rao,user3678@example.com,9876503678,Female,2014-11-21,Hyderabad,61572
4680,Sneha,Rao,user3679@example.com,9876503679,Male,2017-04-02,Mumbai,96674
4681,Amit,Joshi,,9876503680,Female,1989-12-30,Pune,108987
4682,Amit,Mehta,user3681@example.com,9876503681,,2017-04-11,Delhi,84092
4683,Priya,Rao,user3682@example.com,9876503682,Other,invalid,Ahmedabad,63040
4684,Rakesh,Patel,user3683@example.com,9876503683,Male,2003-05-05,Kolkata,87400
4685,Neha,Singh,user3684@example.com,9876503684,Other,2007-08-22,Mumbai,94662
4686,Sameer,Reddy,user3685@example.com,9876503685,Female,2008-10-30,Bangalore,88530
4687,Sameer,Mehta,user3686@example.com,9876503686,Male,1989-03-10,Chennai,62327
4688,Priya,Kumar,user3687@example.com,9876503687,,2006-05-08,Hyderabad,62859
4689,Neha,Patel,user3688@example.com,9876503688,Other,1996-10-02,Chennai,51834
4690,Priya,Patel,user3689@example.com,9876503689,,2002-10-03,Delhi,60095
4691,Sameer,Joshi,user3690@example.com,9876503690,,1992-05-07,Bangalore,490141
4692,Neha,Joshi,user3691@example.com,9876503691,Male,2010-08-28,Pune,63711
4693,Vijay,Singh,user3692@example.com,9876503692,Other,1979-07-20,Delhi,64537
4694,Rakesh,Patel,user3693@example.com,9876503693,Female,1997-06-26,Mumbai,47728
4695,Amit,Sharma,user3694@example.com,9876503694,Female,1990-08-21,Chennai,118707
4696,Anjali,Sharma,user3695@example.com,9876503695,Female,1976-07-18,Kolkata,70921
4697,Kavya,Singh,user3696@example.com,9876503696,Female,1981-01-13,Ahmedabad,90848
4698,Rakesh,Rao,user3697@example.com,9876503697,Other,1990-07-07,Ahmedabad,89012
4699,Vijay,Verma,user3698@example.com,9876503698,,1979-06-01,Pune,103859
4700,Sameer,Kumar,user3699@example.com,9876503699,Female,1976-07-11,Ahmedabad,46859
4701,Vijay,Reddy,invalid@,,Female,1979-03-22,Ahmedabad,54094
4702,Priya,Joshi,user3701@example.com,9876503701,Female,1986-11-20,Kolkata,28718
4703,Neha,Reddy,user3702@example.com,9876503702,,2006-01-24,Pune,32647
4704,Amit,Verma,user3703@example.com,9876503703,Male,1974-01-05,Chennai,44805
4705,Sneha,Gupta,user3704@example.com,9876503704,Female,1979-07-16,Mumbai,61963
4706,Priya,Singh,user3705@example.com,9876503705,Female,2016-06-05,Delhi,-1000
4707,Rakesh,Rao,user3706@example.com,9876503706,Female,1972-02-14,Chennai,128500
4708,Priya,Mehta,user3707@example.com,9876503707,Male,2010-03-09,Delhi,75065
4709,Rakesh,Rao,user3708@example.com,9876503708,Female,invalid,Pune,84405
4710,Sneha,Patel,user3709@example.com,9876503709,Male,2050-01-01,Chennai,67841
4711,Arjun,Rao,user3710@example.com,9876503710,Male,1973-12-10,Bangalore,38744
4712,Amit,Patel,user3711@example.com,9876503711,,1990-04-30,Pune,70934
4713,Anjali,Reddy,user3712@example.com,9876503712,,1994-05-20,Pune,32716
4714,Anjali,Gupta,user3713@example.com,9876503713,Female,1988-05-06,Pune,61390
4715,Kavya,Joshi,user3714@example.com,9876503714,Other,1985-02-01,Pune,77959
4716,Vijay,Gupta,user3715@example.com,9876503715,,2000-08-04,Ahmedabad,53255
4717,Arjun,Patel,user3716@example.com,9876503716,,2015-01-18,Ahmedabad,68857
4718,Anjali,Mehta,user3717@example.com,9876503717,Other,2002-09-26,Chennai,52959
4719,Priya,Verma,user3718@example.com,9876503718,,2005-12-13,Mumbai,42890
4720,Vijay,Reddy,user3719@example.com,9876503719,Female,2009-12-04,Pune,74757
4721,Arjun,Reddy,,9876503720,,1999-12-12,Delhi,858912
4722,Neha,Rao,user3721@example.com,9876503721,,1994-06-18,Bangalore,85841
4723,Neha,Joshi,user3722@example.com,9876503722,Male,1988-06-03,Ahmedabad,60176
4724,Vijay,Rao,user3723@example.com,9876503723,Male,invalid,Hyderabad,21483
4725,Rakesh,Rao,user3724@example.com,9876503724,Female,1981-08-13,Delhi,66766
4726,Rakesh,Patel,user3725@example.com,123,Other,1997-01-10,Ahmedabad,90386
4727,Priya,Verma,user3726@example.com,9876503726,Male,1997-02-14,Hyderabad,38704
4728,Arjun,Joshi,user3727@example.com,9876503727,,2018-02-19,Chennai,100618
4729,Arjun,Rao,user3728@example.com,9876503728,Female,2014-05-15,Mumbai,23821
4730,Vijay,Reddy,user3729@example.com,9876503729,,1992-02-21,Bangalore,72940
4731,Sameer,Rao,user3730@example.com,9876503730,Female,2001-03-27,Ahmedabad,81595
4732,Neha,Kumar,user3731@example.com,9876503731,Male,1978-09-29,Hyderabad,94364
4733,Arjun,Singh,user3732@example.com,9876503732,Other,1992-07-02,Hyderabad,74180
4734,Vijay,Reddy,user3733@example.com,9876503733,,2050-01-01,Bangalore,58494
4735,Sneha,Kumar,user3734@example.com,9876503734,Other,1987-11-19,Bangalore,68361
4736,Kavya,Singh,user3735@example.com,9876503735,Female,2017-11-04,Chennai,-1000
4737,Sneha,Mehta,user3736@example.com,9876503736,Other,1970-05-22,Delhi,25206
4738,Amit,Kumar,user3737@example.com,9876503737,Other,invalid,Hyderabad,60160
4739,Priya,Patel,user3738@example.com,9876503738,Female,1991-02-19,Ahmedabad,74822
4740,Arjun,Mehta,user3739@example.com,9876503739,,1993-10-07,Bangalore,85514
4741,Amit,Sharma,invalid@,9876503740,Other,1993-10-14,Chennai,55284
4742,Anjali,Joshi,user3741@example.com,9876503741,Other,2016-03-03,Hyderabad,94543
4743,Amit,Reddy,user3742@example.com,9876503742,Female,1977-05-14,Pune,61640
4744,Vijay,Sharma,user3743@example.com,9876503743,,2013-05-24,Hyderabad,74571
4745,Arjun,Reddy,user3744@example.com,9876503744,Other,2003-08-24,Kolkata,79918
4746,Kavya,Joshi,user3745@example.com,9876503745,Male,1976-08-24,Bangalore,66068
4747,Vijay,Joshi,user3746@example.com,9876503746,,1992-01-30,Bangalore,63187
4748,Vijay,Reddy,user3747@example.com,9876503747,Other,1978-10-21,Ahmedabad,96142
4749,Priya,Joshi,user3748@example.com,9876503748,Female,1980-09-16,Kolkata,31019
4750,Priya,Kumar,user3749@example.com,9876503749,Male,1971-10-12,Pune,65848
4751,Neha,Gupta,user3750@example.com,,Female,2012-06-12,Bangalore,283111
4752,Neha,Verma,user3751@example.com,9876503751,Other,1998-12-18,Ahmedabad,29049
4753,Rakesh,Reddy,user3752@example.com,9876503752,Male,1992-03-22,Ahmedabad,63937
4754,Sameer,Sharma,user3753@example.com,9876503753,,1973-09-16,Hyderabad,54482
4755,Arjun,Sharma,user3754@example.com,9876503754,,2018-05-26,Chennai,106578
4756,Arjun,Joshi,user3755@example.com,9876503755,,1977-06-06,Kolkata,59932
4757,Amit,Reddy,user3756@example.com,9876503756,,1993-07-14,Bangalore,87702
4758,Arjun,Gupta,user3757@example.com,9876503757,Female,2007-09-23,Mumbai,66032
4759,Arjun,Gupta,user3758@example.com,9876503758,Other,2003-04-22,Mumbai,40968
4760,Sameer,Verma,user3759@example.com,9876503759,Male,1974-03-27,Delhi,29747
4761,Anjali,Kumar,,9876503760,Female,1977-02-19,Mumbai,37724
4762,Neha,Verma,user3761@example.com,9876503761,Other,1981-07-08,Mumbai,71558
4763,Neha,Patel,user3762@example.com,9876503762,,1979-03-29,Ahmedabad,96942
4764,Kavya,Sharma,user3763@example.com,9876503763,Other,2006-01-25,Ahmedabad,46726
4765,Arjun,Gupta,user3764@example.com,9876503764,Female,2010-01-18,Chennai,81756
4766,Sameer,Joshi,user3765@example.com,9876503765,Other,1986-08-23,Kolkata,-1000
4767,Neha,Gupta,user3766@example.com,9876503766,Male,1979-02-06,Bangalore,43703
4768,Sameer,Gupta,user3767@example.com,9876503767,,1992-11-27,Kolkata,72092
4769,Sneha,Singh,user3768@example.com,9876503768,Male,2009-07-19,Kolkata,96828
4770,Anjali,Sharma,user3769@example.com,9876503769,,1989-06-15,Bangalore,63490
4771,Arjun,Patel,user3770@example.com,9876503770,,2018-08-04,Hyderabad,81590
4772,Kavya,Verma,user3771@example.com,9876503771,Other,1995-04-09,Hyderabad,71172
4773,Amit,Patel,user3772@example.com,9876503772,Male,2011-02-23,Ahmedabad,71207
4774,Neha,Singh,user3773@example.com,9876503773,,1990-07-04,Hyderabad,48937
4775,Sneha,Kumar,user3774@example.com,9876503774,,2014-08-22,Bangalore,74816
4776,Sameer,Patel,user3775@example.com,123,Other,1975-09-22,Ahmedabad,35764
4777,Priya,Gupta,user3776@example.com,9876503776,Female,2012-05-01,Kolkata,72226
4778,Vijay,Mehta,user3777@example.com,9876503777,Female,1999-12-19,Kolkata,92450
4779,Arjun,Reddy,user3778@example.com,9876503778,,1970-05-29,Mumbai,101078
4780,Arjun,Patel,user3779@example.com,9876503779,,1983-12-17,Bangalore,44154
4781,Sneha,Reddy,invalid@,9876503780,,2009-11-11,Hyderabad,738346
4782,Sameer,Singh,user3781@example.com,9876503781,Female,1973-02-07,Mumbai,50894
4783,Rakesh,Patel,user3782@example.com,9876503782,,2015-10-29,Delhi,67810
4784,Arjun,Patel,user3783@example.com,9876503783,Male,1995-06-18,Chennai,103443
4785,Rakesh,Rao,user3784@example.com,9876503784,Female,2010-12-13,Chennai,82555
4786,Priya,Gupta,user3785@example.com,9876503785,Female,1978-10-12,Kolkata,51950
4787,Sneha,Joshi,user3786@example.com,9876503786,Female,1973-01-14,Kolkata,50823
4788,Sameer,Reddy,user3787@example.com,9876503787,,1997-11-04,Bangalore,65339
4789,Sameer,Kumar,user3788@example.com,9876503788,Other,2000-06-23,Kolkata,66699
4790,Anjali,Rao,user3789@example.com,9876503789,Other,1995-03-15,Ahmedabad,67657
4791,Vijay,Gupta,user3790@example.com,9876503790,,1978-07-04,Chennai,35215
4792,Neha,Singh,user3791@example.com,9876503791,,1980-10-11,Hyderabad,104982
4793,Neha,Reddy,user3792@example.com,9876503792,,2000-02-07,Ahmedabad,106957
4794,Amit,Verma,user3793@example.com,9876503793,Other,1996-06-11,Chennai,74586
4795,Kavya,Singh,user3794@example.com,9876503794,,2014-09-27,Delhi,47597
4796,Sneha,Joshi,user3795@example.com,9876503795,,2000-08-11,Ahmedabad,-1000
4797,Priya,Reddy,user3796@example.com,9876503796,,1993-03-02,Mumbai,46161
4798,Sameer,Singh,user3797@example.com,9876503797,,1996-08-15,Ahmedabad,44356
4799,Vijay,Rao,user3798@example.com,9876503798,Male,1993-04-05,Hyderabad,52318
4800,Rakesh,Singh,user3799@example.com,9876503799,Other,2012-01-05,Delhi,73446
4801,Sneha,Joshi,,,,2005-11-10,Pune,67569
4802,Amit,Joshi,user3801@example.com,9876503801,Other,2013-03-11,Hyderabad,95484
4803,Sneha,Mehta,user3802@example.com,9876503802,Other,1991-09-22,Hyderabad,34535
4804,Amit,Patel,user3803@example.com,9876503803,Male,1985-10-24,Pune,47382
4805,Sameer,Verma,user3804@example.com,9876503804,Other,2050-01-01,Hyderabad,24997
4806,Kavya,Verma,user3805@example.com,9876503805,,2017-06-14,Mumbai,67893
4807,Amit,Rao,user3806@example.com,9876503806,Female,1998-09-15,Pune,97012
4808,Sameer,Joshi,user3807@example.com,9876503807,,2016-12-14,Kolkata,55551
4809,Sameer,Mehta,user3808@example.com,9876503808,,2000-06-07,Ahmedabad,92308
4810,Kavya,Gupta,user3809@example.com,9876503809,Other,1989-08-21,Delhi,78875
4811,Neha,Mehta,user3810@example.com,9876503810,,1976-11-01,Chennai,823355
4812,Sneha,Kumar,user3811@example.com,9876503811,Female,2018-04-25,Mumbai,76718
4813,Arjun,Singh,user3812@example.com,9876503812,Other,1987-07-04,Pune,101064
4814,Arjun,Patel,user3813@example.com,9876503813,,1984-10-24,Ahmedabad,60995
4815,Rakesh,Mehta,user3814@example.com,9876503814,,1971-06-27,Chennai,78735
4816,Rakesh,Singh,user3815@example.com,9876503815,,1999-10-07,Chennai,101909
4817,Arjun,Patel,user3816@example.com,9876503816,Male,2006-08-30,Ahmedabad,44533
4818,Priya,Reddy,user3817@example.com,9876503817,,2000-07-08,Bangalore,60696
4819,Arjun,Kumar,user3818@example.com,9876503818,,2013-04-14,Bangalore,76495
4820,Rakesh,Kumar,user3819@example.com,9876503819,Female,2004-01-14,Kolkata,47825
4821,Vijay,Joshi,invalid@,9876503820,,2012-05-19,Delhi,46985
4822,Rakesh,Kumar,user3821@example.com,9876503821,Male,2000-08-14,Kolkata,105599
4823,Priya,Reddy,user3822@example.com,9876503822,Female,2018-02-21,Kolkata,48759
4824,Sneha,Joshi,user3823@example.com,9876503823,,1998-03-24,Mumbai,57671
4825,Arjun,Sharma,user3824@example.com,9876503824,Female,2014-04-13,Pune,69318
4826,Kavya,Gupta,user3825@example.com,123,,1999-10-08,Pune,-1000
4827,Vijay,Rao,user3826@example.com,9876503826,,1989-04-03,Ahmedabad,54095
4828,Sameer,Singh,user3827@example.com,9876503827,,1982-11-02,Pune,60841
4829,Priya,Gupta,user3828@example.com,9876503828,,2005-03-12,Kolkata,44963
4830,Rakesh,Gupta,user3829@example.com,9876503829,,1983-02-08,Delhi,53924
4831,Kavya,Verma,user3830@example.com,9876503830,,1980-01-30,Bangalore,78906
4832,Amit,Mehta,user3831@example.com,9876503831,Other,1994-04-01,Ahmedabad,83129
4833,Neha,Kumar,user3832@example.com,9876503832,Male,1986-08-23,Hyderabad,85363
4834,Arjun,Sharma,user3833@example.com,9876503833,Female,2013-06-06,Mumbai,64902
4835,Neha,Mehta,user3834@example.com,9876503834,Female,2004-10-02,Ahmedabad,61065
4836,Priya,Rao,user3835@example.com,9876503835,Other,2006-05-05,Kolkata,38844
4837,Amit,Mehta,user3836@example.com,9876503836,,1973-11-17,Pune,57882
4838,Amit,Verma,user3837@example.com,9876503837,Male,1972-06-26,Delhi,68468
4839,Amit,Rao,user3838@example.com,9876503838,Other,1993-04-17,Kolkata,86762
4840,Sameer,Reddy,user3839@example.com,9876503839,Other,2007-03-01,Mumbai,26336
4841,Priya,Reddy,,9876503840,Female,1996-08-02,Ahmedabad,582632
4842,Sneha,Joshi,user3841@example.com,9876503841,,1986-04-18,Pune,19683
4843,Neha,Mehta,user3842@example.com,9876503842,,1981-11-23,Ahmedabad,32925
4844,Sneha,Singh,user3843@example.com,9876503843,,1990-05-02,Mumbai,91349
4845,Kavya,Sharma,user3844@example.com,9876503844,,1997-05-12,Kolkata,38965
4846,Anjali,Verma,user3845@example.com,9876503845,Other,1987-05-06,Pune,67161
4847,Vijay,Rao,user3846@example.com,9876503846,,1994-10-10,Bangalore,85523
4848,Vijay,Sharma,user3847@example.com,9876503847,,1997-07-26,Chennai,55638
4849,Sneha,Mehta,user3848@example.com,9876503848,Male,2019-01-13,Mumbai,40517
4850,Anjali,Singh,user3849@example.com,9876503849,Female,1973-11-17,Bangalore,67383
4851,Anjali,Mehta,user3850@example.com,,,1974-11-30,Bangalore,96196
4852,Arjun,Kumar,user3851@example.com,9876503851,,1977-06-13,Pune,84855
4853,Kavya,Kumar,user3852@example.com,9876503852,Female,1988-09-09,Ahmedabad,60032
4854,Priya,Verma,user3853@example.com,9876503853,Female,1988-08-09,Kolkata,53859
4855,Anjali,Rao,user3854@example.com,9876503854,Other,1983-11-25,Ahmedabad,88128
4856,Rakesh,Rao,user3855@example.com,9876503855,,2012-05-02,Delhi,-1000
4857,Vijay,Gupta,user3856@example.com,9876503856,Other,1987-06-10,Mumbai,83739
4858,Rakesh,Verma,user3857@example.com,9876503857,Female,1993-05-24,Mumbai,54389
4859,Kavya,Verma,user3858@example.com,9876503858,Other,2001-04-11,Kolkata,35256
4860,Anjali,Singh,user3859@example.com,9876503859,,1996-05-03,Hyderabad,29669
4861,Neha,Kumar,invalid@,9876503860,,1985-12-14,Pune,97702
4862,Vijay,Rao,user3861@example.com,9876503861,Male,1976-01-02,Pune,60977
4863,Arjun,Mehta,user3862@example.com,9876503862,,2011-10-03,Delhi,47115
4864,Arjun,Verma,user3863@example.com,9876503863,Female,1976-05-09,Delhi,64125
4865,Amit,Joshi,user3864@example.com,9876503864,,2016-04-26,Bangalore,53554
4866,Sameer,Patel,user3865@example.com,9876503865,Other,1995-10-06,Hyderabad,54233
4867,Anjali,Rao,user3866@example.com,9876503866,,2012-07-08,Chennai,55074
4868,Kavya,Reddy,user3867@example.com,9876503867,,2010-07-05,Hyderabad,65166
4869,Vijay,Rao,user3868@example.com,9876503868,,2000-08-11,Hyderabad,80148
4870,Sameer,Joshi,user3869@example.com,9876503869,,2012-01-31,Delhi,34421
4871,Kavya,Rao,user3870@example.com,9876503870,Other,2000-11-07,Hyderabad,920089
4872,Sneha,Joshi,user3871@example.com,9876503871,Male,1997-10-02,Ahmedabad,46100
4873,Anjali,Patel,user3872@example.com,9876503872,,2000-11-30,Bangalore,70123
4874,Priya,Gupta,user3873@example.com,9876503873,Female,1987-02-02,Chennai,63837
4875,Priya,Singh,user3874@example.com,9876503874,Other,2004-05-11,Delhi,48861
4876,Anjali,Patel,user3875@example.com,123,Other,2002-11-30,Hyderabad,87706
4877,Amit,Sharma,user3876@example.com,9876503876,,1981-04-07,Chennai,49116
4878,Amit,Gupta,user3877@example.com,9876503877,,2009-04-13,Ahmedabad,93376
4879,Priya,Singh,user3878@example.com,9876503878,,1977-01-28,Hyderabad,78360
4880,Neha,Kumar,user3879@example.com,9876503879,,1996-09-01,Ahmedabad,50009
4881,Vijay,Joshi,,9876503880,,1974-01-28,Bangalore,41031
4882,Priya,Verma,user3881@example.com,9876503881,Female,2006-06-20,Bangalore,86303
4883,Neha,Sharma,user3882@example.com,9876503882,,1970-08-16,Ahmedabad,42178
4884,Sameer,Patel,user3883@example.com,9876503883,,1984-05-09,Pune,62337
4885,Neha,Rao,user3884@example.com,9876503884,Male,2006-09-10,Kolkata,78936
4886,Sameer,Patel,user3885@example.com,9876503885,,invalid,Hyderabad,-1000
4887,Kavya,Singh,user3886@example.com,9876503886,Female,2008-08-03,Hyderabad,60943
4888,Rakesh,Sharma,user3887@example.com,9876503887,,2014-04-17,Bangalore,50406
4889,Kavya,Mehta,user3888@example.com,9876503888,,1990-01-11,Kolkata,79441
4890,Priya,Singh,user3889@example.com,9876503889,Other,2013-02-10,Mumbai,27380
4891,Sameer,Gupta,user3890@example.com,9876503890,Other,2005-07-24,Pune,70191
4892,Priya,Patel,user3891@example.com,9876503891,,2006-02-19,Mumbai,39066
4893,Anjali,Patel,user3892@example.com,9876503892,,1971-11-30,Chennai,47455
4894,Vijay,Sharma,user3893@example.com,9876503893,,1971-03-14,Chennai,72366
4895,Arjun,Joshi,user3894@example.com,9876503894,Male,2013-10-17,Chennai,50007
4896,Priya,Sharma,user3895@example.com,9876503895,,2050-01-01,Delhi,88145
4897,Vijay,Verma,user3896@example.com,9876503896,,1997-01-15,Bangalore,79128
4898,Neha,Patel,user3897@example.com,9876503897,,2005-04-29,Bangalore,51049
4899,Kavya,Joshi,user3898@example.com,9876503898,,1984-06-14,Ahmedabad,60494
4900,Neha,Joshi,user3899@example.com,9876503899,,1972-08-17,Kolkata,42927
4901,Arjun,Sharma,invalid@,,,1997-06-19,Bangalore,744595
4902,Sameer,Kumar,user3901@example.com,9876503901,Other,1990-10-10,Kolkata,96362
4903,Anjali,Singh,user3902@example.com,9876503902,Female,1994-05-21,Chennai,41097
4904,Vijay,Gupta,user3903@example.com,9876503903,Female,2009-02-23,Mumbai,68768
4905,Anjali,Kumar,user3904@example.com,9876503904,,1996-07-20,Hyderabad,71468
4906,Rakesh,Patel,user3905@example.com,9876503905,,1973-09-09,Pune,39999
4907,Priya,Patel,user3906@example.com,9876503906,Male,1983-09-18,Hyderabad,44831
4908,Sameer,Patel,user3907@example.com,9876503907,,1983-05-01,Delhi,28833
4909,Rakesh,Reddy,user3908@example.com,9876503908,Male,2050-01-01,Kolkata,76217
4910,Sneha,Rao,user3909@example.com,9876503909,Other,1997-03-24,Kolkata,57806
4911,Priya,Mehta,user3910@example.com,9876503910,Female,1976-11-10,Pune,50487
4912,Neha,Reddy,user3911@example.com,9876503911,Other,2003-11-05,Hyderabad,106286
4913,Kavya,Mehta,user3912@example.com,9876503912,,2013-05-18,Mumbai,28959
4914,Vijay,Joshi,user3913@example.com,9876503913,,2017-11-22,Delhi,90700
4915,Arjun,Patel,user3914@example.com,9876503914,,2017-09-12,Kolkata,21918
4916,Arjun,Verma,user3915@example.com,9876503915,,2050-01-01,Hyderabad,-1000
4917,Neha,Gupta,user3916@example.com,9876503916,,1994-12-04,Hyderabad,31029
4918,Amit,Sharma,user3917@example.com,9876503917,Other,2005-10-25,Ahmedabad,48599
4919,Arjun,Gupta,user3918@example.com,9876503918,Male,2013-03-21,Bangalore,54182
4920,Vijay,Verma,user3919@example.com,9876503919,Female,1970-12-25,Bangalore,50805
4921,Neha,Sharma,,9876503920,,1986-04-20,Ahmedabad,70001
4922,Sameer,Joshi,user3921@example.com,9876503921,,1972-12-12,Mumbai,82554
4923,Arjun,Verma,user3922@example.com,9876503922,Other,2008-07-28,Kolkata,62737
4924,Anjali,Patel,user3923@example.com,9876503923,Female,1989-10-24,Ahmedabad,71467
4925,Neha,Verma,user3924@example.com,9876503924,Other,1985-07-12,Hyderabad,96219
4926,Vijay,Patel,user3925@example.com,123,Male,1983-08-15,Kolkata,51040
4927,Anjali,Verma,user3926@example.com,9876503926,Other,1979-08-29,Chennai,83077
4928,Priya,Verma,user3927@example.com,9876503927,Female,2003-08-28,Kolkata,115511
4929,Priya,Kumar,user3928@example.com,9876503928,Female,1996-10-27,Mumbai,101282
4930,Arjun,Gupta,user3929@example.com,9876503929,,1972-12-11,Delhi,97586
4931,Anjali,Mehta,user3930@example.com,9876503930,Male,2015-10-04,Pune,795622
4932,Kavya,Reddy,user3931@example.com,9876503931,,2009-07-08,Pune,88023
4933,Priya,Kumar,user3932@example.com,9876503932,,1979-07-10,Hyderabad,55323
4934,Kavya,Mehta,user3933@example.com,9876503933,Other,1989-07-04,Ahmedabad,63372
4935,Sameer,Kumar,user3934@example.com,9876503934,Other,2017-08-08,Bangalore,61047
4936,Neha,Rao,user3935@example.com,9876503935,Female,2010-04-03,Ahmedabad,51733
4937,Rakesh,Sharma,user3936@example.com,9876503936,Female,1977-09-22,Bangalore,67931
4938,Vijay,Patel,user3937@example.com,9876503937,Female,1996-06-10,Ahmedabad,54506
4939,Neha,Reddy,user3938@example.com,9876503938,,2001-04-05,Hyderabad,66244
4940,Vijay,Kumar,user3939@example.com,9876503939,,2005-06-05,Ahmedabad,37385
4941,Anjali,Kumar,invalid@,9876503940,,1993-10-13,Kolkata,54331
4942,Sameer,Joshi,user3941@example.com,9876503941,,1976-08-13,Pune,91312
4943,Sneha,Verma,user3942@example.com,9876503942,Female,1975-11-13,Hyderabad,68899
4944,Arjun,Rao,user3943@example.com,9876503943,,1998-01-08,Chennai,91694
4945,Vijay,Reddy,user3944@example.com,9876503944,,1970-07-27,Bangalore,52888
4946,Vijay,Reddy,user3945@example.com,9876503945,Male,1999-09-12,Chennai,-1000
4947,Anjali,Sharma,user3946@example.com,9876503946,,1993-09-21,Chennai,69298
4948,Kavya,Reddy,user3947@example.com,9876503947,Other,2011-09-29,Chennai,61106
4949,Neha,Singh,user3948@example.com,9876503948,Other,1981-12-05,Pune,37114
4950,Sneha,Reddy,user3949@example.com,9876503949,Male,1986-06-30,Chennai,76337
4951,Amit,Kumar,user3950@example.com,,Female,1990-10-28,Kolkata,45288
4952,Arjun,Singh,user3951@example.com,9876503951,Male,1973-12-07,Bangalore,64791
4953,Rakesh,Mehta,user3952@example.com,9876503952,Female,2002-03-17,Delhi,22390
4954,Amit,Verma,user3953@example.com,9876503953,,2005-08-09,Chennai,52028
4955,Neha,Singh,user3954@example.com,9876503954,,1993-10-25,Chennai,62475
4956,Arjun,Mehta,user3955@example.com,9876503955,,1999-07-25,Delhi,76226
4957,Vijay,Rao,user3956@example.com,9876503956,,1977-08-13,Chennai,40291
4958,Rakesh,Gupta,user3957@example.com,9876503957,,1971-03-20,Delhi,47176
4959,Kavya,Patel,user3958@example.com,9876503958,,2015-03-07,Mumbai,100285
4960,Sneha,Kumar,user3959@example.com,9876503959,Other,1996-08-24,Hyderabad,104304
4961,Kavya,Singh,,9876503960,,2000-01-06,Pune,752941
4962,Sameer,Gupta,user3961@example.com,9876503961,,1971-07-21,Pune,90592
4963,Anjali,Verma,user3962@example.com,9876503962,,1981-06-15,Delhi,57101
4964,Arjun,Joshi,user3963@example.com,9876503963,Female,1991-09-14,Ahmedabad,78066
4965,Kavya,Rao,user3964@example.com,9876503964,,1996-12-14,Pune,77061
4966,Amit,Patel,user3965@example.com,9876503965,Male,1985-11-19,Bangalore,46168
4967,Anjali,Verma,user3966@example.com,9876503966,,2007-10-10,Pune,68930
4968,Kavya,Rao,user3967@example.com,9876503967,,2013-11-12,Pune,59093
4969,Priya,Joshi,user3968@example.com,9876503968,Other,1985-01-22,Hyderabad,72356
4970,Sameer,Mehta,user3969@example.com,9876503969,,1984-10-16,Hyderabad,54298
4971,Neha,Joshi,user3970@example.com,9876503970,Female,1983-02-03,Bangalore,35902
4972,Sneha,Singh,user3971@example.com,9876503971,,1977-05-10,Delhi,65345
4973,Sameer,Patel,user3972@example.com,9876503972,,2012-06-24,Kolkata,81612
4974,Anjali,Reddy,user3973@example.com,9876503973,,2018-02-25,Kolkata,81615
4975,Priya,Sharma,user3974@example.com,9876503974,,1983-11-05,Delhi,29475
4976,Arjun,Kumar,user3975@example.com,123,Other,2000-06-21,Bangalore,-1000
4977,Amit,Kumar,user3976@example.com,9876503976,,1989-04-28,Kolkata,78771
4978,Sneha,Mehta,user3977@example.com,9876503977,Other,2003-02-16,Hyderabad,67740
4979,Sneha,Verma,user3978@example.com,9876503978,Other,2013-05-30,Pune,82293
4980,Sameer,Patel,user3979@example.com,9876503979,Other,2007-03-06,Chennai,36788
4981,Anjali,Reddy,invalid@,9876503980,Female,1984-03-11,Pune,42099
4982,Arjun,Mehta,user3981@example.com,9876503981,,2014-09-13,Delhi,76787
4983,Vijay,Sharma,user3982@example.com,9876503982,Female,2015-09-18,Chennai,58034
4984,Priya,Singh,user3983@example.com,9876503983,Female,1992-11-15,Mumbai,88459
4985,Vijay,Singh,user3984@example.com,9876503984,,2019-01-16,Delhi,71136
4986,Amit,Reddy,user3985@example.com,9876503985,Female,2004-06-11,Bangalore,47092
4987,Arjun,Reddy,user3986@example.com,9876503986,,1996-09-18,Chennai,46084
4988,Arjun,Reddy,user3987@example.com,9876503987,,2013-02-24,Mumbai,27464
4989,Priya,Joshi,user3988@example.com,9876503988,Other,1983-01-21,Kolkata,78749
4990,Rakesh,Kumar,user3989@example.com,9876503989,Female,1971-02-03,Mumbai,62665
4991,Vijay,Gupta,user3990@example.com,9876503990,,2011-09-27,Hyderabad,833266
4992,Kavya,Patel,user3991@example.com,9876503991,Male,2017-09-22,Bangalore,70154
4993,Sneha,Gupta,user3992@example.com,9876503992,Female,1970-08-28,Chennai,67290
4994,Rakesh,Joshi,user3993@example.com,9876503993,Female,1987-09-13,Ahmedabad,81308
4995,Kavya,Verma,user3994@example.com,9876503994,,1971-11-03,Delhi,63041
4996,Anjali,Singh,user3995@example.com,9876503995,Male,1976-09-27,Pune,58352
4997,Priya,Kumar,user3996@example.com,9876503996,Male,1972-12-23,Kolkata,64997
4998,Anjali,Reddy,user3997@example.com,9876503997,,1988-07-21,Chennai,81834
4999,Sneha,Sharma,user3998@example.com,9876503998,Female,1995-07-23,Hyderabad,46163
5000,Neha,Sharma,user3999@example.com,9876503999,Other,1984-01-12,Delhi,83494
5001,Kavya,Sharma,,,Female,2003-04-09,Bangalore,66267
5002,Rakesh,Patel,user4001@example.com,9876504001,Other,2015-03-31,Hyderabad,57318
5003,Kavya,Reddy,user4002@example.com,9876504002,Other,2015-12-11,Pune,68664
5004,Kavya,Kumar,user4003@example.com,9876504003,,2019-02-12,Ahmedabad,88527
5005,Priya,Singh,user4004@example.com,9876504004,Female,1989-04-25,Kolkata,88379
5006,Anjali,Gupta,user4005@example.com,9876504005,,1999-04-19,Hyderabad,-1000
5007,Vijay,Reddy,user4006@example.com,9876504006,,1972-10-25,Bangalore,77519
5008,Neha,Reddy,user4007@example.com,9876504007,Other,1998-05-22,Delhi,65864
5009,Priya,Joshi,user4008@example.com,9876504008,Male,2016-09-10,Kolkata,53304
5010,Amit,Verma,user4009@example.com,9876504009,Other,2014-02-21,Mumbai,73898
5011,Priya,Sharma,user4010@example.com,9876504010,,1982-07-31,Bangalore,56023
5012,Sneha,Mehta,user4011@example.com,9876504011,Other,2010-01-02,Bangalore,44469
5013,Neha,Kumar,user4012@example.com,9876504012,,2006-09-03,Delhi,56553
5014,Arjun,Joshi,user4013@example.com,9876504013,Female,1975-01-30,Ahmedabad,32158
5015,Amit,Verma,user4014@example.com,9876504014,Male,2014-09-06,Delhi,40229
5016,Sameer,Verma,user4015@example.com,9876504015,,2011-01-11,Hyderabad,105582
5017,Priya,Rao,user4016@example.com,9876504016,Female,1998-02-13,Delhi,87519
5018,Kavya,Sharma,user4017@example.com,9876504017,Male,2007-03-25,Ahmedabad,60197
5019,Vijay,Rao,user4018@example.com,9876504018,,1997-01-19,Ahmedabad,75442
5020,Arjun,Joshi,user4019@example.com,9876504019,Other,2016-06-01,Bangalore,45989
5021,Priya,Verma,invalid@,9876504020,Male,2005-04-13,Mumbai,782318
5022,Priya,Mehta,user4021@example.com,9876504021,,2017-12-30,Delhi,70224
5023,Rakesh,Kumar,user4022@example.com,9876504022,Female,2002-10-06,Mumbai,50901
5024,Rakesh,Rao,user4023@example.com,9876504023,Male,1987-11-02,Hyderabad,58534
5025,Arjun,Verma,user4024@example.com,9876504024,,1983-06-02,Ahmedabad,57146
5026,Anjali,Kumar,user4025@example.com,123,Female,2004-07-02,Ahmedabad,82000
5027,Rakesh,Sharma,user4026@example.com,9876504026,,2014-12-07,Delhi,63372
5028,Kavya,Gupta,user4027@example.com,9876504027,Other,2011-11-23,Bangalore,33437
5029,Amit,Kumar,user4028@example.com,9876504028,,1984-08-24,Kolkata,56022
5030,Sameer,Verma,user4029@example.com,9876504029,,1972-10-26,Delhi,49352
5031,Neha,Joshi,user4030@example.com,9876504030,Female,1988-02-12,Bangalore,35440
5032,Sameer,Rao,user4031@example.com,9876504031,Male,1975-06-20,Pune,49776
5033,Sameer,Rao,user4032@example.com,9876504032,Other,2018-07-13,Hyderabad,21829
5034,Neha,Singh,user4033@example.com,9876504033,Female,2012-12-19,Bangalore,46384
5035,Rakesh,Verma,user4034@example.com,9876504034,,1971-01-10,Delhi,68922
5036,Arjun,Singh,user4035@example.com,9876504035,Other,2001-08-27,Delhi,-1000
5037,Neha,Mehta,user4036@example.com,9876504036,,1978-05-04,Bangalore,75069
5038,Sneha,Mehta,user4037@example.com,9876504037,Other,2010-04-29,Mumbai,84147
5039,Anjali,Verma,user4038@example.com,9876504038,,2007-11-21,Bangalore,88752
5040,Amit,Rao,user4039@example.com,9876504039,Female,1986-04-16,Pune,44509
5041,Vijay,Sharma,,9876504040,Male,1972-03-16,Pune,37466
5042,Rakesh,Patel,user4041@example.com,9876504041,Other,1987-05-24,Mumbai,65851
5043,Anjali,Mehta,user4042@example.com,9876504042,Male,1987-09-19,Pune,75932
5044,Neha,Rao,user4043@example.com,9876504043,Male,1970-10-06,Delhi,48293
5045,Sneha,Reddy,user4044@example.com,9876504044,Other,1973-11-06,Mumbai,70292
5046,Vijay,Reddy,user4045@example.com,9876504045,Other,1994-08-02,Mumbai,101450
5047,Amit,Singh,user4046@example.com,9876504046,Male,1989-07-30,Mumbai,38275
5048,Amit,Kumar,user4047@example.com,9876504047,,2018-07-04,Chennai,65118
5049,Rakesh,Sharma,user4048@example.com,9876504048,,1992-01-31,Hyderabad,85775
5050,Neha,Singh,user4049@example.com,9876504049,Other,2004-05-26,Bangalore,61044
5051,Anjali,Reddy,user4050@example.com,,Male,1991-11-19,Hyderabad,732573
5052,Arjun,Sharma,user4051@example.com,9876504051,Male,1979-06-12,Bangalore,83202
5053,Anjali,Patel,user4052@example.com,9876504052,Female,1971-03-09,Mumbai,58966
5054,Anjali,Kumar,user4053@example.com,9876504053,Male,1972-10-06,Kolkata,43776
5055,Amit,Singh,user4054@example.com,9876504054,,1989-12-06,Pune,62982
5056,Arjun,Reddy,user4055@example.com,9876504055,Female,2002-12-20,Chennai,43106
5057,Arjun,Mehta,user4056@example.com,9876504056,,1984-03-19,Hyderabad,53991
5058,Rakesh,Mehta,user4057@example.com,9876504057,,1993-04-18,Chennai,73838
5059,Vijay,Singh,user4058@example.com,9876504058,Other,2012-02-10,Delhi,68622
5060,Priya,Patel,user4059@example.com,9876504059,,1984-07-13,Delhi,84956
5061,Sameer,Patel,invalid@,9876504060,Other,1981-07-18,Bangalore,69640
5062,Sameer,Verma,user4061@example.com,9876504061,,1973-09-27,Ahmedabad,49406
5063,Amit,Kumar,user4062@example.com,9876504062,,1988-08-10,Mumbai,45065
5064,Priya,Rao,user4063@example.com,9876504063,,1994-12-28,Ahmedabad,77555
5065,Vijay,Patel,user4064@example.com,9876504064,Other,2002-10-19,Delhi,69804
5066,Priya,Kumar,user4065@example.com,9876504065,Other,1977-07-31,Kolkata,-1000
5067,Rakesh,Patel,user4066@example.com,9876504066,Female,1971-05-11,Bangalore,71776
5068,Anjali,Verma,user4067@example.com,9876504067,Male,1979-11-02,Bangalore,50914
5069,Amit,Gupta,user4068@example.com,9876504068,Female,1976-02-11,Hyderabad,16089
5070,Arjun,Patel,user4069@example.com,9876504069,,1992-01-14,Bangalore,85855
5071,Amit,Kumar,user4070@example.com,9876504070,,2010-02-27,Bangalore,77978
5072,Sameer,Verma,user4071@example.com,9876504071,Other,2005-08-05,Bangalore,63260
5073,Vijay,Verma,user4072@example.com,9876504072,Female,1988-05-25,Mumbai,47026
5074,Priya,Kumar,user4073@example.com,9876504073,,1982-03-04,Chennai,60729
5075,Vijay,Kumar,user4074@example.com,9876504074,,2011-07-18,Hyderabad,30406
5076,Rakesh,Mehta,user4075@example.com,123,Male,1976-06-25,Ahmedabad,67290
5077,Amit,Gupta,user4076@example.com,9876504076,Other,1999-07-04,Kolkata,26282
5078,Neha,Verma,user4077@example.com,9876504077,,1987-12-13,Chennai,67132
5079,Amit,Mehta,user4078@example.com,9876504078,Other,2017-05-03,Delhi,50892
5080,Arjun,Sharma,user4079@example.com,9876504079,Female,2001-04-07,Delhi,62048
5081,Amit,Singh,,9876504080,,1991-08-19,Chennai,422162
5082,Sneha,Singh,user4081@example.com,9876504081,,1982-08-03,Bangalore,95163
5083,Rakesh,Verma,user4082@example.com,9876504082,Female,2006-11-13,Hyderabad,72209
5084,Kavya,Mehta,user4083@example.com,9876504083,Other,1983-09-19,Bangalore,51229
5085,Rakesh,Gupta,user4084@example.com,9876504084,Other,1989-10-23,Chennai,61410
5086,Priya,Gupta,user4085@example.com,9876504085,,1991-10-16,Bangalore,97121
5087,Kavya,Sharma,user4086@example.com,9876504086,Female,1984-06-24,Chennai,46004
5088,Priya,Verma,user4087@example.com,9876504087,,2009-03-11,Kolkata,42754
5089,Priya,Patel,user4088@example.com,9876504088,Other,2005-08-03,Pune,41897
5090,Arjun,Sharma,user4089@example.com,9876504089,,1986-10-20,Delhi,51374
5091,Arjun,Mehta,user4090@example.com,9876504090,,2000-08-26,Bangalore,94901
5092,Anjali,Patel,user4091@example.com,9876504091,,1988-02-02,Ahmedabad,53802
5093,Sameer,Singh,user4092@example.com,9876504092,,1999-03-16,Pune,56659
5094,Anjali,Joshi,user4093@example.com,9876504093,Other,2014-03-06,Mumbai,69033
5095,Anjali,Singh,user4094@example.com,9876504094,,1997-08-09,Kolkata,64376
5096,Sameer,Verma,user4095@example.com,9876504095,,1993-04-08,Hyderabad,-1000
5097,Neha,Kumar,user4096@example.com,9876504096,Other,1991-04-10,Pune,81425
5098,Kavya,Singh,user4097@example.com,9876504097,,2011-01-12,Pune,71545
5099,Vijay,Reddy,user4098@example.com,9876504098,Other,1973-11-28,Kolkata,60404
5100,Anjali,Singh,user4099@example.com,9876504099,,1978-06-30,Pune,84196
5101,Amit,Singh,invalid@,,Female,2018-11-04,Hyderabad,49255
5102,Amit,Singh,user4101@example.com,9876504101,Other,1973-09-08,Ahmedabad,47975
5103,Priya,Singh,user4102@example.com,9876504102,Other,2050-01-01,Kolkata,56841
5104,Sameer,Patel,user4103@example.com,9876504103,,2018-03-08,Delhi,88234
5105,Priya,Patel,user4104@example.com,9876504104,,1975-05-16,Kolkata,48261
5106,Sneha,Singh,user4105@example.com,9876504105,Male,1982-08-18,Bangalore,52992
5107,Sneha,Rao,user4106@example.com,9876504106,Male,1996-08-31,Hyderabad,68479
5108,Vijay,Rao,user4107@example.com,9876504107,Female,1985-07-31,Ahmedabad,63867
5109,Arjun,Patel,user4108@example.com,9876504108,,2011-07-13,Ahmedabad,57411
5110,Arjun,Joshi,user4109@example.com,9876504109,Other,2005-11-20,Kolkata,74340
5111,Sameer,Kumar,user4110@example.com,9876504110,Male,2016-12-10,Chennai,555377
5112,Sameer,Sharma,user4111@example.com,9876504111,Female,1984-12-11,Bangalore,86120
5113,Anjali,Reddy,user4112@example.com,9876504112,,1997-06-21,Chennai,69748
5114,Sneha,Reddy,user4113@example.com,9876504113,Female,1992-01-13,Chennai,85329
5115,Anjali,Singh,user4114@example.com,9876504114,Male,1983-06-04,Kolkata,49187
5116,Arjun,Joshi,user4115@example.com,9876504115,,1974-02-05,Hyderabad,62035
5117,Kavya,Rao,user4116@example.com,9876504116,,1995-11-01,Pune,27052
5118,Kavya,Rao,user4117@example.com,9876504117,,1982-07-19,Chennai,91742
5119,Sameer,Joshi,user4118@example.com,9876504118,Female,1975-08-06,Mumbai,110877
5120,Priya,Kumar,user4119@example.com,9876504119,Other,1979-03-31,Pune,59237
5121,Arjun,Patel,,9876504120,Male,1993-11-04,Pune,72454
5122,Kavya,Kumar,user4121@example.com,9876504121,,2017-02-21,Chennai,67264
5123,Arjun,Verma,user4122@example.com,9876504122,,2016-07-25,Chennai,39158
5124,Rakesh,Verma,user4123@example.com,9876504123,Female,2017-09-22,Delhi,89949
5125,Amit,Rao,user4124@example.com,9876504124,,2019-02-21,Hyderabad,59508
5126,Sneha,Sharma,user4125@example.com,123,Female,2010-10-09,Pune,-1000
5127,Anjali,Verma,user4126@example.com,9876504126,Male,1984-11-23,Mumbai,50682
5128,Arjun,Rao,user4127@example.com,9876504127,Female,1971-05-12,Ahmedabad,37112
5129,Amit,Singh,user4128@example.com,9876504128,,1998-08-17,Kolkata,67444
5130,Rakesh,Gupta,user4129@example.com,9876504129,Female,2016-05-05,Chennai,67324
5131,Anjali,Gupta,user4130@example.com,9876504130,,1972-07-04,Pune,88723
5132,Arjun,Mehta,user4131@example.com,9876504131,,2000-11-13,Ahmedabad,101596
5133,Sameer,Singh,user4132@example.com,9876504132,,2015-01-30,Chennai,103228
5134,Amit,Gupta,user4133@example.com,9876504133,,2006-05-13,Delhi,44492
5135,Anjali,Kumar,user4134@example.com,9876504134,,1973-03-25,Kolkata,77385
5136,Arjun,Mehta,user4135@example.com,9876504135,,1998-08-09,Chennai,80936
5137,Amit,Rao,user4136@example.com,9876504136,Other,1975-09-03,Mumbai,54530
5138,Rakesh,Joshi,user4137@example.com,9876504137,,1994-08-21,Bangalore,70742
5139,Arjun,Joshi,user4138@example.com,9876504138,Other,2015-10-07,Hyderabad,72986
5140,Arjun,Rao,user4139@example.com,9876504139,Male,2007-12-26,Bangalore,55298
5141,Arjun,Sharma,invalid@,9876504140,Female,1989-07-25,Chennai,906389
5142,Vijay,Rao,user4141@example.com,9876504141,Other,1996-08-18,Delhi,69702
5143,Sameer,Patel,user4142@example.com,9876504142,Male,2009-11-28,Mumbai,61566
5144,Rakesh,Joshi,user4143@example.com,9876504143,Female,1974-05-09,Chennai,40528
5145,Anjali,Gupta,user4144@example.com,9876504144,,1993-10-06,Hyderabad,88026
5146,Vijay,Reddy,user4145@example.com,9876504145,,1994-02-07,Ahmedabad,66499
5147,Priya,Mehta,user4146@example.com,9876504146,,2011-11-12,Delhi,66565
5148,Vijay,Sharma,user4147@example.com,9876504147,,1996-04-03,Pune,48077
5149,Sneha,Verma,user4148@example.com,9876504148,,1989-10-02,Ahmedabad,82875
5150,Sneha,Singh,user4149@example.com,9876504149,,2018-11-05,Chennai,42304
5151,Arjun,Sharma,user4150@example.com,,,1998-06-08,Pune,20838
5152,Vijay,Verma,user4151@example.com,9876504151,Male,2013-07-03,Pune,50824
5153,Priya,Sharma,user4152@example.com,9876504152,Male,1996-02-03,Kolkata,71940
5154,Vijay,Reddy,user4153@example.com,9876504153,,2011-12-15,Ahmedabad,71767
5155,Sameer,Sharma,user4154@example.com,9876504154,Female,2012-04-10,Kolkata,67809
5156,Sameer,Gupta,user4155@example.com,9876504155,,1998-06-15,Pune,-1000
5157,Priya,Rao,user4156@example.com,9876504156,Female,1982-04-25,Kolkata,68172
5158,Vijay,Patel,user4157@example.com,9876504157,Male,1982-07-20,Bangalore,122205
5159,Amit,Mehta,user4158@example.com,9876504158,,1998-04-12,Kolkata,69995
5160,Sameer,Joshi,user4159@example.com,9876504159,Male,2014-06-17,Ahmedabad,56551
5161,Sameer,Verma,,9876504160,Male,1987-05-17,Delhi,62906
5162,Kavya,Mehta,user4161@example.com,9876504161,Other,2010-03-06,Bangalore,60852
5163,Vijay,Sharma,user4162@example.com,9876504162,Male,2015-01-27,Delhi,66386
5164,Sameer,Rao,user4163@example.com,9876504163,,1985-06-23,Mumbai,46770
5165,Rakesh,Mehta,user4164@example.com,9876504164,Male,2015-11-22,Delhi,80978
5166,Vijay,Rao,user4165@example.com,9876504165,,2015-04-23,Ahmedabad,70937
5167,Sneha,Verma,user4166@example.com,9876504166,,2000-08-07,Delhi,49217
5168,Kavya,Gupta,user4167@example.com,9876504167,Male,1986-04-08,Mumbai,85395
5169,Sameer,Gupta,user4168@example.com,9876504168,,1973-02-20,Pune,26946
5170,Kavya,Rao,user4169@example.com,9876504169,Male,2013-09-10,Ahmedabad,108051
5171,Sneha,Rao,user4170@example.com,9876504170,,2012-08-09,Chennai,1027040
5172,Priya,Patel,user4171@example.com,9876504171,Female,1976-01-26,Bangalore,99502
5173,Priya,Singh,user4172@example.com,9876504172,Other,2012-03-30,Hyderabad,55069
5174,Vijay,Patel,user4173@example.com,9876504173,,1984-12-02,Bangalore,69813
5175,Sneha,Mehta,user4174@example.com,9876504174,,2018-11-12,Delhi,52563
5176,Neha,Kumar,user4175@example.com,123,Other,2019-01-04,Bangalore,73613
5177,Neha,Patel,user4176@example.com,9876504176,Other,2000-10-12,Kolkata,65367
5178,Vijay,Mehta,user4177@example.com,9876504177,Male,1982-02-10,Mumbai,55794
5179,Arjun,Joshi,user4178@example.com,9876504178,,2010-08-12,Chennai,55581
5180,Kavya,Mehta,user4179@example.com,9876504179,Other,invalid,Kolkata,66649
5181,Kavya,Mehta,invalid@,9876504180,,2011-01-04,Bangalore,123723
5182,Priya,Rao,user4181@example.com,9876504181,,2017-01-06,Kolkata,91110
5183,Neha,Reddy,user4182@example.com,9876504182,,2007-04-03,Delhi,66713
5184,Anjali,Sharma,user4183@example.com,9876504183,Male,1990-04-27,Hyderabad,61376
5185,Sameer,Rao,user4184@example.com,9876504184,Female,1976-12-23,Bangalore,77459
5186,Sameer,Rao,user4185@example.com,9876504185,,1989-11-09,Kolkata,-1000
5187,Sameer,Reddy,user4186@example.com,9876504186,Other,2010-09-04,Hyderabad,60438
5188,Priya,Reddy,user4187@example.com,9876504187,,2005-03-07,Pune,25969
5189,Sneha,Sharma,user4188@example.com,9876504188,Other,1982-08-14,Pune,66817
5190,Amit,Kumar,user4189@example.com,9876504189,Male,2007-11-10,Bangalore,67325
5191,Neha,Joshi,user4190@example.com,9876504190,,1988-06-20,Ahmedabad,54124
5192,Neha,Patel,user4191@example.com,9876504191,Male,1978-05-21,Chennai,74027
5193,Anjali,Mehta,user4192@example.com,9876504192,Male,1984-06-17,Bangalore,67489
5194,Kavya,Patel,user4193@example.com,9876504193,,1983-01-15,Hyderabad,54364
5195,Arjun,Gupta,user4194@example.com,9876504194,,1996-05-24,Pune,81460
5196,Vijay,Verma,user4195@example.com,9876504195,Other,1972-08-24,Hyderabad,61406
5197,Kavya,Kumar,user4196@example.com,9876504196,,1970-04-18,Pune,44050
5198,Sneha,Verma,user4197@example.com,9876504197,Male,2000-11-25,Mumbai,29774
5199,Vijay,Mehta,user4198@example.com,9876504198,Female,1994-02-18,Delhi,93708
5200,Neha,Reddy,user4199@example.com,9876504199,Other,1971-05-25,Mumbai,67518
5201,Sneha,Mehta,,,Other,1988-08-29,Ahmedabad,666703
5202,Vijay,Joshi,user4201@example.com,9876504201,,1995-05-06,Delhi,64124
5203,Anjali,Patel,user4202@example.com,9876504202,,2013-11-06,Bangalore,89360
5204,Anjali,Sharma,user4203@example.com,9876504203,Male,invalid,Bangalore,67852
5205,Rakesh,Singh,user4204@example.com,9876504204,Other,1980-08-07,Ahmedabad,95960
5206,Amit,Singh,user4205@example.com,9876504205,Other,2013-09-05,Chennai,67916
5207,Anjali,Sharma,user4206@example.com,9876504206,Female,2006-05-08,Pune,11505
5208,Neha,Reddy,user4207@example.com,9876504207,Male,1989-08-13,Chennai,90337
5209,Arjun,Singh,user4208@example.com,9876504208,Male,1979-08-02,Bangalore,71305
5210,Sameer,Reddy,user4209@example.com,9876504209,,2004-05-08,Mumbai,54861
5211,Rakesh,Rao,user4210@example.com,9876504210,Male,1991-03-30,Pune,59865
5212,Sameer,Joshi,user4211@example.com,9876504211,Female,2011-03-09,Bangalore,58845
5213,Amit,Kumar,user4212@example.com,9876504212,Male,1986-08-15,Pune,40169
5214,Vijay,Patel,user4213@example.com,9876504213,,1984-09-29,Chennai,82544
5215,Priya,Patel,user4214@example.com,9876504214,,1970-08-18,Delhi,56082
5216,Anjali,Kumar,user4215@example.com,9876504215,Female,1972-06-28,Bangalore,-1000
5217,Arjun,Mehta,user4216@example.com,9876504216,,2002-02-02,Bangalore,150977
5218,Amit,Mehta,user4217@example.com,9876504217,Other,2017-07-14,Hyderabad,41939
5219,Sameer,Verma,user4218@example.com,9876504218,Male,2016-08-05,Pune,63244
5220,Rakesh,Mehta,user4219@example.com,9876504219,,1982-12-01,Delhi,18989
5221,Anjali,Reddy,invalid@,9876504220,,2006-03-28,Mumbai,90085
5222,Neha,Sharma,user4221@example.com,9876504221,Male,1984-03-17,Hyderabad,59351
5223,Anjali,Rao,user4222@example.com,9876504222,Other,1979-07-07,Delhi,81338
5224,Rakesh,Kumar,user4223@example.com,9876504223,Male,2002-10-12,Mumbai,46134
5225,Rakesh,Reddy,user4224@example.com,9876504224,Other,1989-09-12,Kolkata,32686
5226,Priya,Reddy,user4225@example.com,123,Female,1975-02-09,Kolkata,50080
5227,Anjali,Verma,user4226@example.com,9876504226,Other,1970-10-26,Hyderabad,91909
5228,Anjali,Reddy,user4227@example.com,9876504227,,1980-03-14,Ahmedabad,76543
5229,Priya,Joshi,user4228@example.com,9876504228,Female,1982-06-07,Chennai,32671
5230,Sneha,Mehta,user4229@example.com,9876504229,,1998-03-12,Hyderabad,16608
5231,Sneha,Patel,user4230@example.com,9876504230,Female,2004-02-16,Delhi,585756
5232,Vijay,Joshi,user4231@example.com,9876504231,Other,1983-03-08,Mumbai,86847
5233,Sneha,Rao,user4232@example.com,9876504232,Female,2007-03-24,Pune,49829
5234,Kavya,Rao,user4233@example.com,9876504233,Female,2012-02-16,Mumbai,86526
5235,Anjali,Rao,user4234@example.com,9876504234,,1988-09-01,Ahmedabad,67539
5236,Arjun,Mehta,user4235@example.com,9876504235,Other,1992-05-07,Mumbai,100055
5237,Anjali,Reddy,user4236@example.com,9876504236,,1985-01-11,Chennai,51425
5238,Kavya,Rao,user4237@example.com,9876504237,Female,1986-08-30,Kolkata,63799
5239,Kavya,Kumar,user4238@example.com,9876504238,Male,1994-09-29,Hyderabad,51896
5240,Sameer,Patel,user4239@example.com,9876504239,,1981-06-17,Delhi,84707
5241,Anjali,Reddy,,9876504240,Female,1981-07-28,Mumbai,76816
5242,Amit,Verma,user4241@example.com,9876504241,,1991-01-23,Delhi,31031
5243,Kavya,Mehta,user4242@example.com,9876504242,Male,1988-08-19,Ahmedabad,78843
5244,Arjun,Sharma,user4243@example.com,9876504243,,1978-08-24,Mumbai,35219
5245,Priya,Joshi,user4244@example.com,9876504244,,1975-10-07,Mumbai,46775
5246,Vijay,Gupta,user4245@example.com,9876504245,Male,1984-03-04,Ahmedabad,-1000
5247,Sameer,Joshi,user4246@example.com,9876504246,Male,1972-09-20,Chennai,39910
5248,Priya,Rao,user4247@example.com,9876504247,Male,2007-07-11,Mumbai,57571
5249,Sameer,Patel,user4248@example.com,9876504248,,1970-07-09,Delhi,80187
5250,Arjun,Verma,user4249@example.com,9876504249,Male,2005-01-10,Chennai,73304
5251,Rakesh,Reddy,user4250@example.com,,,2004-02-22,Bangalore,72134
5252,Anjali,Kumar,user4251@example.com,9876504251,Male,1989-04-17,Chennai,80835
5253,Neha,Singh,user4252@example.com,9876504252,Female,2012-10-24,Kolkata,91140
5254,Amit,Joshi,user4253@example.com,9876504253,Male,1995-04-18,Bangalore,40189
5255,Priya,Singh,user4254@example.com,9876504254,Male,2016-07-07,Kolkata,71664
5256,Anjali,Reddy,user4255@example.com,9876504255,Other,2018-08-07,Delhi,84290
5257,Amit,Patel,user4256@example.com,9876504256,,2000-06-10,Kolkata,80357
5258,Rakesh,Singh,user4257@example.com,9876504257,,2012-03-12,Hyderabad,61813
5259,Neha,Joshi,user4258@example.com,9876504258,Female,1995-05-06,Mumbai,60657
5260,Amit,Sharma,user4259@example.com,9876504259,,1971-06-02,Delhi,81486
5261,Amit,Gupta,invalid@,9876504260,Other,2004-01-08,Ahmedabad,692805
5262,Priya,Singh,user4261@example.com,9876504261,Female,2010-03-08,Delhi,86882
5263,Sneha,Sharma,user4262@example.com,9876504262,Female,1999-07-09,Bangalore,67197
5264,Neha,Sharma,user4263@example.com,9876504263,,2014-05-07,Hyderabad,57528
5265,Anjali,Rao,user4264@example.com,9876504264,Other,1976-04-27,Kolkata,29730
5266,Rakesh,Gupta,user4265@example.com,9876504265,,1983-02-14,Chennai,60391
5267,Neha,Kumar,user4266@example.com,9876504266,,2017-01-28,Kolkata,40380
5268,Arjun,Joshi,user4267@example.com,9876504267,,2002-09-25,Pune,28409
5269,Sneha,Verma,user4268@example.com,9876504268,Male,2004-12-08,Ahmedabad,47689
5270,Arjun,Reddy,user4269@example.com,9876504269,,1992-08-21,Mumbai,79062
5271,Rakesh,Verma,user4270@example.com,9876504270,Male,1991-08-27,Kolkata,60162
5272,Priya,Singh,user4271@example.com,9876504271,Female,1982-02-26,Chennai,68563
5273,Priya,Gupta,user4272@example.com,9876504272,,2012-02-01,Delhi,78471
5274,Rakesh,Singh,user4273@example.com,9876504273,Male,2006-03-20,Ahmedabad,64283
5275,Sameer,Gupta,user4274@example.com,9876504274,,1999-12-08,Hyderabad,51239
5276,Rakesh,Joshi,user4275@example.com,123,,1987-06-30,Bangalore,-1000
5277,Sneha,Reddy,user4276@example.com,9876504276,,2001-04-08,Kolkata,80448
5278,Kavya,Reddy,user4277@example.com,9876504277,Female,2004-02-13,Mumbai,64475
5279,Priya,Joshi,user4278@example.com,9876504278,,2017-03-04,Delhi,14115
5280,Vijay,Kumar,user4279@example.com,9876504279,Male,2050-01-01,Kolkata,57937
5281,Sneha,Sharma,,9876504280,Female,1973-08-25,Chennai,75633
5282,Sneha,Gupta,user4281@example.com,9876504281,,2000-09-29,Delhi,68657
5283,Sneha,Mehta,user4282@example.com,9876504282,Female,2004-04-16,Mumbai,44589
5284,Amit,Mehta,user4283@example.com,9876504283,,2050-01-01,Chennai,50078
5285,Sneha,Sharma,user4284@example.com,9876504284,Other,2018-05-07,Pune,26027
5286,Priya,Singh,user4285@example.com,9876504285,Male,1989-08-15,Pune,75987
5287,Kavya,Gupta,user4286@example.com,9876504286,Male,1970-12-04,Ahmedabad,77435
5288,Kavya,Patel,user4287@example.com,9876504287,,1979-01-08,Kolkata,62332
5289,Sneha,Reddy,user4288@example.com,9876504288,,2015-10-12,Delhi,57993
5290,Arjun,Verma,user4289@example.com,9876504289,,2006-10-24,Hyderabad,43370
5291,Priya,Patel,user4290@example.com,9876504290,Other,1975-02-11,Ahmedabad,716474
5292,Priya,Verma,user4291@example.com,9876504291,,1971-05-10,Mumbai,32156
5293,Neha,Reddy,user4292@example.com,9876504292,Other,1982-09-17,Chennai,80536
5294,Anjali,Mehta,user4293@example.com,9876504293,,1980-08-22,Ahmedabad,76583
5295,Sameer,Joshi,user4294@example.com,9876504294,Other,1992-11-13,Kolkata,88363
5296,Sameer,Kumar,user4295@example.com,9876504295,,1975-07-30,Delhi,66006
5297,Arjun,Rao,user4296@example.com,9876504296,Male,2010-04-23,Kolkata,54600
5298,Sameer,Singh,user4297@example.com,9876504297,Other,2012-08-04,Hyderabad,73643
5299,Neha,Sharma,user4298@example.com,9876504298,Other,2014-04-26,Pune,80618
5300,Rakesh,Mehta,user4299@example.com,9876504299,,1996-07-22,Pune,41846
5301,Sameer,Joshi,invalid@,,Female,1976-03-31,Hyderabad,63615
5302,Priya,Joshi,user4301@example.com,9876504301,Female,1997-07-18,Mumbai,70307
5303,Rakesh,Verma,user4302@example.com,9876504302,Male,1974-05-21,Bangalore,74626
5304,Sameer,Joshi,user4303@example.com,9876504303,,2002-11-28,Ahmedabad,57954
5305,Priya,Gupta,user4304@example.com,9876504304,,2001-12-16,Mumbai,77620
5306,Priya,Singh,user4305@example.com,9876504305,Male,1973-07-23,Pune,-1000
5307,Sneha,Rao,user4306@example.com,9876504306,,2010-07-04,Kolkata,105360
5308,Kavya,Mehta,user4307@example.com,9876504307,,2010-05-19,Delhi,52512
5309,Arjun,Gupta,user4308@example.com,9876504308,Female,2013-11-17,Delhi,73155
5310,Neha,Mehta,user4309@example.com,9876504309,Male,2011-02-12,Chennai,53949
5311,Amit,Kumar,user4310@example.com,9876504310,,1977-11-21,Bangalore,66959
5312,Anjali,Rao,user4311@example.com,9876504311,Male,1979-02-15,Hyderabad,43415
5313,Sameer,Joshi,user4312@example.com,9876504312,Female,1973-01-08,Hyderabad,86511
5314,Sameer,Kumar,user4313@example.com,9876504313,,1978-09-13,Bangalore,48652
5315,Rakesh,Verma,user4314@example.com,9876504314,,2001-12-10,Pune,66631
5316,Rakesh,Kumar,user4315@example.com,9876504315,Female,1975-12-18,Bangalore,63722
5317,Anjali,Patel,user4316@example.com,9876504316,Male,2018-02-16,Bangalore,50966
5318,Sameer,Verma,user4317@example.com,9876504317,Other,1986-07-17,Delhi,14096
5319,Vijay,Rao,user4318@example.com,9876504318,,1993-11-23,Chennai,86188
5320,Neha,Singh,user4319@example.com,9876504319,Male,2009-10-15,Ahmedabad,67887
5321,Sameer,Patel,,9876504320,Male,1989-05-01,Kolkata,301939
5322,Kavya,Mehta,user4321@example.com,9876504321,Female,2004-05-23,Delhi,26734
5323,Anjali,Sharma,user4322@example.com,9876504322,Male,2015-07-31,Chennai,58558
5324,Vijay,Sharma,user4323@example.com,9876504323,,2013-09-08,Delhi,63350
5325,Neha,Patel,user4324@example.com,9876504324,,1989-01-29,Pune,60700
5326,Sameer,Singh,user4325@example.com,123,Male,1983-07-18,Chennai,93878
5327,Amit,Gupta,user4326@example.com,9876504326,Female,2011-04-04,Hyderabad,31608
5328,Sneha,Sharma,user4327@example.com,9876504327,,2007-08-07,Chennai,69245
5329,Kavya,Patel,user4328@example.com,9876504328,Other,1981-03-13,Pune,77912
5330,Amit,Rao,user4329@example.com,9876504329,,1970-12-24,Hyderabad,77489
5331,Rakesh,Reddy,user4330@example.com,9876504330,Female,2008-04-30,Chennai,82877
5332,Rakesh,Singh,user4331@example.com,9876504331,Female,1985-01-27,Kolkata,67338
5333,Sameer,Singh,user4332@example.com,9876504332,,1994-06-26,Ahmedabad,69922
5334,Rakesh,Gupta,user4333@example.com,9876504333,,2050-01-01,Mumbai,58403
5335,Kavya,Verma,user4334@example.com,9876504334,,1978-11-25,Bangalore,34807
5336,Neha,Joshi,user4335@example.com,9876504335,Male,1976-03-08,Chennai,-1000
5337,Priya,Sharma,user4336@example.com,9876504336,Male,1994-12-03,Bangalore,56947
5338,Arjun,Joshi,user4337@example.com,9876504337,Other,1971-08-07,Delhi,50120
5339,Anjali,Joshi,user4338@example.com,9876504338,Male,2009-09-14,Delhi,72449
5340,Neha,Rao,user4339@example.com,9876504339,Other,1999-06-26,Chennai,74229
5341,Priya,Mehta,invalid@,9876504340,Other,2011-09-14,Chennai,50885
5342,Vijay,Joshi,user4341@example.com,9876504341,Female,2017-11-07,Chennai,70000
5343,Kavya,Singh,user4342@example.com,9876504342,Female,2013-02-01,Kolkata,63375
5344,Amit,Gupta,user4343@example.com,9876504343,,1984-01-05,Kolkata,68797
5345,Priya,Gupta,user4344@example.com,9876504344,,1991-09-26,Ahmedabad,90071
5346,Kavya,Reddy,user4345@example.com,9876504345,,1998-04-17,Chennai,73850
5347,Sneha,Mehta,user4346@example.com,9876504346,Other,2010-11-09,Kolkata,72339
5348,Amit,Verma,user4347@example.com,9876504347,,1988-06-21,Bangalore,47295
5349,Rakesh,Singh,user4348@example.com,9876504348,Other,2050-01-01,Delhi,50113
5350,Rakesh,Singh,user4349@example.com,9876504349,,1976-10-13,Delhi,74631
5351,Amit,Reddy,user4350@example.com,,,1986-10-21,Kolkata,332468
5352,Vijay,Kumar,user4351@example.com,9876504351,Female,1977-11-16,Chennai,57872
5353,Vijay,Reddy,user4352@example.com,9876504352,Female,1970-02-12,Pune,49734
5354,Vijay,Joshi,user4353@example.com,9876504353,Other,1985-12-17,Kolkata,62155
5355,Priya,Patel,user4354@example.com,9876504354,,1993-07-14,Mumbai,60687
5356,Anjali,Gupta,user4355@example.com,9876504355,Male,2006-12-11,Chennai,67611
5357,Priya,Reddy,user4356@example.com,9876504356,,1998-07-01,Hyderabad,74302
5358,Sameer,Joshi,user4357@example.com,9876504357,,1988-10-02,Ahmedabad,84332
5359,Arjun,Sharma,user4358@example.com,9876504358,Male,1988-04-22,Mumbai,85835
5360,Amit,Mehta,user4359@example.com,9876504359,,1998-04-25,Mumbai,60257
5361,Neha,Singh,,9876504360,,2012-11-17,Chennai,53181
5362,Arjun,Kumar,user4361@example.com,9876504361,Female,2017-04-05,Ahmedabad,49244
5363,Sneha,Mehta,user4362@example.com,9876504362,Other,1975-03-02,Kolkata,58552
5364,Priya,Joshi,user4363@example.com,9876504363,,1973-07-27,Bangalore,45243
5365,Priya,Verma,user4364@example.com,9876504364,,2017-11-26,Chennai,74393
5366,Kavya,Sharma,user4365@example.com,9876504365,,1990-05-28,Delhi,-1000
5367,Arjun,Joshi,user4366@example.com,9876504366,,1986-10-02,Ahmedabad,34507
5368,Kavya,Patel,user4367@example.com,9876504367,Female,1993-02-08,Delhi,65189
5369,Neha,Rao,user4368@example.com,9876504368,Other,2001-05-10,Kolkata,96119
5370,Kavya,Joshi,user4369@example.com,9876504369,Male,2009-07-01,Kolkata,35367
5371,Arjun,Reddy,user4370@example.com,9876504370,Male,1971-07-22,Kolkata,94544
5372,Amit,Joshi,user4371@example.com,9876504371,Female,1995-09-07,Chennai,47803
5373,Sneha,Reddy,user4372@example.com,9876504372,,1973-09-15,Kolkata,52856
5374,Priya,Verma,user4373@example.com,9876504373,Female,2002-04-27,Chennai,77351
5375,Neha,Singh,user4374@example.com,9876504374,Other,2009-06-20,Pune,75151
5376,Priya,Gupta,user4375@example.com,123,Male,1983-08-06,Mumbai,62891
5377,Sameer,Rao,user4376@example.com,9876504376,,1970-06-18,Pune,49731
5378,Sneha,Verma,user4377@example.com,9876504377,Male,2001-02-03,Kolkata,40121
5379,Anjali,Reddy,user4378@example.com,9876504378,Other,1977-04-25,Mumbai,63467
5380,Kavya,Gupta,user4379@example.com,9876504379,,2015-11-23,Kolkata,60754
5381,Rakesh,Patel,invalid@,9876504380,Female,1975-04-17,Kolkata,491545
5382,Arjun,Mehta,user4381@example.com,9876504381,Male,2008-11-30,Hyderabad,59889
5383,Priya,Rao,user4382@example.com,9876504382,Male,1970-07-13,Bangalore,70017
5384,Kavya,Kumar,user4383@example.com,9876504383,,1997-12-12,Ahmedabad,86397
5385,Neha,Verma,user4384@example.com,9876504384,Female,1982-08-22,Bangalore,68901
5386,Priya,Mehta,user4385@example.com,9876504385,,1983-09-24,Mumbai,61487
5387,Anjali,Mehta,user4386@example.com,9876504386,,1991-07-28,Hyderabad,48531
5388,Sneha,Joshi,user4387@example.com,9876504387,,2010-07-24,Chennai,50110
5389,Sneha,Joshi,user4388@example.com,9876504388,Male,2018-06-02,Kolkata,69328
5390,Priya,Kumar,user4389@example.com,9876504389,Female,1978-10-06,Pune,70414
5391,Neha,Kumar,user4390@example.com,9876504390,,1979-03-28,Kolkata,60555
5392,Sneha,Reddy,user4391@example.com,9876504391,,1996-08-21,Mumbai,83101
5393,Sneha,Kumar,user4392@example.com,9876504392,,1973-10-15,Kolkata,66176
5394,Anjali,Mehta,user4393@example.com,9876504393,Other,2011-07-23,Chennai,55272
5395,Arjun,Reddy,user4394@example.com,9876504394,Other,1991-09-12,Bangalore,51899
5396,Neha,Gupta,user4395@example.com,9876504395,,2001-01-29,Chennai,-1000
5397,Neha,Singh,user4396@example.com,9876504396,Other,1983-09-01,Chennai,74600
5398,Amit,Singh,user4397@example.com,9876504397,Female,1984-03-30,Bangalore,52573
5399,Amit,Singh,user4398@example.com,9876504398,Male,1979-12-02,Pune,67151
5400,Sneha,Rao,user4399@example.com,9876504399,Female,1994-11-18,Kolkata,48030
5401,Rakesh,Rao,,,Male,2016-02-17,Chennai,61659
5402,Amit,Kumar,user4401@example.com,9876504401,Other,1974-05-30,Pune,63909
5403,Sneha,Singh,user4402@example.com,9876504402,Female,1994-02-08,Chennai,112282
5404,Vijay,Patel,user4403@example.com,9876504403,,2016-07-06,Chennai,38857
5405,Sameer,Joshi,user4404@example.com,9876504404,,1971-09-13,Bangalore,81173
5406,Sameer,Patel,user4405@example.com,9876504405,Male,2011-12-27,Mumbai,49628
5407,Neha,Singh,user4406@example.com,9876504406,Male,1977-02-15,Kolkata,91994
5408,Rakesh,Singh,user4407@example.com,9876504407,,1989-06-08,Mumbai,51039
5409,Anjali,Joshi,user4408@example.com,9876504408,,1970-06-05,Ahmedabad,85724
5410,Arjun,Singh,user4409@example.com,9876504409,,2050-01-01,Bangalore,69434
5411,Amit,Verma,user4410@example.com,9876504410,Other,2012-02-28,Ahmedabad,383725
5412,Vijay,Mehta,user4411@example.com,9876504411,Female,1988-04-17,Chennai,68974
5413,Sneha,Reddy,user4412@example.com,9876504412,Female,2013-07-17,Hyderabad,75311
5414,Rakesh,Joshi,user4413@example.com,9876504413,Female,2000-12-18,Bangalore,76752
5415,Neha,Singh,user4414@example.com,9876504414,Other,1977-06-08,Ahmedabad,60261
5416,Amit,Rao,user4415@example.com,9876504415,,1981-11-18,Delhi,116892
5417,Rakesh,Rao,user4416@example.com,9876504416,Female,invalid,Hyderabad,103921
5418,Amit,Mehta,user4417@example.com,9876504417,Male,1971-03-26,Mumbai,71762
5419,Arjun,Rao,user4418@example.com,9876504418,Male,2011-05-12,Mumbai,38677
5420,Arjun,Reddy,user4419@example.com,9876504419,Male,1972-12-05,Delhi,44994
5421,Anjali,Sharma,invalid@,9876504420,,1980-12-31,Pune,59620
5422,Sameer,Sharma,user4421@example.com,9876504421,,1977-09-20,Hyderabad,63079
5423,Kavya,Sharma,user4422@example.com,9876504422,Other,2007-03-10,Delhi,48477
5424,Kavya,Mehta,user4423@example.com,9876504423,Female,2007-12-20,Hyderabad,54125
5425,Amit,Mehta,user4424@example.com,9876504424,,1998-01-01,Kolkata,25222
5426,Anjali,Reddy,user4425@example.com,123,Male,1995-09-09,Hyderabad,-1000
5427,Kavya,Joshi,user4426@example.com,9876504426,,2018-09-09,Mumbai,65275
5428,Neha,Kumar,user4427@example.com,9876504427,Male,2013-08-30,Hyderabad,96847
5429,Kavya,Sharma,user4428@example.com,9876504428,Female,2002-09-02,Kolkata,33978
5430,Priya,Rao,user4429@example.com,9876504429,Other,2000-01-29,Bangalore,60732
5431,Sneha,Patel,user4430@example.com,9876504430,,1987-06-16,Ahmedabad,64630
5432,Anjali,Kumar,user4431@example.com,9876504431,,2013-04-10,Mumbai,72455
5433,Neha,Reddy,user4432@example.com,9876504432,Male,2016-11-02,Kolkata,54792
5434,Rakesh,Joshi,user4433@example.com,9876504433,,1996-05-17,Delhi,42996
5435,Neha,Rao,user4434@example.com,9876504434,,1984-06-09,Bangalore,77915
5436,Sameer,Singh,user4435@example.com,9876504435,Male,1990-08-19,Hyderabad,25917
5437,Rakesh,Joshi,user4436@example.com,9876504436,Female,1983-03-14,Mumbai,72635
5438,Vijay,Sharma,user4437@example.com,9876504437,Male,invalid,Delhi,48921
5439,Sneha,Sharma,user4438@example.com,9876504438,Female,1988-09-29,Kolkata,69876
5440,Sneha,Singh,user4439@example.com,9876504439,Other,2011-06-30,Mumbai,88210
5441,Sneha,Reddy,,9876504440,Other,1981-05-12,Hyderabad,512731
5442,Sneha,Gupta,user4441@example.com,9876504441,Male,1984-02-18,Delhi,57636
5443,Amit,Joshi,user4442@example.com,9876504442,Other,2050-01-01,Chennai,56588
5444,Sneha,Singh,user4443@example.com,9876504443,,2011-02-24,Delhi,110569
5445,Sneha,Reddy,user4444@example.com,9876504444,Female,1978-10-18,Hyderabad,62440
5446,Sneha,Reddy,user4445@example.com,9876504445,,2012-11-03,Mumbai,61522
5447,Anjali,Mehta,user4446@example.com,9876504446,,1980-09-27,Bangalore,63270
5448,Amit,Joshi,user4447@example.com,9876504447,Other,2010-11-16,Mumbai,92057
5449,Arjun,Rao,user4448@example.com,9876504448,Female,1986-07-18,Hyderabad,52240
5450,Neha,Gupta,user4449@example.com,9876504449,,1991-12-10,Mumbai,80866
5451,Neha,Verma,user4450@example.com,,,1996-07-01,Chennai,49819
5452,Rakesh,Patel,user4451@example.com,9876504451,,1980-04-12,Bangalore,48432
5453,Anjali,Joshi,user4452@example.com,9876504452,,2000-08-18,Hyderabad,72416
5454,Priya,Kumar,user4453@example.com,9876504453,,1981-12-14,Chennai,89284
5455,Neha,Reddy,user4454@example.com,9876504454,,2013-10-29,Mumbai,57333
5456,Kavya,Mehta,user4455@example.com,9876504455,Other,1971-07-01,Chennai,-1000
5457,Priya,Singh,user4456@example.com,9876504456,Female,1980-03-18,Ahmedabad,77704
5458,Sneha,Sharma,user4457@example.com,9876504457,Male,invalid,Ahmedabad,64787
5459,Sneha,Singh,user4458@example.com,9876504458,Female,2006-08-29,Hyderabad,78600
5460,Amit,Singh,user4459@example.com,9876504459,Male,2010-02-03,Ahmedabad,32492
5461,Priya,Gupta,invalid@,9876504460,,2012-12-13,Delhi,44213
5462,Kavya,Joshi,user4461@example.com,9876504461,,1975-05-23,Pune,63767
5463,Amit,Singh,user4462@example.com,9876504462,Female,1982-05-14,Kolkata,74036
5464,Rakesh,Gupta,user4463@example.com,9876504463,,1973-06-13,Hyderabad,62402
5465,Priya,Verma,user4464@example.com,9876504464,Female,2008-09-23,Chennai,66596
5466,Anjali,Rao,user4465@example.com,9876504465,Female,1976-11-14,Mumbai,77131
5467,Sneha,Verma,user4466@example.com,9876504466,,2003-05-28,Hyderabad,40066
5468,Sneha,Joshi,user4467@example.com,9876504467,Other,2003-07-31,Pune,77127
5469,Sameer,Sharma,user4468@example.com,9876504468,,2019-02-19,Hyderabad,86012
5470,Amit,Verma,user4469@example.com,9876504469,Other,1998-02-20,Chennai,58143
5471,Arjun,Gupta,user4470@example.com,9876504470,Other,1980-01-18,Ahmedabad,477773
5472,Arjun,Gupta,user4471@example.com,9876504471,Female,2001-10-27,Kolkata,82775
5473,Amit,Patel,user4472@example.com,9876504472,,2015-06-02,Bangalore,99390
5474,Anjali,Reddy,user4473@example.com,9876504473,Female,2011-03-07,Ahmedabad,67955
5475,Vijay,Kumar,user4474@example.com,9876504474,Male,2016-11-20,Kolkata,47341
5476,Amit,Kumar,user4475@example.com,123,Female,2000-05-03,Mumbai,64883
5477,Anjali,Joshi,user4476@example.com,9876504476,,1989-04-20,Pune,48325
5478,Rakesh,Reddy,user4477@example.com,9876504477,Female,2012-06-25,Pune,79321
5479,Sneha,Patel,user4478@example.com,9876504478,Male,1981-09-03,Chennai,63987
5480,Kavya,Mehta,user4479@example.com,9876504479,Female,1982-12-21,Hyderabad,46440
5481,Vijay,Singh,,9876504480,Male,2017-11-19,Delhi,68988
5482,Priya,Verma,user4481@example.com,9876504481,,2013-11-18,Bangalore,51892
5483,Vijay,Reddy,user4482@example.com,9876504482,Female,1988-09-13,Kolkata,38698
5484,Kavya,Singh,user4483@example.com,9876504483,Male,1997-06-03,Hyderabad,80185
5485,Sameer,Mehta,user4484@example.com,9876504484,,1981-06-29,Ahmedabad,70972
5486,Sneha,Sharma,user4485@example.com,9876504485,,2011-05-01,Kolkata,-1000
5487,Arjun,Patel,user4486@example.com,9876504486,Other,2011-03-20,Kolkata,90441
5488,Anjali,Singh,user4487@example.com,9876504487,Male,2015-02-06,Bangalore,50065
5489,Amit,Patel,user4488@example.com,9876504488,,2002-01-16,Mumbai,56306
5490,Amit,Patel,user4489@example.com,9876504489,,1998-06-21,Hyderabad,72500
5491,Arjun,Reddy,user4490@example.com,9876504490,,1987-04-08,Delhi,82525
5492,Vijay,Gupta,user4491@example.com,9876504491,Female,2004-06-04,Ahmedabad,72819
5493,Sneha,Rao,user4492@example.com,9876504492,Other,2017-03-23,Mumbai,53720
5494,Neha,Joshi,user4493@example.com,9876504493,Male,1992-07-30,Bangalore,60252
5495,Anjali,Kumar,user4494@example.com,9876504494,,2016-05-20,Delhi,52093
5496,Rakesh,Patel,user4495@example.com,9876504495,Other,2005-08-23,Ahmedabad,58353
5497,Kavya,Reddy,user4496@example.com,9876504496,,2005-11-01,Bangalore,59867
5498,Vijay,Reddy,user4497@example.com,9876504497,,2014-02-23,Ahmedabad,73325
5499,Priya,Singh,user4498@example.com,9876504498,,2016-01-31,Kolkata,51199
5500,Sameer,Singh,user4499@example.com,9876504499,,1974-12-27,Delhi,84096
5501,Amit,Verma,invalid@,,,1980-06-16,Delhi,645004
5502,Vijay,Patel,user4501@example.com,9876504501,,2000-07-26,Bangalore,47921
5503,Sameer,Rao,user4502@example.com,9876504502,Other,2015-02-09,Hyderabad,72772
5504,Kavya,Joshi,user4503@example.com,9876504503,Male,2016-07-09,Ahmedabad,62597
5505,Amit,Joshi,user4504@example.com,9876504504,,1995-11-09,Pune,55798
5506,Amit,Sharma,user4505@example.com,9876504505,Other,2015-08-22,Mumbai,93330
5507,Neha,Sharma,user4506@example.com,9876504506,,2001-06-25,Delhi,58746
5508,Vijay,Verma,user4507@example.com,9876504507,,1970-04-12,Ahmedabad,55918
5509,Sneha,Kumar,user4508@example.com,9876504508,Female,1980-07-02,Bangalore,84214
5510,Arjun,Sharma,user4509@example.com,9876504509,,1981-08-06,Kolkata,75077
5511,Arjun,Mehta,user4510@example.com,9876504510,Other,2005-12-05,Bangalore,80088
5512,Rakesh,Verma,user4511@example.com,9876504511,Other,2002-11-24,Hyderabad,53738
5513,Priya,Joshi,user4512@example.com,9876504512,Male,2009-12-23,Delhi,69398
5514,Sameer,Joshi,user4513@example.com,9876504513,Other,1990-07-24,Chennai,37272
5515,Vijay,Rao,user4514@example.com,9876504514,,1988-05-22,Delhi,26591
5516,Anjali,Reddy,user4515@example.com,9876504515,Other,2016-04-27,Kolkata,-1000
5517,Priya,Mehta,user4516@example.com,9876504516,Female,1992-06-21,Chennai,65943
5518,Neha,Kumar,user4517@example.com,9876504517,,1993-12-18,Hyderabad,113004
5519,Amit,Singh,user4518@example.com,9876504518,,1978-01-04,Hyderabad,89995
5520,Sneha,Verma,user4519@example.com,9876504519,Other,1972-06-28,Pune,43130
5521,Vijay,Sharma,,9876504520,Other,1996-04-19,Bangalore,82511
5522,Priya,Gupta,user4521@example.com,9876504521,Other,2009-09-18,Ahmedabad,38089
5523,Priya,Rao,user4522@example.com,9876504522,Other,1983-09-18,Chennai,95660
5524,Sneha,Joshi,user4523@example.com,9876504523,Female,1970-04-29,Hyderabad,54893
5525,Rakesh,Gupta,user4524@example.com,9876504524,,1978-07-11,Mumbai,53508
5526,Sameer,Verma,user4525@example.com,123,Female,2000-10-22,Mumbai,85404
5527,Sameer,Patel,user4526@example.com,9876504526,Female,1986-11-06,Pune,53817
5528,Priya,Kumar,user4527@example.com,9876504527,Female,2010-06-05,Hyderabad,99965
5529,Kavya,Patel,user4528@example.com,9876504528,,2018-12-10,Chennai,53597
5530,Priya,Verma,user4529@example.com,9876504529,Female,1991-10-02,Chennai,82749
5531,Priya,Patel,user4530@example.com,9876504530,Other,1976-03-04,Ahmedabad,673193
5532,Sneha,Kumar,user4531@example.com,9876504531,Female,2013-11-29,Mumbai,78575
5533,Amit,Reddy,user4532@example.com,9876504532,Other,2013-08-22,Mumbai,44845
5534,Sneha,Verma,user4533@example.com,9876504533,,1973-05-18,Kolkata,28331
5535,Vijay,Gupta,user4534@example.com,9876504534,,1985-06-02,Ahmedabad,46225
5536,Priya,Patel,user4535@example.com,9876504535,,2009-09-28,Kolkata,56922
5537,Sameer,Kumar,user4536@example.com,9876504536,,1970-05-10,Chennai,61001
5538,Anjali,Sharma,user4537@example.com,9876504537,,1980-03-05,Ahmedabad,55318
5539,Sameer,Singh,user4538@example.com,9876504538,Other,2000-11-06,Delhi,22268
5540,Arjun,Kumar,user4539@example.com,9876504539,Other,1984-06-09,Mumbai,52225
5541,Rakesh,Rao,invalid@,9876504540,Other,1993-10-24,Chennai,65791
5542,Neha,Singh,user4541@example.com,9876504541,,1985-05-30,Mumbai,60132
5543,Vijay,Sharma,user4542@example.com,9876504542,Female,1983-06-15,Kolkata,57512
5544,Vijay,Mehta,user4543@example.com,9876504543,Male,2005-10-25,Pune,55798
5545,Rakesh,Gupta,user4544@example.com,9876504544,Female,2003-01-11,Delhi,66128
5546,Anjali,Joshi,user4545@example.com,9876504545,Female,1982-12-02,Delhi,-1000
5547,Neha,Sharma,user4546@example.com,9876504546,,1970-04-07,Hyderabad,60094
5548,Amit,Reddy,user4547@example.com,9876504547,Male,1984-10-15,Mumbai,56848
5549,Priya,Singh,user4548@example.com,9876504548,Other,2000-04-11,Bangalore,40022
5550,Neha,Reddy,user4549@example.com,9876504549,Female,2003-06-15,Bangalore,61370
5551,Anjali,Singh,user4550@example.com,,,2016-06-30,Kolkata,25277
5552,Kavya,Rao,user4551@example.com,9876504551,Female,1980-11-07,Ahmedabad,51421
5553,Arjun,Mehta,user4552@example.com,9876504552,Other,2007-12-07,Delhi,71737
5554,Neha,Joshi,user4553@example.com,9876504553,Female,2002-10-13,Mumbai,73238
5555,Neha,Rao,user4554@example.com,9876504554,,1973-08-17,Kolkata,65263
5556,Arjun,Sharma,user4555@example.com,9876504555,,1999-01-15,Hyderabad,69495
5557,Priya,Reddy,user4556@example.com,9876504556,Female,2008-09-18,Kolkata,77397
5558,Neha,Singh,user4557@example.com,9876504557,,1984-02-21,Chennai,67092
5559,Arjun,Sharma,user4558@example.com,9876504558,,1973-09-01,Mumbai,88530
5560,Arjun,Kumar,user4559@example.com,9876504559,Male,2012-07-27,Mumbai,22569
5561,Arjun,Mehta,,9876504560,Female,2003-08-22,Kolkata,814959
5562,Sneha,Gupta,user4561@example.com,9876504561,,2001-09-30,Chennai,21507
5563,Anjali,Kumar,user4562@example.com,9876504562,,2007-04-26,Chennai,52466
5564,Sneha,Reddy,user4563@example.com,9876504563,,2007-07-27,Pune,79609
5565,Kavya,Mehta,user4564@example.com,9876504564,Other,1987-09-15,Bangalore,77402
5566,Amit,Mehta,user4565@example.com,9876504565,Female,1984-12-16,Pune,45601
5567,Sneha,Sharma,user4566@example.com,9876504566,Female,invalid,Mumbai,64039
5568,Sneha,Kumar,user4567@example.com,9876504567,Female,2005-03-01,Mumbai,53094
5569,Anjali,Sharma,user4568@example.com,9876504568,Male,2018-05-03,Delhi,81948
5570,Amit,Sharma,user4569@example.com,9876504569,,1970-08-07,Hyderabad,63453
5571,Rakesh,Sharma,user4570@example.com,9876504570,Female,1971-06-18,Delhi,52036
5572,Arjun,Reddy,user4571@example.com,9876504571,,2011-01-03,Bangalore,72635
5573,Vijay,Singh,user4572@example.com,9876504572,Other,2010-09-02,Chennai,76581
5574,Amit,Singh,user4573@example.com,9876504573,Male,1991-10-09,Ahmedabad,61096
5575,Kavya,Reddy,user4574@example.com,9876504574,Other,1996-03-10,Mumbai,78066
5576,Priya,Joshi,user4575@example.com,123,,2015-01-13,Delhi,-1000
5577,Kavya,Gupta,user4576@example.com,9876504576,,1981-11-20,Bangalore,23390
5578,Arjun,Rao,user4577@example.com,9876504577,,1983-12-01,Pune,89120
5579,Amit,Gupta,user4578@example.com,9876504578,Female,2008-01-18,Mumbai,93641
5580,Kavya,Reddy,user4579@example.com,9876504579,Other,2001-01-12,Ahmedabad,73982
5581,Kavya,Patel,invalid@,9876504580,,2013-12-29,Bangalore,58749
5582,Rakesh,Rao,user4581@example.com,9876504581,Other,1985-04-26,Chennai,33826
5583,Rakesh,Joshi,user4582@example.com,9876504582,Male,2002-06-08,Ahmedabad,65849
5584,Amit,Verma,user4583@example.com,9876504583,,2012-08-30,Mumbai,56948
5585,Arjun,Rao,user4584@example.com,9876504584,Male,2017-08-10,Bangalore,37178
5586,Sneha,Mehta,user4585@example.com,9876504585,,2004-12-14,Chennai,51866
5587,Sameer,Reddy,user4586@example.com,9876504586,Female,1988-05-02,Kolkata,64202
5588,Neha,Verma,user4587@example.com,9876504587,Other,1980-11-25,Kolkata,70388
5589,Vijay,Gupta,user4588@example.com,9876504588,Other,2016-02-24,Delhi,44506
5590,Neha,Verma,user4589@example.com,9876504589,,1970-11-05,Ahmedabad,17398
5591,Anjali,Reddy,user4590@example.com,9876504590,,1991-01-26,Pune,598867
5592,Rakesh,Gupta,user4591@example.com,9876504591,,1991-02-07,Hyderabad,46640
5593,Amit,Reddy,user4592@example.com,9876504592,Male,2012-07-01,Pune,56273
5594,Neha,Kumar,user4593@example.com,9876504593,,1978-05-06,Kolkata,24063
5595,Arjun,Patel,user4594@example.com,9876504594,Other,2000-08-22,Ahmedabad,58584
5596,Vijay,Joshi,user4595@example.com,9876504595,,1975-07-11,Mumbai,72447
5597,Neha,Joshi,user4596@example.com,9876504596,,2006-08-06,Mumbai,56131
5598,Vijay,Mehta,user4597@example.com,9876504597,,1983-05-14,Mumbai,67066
5599,Priya,Patel,user4598@example.com,9876504598,Other,1974-01-18,Kolkata,59116
5600,Arjun,Patel,user4599@example.com,9876504599,Other,1983-05-03,Pune,25577
5601,Sameer,Mehta,,,Other,2002-09-16,Pune,66620
5602,Kavya,Gupta,user4601@example.com,9876504601,,1995-10-20,Delhi,49309
5603,Vijay,Mehta,user4602@example.com,9876504602,,1984-11-17,Mumbai,38505
5604,Arjun,Gupta,user4603@example.com,9876504603,Female,1971-07-26,Pune,78564
5605,Vijay,Mehta,user4604@example.com,9876504604,Male,1992-10-31,Pune,70387
5606,Vijay,Rao,user4605@example.com,9876504605,,2001-11-09,Mumbai,-1000
5607,Sneha,Rao,user4606@example.com,9876504606,Female,1971-08-20,Mumbai,61897
5608,Sneha,Kumar,user4607@example.com,9876504607,Female,2017-10-15,Pune,68208
5609,Arjun,Singh,user4608@example.com,9876504608,,2010-08-13,Chennai,31026
5610,Sneha,Mehta,user4609@example.com,9876504609,,1981-08-21,Ahmedabad,42190
5611,Anjali,Patel,user4610@example.com,9876504610,Female,1979-03-26,Pune,43144
5612,Sameer,Rao,user4611@example.com,9876504611,,1970-06-07,Delhi,74953
5613,Amit,Sharma,user4612@example.com,9876504612,Male,2013-11-23,Bangalore,96309
5614,Arjun,Gupta,user4613@example.com,9876504613,,1979-02-01,Chennai,76823
5615,Arjun,Rao,user4614@example.com,9876504614,Male,2006-11-10,Mumbai,67353
5616,Anjali,Rao,user4615@example.com,9876504615,Other,2003-07-09,Kolkata,44455
5617,Rakesh,Reddy,user4616@example.com,9876504616,Other,1989-10-09,Delhi,79812
5618,Rakesh,Gupta,user4617@example.com,9876504617,,1994-07-11,Hyderabad,57750
5619,Sneha,Joshi,user4618@example.com,9876504618,Other,2002-06-05,Ahmedabad,44771
5620,Amit,Verma,user4619@example.com,9876504619,,1977-02-25,Kolkata,79451
5621,Sneha,Gupta,invalid@,9876504620,,2002-11-29,Hyderabad,915970
5622,Priya,Kumar,user4621@example.com,9876504621,Female,2004-12-21,Bangalore,79773
5623,Priya,Reddy,user4622@example.com,9876504622,,1971-03-20,Chennai,112569
5624,Kavya,Gupta,user4623@example.com,9876504623,,1986-05-10,Pune,49829
5625,Priya,Gupta,user4624@example.com,9876504624,Male,2017-05-02,Mumbai,55622
5626,Rakesh,Singh,user4625@example.com,123,Other,invalid,Pune,47386
5627,Sameer,Reddy,user4626@example.com,9876504626,Other,2001-03-20,Delhi,47264
5628,Priya,Gupta,user4627@example.com,9876504627,Other,1974-12-07,Kolkata,92944
5629,Sneha,Verma,user4628@example.com,9876504628,,2017-05-23,Hyderabad,42841
5630,Vijay,Verma,user4629@example.com,9876504629,,2002-08-14,Kolkata,54052
5631,Arjun,Sharma,user4630@example.com,9876504630,Male,2009-01-21,Mumbai,90215
5632,Sameer,Reddy,user4631@example.com,9876504631,Other,2013-12-17,Pune,72724
5633,Sameer,Joshi,user4632@example.com,9876504632,,1995-10-23,Kolkata,44682
5634,Sneha,Gupta,user4633@example.com,9876504633,Female,1978-01-01,Mumbai,63385
5635,Arjun,Singh,user4634@example.com,9876504634,Female,1990-09-08,Delhi,31025
5636,Rakesh,Singh,user4635@example.com,9876504635,Male,1996-10-07,Hyderabad,-1000
5637,Sameer,Patel,user4636@example.com,9876504636,Other,1972-07-08,Pune,66534
5638,Kavya,Joshi,user4637@example.com,9876504637,Female,1983-09-14,Hyderabad,67819
5639,Sneha,Singh,user4638@example.com,9876504638,,1997-04-07,Bangalore,102549
5640,Sameer,Verma,user4639@example.com,9876504639,,1985-04-07,Kolkata,79864
5641,Amit,Patel,,9876504640,Female,1991-10-03,Ahmedabad,41587
5642,Arjun,Mehta,user4641@example.com,9876504641,Other,2008-11-11,Pune,67174
5643,Priya,Singh,user4642@example.com,9876504642,Male,1999-09-29,Mumbai,63692
5644,Sameer,Kumar,user4643@example.com,9876504643,Other,2013-06-01,Hyderabad,102312
5645,Sneha,Reddy,user4644@example.com,9876504644,,2016-01-26,Chennai,56172
5646,Priya,Singh,user4645@example.com,9876504645,Female,2050-01-01,Pune,67606
5647,Kavya,Rao,user4646@example.com,9876504646,,2003-03-23,Mumbai,70341
5648,Priya,Joshi,user4647@example.com,9876504647,Female,2011-11-12,Kolkata,43604
5649,Amit,Rao,user4648@example.com,9876504648,Male,2050-01-01,Chennai,34512
5650,Rakesh,Sharma,user4649@example.com,9876504649,Other,2013-11-28,Delhi,60471
5651,Sameer,Singh,user4650@example.com,,Other,1977-08-18,Hyderabad,783361
5652,Neha,Mehta,user4651@example.com,9876504651,Female,2011-09-14,Chennai,38740
5653,Neha,Rao,user4652@example.com,9876504652,,2002-06-02,Ahmedabad,63004
5654,Priya,Rao,user4653@example.com,9876504653,,1975-08-15,Mumbai,51612
5655,Anjali,Joshi,user4654@example.com,9876504654,Other,1971-09-24,Pune,26279
5656,Arjun,Patel,user4655@example.com,9876504655,Other,1979-06-05,Kolkata,69662
5657,Neha,Mehta,user4656@example.com,9876504656,Female,1974-10-21,Chennai,73184
5658,Anjali,Rao,user4657@example.com,9876504657,,2000-09-25,Delhi,78408
5659,Neha,Gupta,user4658@example.com,9876504658,,1996-10-01,Hyderabad,80664
5660,Anjali,Mehta,user4659@example.com,9876504659,,2006-12-17,Chennai,63016
5661,Arjun,Gupta,invalid@,9876504660,,1970-01-26,Bangalore,73009
5662,Vijay,Singh,user4661@example.com,9876504661,Female,1998-06-24,Pune,68757
5663,Neha,Rao,user4662@example.com,9876504662,,1989-12-24,Ahmedabad,13536
5664,Amit,Rao,user4663@example.com,9876504663,,2010-09-16,Delhi,35003
5665,Sameer,Verma,user4664@example.com,9876504664,Male,1987-12-11,Pune,50191
5666,Anjali,Verma,user4665@example.com,9876504665,Male,1985-10-08,Mumbai,-1000
5667,Sameer,Joshi,user4666@example.com,9876504666,,1991-03-27,Mumbai,70354
5668,Sneha,Reddy,user4667@example.com,9876504667,Female,2006-08-24,Mumbai,78042
5669,Sneha,Reddy,user4668@example.com,9876504668,Other,1973-02-03,Hyderabad,78493
5670,Arjun,Patel,user4669@example.com,9876504669,Female,1983-09-06,Pune,68720
5671,Anjali,Joshi,user4670@example.com,9876504670,,2003-09-01,Ahmedabad,74844
5672,Kavya,Reddy,user4671@example.com,9876504671,,1985-06-12,Mumbai,95660
5673,Sneha,Joshi,user4672@example.com,9876504672,Male,2008-01-23,Pune,73217
5674,Arjun,Rao,user4673@example.com,9876504673,,2009-05-07,Pune,64328
5675,Sneha,Verma,user4674@example.com,9876504674,Female,1990-03-06,Kolkata,74163
5676,Sneha,Verma,user4675@example.com,123,,1980-08-31,Ahmedabad,81313
5677,Kavya,Verma,user4676@example.com,9876504676,Male,2009-07-28,Delhi,95989
5678,Neha,Reddy,user4677@example.com,9876504677,,1983-02-19,Delhi,43103
5679,Priya,Mehta,user4678@example.com,9876504678,Male,2005-09-15,Pune,32211
5680,Vijay,Kumar,user4679@example.com,9876504679,Male,1975-01-03,Delhi,69146
5681,Sneha,Rao,,9876504680,Male,1996-08-19,Hyderabad,360942
5682,Sneha,Singh,user4681@example.com,9876504681,Female,2004-04-09,Bangalore,60016
5683,Amit,Joshi,user4682@example.com,9876504682,,2016-05-22,Hyderabad,101219
5684,Vijay,Verma,user4683@example.com,9876504683,Other,1997-07-28,Ahmedabad,65069
5685,Kavya,Verma,user4684@example.com,9876504684,Other,1995-05-26,Pune,65288
5686,Sameer,Verma,user4685@example.com,9876504685,Other,1992-01-16,Delhi,56988
5687,Anjali,Rao,user4686@example.com,9876504686,,1996-06-16,Chennai,95100
5688,Sneha,Verma,user4687@example.com,9876504687,,2050-01-01,Delhi,73466
5689,Priya,Patel,user4688@example.com,9876504688,,1985-04-19,Ahmedabad,55639
5690,Anjali,Joshi,user4689@example.com,9876504689,Male,2013-03-20,Hyderabad,94599
5691,Vijay,Rao,user4690@example.com,9876504690,,1982-08-18,Hyderabad,68703
5692,Anjali,Joshi,user4691@example.com,9876504691,Male,1980-02-01,Chennai,56700
5693,Neha,Gupta,user4692@example.com,9876504692,Male,1992-12-27,Mumbai,23237
5694,Sneha,Sharma,user4693@example.com,9876504693,,1990-02-12,Delhi,67748
5695,Anjali,Patel,user4694@example.com,9876504694,Other,1998-04-13,Chennai,55972
5696,Sameer,Mehta,user4695@example.com,9876504695,,2018-03-07,Ahmedabad,-1000
5697,Sameer,Mehta,user4696@example.com,9876504696,Female,2008-07-12,Chennai,57581
5698,Sneha,Kumar,user4697@example.com,9876504697,Other,2002-12-05,Kolkata,28387
5699,Rakesh,Patel,user4698@example.com,9876504698,Female,1978-06-19,Mumbai,116275
5700,Sameer,Joshi,user4699@example.com,9876504699,,2018-08-23,Chennai,51123
5701,Anjali,Mehta,invalid@,,,2008-06-15,Hyderabad,78366
5702,Arjun,Sharma,user4701@example.com,9876504701,,1992-06-12,Kolkata,60622
5703,Sameer,Mehta,user4702@example.com,9876504702,Female,1979-07-31,Hyderabad,10252
5704,Vijay,Verma,user4703@example.com,9876504703,Male,2010-10-23,Pune,62035
5705,Rakesh,Kumar,user4704@example.com,9876504704,,1985-01-28,Kolkata,67388
5706,Anjali,Rao,user4705@example.com,9876504705,,1975-11-08,Mumbai,54098
5707,Kavya,Singh,user4706@example.com,9876504706,,2013-08-29,Delhi,94018
5708,Amit,Singh,user4707@example.com,9876504707,Other,2012-10-07,Pune,100839
5709,Kavya,Mehta,user4708@example.com,9876504708,,2010-08-02,Hyderabad,70742
5710,Neha,Joshi,user4709@example.com,9876504709,Female,1980-08-01,Pune,73465
5711,Amit,Joshi,user4710@example.com,9876504710,,2050-01-01,Mumbai,419490
5712,Neha,Verma,user4711@example.com,9876504711,,1982-04-24,Hyderabad,41874
5713,Amit,Mehta,user4712@example.com,9876504712,,1988-11-20,Pune,51911
5714,Amit,Mehta,user4713@example.com,9876504713,,1976-12-21,Hyderabad,105002
5715,Arjun,Singh,user4714@example.com,9876504714,,1983-07-01,Kolkata,54028
5716,Priya,Gupta,user4715@example.com,9876504715,,2004-10-31,Kolkata,91341
5717,Vijay,Mehta,user4716@example.com,9876504716,,1989-10-02,Hyderabad,50548
5718,Kavya,Rao,user4717@example.com,9876504717,Female,2006-06-11,Mumbai,45755
5719,Sameer,Kumar,user4718@example.com,9876504718,,1976-07-23,Mumbai,54992
5720,Anjali,Kumar,user4719@example.com,9876504719,Female,2010-09-22,Chennai,54481
5721,Rakesh,Rao,,9876504720,Female,1974-08-30,Kolkata,50489
5722,Vijay,Gupta,user4721@example.com,9876504721,,1993-04-04,Mumbai,96230
5723,Neha,Joshi,user4722@example.com,9876504722,,2009-10-20,Hyderabad,63916
5724,Arjun,Singh,user4723@example.com,9876504723,Other,2003-07-26,Kolkata,61020
5725,Neha,Kumar,user4724@example.com,9876504724,,2013-07-06,Ahmedabad,65507
5726,Priya,Patel,user4725@example.com,123,,1970-01-14,Delhi,-1000
5727,Rakesh,Sharma,user4726@example.com,9876504726,Female,2017-04-16,Pune,65501
5728,Arjun,Singh,user4727@example.com,9876504727,Male,2002-02-02,Bangalore,71110
5729,Neha,Gupta,user4728@example.com,9876504728,Other,1995-09-15,Chennai,85353
5730,Priya,Patel,user4729@example.com,9876504729,,1982-06-07,Delhi,43618
5731,Anjali,Mehta,user4730@example.com,9876504730,Other,1992-02-25,Bangalore,48245
5732,Anjali,Rao,user4731@example.com,9876504731,Male,1975-12-10,Mumbai,67169
5733,Neha,Mehta,user4732@example.com,9876504732,Male,2050-01-01,Pune,50844
5734,Vijay,Verma,user4733@example.com,9876504733,Male,1998-07-16,Chennai,60358
5735,Rakesh,Reddy,user4734@example.com,9876504734,,1997-06-23,Delhi,42943
5736,Sneha,Rao,user4735@example.com,9876504735,Other,1991-12-14,Bangalore,47743
5737,Vijay,Patel,user4736@example.com,9876504736,,1999-11-15,Bangalore,87207
5738,Anjali,Sharma,user4737@example.com,9876504737,Male,2050-01-01,Bangalore,57662
5739,Rakesh,Reddy,user4738@example.com,9876504738,,1979-06-27,Delhi,55824
5740,Priya,Verma,user4739@example.com,9876504739,Male,2001-10-16,Ahmedabad,48458
5741,Arjun,Joshi,invalid@,9876504740,,2016-04-22,Mumbai,472923
5742,Amit,Verma,user4741@example.com,9876504741,Male,2010-07-16,Pune,44250
5743,Neha,Reddy,user4742@example.com,9876504742,Male,2008-07-05,Bangalore,39177
5744,Kavya,Kumar,user4743@example.com,9876504743,,1973-07-10,Hyderabad,50924
5745,Rakesh,Singh,user4744@example.com,9876504744,,invalid,Chennai,62686
5746,Sameer,Gupta,user4745@example.com,9876504745,,1994-05-13,Delhi,77812
5747,Priya,Mehta,user4746@example.com,9876504746,,2001-03-28,Chennai,63311
5748,Sneha,Joshi,user4747@example.com,9876504747,,2019-02-18,Hyderabad,44849
5749,Amit,Gupta,user4748@example.com,9876504748,Female,1985-05-30,Bangalore,54173
5750,Sameer,Verma,user4749@example.com,9876504749,Female,2008-01-04,Hyderabad,52964
5751,Sneha,Sharma,user4750@example.com,,,2050-01-01,Hyderabad,51776
5752,Kavya,Mehta,user4751@example.com,9876504751,Male,2011-10-01,Delhi,57425
5753,Anjali,Joshi,user4752@example.com,9876504752,Other,1979-04-13,Chennai,82791
5754,Vijay,Gupta,user4753@example.com,9876504753,Male,1998-03-13,Ahmedabad,78475
5755,Neha,Mehta,user4754@example.com,9876504754,,1978-05-22,Bangalore,96934
5756,Arjun,Mehta,user4755@example.com,9876504755,,1977-10-11,Kolkata,-1000
5757,Sneha,Joshi,user4756@example.com,9876504756,Male,invalid,Bangalore,42664
5758,Amit,Patel,user4757@example.com,9876504757,Female,1986-10-30,Pune,57616
5759,Rakesh,Singh,user4758@example.com,9876504758,,2000-07-07,Delhi,88328
5760,Anjali,Patel,user4759@example.com,9876504759,Male,2016-05-01,Delhi,22905
5761,Rakesh,Mehta,,9876504760,Male,2050-01-01,Ahmedabad,67278
5762,Amit,Reddy,user4761@example.com,9876504761,,1987-05-17,Hyderabad,58229
5763,Rakesh,Rao,user4762@example.com,9876504762,,2006-06-23,Bangalore,77470
5764,Sneha,Reddy,user4763@example.com,9876504763,,1991-03-19,Pune,73404
5765,Priya,Joshi,user4764@example.com,9876504764,Other,2014-11-24,Chennai,77382
5766,Rakesh,Mehta,user4765@example.com,9876504765,,2000-12-29,Mumbai,74802
5767,Vijay,Mehta,user4766@example.com,9876504766,,1978-08-02,Pune,121044
5768,Kavya,Sharma,user4767@example.com,9876504767,Female,1976-03-27,Chennai,100685
5769,Arjun,Singh,user4768@example.com,9876504768,Female,1992-06-16,Pune,81507
5770,Sneha,Sharma,user4769@example.com,9876504769,,1974-07-15,Chennai,55295
5771,Sameer,Joshi,user4770@example.com,9876504770,Male,1995-11-05,Pune,574850
5772,Amit,Kumar,user4771@example.com,9876504771,,2008-06-18,Kolkata,87982
5773,Anjali,Patel,user4772@example.com,9876504772,Other,1974-10-30,Pune,88757
5774,Sneha,Sharma,user4773@example.com,9876504773,Female,2019-01-17,Hyderabad,47983
5775,Priya,Joshi,user4774@example.com,9876504774,Female,2012-03-14,Bangalore,25018
5776,Anjali,Patel,user4775@example.com,123,Female,1991-07-15,Pune,28360
5777,Vijay,Joshi,user4776@example.com,9876504776,,1988-12-02,Chennai,88453
5778,Amit,Kumar,user4777@example.com,9876504777,Female,1977-03-02,Chennai,92207
5779,Anjali,Singh,user4778@example.com,9876504778,Female,2010-05-11,Delhi,65346
5780,Rakesh,Singh,user4779@example.com,9876504779,,1977-07-17,Chennai,71477
5781,Sneha,Joshi,invalid@,9876504780,Male,1992-03-07,Delhi,100646
5782,Kavya,Sharma,user4781@example.com,9876504781,Female,2018-10-06,Kolkata,105281
5783,Amit,Singh,user4782@example.com,9876504782,Female,1992-02-02,Kolkata,78593
5784,Neha,Rao,user4783@example.com,9876504783,Female,1984-04-05,Hyderabad,64566
5785,Vijay,Sharma,user4784@example.com,9876504784,Other,2008-10-25,Chennai,56352
5786,Arjun,Gupta,user4785@example.com,9876504785,,2010-11-15,Pune,-1000
5787,Amit,Verma,user4786@example.com,9876504786,Female,1998-07-18,Chennai,49508
5788,Priya,Joshi,user4787@example.com,9876504787,Other,2006-02-03,Hyderabad,78034
5789,Sneha,Joshi,user4788@example.com,9876504788,Male,1987-01-14,Kolkata,62372
5790,Rakesh,Joshi,user4789@example.com,9876504789,Male,2009-08-24,Delhi,48607
5791,Arjun,Kumar,user4790@example.com,9876504790,Other,2003-08-25,Kolkata,87584
5792,Arjun,Joshi,user4791@example.com,9876504791,Male,1977-01-07,Hyderabad,76058
5793,Vijay,Singh,user4792@example.com,9876504792,,1977-09-04,Bangalore,70153
5794,Anjali,Singh,user4793@example.com,9876504793,Male,1987-01-01,Kolkata,61786
5795,Priya,Verma,user4794@example.com,9876504794,,1976-04-12,Kolkata,74142
5796,Anjali,Verma,user4795@example.com,9876504795,Other,2013-03-25,Mumbai,58033
5797,Rakesh,Reddy,user4796@example.com,9876504796,,1971-07-26,Hyderabad,120382
5798,Arjun,Sharma,user4797@example.com,9876504797,Male,1990-04-05,Pune,110651
5799,Priya,Singh,user4798@example.com,9876504798,Female,2011-02-09,Chennai,48654
5800,Priya,Singh,user4799@example.com,9876504799,,1993-06-23,Delhi,59805
5801,Sameer,Kumar,,,Male,1985-12-17,Delhi,470264
5802,Sneha,Singh,user4801@example.com,9876504801,Female,2017-10-28,Kolkata,27486
5803,Arjun,Singh,user4802@example.com,9876504802,Other,1999-04-28,Hyderabad,99136
5804,Arjun,Reddy,user4803@example.com,9876504803,Other,2003-11-05,Bangalore,62004
5805,Priya,Rao,user4804@example.com,9876504804,,2016-12-22,Hyderabad,43115
5806,Anjali,Reddy,user4805@example.com,9876504805,Other,2000-10-18,Kolkata,30341
5807,Arjun,Rao,user4806@example.com,9876504806,,1991-05-04,Chennai,69456
5808,Priya,Reddy,user4807@example.com,9876504807,Other,1977-02-10,Bangalore,72166
5809,Arjun,Singh,user4808@example.com,9876504808,Other,2013-09-25,Mumbai,73230
5810,Priya,Reddy,user4809@example.com,9876504809,Other,2006-07-31,Chennai,86404
5811,Sameer,Singh,user4810@example.com,9876504810,,1973-11-04,Ahmedabad,82926
5812,Sneha,Singh,user4811@example.com,9876504811,,1979-02-03,Ahmedabad,39252
5813,Priya,Verma,user4812@example.com,9876504812,,1989-10-27,Chennai,43229
5814,Arjun,Mehta,user4813@example.com,9876504813,Male,2010-06-22,Ahmedabad,84493
5815,Rakesh,Rao,user4814@example.com,9876504814,Male,1988-03-16,Mumbai,52644
5816,Sneha,Gupta,user4815@example.com,9876504815,Male,2008-05-21,Pune,-1000
5817,Sameer,Sharma,user4816@example.com,9876504816,Other,1990-04-26,Kolkata,37527
5818,Priya,Sharma,user4817@example.com,9876504817,Male,1972-05-19,Ahmedabad,83738
5819,Rakesh,Reddy,user4818@example.com,9876504818,,1987-08-22,Kolkata,83387
5820,Priya,Mehta,user4819@example.com,9876504819,,1995-05-25,Ahmedabad,67563
5821,Anjali,Kumar,invalid@,9876504820,Female,1972-08-31,Chennai,46144
5822,Arjun,Gupta,user4821@example.com,9876504821,,1997-05-13,Delhi,63740
5823,Amit,Sharma,user4822@example.com,9876504822,Male,2012-02-24,Hyderabad,61806
5824,Vijay,Patel,user4823@example.com,9876504823,Male,2008-07-18,Delhi,56191
5825,Kavya,Joshi,user4824@example.com,9876504824,,2018-02-10,Pune,78678
5826,Anjali,Patel,user4825@example.com,123,,1984-02-04,Chennai,55399
5827,Rakesh,Kumar,user4826@example.com,9876504826,,1979-06-06,Bangalore,75804
5828,Anjali,Gupta,user4827@example.com,9876504827,,2003-03-15,Mumbai,71676
5829,Neha,Sharma,user4828@example.com,9876504828,Female,1985-07-25,Ahmedabad,36170
5830,Priya,Reddy,user4829@example.com,9876504829,,2007-03-23,Hyderabad,104866
5831,Priya,Joshi,user4830@example.com,9876504830,,1973-08-14,Chennai,765384
5832,Kavya,Rao,user4831@example.com,9876504831,Female,2010-07-20,Kolkata,33146
5833,Kavya,Sharma,user4832@example.com,9876504832,Other,1988-06-15,Kolkata,36262
5834,Neha,Sharma,user4833@example.com,9876504833,Other,1984-12-21,Chennai,96683
5835,Arjun,Kumar,user4834@example.com,9876504834,Female,2007-01-05,Mumbai,68595
5836,Vijay,Sharma,user4835@example.com,9876504835,,2004-10-13,Delhi,76215
5837,Amit,Gupta,user4836@example.com,9876504836,Male,1971-03-15,Mumbai,72757
5838,Amit,Mehta,user4837@example.com,9876504837,,1970-06-14,Delhi,86747
5839,Sameer,Gupta,user4838@example.com,9876504838,Male,1985-07-19,Mumbai,87636
5840,Sameer,Rao,user4839@example.com,9876504839,Male,1979-02-20,Hyderabad,47448
5841,Arjun,Mehta,,9876504840,,1979-03-05,Kolkata,75063
5842,Sameer,Sharma,user4841@example.com,9876504841,,2017-07-24,Delhi,36900
5843,Sameer,Sharma,user4842@example.com,9876504842,,1976-12-04,Mumbai,43241
5844,Neha,Joshi,user4843@example.com,9876504843,Other,2003-12-20,Ahmedabad,58932
5845,Neha,Sharma,user4844@example.com,9876504844,Female,1985-10-05,Ahmedabad,30989
5846,Sameer,Singh,user4845@example.com,9876504845,,1992-03-11,Pune,-1000
5847,Anjali,Rao,user4846@example.com,9876504846,,2018-06-28,Mumbai,21552
5848,Sneha,Verma,user4847@example.com,9876504847,,1997-12-21,Bangalore,64599
5849,Sneha,Reddy,user4848@example.com,9876504848,Other,1982-07-30,Pune,97852
5850,Arjun,Joshi,user4849@example.com,9876504849,Male,1970-07-13,Mumbai,65640
5851,Amit,Patel,user4850@example.com,,,1987-07-12,Bangalore,65697
5852,Kavya,Mehta,user4851@example.com,9876504851,Other,1974-10-04,Ahmedabad,57812
5853,Arjun,Verma,user4852@example.com,9876504852,,1997-01-21,Kolkata,84536
5854,Sameer,Reddy,user4853@example.com,9876504853,Other,2011-09-29,Kolkata,63963
5855,Neha,Sharma,user4854@example.com,9876504854,Other,1987-03-16,Ahmedabad,43013
5856,Priya,Gupta,user4855@example.com,9876504855,Other,2001-02-07,Kolkata,68393
5857,Anjali,Singh,user4856@example.com,9876504856,Other,2013-06-03,Chennai,96049
5858,Rakesh,Mehta,user4857@example.com,9876504857,Other,1990-10-22,Ahmedabad,36451
5859,Neha,Mehta,user4858@example.com,9876504858,Other,1998-07-21,Chennai,46180
5860,Sneha,Mehta,user4859@example.com,9876504859,Female,2009-06-22,Kolkata,62911
5861,Neha,Rao,invalid@,9876504860,,1980-08-19,Hyderabad,579900
5862,Anjali,Mehta,user4861@example.com,9876504861,Male,1983-11-02,Hyderabad,73399
5863,Kavya,Joshi,user4862@example.com,9876504862,,2011-09-16,Bangalore,45340
5864,Sameer,Reddy,user4863@example.com,9876504863,,2003-03-13,Delhi,54405
5865,Priya,Gupta,user4864@example.com,9876504864,,1973-02-02,Mumbai,66048
5866,Sneha,Joshi,user4865@example.com,9876504865,,2010-04-17,Pune,66734
5867,Sneha,Joshi,user4866@example.com,9876504866,Other,1988-10-18,Chennai,117067
5868,Vijay,Singh,user4867@example.com,9876504867,Female,2009-06-12,Pune,80665
5869,Amit,Gupta,user4868@example.com,9876504868,Male,1992-10-16,Hyderabad,34188
5870,Kavya,Singh,user4869@example.com,9876504869,Other,1990-04-13,Kolkata,44692
5871,Sneha,Mehta,user4870@example.com,9876504870,,1989-11-02,Ahmedabad,37768
5872,Amit,Mehta,user4871@example.com,9876504871,,1982-10-10,Delhi,97279
5873,Sneha,Joshi,user4872@example.com,9876504872,Female,1981-07-22,Chennai,43616
5874,Sameer,Joshi,user4873@example.com,9876504873,Female,2002-02-13,Mumbai,76747
5875,Amit,Mehta,user4874@example.com,9876504874,,2000-08-11,Chennai,74742
5876,Anjali,Kumar,user4875@example.com,123,Other,2004-03-17,Hyderabad,-1000
5877,Vijay,Reddy,user4876@example.com,9876504876,Other,2001-06-12,Mumbai,56622
5878,Sameer,Rao,user4877@example.com,9876504877,Other,1970-11-08,Pune,59711
5879,Anjali,Verma,user4878@example.com,9876504878,Male,1984-11-17,Pune,33380
5880,Priya,Sharma,user4879@example.com,9876504879,Male,2012-08-15,Pune,100699
5881,Kavya,Patel,,9876504880,Other,2013-10-02,Mumbai,68407
5882,Kavya,Gupta,user4881@example.com,9876504881,,2015-12-16,Chennai,96862
5883,Rakesh,Singh,user4882@example.com,9876504882,Female,2019-03-25,Pune,109161
5884,Rakesh,Gupta,user4883@example.com,9876504883,,1970-05-02,Mumbai,68192
5885,Amit,Mehta,user4884@example.com,9876504884,Female,invalid,Ahmedabad,72471
5886,Kavya,Verma,user4885@example.com,9876504885,Female,2015-02-23,Kolkata,49244
5887,Amit,Patel,user4886@example.com,9876504886,,1988-12-26,Kolkata,91671
5888,Rakesh,Joshi,user4887@example.com,9876504887,Other,1995-05-01,Kolkata,64043
5889,Priya,Joshi,user4888@example.com,9876504888,Female,2003-11-03,Chennai,56532
5890,Sneha,Singh,user4889@example.com,9876504889,,2005-03-13,Chennai,49646
5891,Anjali,Reddy,user4890@example.com,9876504890,,2018-04-07,Chennai,664652
5892,Neha,Sharma,user4891@example.com,9876504891,,1995-03-12,Delhi,77430
5893,Amit,Reddy,user4892@example.com,9876504892,,1978-12-27,Pune,69072
5894,Priya,Verma,user4893@example.com,9876504893,Other,1976-03-25,Mumbai,74249
5895,Anjali,Reddy,user4894@example.com,9876504894,Female,1972-02-05,Ahmedabad,60686
5896,Kavya,Singh,user4895@example.com,9876504895,Female,1977-06-08,Bangalore,75096
5897,Sneha,Patel,user4896@example.com,9876504896,Male,2018-12-16,Ahmedabad,74482
5898,Anjali,Patel,user4897@example.com,9876504897,,2003-03-27,Delhi,89296
5899,Vijay,Patel,user4898@example.com,9876504898,Other,2002-08-25,Ahmedabad,81125
5900,Rakesh,Joshi,user4899@example.com,9876504899,,1983-11-15,Pune,68092
5901,Anjali,Kumar,invalid@,,Other,1971-05-05,Pune,73295
5902,Neha,Verma,user4901@example.com,9876504901,Female,1987-06-15,Bangalore,41973
5903,Priya,Sharma,user4902@example.com,9876504902,,1975-04-20,Chennai,90557
5904,Sneha,Verma,user4903@example.com,9876504903,Male,1977-07-12,Mumbai,60008
5905,Sameer,Verma,user4904@example.com,9876504904,Other,2001-06-15,Kolkata,62505
5906,Anjali,Reddy,user4905@example.com,9876504905,Male,2002-07-15,Ahmedabad,-1000
5907,Arjun,Rao,user4906@example.com,9876504906,Female,1995-06-14,Bangalore,47266
5908,Neha,Verma,user4907@example.com,9876504907,,1990-06-09,Kolkata,48649
5909,Neha,Singh,user4908@example.com,9876504908,Other,2003-03-26,Hyderabad,43448
5910,Arjun,Rao,user4909@example.com,9876504909,Female,1987-03-19,Pune,60211
5911,Vijay,Kumar,user4910@example.com,9876504910,,2005-07-31,Hyderabad,81667
5912,Sameer,Singh,user4911@example.com,9876504911,Other,1981-05-12,Kolkata,64546
5913,Rakesh,Verma,user4912@example.com,9876504912,Male,1986-01-05,Hyderabad,78268
5914,Priya,Gupta,user4913@example.com,9876504913,Other,1990-12-18,Hyderabad,74624
5915,Sneha,Joshi,user4914@example.com,9876504914,Female,1976-06-03,Chennai,56030
5916,Priya,Reddy,user4915@example.com,9876504915,Female,1988-04-16,Mumbai,89763
5917,Sameer,Mehta,user4916@example.com,9876504916,Male,1994-01-05,Mumbai,84984
5918,Priya,Sharma,user4917@example.com,9876504917,Female,2005-01-04,Delhi,81424
5919,Arjun,Sharma,user4918@example.com,9876504918,Other,1999-09-29,Chennai,73316
5920,Neha,Singh,user4919@example.com,9876504919,Male,1989-02-14,Pune,58204
5921,Priya,Sharma,,9876504920,Female,1984-05-23,Hyderabad,581599
5922,Amit,Rao,user4921@example.com,9876504921,Female,1987-12-09,Mumbai,64402
5923,Anjali,Patel,user4922@example.com,9876504922,Other,2015-08-15,Delhi,92558
5924,Sameer,Gupta,user4923@example.com,9876504923,Female,1974-01-08,Delhi,87354
5925,Vijay,Mehta,user4924@example.com,9876504924,Other,1995-01-02,Pune,36147
5926,Amit,Sharma,user4925@example.com,123,,1976-05-07,Mumbai,70193
5927,Arjun,Sharma,user4926@example.com,9876504926,Other,1982-06-03,Kolkata,15256
5928,Kavya,Singh,user4927@example.com,9876504927,,1984-08-22,Chennai,56173
5929,Arjun,Verma,user4928@example.com,9876504928,Female,2009-08-06,Mumbai,51457
5930,Vijay,Joshi,user4929@example.com,9876504929,,2007-03-09,Ahmedabad,76121
5931,Vijay,Reddy,user4930@example.com,9876504930,Male,1997-07-25,Mumbai,43238
5932,Amit,Reddy,user4931@example.com,9876504931,,1978-11-01,Delhi,34433
5933,Anjali,Reddy,user4932@example.com,9876504932,Male,2002-08-21,Bangalore,55022
5934,Sameer,Reddy,user4933@example.com,9876504933,,2011-10-25,Pune,64843
5935,Rakesh,Kumar,user4934@example.com,9876504934,,1977-09-20,Bangalore,30222
5936,Neha,Mehta,user4935@example.com,9876504935,,1980-11-14,Mumbai,-1000
5937,Amit,Verma,user4936@example.com,9876504936,,1998-02-01,Chennai,60973
5938,Vijay,Joshi,user4937@example.com,9876504937,,2016-01-08,Chennai,65505
5939,Kavya,Joshi,user4938@example.com,9876504938,Other,1975-10-07,Kolkata,87052
5940,Sneha,Singh,user4939@example.com,9876504939,Male,2013-07-21,Kolkata,50343
5941,Vijay,Gupta,invalid@,9876504940,Other,1997-01-14,Delhi,94625
5942,Anjali,Sharma,user4941@example.com,9876504941,Other,2001-02-12,Bangalore,65110
5943,Anjali,Sharma,user4942@example.com,9876504942,Female,1978-08-14,Hyderabad,80839
5944,Vijay,Verma,user4943@example.com,9876504943,Male,2003-07-20,Pune,73879
5945,Anjali,Kumar,user4944@example.com,9876504944,,2005-11-15,Hyderabad,78739
5946,Amit,Rao,user4945@example.com,9876504945,Female,1991-08-20,Ahmedabad,66520
5947,Vijay,Patel,user4946@example.com,9876504946,Female,2018-01-27,Bangalore,55637
5948,Vijay,Verma,user4947@example.com,9876504947,,1997-05-20,Chennai,103775
5949,Sameer,Rao,user4948@example.com,9876504948,,1970-08-23,Ahmedabad,64597
5950,Neha,Patel,user4949@example.com,9876504949,Other,invalid,Chennai,43046
5951,Kavya,Joshi,user4950@example.com,,Other,1984-01-16,Kolkata,943762
5952,Anjali,Kumar,user4951@example.com,9876504951,Other,1992-05-04,Kolkata,58784
5953,Sameer,Verma,user4952@example.com,9876504952,,1976-10-10,Mumbai,30535
5954,Rakesh,Reddy,user4953@example.com,9876504953,Other,1970-08-15,Mumbai,48515
5955,Rakesh,Joshi,user4954@example.com,9876504954,Male,1986-11-13,Pune,25838
5956,Priya,Rao,user4955@example.com,9876504955,Other,1999-07-30,Ahmedabad,49435
5957,Amit,Verma,user4956@example.com,9876504956,Other,1997-05-26,Hyderabad,100162
5958,Amit,Verma,user4957@example.com,9876504957,Male,1984-09-01,Ahmedabad,74179
5959,Arjun,Singh,user4958@example.com,9876504958,,2018-09-20,Pune,64905
5960,Kavya,Mehta,user4959@example.com,9876504959,Female,1983-01-17,Kolkata,53451
5961,Vijay,Joshi,,9876504960,,2009-12-11,Chennai,62238
5962,Anjali,Verma,user4961@example.com,9876504961,,1997-06-25,Bangalore,87294
5963,Kavya,Sharma,user4962@example.com,9876504962,Other,1973-08-30,Pune,28445
5964,Priya,Sharma,user4963@example.com,9876504963,Female,1984-11-03,Kolkata,123788
5965,Arjun,Mehta,user4964@example.com,9876504964,,2015-03-07,Mumbai,47346
5966,Sameer,Verma,user4965@example.com,9876504965,,1974-12-19,Ahmedabad,-1000
5967,Kavya,Reddy,user4966@example.com,9876504966,,1996-10-10,Delhi,61804
5968,Sameer,Mehta,user4967@example.com,9876504967,Male,2001-05-02,Chennai,61278
5969,Rakesh,Mehta,user4968@example.com,9876504968,Male,1976-07-02,Kolkata,51564
5970,Anjali,Rao,user4969@example.com,9876504969,Female,1974-03-07,Delhi,82496
5971,Priya,Rao,user4970@example.com,9876504970,Other,2002-03-13,Mumbai,87817
5972,Vijay,Gupta,user4971@example.com,9876504971,Female,1989-05-28,Ahmedabad,84105
5973,Anjali,Joshi,user4972@example.com,9876504972,Other,1994-01-28,Ahmedabad,66781
5974,Neha,Patel,user4973@example.com,9876504973,,1979-11-24,Pune,53213
5975,Amit,Mehta,user4974@example.com,9876504974,,1975-11-20,Hyderabad,61288
5976,Priya,Rao,user4975@example.com,123,,1993-06-28,Bangalore,63270
5977,Kavya,Kumar,user4976@example.com,9876504976,Male,2008-05-16,Pune,45391
5978,Anjali,Gupta,user4977@example.com,9876504977,,1977-05-20,Delhi,68563
5979,Sneha,Verma,user4978@example.com,9876504978,,2004-07-27,Ahmedabad,100990
5980,Amit,Joshi,user4979@example.com,9876504979,Other,2009-10-02,Bangalore,61604
5981,Amit,Verma,invalid@,9876504980,,2011-12-06,Pune,749983
5982,Sneha,Gupta,user4981@example.com,9876504981,Male,2002-12-04,Bangalore,51861
5983,Arjun,Singh,user4982@example.com,9876504982,Other,1973-07-29,Kolkata,82715
5984,Arjun,Sharma,user4983@example.com,9876504983,Female,2006-10-18,Chennai,51844
5985,Sneha,Joshi,user4984@example.com,9876504984,Other,1971-12-18,Chennai,56735
5986,Neha,Sharma,user4985@example.com,9876504985,Female,1985-10-07,Delhi,75348
5987,Rakesh,Kumar,user4986@example.com,9876504986,Other,2000-08-14,Bangalore,45185
5988,Sneha,Verma,user4987@example.com,9876504987,,1993-04-15,Kolkata,73650
5989,Rakesh,Singh,user4988@example.com,9876504988,Female,2050-01-01,Chennai,86022
5990,Anjali,Kumar,user4989@example.com,9876504989,Male,2011-04-16,Hyderabad,68258
5991,Neha,Patel,user4990@example.com,9876504990,Female,1994-11-10,Ahmedabad,82374
5992,Priya,Verma,user4991@example.com,9876504991,Female,1987-03-11,Chennai,39167
5993,Rakesh,Gupta,user4992@example.com,9876504992,Other,1981-01-12,Hyderabad,73963
5994,Amit,Singh,user4993@example.com,9876504993,,1978-05-22,Bangalore,55876
5995,Anjali,Joshi,user4994@example.com,9876504994,Other,2006-06-14,Bangalore,72706
5996,Amit,Singh,user4995@example.com,9876504995,Other,1992-11-13,Pune,-1000
5997,Neha,Verma,user4996@example.com,9876504996,,1998-06-02,Hyderabad,5301
5998,Rakesh,Rao,user4997@example.com,9876504997,Other,1998-11-13,Kolkata,52585
5999,Sameer,Kumar,user4998@example.com,9876504998,,1980-08-28,Kolkata,19182
6000,Neha,Singh,user4999@example.com,9876504999,Male,1996-03-07,Bangalore,40379
6001,Neha,Sharma,,,,1979-04-19,Bangalore,55494
6002,Sameer,Kumar,user5001@example.com,9876505001,,2014-10-16,Delhi,82198
6003,Anjali,Sharma,user5002@example.com,9876505002,,1976-09-20,Bangalore,81156
6004,Rakesh,Singh,user5003@example.com,9876505003,,2013-05-03,Kolkata,80577
6005,Rakesh,Rao,user5004@example.com,9876505004,,1983-07-29,Hyderabad,76203
6006,Amit,Kumar,user5005@example.com,9876505005,,1987-03-25,Pune,38178
6007,Neha,Gupta,user5006@example.com,9876505006,Female,1993-10-23,Hyderabad,81041
6008,Neha,Kumar,user5007@example.com,9876505007,Other,2002-09-29,Kolkata,51444
6009,Vijay,Joshi,user5008@example.com,9876505008,Other,2005-01-29,Pune,73958
6010,Priya,Singh,user5009@example.com,9876505009,Male,1996-04-09,Kolkata,46639
6011,Neha,Patel,user5010@example.com,9876505010,Male,1997-04-08,Kolkata,613906
6012,Kavya,Verma,user5011@example.com,9876505011,,2012-02-13,Hyderabad,63646
6013,Priya,Mehta,user5012@example.com,9876505012,Female,1994-05-07,Ahmedabad,71910
6014,Kavya,Reddy,user5013@example.com,9876505013,Male,2003-09-18,Chennai,48213
6015,Rakesh,Patel,user5014@example.com,9876505014,Other,1970-01-11,Delhi,78231
6016,Priya,Sharma,user5015@example.com,9876505015,Male,2005-11-08,Mumbai,38737
6017,Neha,Gupta,user5016@example.com,9876505016,Male,1984-04-18,Ahmedabad,99010
6018,Sameer,Gupta,user5017@example.com,9876505017,,2012-05-11,Bangalore,49967
6019,Amit,Reddy,user5018@example.com,9876505018,Male,1980-01-26,Hyderabad,25849
6020,Kavya,Rao,user5019@example.com,9876505019,,2000-02-24,Chennai,63558
6021,Priya,Joshi,invalid@,9876505020,Other,2011-05-11,Delhi,56762
6022,Neha,Verma,user5021@example.com,9876505021,,1990-01-30,Ahmedabad,46639
6023,Priya,Patel,user5022@example.com,9876505022,,2002-10-24,Pune,91914
6024,Neha,Mehta,user5023@example.com,9876505023,Female,1984-02-21,Delhi,80097
6025,Neha,Kumar,user5024@example.com,9876505024,,1994-09-25,Delhi,74241
6026,Neha,Reddy,user5025@example.com,123,,2010-10-07,Kolkata,-1000
6027,Vijay,Rao,user5026@example.com,9876505026,Female,1970-10-12,Kolkata,54400
6028,Amit,Gupta,user5027@example.com,9876505027,Other,1987-12-01,Bangalore,52779
6029,Sameer,Mehta,user5028@example.com,9876505028,Other,1985-04-02,Delhi,28462
6030,Sameer,Gupta,user5029@example.com,9876505029,Female,1990-08-07,Chennai,70428
6031,Priya,Singh,user5030@example.com,9876505030,,2000-03-07,Kolkata,71890
6032,Priya,Reddy,user5031@example.com,9876505031,,2004-10-21,Kolkata,67442
6033,Neha,Rao,user5032@example.com,9876505032,,1972-10-26,Hyderabad,69549
6034,Vijay,Kumar,user5033@example.com,9876505033,,1991-03-27,Chennai,42344
6035,Neha,Sharma,user5034@example.com,9876505034,Other,1971-07-08,Delhi,47110
6036,Vijay,Rao,user5035@example.com,9876505035,,2015-08-04,Mumbai,58671
6037,Neha,Verma,user5036@example.com,9876505036,Female,2008-11-20,Kolkata,92688
6038,Kavya,Kumar,user5037@example.com,9876505037,Other,1973-05-25,Bangalore,88251
6039,Kavya,Patel,user5038@example.com,9876505038,,1981-05-22,Kolkata,75339
6040,Rakesh,Rao,user5039@example.com,9876505039,Other,1999-07-08,Delhi,105297
6041,Neha,Kumar,,9876505040,Male,1993-09-18,Hyderabad,751953
6042,Amit,Patel,user5041@example.com,9876505041,Other,1979-01-01,Delhi,77719
6043,Rakesh,Rao,user5042@example.com,9876505042,,1997-12-20,Mumbai,94595
6044,Priya,Mehta,user5043@example.com,9876505043,Female,1996-10-12,Mumbai,78913
6045,Anjali,Sharma,user5044@example.com,9876505044,,2013-09-03,Pune,97972
6046,Neha,Mehta,user5045@example.com,9876505045,,1984-07-19,Bangalore,65570
6047,Kavya,Verma,user5046@example.com,9876505046,,2011-03-14,Mumbai,52193
6048,Anjali,Kumar,user5047@example.com,9876505047,,1998-01-26,Delhi,63092
6049,Vijay,Patel,user5048@example.com,9876505048,,1981-10-27,Mumbai,69754
6050,Anjali,Singh,user5049@example.com,9876505049,Male,1996-04-25,Ahmedabad,46904
6051,Amit,Rao,user5050@example.com,,Female,1972-04-18,Pune,50752
6052,Neha,Singh,user5051@example.com,9876505051,Male,1993-03-02,Pune,56542
6053,Sameer,Rao,user5052@example.com,9876505052,,2008-02-13,Chennai,43032
6054,Anjali,Verma,user5053@example.com,9876505053,Female,1983-03-21,Bangalore,53237
6055,Sameer,Singh,user5054@example.com,9876505054,,2005-04-30,Pune,79698
6056,Vijay,Patel,user5055@example.com,9876505055,Female,2050-01-01,Hyderabad,-1000
6057,Rakesh,Joshi,user5056@example.com,9876505056,,1975-09-07,Bangalore,36948
6058,Sameer,Mehta,user5057@example.com,9876505057,Male,2018-06-14,Ahmedabad,71180
6059,Rakesh,Patel,user5058@example.com,9876505058,,2014-07-28,Chennai,63614
6060,Kavya,Gupta,user5059@example.com,9876505059,,invalid,Delhi,86021
6061,Neha,Reddy,invalid@,9876505060,Other,2011-04-20,Ahmedabad,59615
6062,Anjali,Verma,user5061@example.com,9876505061,,2004-04-25,Bangalore,40209
6063,Kavya,Sharma,user5062@example.com,9876505062,,2010-04-24,Bangalore,55267
6064,Kavya,Rao,user5063@example.com,9876505063,Male,2011-10-17,Hyderabad,41053
6065,Sneha,Patel,user5064@example.com,9876505064,,2014-06-25,Bangalore,19899
6066,Arjun,Singh,user5065@example.com,9876505065,,2009-12-23,Delhi,63933
6067,Amit,Reddy,user5066@example.com,9876505066,Male,1994-08-18,Chennai,75384
6068,Rakesh,Joshi,user5067@example.com,9876505067,Other,2009-11-15,Chennai,68740
6069,Sneha,Gupta,user5068@example.com,9876505068,Other,2002-09-04,Bangalore,39301
6070,Arjun,Singh,user5069@example.com,9876505069,Male,2004-09-14,Ahmedabad,37948
6071,Amit,Mehta,user5070@example.com,9876505070,,1987-11-09,Chennai,693600
6072,Rakesh,Joshi,user5071@example.com,9876505071,Male,1987-05-27,Delhi,98965
6073,Neha,Reddy,user5072@example.com,9876505072,Male,1983-01-24,Ahmedabad,90898
6074,Amit,Kumar,user5073@example.com,9876505073,Other,1977-05-20,Hyderabad,59127
6075,Anjali,Kumar,user5074@example.com,9876505074,Other,2004-02-10,Kolkata,69230
6076,Kavya,Reddy,user5075@example.com,123,Other,2006-11-11,Delhi,83263
6077,Arjun,Kumar,user5076@example.com,9876505076,,1985-11-14,Bangalore,62122
6078,Arjun,Verma,user5077@example.com,9876505077,,1972-03-19,Chennai,38122
6079,Arjun,Patel,user5078@example.com,9876505078,Female,1998-04-27,Delhi,8603
6080,Rakesh,Rao,user5079@example.com,9876505079,,1979-01-07,Hyderabad,68635
6081,Anjali,Patel,,9876505080,,1996-01-02,Mumbai,61025
6082,Amit,Gupta,user5081@example.com,9876505081,,1979-06-22,Ahmedabad,30881
6083,Kavya,Patel,user5082@example.com,9876505082,Other,1981-07-26,Mumbai,36459
6084,Anjali,Patel,user5083@example.com,9876505083,Male,1990-09-24,Hyderabad,59748
6085,Sneha,Mehta,user5084@example.com,9876505084,Other,2008-10-19,Hyderabad,54071
6086,Neha,Rao,user5085@example.com,9876505085,Male,2011-12-15,Mumbai,-1000
6087,Sameer,Patel,user5086@example.com,9876505086,Other,1988-06-26,Bangalore,93377
6088,Anjali,Rao,user5087@example.com,9876505087,Other,1996-08-09,Kolkata,48002
6089,Sneha,Sharma,user5088@example.com,9876505088,,2012-03-12,Hyderabad,95090
6090,Kavya,Kumar,user5089@example.com,9876505089,Male,1987-01-29,Bangalore,97339
6091,Sameer,Singh,user5090@example.com,9876505090,Female,1996-10-22,Mumbai,70858
6092,Sameer,Mehta,user5091@example.com,9876505091,Female,1995-04-16,Delhi,46381
6093,Anjali,Kumar,user5092@example.com,9876505092,Other,1998-04-29,Bangalore,67382
6094,Arjun,Rao,user5093@example.com,9876505093,Other,2008-10-07,Ahmedabad,22495
6095,Priya,Kumar,user5094@example.com,9876505094,,1984-07-25,Mumbai,53243
6096,Kavya,Patel,user5095@example.com,9876505095,Male,1973-10-07,Ahmedabad,70328
6097,Arjun,Singh,user5096@example.com,9876505096,Other,invalid,Kolkata,72710
6098,Kavya,Patel,user5097@example.com,9876505097,Female,1989-02-22,Chennai,56105
6099,Priya,Gupta,user5098@example.com,9876505098,Male,2007-12-03,Kolkata,66402
6100,Neha,Patel,user5099@example.com,9876505099,Other,2006-03-28,Ahmedabad,44618
6101,Priya,Singh,invalid@,,Male,2019-03-27,Ahmedabad,931532
6102,Vijay,Joshi,user5101@example.com,9876505101,,1983-07-21,Mumbai,93957
6103,Anjali,Sharma,user5102@example.com,9876505102,Female,1987-12-30,Pune,79209
6104,Anjali,Rao,user5103@example.com,9876505103,Male,2007-08-05,Kolkata,59646
6105,Sneha,Sharma,user5104@example.com,9876505104,Female,2004-06-20,Chennai,48528
6106,Arjun,Gupta,user5105@example.com,9876505105,Other,2016-08-09,Bangalore,81916
6107,Sneha,Sharma,user5106@example.com,9876505106,,1981-05-29,Ahmedabad,68691
6108,Vijay,Kumar,user5107@example.com,9876505107,Male,1997-09-10,Mumbai,44961
6109,Priya,Reddy,user5108@example.com,9876505108,Female,1971-10-08,Pune,86168
6110,Anjali,Mehta,user5109@example.com,9876505109,Male,1986-02-10,Mumbai,56049
6111,Rakesh,Singh,user5110@example.com,9876505110,Other,2004-02-13,Bangalore,47725
6112,Priya,Mehta,user5111@example.com,9876505111,Other,2015-02-07,Kolkata,83933
6113,Priya,Singh,user5112@example.com,9876505112,Female,2010-04-04,Kolkata,49228
6114,Vijay,Rao,user5113@example.com,9876505113,,2011-06-11,Mumbai,67514
6115,Neha,Sharma,user5114@example.com,9876505114,Male,2001-05-28,Hyderabad,90662
6116,Kavya,Rao,user5115@example.com,9876505115,Male,2012-03-22,Kolkata,-1000
6117,Vijay,Patel,user5116@example.com,9876505116,Other,1971-07-05,Delhi,71832
6118,Kavya,Patel,user5117@example.com,9876505117,Male,1984-04-21,Chennai,41547
6119,Anjali,Mehta,user5118@example.com,9876505118,Female,2007-02-06,Delhi,55051
6120,Vijay,Verma,user5119@example.com,9876505119,,1985-04-13,Kolkata,113322
6121,Kavya,Verma,,9876505120,Other,1995-11-01,Hyderabad,83954
6122,Sneha,Reddy,user5121@example.com,9876505121,,1979-07-12,Ahmedabad,60377
6123,Vijay,Verma,user5122@example.com,9876505122,Male,1995-01-07,Hyderabad,39810
6124,Anjali,Gupta,user5123@example.com,9876505123,,1986-09-05,Mumbai,27000
6125,Vijay,Kumar,user5124@example.com,9876505124,Female,1977-03-18,Mumbai,89303
6126,Anjali,Kumar,user5125@example.com,123,Male,1988-08-04,Ahmedabad,89701
6127,Vijay,Patel,user5126@example.com,9876505126,Female,1979-08-03,Ahmedabad,64236
6128,Kavya,Verma,user5127@example.com,9876505127,Male,1972-06-08,Kolkata,56780
6129,Neha,Reddy,user5128@example.com,9876505128,Male,1993-12-31,Chennai,87684
6130,Amit,Singh,user5129@example.com,9876505129,Male,2008-11-14,Kolkata,35423
6131,Kavya,Patel,user5130@example.com,9876505130,Other,1981-05-23,Pune,1049650
6132,Arjun,Rao,user5131@example.com,9876505131,,1997-10-22,Mumbai,79756
6133,Sameer,Verma,user5132@example.com,9876505132,,1981-02-03,Bangalore,39940
6134,Neha,Patel,user5133@example.com,9876505133,,2014-06-06,Bangalore,80719
6135,Sneha,Verma,user5134@example.com,9876505134,,1986-12-20,Bangalore,51331
6136,Priya,Gupta,user5135@example.com,9876505135,Female,2007-01-19,Ahmedabad,38284
6137,Kavya,Reddy,user5136@example.com,9876505136,Other,1976-04-02,Ahmedabad,80650
6138,Vijay,Mehta,user5137@example.com,9876505137,Other,1983-08-25,Ahmedabad,42908
6139,Kavya,Joshi,user5138@example.com,9876505138,Male,2016-07-13,Kolkata,38272
6140,Rakesh,Reddy,user5139@example.com,9876505139,,2006-09-23,Bangalore,74693
6141,Neha,Verma,invalid@,9876505140,,1988-09-20,Pune,62928
6142,Amit,Rao,user5141@example.com,9876505141,Female,2007-08-07,Chennai,85230
6143,Sneha,Rao,user5142@example.com,9876505142,Other,1989-12-02,Delhi,58995
6144,Rakesh,Mehta,user5143@example.com,9876505143,Male,1993-11-11,Mumbai,57198
6145,Anjali,Sharma,user5144@example.com,9876505144,,1979-10-18,Delhi,24266
6146,Rakesh,Rao,user5145@example.com,9876505145,,2010-05-10,Mumbai,-1000
6147,Kavya,Patel,user5146@example.com,9876505146,,2001-09-25,Ahmedabad,64643
6148,Sneha,Rao,user5147@example.com,9876505147,Other,1972-10-20,Bangalore,88765
6149,Kavya,Joshi,user5148@example.com,9876505148,Female,2012-04-07,Delhi,80198
6150,Anjali,Mehta,user5149@example.com,9876505149,,2000-12-27,Hyderabad,71641
6151,Priya,Patel,user5150@example.com,,Female,2000-03-07,Ahmedabad,50385
6152,Sneha,Verma,user5151@example.com,9876505151,,2012-03-31,Mumbai,56693
6153,Priya,Reddy,user5152@example.com,9876505152,,1989-10-23,Hyderabad,75985
6154,Neha,Mehta,user5153@example.com,9876505153,Male,1999-01-28,Chennai,63967
6155,Neha,Joshi,user5154@example.com,9876505154,,1992-02-03,Hyderabad,93363
6156,Priya,Kumar,user5155@example.com,9876505155,,1973-07-08,Chennai,91292
6157,Neha,Joshi,user5156@example.com,9876505156,Other,2009-08-10,Delhi,59992
6158,Sneha,Singh,user5157@example.com,9876505157,Other,1984-08-28,Delhi,66866
6159,Vijay,Singh,user5158@example.com,9876505158,Female,1972-06-22,Delhi,49111
6160,Arjun,Kumar,user5159@example.com,9876505159,Other,1995-08-27,Delhi,62955
6161,Neha,Gupta,,9876505160,,1993-05-01,Delhi,839976
6162,Neha,Rao,user5161@example.com,9876505161,Other,1997-08-08,Ahmedabad,54122
6163,Kavya,Reddy,user5162@example.com,9876505162,,2014-10-22,Kolkata,57661
6164,Priya,Sharma,user5163@example.com,9876505163,Female,2013-09-23,Mumbai,41628
6165,Sameer,Sharma,user5164@example.com,9876505164,,1997-07-17,Mumbai,53732
6166,Amit,Reddy,user5165@example.com,9876505165,,1999-04-26,Pune,77271
6167,Rakesh,Joshi,user5166@example.com,9876505166,,1971-02-17,Kolkata,60185
6168,Neha,Kumar,user5167@example.com,9876505167,Other,1988-03-06,Kolkata,41969
6169,Rakesh,Kumar,user5168@example.com,9876505168,Male,1980-06-30,Bangalore,69242
6170,Sneha,Verma,user5169@example.com,9876505169,Male,2005-01-19,Chennai,63972
6171,Sameer,Mehta,user5170@example.com,9876505170,,1987-12-15,Delhi,87413
6172,Amit,Patel,user5171@example.com,9876505171,,1998-08-29,Chennai,62283
6173,Priya,Singh,user5172@example.com,9876505172,Female,2002-12-11,Mumbai,45099
6174,Arjun,Sharma,user5173@example.com,9876505173,,2011-06-01,Bangalore,84266
6175,Amit,Rao,user5174@example.com,9876505174,,1977-11-22,Bangalore,45609
6176,Amit,Patel,user5175@example.com,123,Female,2002-09-05,Ahmedabad,-1000
6177,Arjun,Joshi,user5176@example.com,9876505176,,1976-11-24,Delhi,44200
6178,Vijay,Verma,user5177@example.com,9876505177,,2005-01-22,Pune,52784
6179,Priya,Patel,user5178@example.com,9876505178,Female,1982-01-18,Bangalore,27192
6180,Kavya,Verma,user5179@example.com,9876505179,Female,1994-03-22,Ahmedabad,30467
6181,Rakesh,Sharma,invalid@,9876505180,,2015-05-09,Delhi,80616
6182,Neha,Sharma,user5181@example.com,9876505181,,1978-04-08,Mumbai,61577
6183,Amit,Rao,user5182@example.com,9876505182,,1972-02-04,Hyderabad,61697
6184,Sneha,Kumar,user5183@example.com,9876505183,,1998-11-28,Pune,63873
6185,Arjun,Joshi,user5184@example.com,9876505184,Other,2014-04-15,Delhi,76283
6186,Rakesh,Gupta,user5185@example.com,9876505185,Female,2008-12-01,Ahmedabad,48619
6187,Sameer,Reddy,user5186@example.com,9876505186,Male,1988-08-13,Chennai,76207
6188,Arjun,Rao,user5187@example.com,9876505187,Other,2009-09-22,Ahmedabad,67254
6189,Sameer,Sharma,user5188@example.com,9876505188,Male,1997-04-23,Ahmedabad,45846
6190,Priya,Mehta,user5189@example.com,9876505189,Male,2017-10-09,Hyderabad,77180
6191,Amit,Kumar,user5190@example.com,9876505190,,1985-07-22,Ahmedabad,661454
6192,Sneha,Reddy,user5191@example.com,9876505191,Female,invalid,Ahmedabad,44068
6193,Neha,Mehta,user5192@example.com,9876505192,Other,1989-02-27,Pune,45586
6194,Sameer,Rao,user5193@example.com,9876505193,Female,1995-09-01,Bangalore,74595
6195,Rakesh,Patel,user5194@example.com,9876505194,,1981-04-25,Kolkata,85289
6196,Vijay,Gupta,user5195@example.com,9876505195,Female,1976-09-19,Bangalore,70652
6197,Priya,Verma,user5196@example.com,9876505196,Male,1971-06-23,Kolkata,82787
6198,Vijay,Reddy,user5197@example.com,9876505197,,1999-01-24,Mumbai,89653
6199,Priya,Reddy,user5198@example.com,9876505198,Female,1976-04-22,Kolkata,60496
6200,Kavya,Rao,user5199@example.com,9876505199,Female,2015-07-16,Bangalore,68291
6201,Rakesh,Reddy,,,Male,2018-09-01,Ahmedabad,78386
6202,Vijay,Verma,user5201@example.com,9876505201,,1973-08-28,Bangalore,42054
6203,Sneha,Verma,user5202@example.com,9876505202,Male,1976-03-09,Kolkata,85684
6204,Amit,Mehta,user5203@example.com,9876505203,Female,1988-02-11,Chennai,92266
6205,Arjun,Patel,user5204@example.com,9876505204,Other,1993-10-18,Kolkata,50236
6206,Neha,Verma,user5205@example.com,9876505205,Other,invalid,Chennai,-1000
6207,Amit,Gupta,user5206@example.com,9876505206,,1980-03-02,Bangalore,80890
6208,Amit,Reddy,user5207@example.com,9876505207,Other,1980-02-22,Ahmedabad,61947
6209,Priya,Mehta,user5208@example.com,9876505208,,1973-04-25,Kolkata,23455
6210,Sneha,Sharma,user5209@example.com,9876505209,,2008-11-28,Pune,63164
6211,Priya,Mehta,user5210@example.com,9876505210,,2014-01-28,Ahmedabad,73439
6212,Anjali,Gupta,user5211@example.com,9876505211,Other,1980-04-03,Bangalore,71152
6213,Sameer,Kumar,user5212@example.com,9876505212,Other,1997-11-13,Bangalore,38787
6214,Neha,Mehta,user5213@example.com,9876505213,Female,2018-12-10,Mumbai,51772
6215,Sameer,Sharma,user5214@example.com,9876505214,,2013-04-21,Hyderabad,78603
6216,Arjun,Verma,user5215@example.com,9876505215,Male,2012-10-07,Ahmedabad,76852
6217,Anjali,Singh,user5216@example.com,9876505216,Female,2006-03-11,Hyderabad,83844
6218,Rakesh,Singh,user5217@example.com,9876505217,,1986-09-24,Mumbai,67374
6219,Arjun,Singh,user5218@example.com,9876505218,,1974-12-23,Mumbai,64365
6220,Arjun,Kumar,user5219@example.com,9876505219,,1988-02-09,Delhi,75230
6221,Kavya,Sharma,invalid@,9876505220,,1981-10-29,Chennai,668882
6222,Neha,Gupta,user5221@example.com,9876505221,,2018-05-08,Mumbai,34399
6223,Priya,Rao,user5222@example.com,9876505222,Other,1989-10-19,Chennai,95408
6224,Sneha,Singh,user5223@example.com,9876505223,Male,2000-09-14,Bangalore,83434
6225,Sameer,Rao,user5224@example.com,9876505224,,1977-11-17,Kolkata,73461
6226,Arjun,Kumar,user5225@example.com,123,Male,1981-03-11,Bangalore,37636
6227,Sameer,Rao,user5226@example.com,9876505226,,1973-02-21,Delhi,81753
6228,Sameer,Reddy,user5227@example.com,9876505227,Other,2013-08-24,Delhi,56226
6229,Rakesh,Kumar,user5228@example.com,9876505228,Male,2015-07-05,Kolkata,81602
6230,Neha,Rao,user5229@example.com,9876505229,Female,1990-11-01,Ahmedabad,75928
6231,Neha,Mehta,user5230@example.com,9876505230,,1996-08-29,Kolkata,58202
6232,Vijay,Singh,user5231@example.com,9876505231,Female,1980-11-27,Delhi,86039
6233,Amit,Patel,user5232@example.com,9876505232,Male,2004-05-17,Pune,41162
6234,Neha,Joshi,user5233@example.com,9876505233,Male,1992-04-09,Bangalore,66124
6235,Sameer,Kumar,user5234@example.com,9876505234,Male,1985-05-08,Bangalore,98173
6236,Priya,Verma,user5235@example.com,9876505235,,2002-08-19,Chennai,-1000
6237,Sameer,Joshi,user5236@example.com,9876505236,,2013-04-18,Delhi,83269
6238,Priya,Gupta,user5237@example.com,9876505237,,2003-02-10,Chennai,66586
6239,Vijay,Kumar,user5238@example.com,9876505238,,2016-11-01,Delhi,64571
6240,Priya,Kumar,user5239@example.com,9876505239,,1972-12-31,Bangalore,40588
6241,Neha,Rao,,9876505240,Male,2017-08-01,Delhi,61882
6242,Rakesh,Kumar,user5241@example.com,9876505241,Male,2014-01-06,Hyderabad,78474
6243,Priya,Singh,user5242@example.com,9876505242,Female,1982-10-06,Ahmedabad,43120
6244,Sameer,Sharma,user5243@example.com,9876505243,,2014-04-21,Delhi,45740
6245,Sneha,Sharma,user5244@example.com,9876505244,Other,2017-07-29,Delhi,73385
6246,Neha,Gupta,user5245@example.com,9876505245,,1997-08-14,Kolkata,81534
6247,Sneha,Reddy,user5246@example.com,9876505246,Female,1985-07-23,Ahmedabad,105301
6248,Anjali,Patel,user5247@example.com,9876505247,Female,1986-04-28,Ahmedabad,59516
6249,Anjali,Reddy,user5248@example.com,9876505248,Female,1984-04-01,Ahmedabad,60058
6250,Sameer,Singh,user5249@example.com,9876505249,Male,1990-09-05,Chennai,81631
6251,Anjali,Singh,user5250@example.com,,Other,2015-02-02,Bangalore,764117
6252,Amit,Mehta,user5251@example.com,9876505251,Female,1989-05-25,Kolkata,59834
6253,Vijay,Sharma,user5252@example.com,9876505252,,2000-05-03,Delhi,64433
6254,Neha,Joshi,user5253@example.com,9876505253,Male,2005-04-06,Ahmedabad,52434
6255,Sneha,Verma,user5254@example.com,9876505254,Other,1986-07-31,Ahmedabad,41878
6256,Sameer,Kumar,user5255@example.com,9876505255,,1977-04-23,Bangalore,62297
6257,Amit,Patel,user5256@example.com,9876505256,Other,2002-12-07,Pune,95452
6258,Sameer,Verma,user5257@example.com,9876505257,Other,1972-10-05,Delhi,50628
6259,Amit,Reddy,user5258@example.com,9876505258,,2012-07-02,Pune,36299
6260,Anjali,Verma,user5259@example.com,9876505259,,2004-05-01,Pune,44925
6261,Anjali,Mehta,invalid@,9876505260,Other,1976-01-09,Ahmedabad,75632
6262,Priya,Patel,user5261@example.com,9876505261,,1996-02-25,Hyderabad,73575
6263,Kavya,Patel,user5262@example.com,9876505262,Other,2017-05-07,Chennai,90414
6264,Sameer,Mehta,user5263@example.com,9876505263,,1979-06-02,Bangalore,86231
6265,Priya,Singh,user5264@example.com,9876505264,Other,1986-02-08,Delhi,70951
6266,Neha,Mehta,user5265@example.com,9876505265,Female,1982-11-09,Delhi,-1000
6267,Priya,Singh,user5266@example.com,9876505266,Female,1972-10-03,Delhi,50012
6268,Arjun,Joshi,user5267@example.com,9876505267,Other,1989-06-24,Chennai,78785
6269,Anjali,Gupta,user5268@example.com,9876505268,,2000-10-14,Pune,62823
6270,Arjun,Singh,user5269@example.com,9876505269,,2017-12-27,Mumbai,82014
6271,Sameer,Verma,user5270@example.com,9876505270,Male,1990-09-05,Bangalore,73373
6272,Sneha,Singh,user5271@example.com,9876505271,,2008-05-28,Mumbai,55532
6273,Sneha,Gupta,user5272@example.com,9876505272,,1973-05-09,Pune,42991
6274,Neha,Reddy,user5273@example.com,9876505273,Other,1982-04-23,Ahmedabad,54994
6275,Priya,Kumar,user5274@example.com,9876505274,Female,2004-01-24,Mumbai,68692
6276,Sneha,Mehta,user5275@example.com,123,,1970-07-01,Hyderabad,48678
6277,Amit,Kumar,user5276@example.com,9876505276,Female,2005-01-29,Mumbai,61942
6278,Amit,Mehta,user5277@example.com,9876505277,Male,1990-05-26,Bangalore,86753
6279,Neha,Joshi,user5278@example.com,9876505278,Other,1978-01-24,Pune,88498
6280,Vijay,Sharma,user5279@example.com,9876505279,,1999-12-14,Bangalore,74563
6281,Anjali,Verma,,9876505280,Female,1997-07-30,Ahmedabad,922656
6282,Priya,Verma,user5281@example.com,9876505281,,2002-04-17,Chennai,39692
6283,Sameer,Reddy,user5282@example.com,9876505282,Male,1994-03-22,Chennai,90950
6284,Rakesh,Sharma,user5283@example.com,9876505283,Female,1980-02-04,Hyderabad,37803
6285,Rakesh,Sharma,user5284@example.com,9876505284,Female,1998-07-20,Chennai,65200
6286,Rakesh,Mehta,user5285@example.com,9876505285,Other,1995-09-19,Delhi,48742
6287,Sneha,Verma,user5286@example.com,9876505286,Other,1999-03-04,Chennai,79777
6288,Vijay,Verma,user5287@example.com,9876505287,Female,2017-08-31,Hyderabad,33681
6289,Vijay,Sharma,user5288@example.com,9876505288,Other,1982-01-30,Kolkata,29702
6290,Priya,Mehta,user5289@example.com,9876505289,Female,2006-06-08,Chennai,51910
6291,Priya,Singh,user5290@example.com,9876505290,,1993-06-08,Pune,50495
6292,Vijay,Singh,user5291@example.com,9876505291,,invalid,Kolkata,53581
6293,Neha,Gupta,user5292@example.com,9876505292,,1999-09-10,Hyderabad,51500
6294,Priya,Rao,user5293@example.com,9876505293,,2018-04-12,Chennai,78746
6295,Neha,Patel,user5294@example.com,9876505294,,1978-03-03,Chennai,63305
6296,Arjun,Joshi,user5295@example.com,9876505295,Female,1982-07-12,Ahmedabad,-1000
6297,Amit,Mehta,user5296@example.com,9876505296,Female,1981-04-02,Ahmedabad,69617
6298,Anjali,Singh,user5297@example.com,9876505297,Other,2009-04-29,Mumbai,82645
6299,Priya,Reddy,user5298@example.com,9876505298,Male,2004-01-12,Kolkata,76596
6300,Vijay,Patel,user5299@example.com,9876505299,Female,2016-06-21,Hyderabad,47034
6301,Amit,Patel,invalid@,,,1974-11-18,Bangalore,54583
6302,Amit,Patel,user5301@example.com,9876505301,Male,1995-09-26,Mumbai,84882
6303,Kavya,Sharma,user5302@example.com,9876505302,,1982-01-30,Mumbai,29477
6304,Vijay,Gupta,user5303@example.com,9876505303,,2010-05-10,Delhi,74733
6305,Anjali,Reddy,user5304@example.com,9876505304,,2011-04-23,Bangalore,61434
6306,Vijay,Rao,user5305@example.com,9876505305,Male,2009-12-20,Delhi,50102
6307,Priya,Reddy,user5306@example.com,9876505306,,1999-01-25,Chennai,59674
6308,Sameer,Reddy,user5307@example.com,9876505307,,2050-01-01,Hyderabad,97407
6309,Arjun,Mehta,user5308@example.com,9876505308,Other,1971-04-16,Ahmedabad,30524
6310,Neha,Gupta,user5309@example.com,9876505309,Female,2003-02-18,Chennai,40626
6311,Sameer,Kumar,user5310@example.com,9876505310,Female,1983-03-21,Delhi,262395
6312,Arjun,Gupta,user5311@example.com,9876505311,Female,1983-11-16,Ahmedabad,56239
6313,Sameer,Kumar,user5312@example.com,9876505312,Male,1998-03-01,Mumbai,52507
6314,Neha,Rao,user5313@example.com,9876505313,Other,1978-03-14,Hyderabad,68211
6315,Sneha,Mehta,user5314@example.com,9876505314,Other,2018-06-15,Hyderabad,55410
6316,Vijay,Sharma,user5315@example.com,9876505315,Other,invalid,Chennai,74019
6317,Sameer,Patel,user5316@example.com,9876505316,Other,1991-09-22,Delhi,49245
6318,Priya,Mehta,user5317@example.com,9876505317,Other,2008-04-02,Chennai,106948
6319,Anjali,Sharma,user5318@example.com,9876505318,,2008-03-01,Bangalore,77299
6320,Rakesh,Mehta,user5319@example.com,9876505319,Other,1970-10-10,Hyderabad,75313
6321,Priya,Sharma,,9876505320,Other,1990-11-01,Delhi,77530
6322,Neha,Mehta,user5321@example.com,9876505321,Male,2009-07-03,Ahmedabad,44080
6323,Anjali,Gupta,user5322@example.com,9876505322,Male,2002-06-02,Hyderabad,60065
6324,Priya,Gupta,user5323@example.com,9876505323,Other,2018-09-08,Pune,60930
6325,Amit,Gupta,user5324@example.com,9876505324,,1977-06-26,Chennai,55560
6326,Vijay,Patel,user5325@example.com,123,Other,1981-02-19,Kolkata,-1000
6327,Anjali,Joshi,user5326@example.com,9876505326,Other,2000-06-19,Chennai,81585
6328,Amit,Verma,user5327@example.com,9876505327,Other,2002-11-19,Kolkata,63825
6329,Priya,Kumar,user5328@example.com,9876505328,,1978-11-13,Bangalore,70991
6330,Arjun,Gupta,user5329@example.com,9876505329,,1997-04-13,Ahmedabad,31222
6331,Kavya,Joshi,user5330@example.com,9876505330,Female,1989-09-28,Chennai,30033
6332,Arjun,Kumar,user5331@example.com,9876505331,Other,1972-02-27,Kolkata,46121
6333,Vijay,Mehta,user5332@example.com,9876505332,Female,2012-12-25,Pune,97789
6334,Anjali,Rao,user5333@example.com,9876505333,,2050-01-01,Chennai,105171
6335,Anjali,Sharma,user5334@example.com,9876505334,Other,2004-03-11,Bangalore,84660
6336,Vijay,Joshi,user5335@example.com,9876505335,Female,2011-01-28,Pune,57113
6337,Amit,Reddy,user5336@example.com,9876505336,Female,1982-09-18,Mumbai,73530
6338,Kavya,Singh,user5337@example.com,9876505337,,2050-01-01,Mumbai,90243
6339,Priya,Joshi,user5338@example.com,9876505338,Other,1979-05-04,Chennai,102088
6340,Neha,Gupta,user5339@example.com,9876505339,,1973-09-20,Delhi,41999
6341,Arjun,Gupta,invalid@,9876505340,,2002-04-19,Delhi,690820
6342,Arjun,Joshi,user5341@example.com,9876505341,,2000-08-16,Delhi,58548
6343,Rakesh,Sharma,user5342@example.com,9876505342,Other,2012-10-18,Delhi,76721
6344,Kavya,Kumar,user5343@example.com,9876505343,Female,1998-07-26,Kolkata,66045
6345,Neha,Mehta,user5344@example.com,9876505344,,2016-04-30,Hyderabad,44993
6346,Arjun,Singh,user5345@example.com,9876505345,,1982-07-13,Chennai,72896
6347,Neha,Mehta,user5346@example.com,9876505346,,1991-08-17,Pune,51068
6348,Priya,Patel,user5347@example.com,9876505347,Male,2018-07-22,Bangalore,64292
6349,Anjali,Sharma,user5348@example.com,9876505348,Other,1995-01-06,Bangalore,65251
6350,Neha,Gupta,user5349@example.com,9876505349,Male,2008-12-03,Kolkata,98740
6351,Arjun,Patel,user5350@example.com,,,2003-12-12,Delhi,71413
6352,Amit,Mehta,user5351@example.com,9876505351,,2008-04-25,Mumbai,63215
6353,Kavya,Mehta,user5352@example.com,9876505352,,1994-10-04,Ahmedabad,79485
6354,Vijay,Singh,user5353@example.com,9876505353,Male,1995-02-26,Delhi,47316
6355,Sameer,Verma,user5354@example.com,9876505354,Female,1988-05-20,Delhi,67019
6356,Sneha,Mehta,user5355@example.com,9876505355,Other,2009-02-12,Chennai,-1000
6357,Sneha,Kumar,user5356@example.com,9876505356,Female,2005-06-19,Kolkata,76776
6358,Sameer,Kumar,user5357@example.com,9876505357,Female,1993-05-21,Mumbai,54408
6359,Neha,Joshi,user5358@example.com,9876505358,Other,2019-01-25,Ahmedabad,72278
6360,Kavya,Singh,user5359@example.com,9876505359,,2000-07-31,Pune,78606
6361,Neha,Singh,,9876505360,,1990-03-18,Pune,46897
6362,Vijay,Gupta,user5361@example.com,9876505361,,1976-06-24,Ahmedabad,52917
6363,Kavya,Mehta,user5362@example.com,9876505362,,2006-12-12,Ahmedabad,58551
6364,Sameer,Verma,user5363@example.com,9876505363,Male,1989-03-30,Kolkata,111590
6365,Neha,Reddy,user5364@example.com,9876505364,Female,1998-07-21,Pune,50040
6366,Rakesh,Patel,user5365@example.com,9876505365,Female,2000-11-25,Delhi,71502
6367,Arjun,Singh,user5366@example.com,9876505366,Female,1986-07-17,Kolkata,57938
6368,Amit,Joshi,user5367@example.com,9876505367,,1981-06-06,Hyderabad,46249
6369,Anjali,Joshi,user5368@example.com,9876505368,,1972-07-12,Delhi,78958
6370,Amit,Mehta,user5369@example.com,9876505369,,2016-07-20,Chennai,36783
6371,Vijay,Mehta,user5370@example.com,9876505370,Other,1979-01-17,Mumbai,938705
6372,Neha,Reddy,user5371@example.com,9876505371,,2008-01-07,Ahmedabad,44213
6373,Priya,Rao,user5372@example.com,9876505372,Male,1995-04-19,Delhi,51689
6374,Kavya,Rao,user5373@example.com,9876505373,Male,1997-01-29,Delhi,76437
6375,Neha,Mehta,user5374@example.com,9876505374,,1990-10-23,Mumbai,80050
6376,Kavya,Sharma,user5375@example.com,123,,1992-03-28,Ahmedabad,69666
6377,Anjali,Kumar,user5376@example.com,9876505376,,2015-01-31,Mumbai,54343
6378,Rakesh,Kumar,user5377@example.com,9876505377,,2015-02-10,Mumbai,33131
6379,Amit,Reddy,user5378@example.com,9876505378,Male,1990-03-12,Pune,63201
6380,Arjun,Reddy,user5379@example.com,9876505379,,1991-06-17,Mumbai,47999
6381,Anjali,Gupta,invalid@,9876505380,Male,2018-11-16,Kolkata,113241
6382,Anjali,Verma,user5381@example.com,9876505381,,2011-08-02,Kolkata,67660
6383,Amit,Joshi,user5382@example.com,9876505382,,2002-11-18,Kolkata,39216
6384,Anjali,Kumar,user5383@example.com,9876505383,Other,1985-01-11,Ahmedabad,58355
6385,Priya,Sharma,user5384@example.com,9876505384,,1994-08-06,Delhi,80159
6386,Priya,Mehta,user5385@example.com,9876505385,,1971-04-21,Delhi,-1000
6387,Sneha,Singh,user5386@example.com,9876505386,,1993-10-22,Pune,58813
6388,Sneha,Sharma,user5387@example.com,9876505387,Female,1970-08-19,Ahmedabad,62627
6389,Priya,Gupta,user5388@example.com,9876505388,Female,1989-03-23,Kolkata,76295
6390,Sameer,Sharma,user5389@example.com,9876505389,Male,1996-10-09,Delhi,46286
6391,Rakesh,Singh,user5390@example.com,9876505390,Other,2000-11-21,Mumbai,71945
6392,Kavya,Patel,user5391@example.com,9876505391,Female,2015-11-28,Kolkata,70713
6393,Rakesh,Rao,user5392@example.com,9876505392,Other,2001-02-02,Kolkata,75671
6394,Vijay,Patel,user5393@example.com,9876505393,,1999-01-10,Bangalore,64223
6395,Anjali,Joshi,user5394@example.com,9876505394,Male,2016-12-09,Kolkata,33708
6396,Arjun,Joshi,user5395@example.com,9876505395,Other,1984-05-10,Bangalore,69555
6397,Anjali,Kumar,user5396@example.com,9876505396,Female,2017-06-09,Hyderabad,47479
6398,Rakesh,Singh,user5397@example.com,9876505397,,2018-05-29,Kolkata,99517
6399,Priya,Joshi,user5398@example.com,9876505398,,1999-01-03,Hyderabad,100089
6400,Amit,Reddy,user5399@example.com,9876505399,,1982-01-14,Kolkata,42103
6401,Vijay,Kumar,,,Female,2016-07-10,Kolkata,478993
6402,Priya,Gupta,user5401@example.com,9876505401,Female,1972-05-31,Bangalore,18842
6403,Rakesh,Kumar,user5402@example.com,9876505402,,1998-08-04,Bangalore,79708
6404,Amit,Patel,user5403@example.com,9876505403,,2050-01-01,Hyderabad,53538
6405,Arjun,Mehta,user5404@example.com,9876505404,Other,2005-09-16,Mumbai,70412
6406,Rakesh,Reddy,user5405@example.com,9876505405,Other,2006-12-12,Delhi,54216
6407,Kavya,Reddy,user5406@example.com,9876505406,,2050-01-01,Hyderabad,32957
6408,Neha,Verma,user5407@example.com,9876505407,Other,1975-06-18,Pune,69212
6409,Amit,Reddy,user5408@example.com,9876505408,,2014-04-13,Hyderabad,90775
6410,Rakesh,Reddy,user5409@example.com,9876505409,,2018-06-25,Mumbai,64439
6411,Priya,Patel,user5410@example.com,9876505410,Female,1991-04-09,Delhi,44461
6412,Kavya,Sharma,user5411@example.com,9876505411,Male,2004-04-01,Ahmedabad,62036
6413,Sameer,Reddy,user5412@example.com,9876505412,Female,1972-10-08,Delhi,75265
6414,Amit,Mehta,user5413@example.com,9876505413,Other,2016-09-28,Delhi,60963
6415,Kavya,Rao,user5414@example.com,9876505414,Male,1981-02-20,Delhi,43028
6416,Priya,Patel,user5415@example.com,9876505415,,1979-06-10,Mumbai,-1000
6417,Rakesh,Patel,user5416@example.com,9876505416,Other,2013-08-31,Delhi,34749
6418,Anjali,Sharma,user5417@example.com,9876505417,,1998-01-10,Kolkata,110492
6419,Arjun,Verma,user5418@example.com,9876505418,Other,1976-09-28,Hyderabad,63143
6420,Anjali,Sharma,user5419@example.com,9876505419,Male,1984-01-11,Delhi,82944
6421,Neha,Kumar,invalid@,9876505420,Male,1981-06-10,Hyderabad,69304
6422,Kavya,Rao,user5421@example.com,9876505421,,2006-05-08,Ahmedabad,47446
6423,Neha,Joshi,user5422@example.com,9876505422,,2010-08-07,Ahmedabad,91577
6424,Arjun,Gupta,user5423@example.com,9876505423,,1986-11-02,Bangalore,77318
6425,Kavya,Joshi,user5424@example.com,9876505424,,2000-08-25,Chennai,63088
6426,Sneha,Verma,user5425@example.com,123,,1986-03-14,Hyderabad,79553
6427,Priya,Verma,user5426@example.com,9876505426,,1982-06-13,Hyderabad,62253
6428,Kavya,Reddy,user5427@example.com,9876505427,Other,2012-01-22,Hyderabad,20977
6429,Priya,Sharma,user5428@example.com,9876505428,Female,1979-03-14,Mumbai,30787
6430,Anjali,Kumar,user5429@example.com,9876505429,,2003-03-23,Delhi,64558
6431,Vijay,Reddy,user5430@example.com,9876505430,Male,2001-06-15,Bangalore,586468
6432,Amit,Singh,user5431@example.com,9876505431,,1990-10-27,Bangalore,63209
6433,Vijay,Kumar,user5432@example.com,9876505432,Other,2004-03-24,Mumbai,58197
6434,Rakesh,Verma,user5433@example.com,9876505433,,1980-12-28,Chennai,42567
6435,Amit,Verma,user5434@example.com,9876505434,Other,1972-06-18,Bangalore,37347
6436,Amit,Patel,user5435@example.com,9876505435,,1973-04-04,Bangalore,48084
6437,Sameer,Singh,user5436@example.com,9876505436,Male,1971-10-15,Mumbai,80085
6438,Amit,Reddy,user5437@example.com,9876505437,,1972-09-09,Pune,48657
6439,Arjun,Verma,user5438@example.com,9876505438,,1971-07-30,Bangalore,85842
6440,Vijay,Singh,user5439@example.com,9876505439,Other,1993-05-04,Ahmedabad,44267
6441,Anjali,Rao,,9876505440,,1981-10-17,Kolkata,88702
6442,Priya,Gupta,user5441@example.com,9876505441,Female,1988-06-28,Bangalore,54688
6443,Rakesh,Sharma,user5442@example.com,9876505442,,1998-06-28,Mumbai,58839
6444,Amit,Verma,user5443@example.com,9876505443,Male,1998-05-19,Mumbai,59012
6445,Rakesh,Rao,user5444@example.com,9876505444,,2002-12-04,Chennai,76642
6446,Anjali,Kumar,user5445@example.com,9876505445,,2050-01-01,Kolkata,-1000
6447,Rakesh,Sharma,user5446@example.com,9876505446,Female,2017-09-30,Pune,67783
6448,Anjali,Singh,user5447@example.com,9876505447,Female,1986-07-02,Pune,63382
6449,Amit,Sharma,user5448@example.com,9876505448,,1973-08-17,Chennai,53612
6450,Anjali,Joshi,user5449@example.com,9876505449,,2012-02-10,Chennai,86938
6451,Amit,Patel,user5450@example.com,,,1979-11-05,Ahmedabad,66719
6452,Sameer,Singh,user5451@example.com,9876505451,Other,2006-06-19,Hyderabad,76483
6453,Sameer,Rao,user5452@example.com,9876505452,Other,1975-02-26,Kolkata,69002
6454,Anjali,Verma,user5453@example.com,9876505453,Male,2007-09-10,Ahmedabad,56568
6455,Sameer,Singh,user5454@example.com,9876505454,Male,1973-02-27,Bangalore,112907
6456,Priya,Mehta,user5455@example.com,9876505455,Other,2015-08-13,Pune,89602
6457,Priya,Joshi,user5456@example.com,9876505456,Male,1984-10-18,Ahmedabad,54197
6458,Sameer,Rao,user5457@example.com,9876505457,,1984-06-28,Bangalore,106051
6459,Sameer,Kumar,user5458@example.com,9876505458,Female,1998-08-06,Delhi,83547
6460,Sneha,Mehta,user5459@example.com,9876505459,,2000-10-13,Bangalore,43140
6461,Sneha,Singh,invalid@,9876505460,Other,2006-04-04,Kolkata,826399
6462,Amit,Patel,user5461@example.com,9876505461,,1999-01-08,Ahmedabad,73323
6463,Anjali,Mehta,user5462@example.com,9876505462,,2015-09-12,Hyderabad,68311
6464,Neha,Sharma,user5463@example.com,9876505463,Other,2017-04-11,Kolkata,85294
6465,Neha,Singh,user5464@example.com,9876505464,,1988-03-30,Bangalore,71816
6466,Sameer,Rao,user5465@example.com,9876505465,Male,2011-08-27,Kolkata,24802
6467,Rakesh,Singh,user5466@example.com,9876505466,Male,1986-12-12,Kolkata,37931
6468,Sameer,Patel,user5467@example.com,9876505467,,1979-10-30,Delhi,47888
6469,Sneha,Gupta,user5468@example.com,9876505468,Other,2014-06-18,Hyderabad,104911
6470,Amit,Sharma,user5469@example.com,9876505469,Other,1979-12-21,Hyderabad,78033
6471,Sameer,Verma,user5470@example.com,9876505470,Female,1990-02-01,Ahmedabad,75822
6472,Vijay,Singh,user5471@example.com,9876505471,,2012-05-21,Bangalore,67157
6473,Rakesh,Patel,user5472@example.com,9876505472,Other,2009-10-25,Ahmedabad,46568
6474,Vijay,Mehta,user5473@example.com,9876505473,Female,1975-12-03,Chennai,35927
6475,Amit,Mehta,user5474@example.com,9876505474,Male,2009-11-26,Chennai,84915
6476,Amit,Rao,user5475@example.com,123,,1984-02-24,Bangalore,-1000
6477,Priya,Sharma,user5476@example.com,9876505476,,2000-01-19,Mumbai,78550
6478,Kavya,Mehta,user5477@example.com,9876505477,Other,2015-04-13,Ahmedabad,55183
6479,Vijay,Verma,user5478@example.com,9876505478,Other,invalid,Hyderabad,56820
6480,Priya,Gupta,user5479@example.com,9876505479,,1993-09-09,Ahmedabad,78862
6481,Sneha,Gupta,,9876505480,Male,2018-09-06,Chennai,62668
6482,Arjun,Rao,user5481@example.com,9876505481,Male,2006-12-31,Chennai,61853
6483,Rakesh,Singh,user5482@example.com,9876505482,Female,1988-08-11,Kolkata,54229
6484,Arjun,Mehta,user5483@example.com,9876505483,Female,1988-01-21,Ahmedabad,51733
6485,Anjali,Patel,user5484@example.com,9876505484,,1975-02-11,Ahmedabad,62593
6486,Sneha,Kumar,user5485@example.com,9876505485,Male,1971-07-31,Chennai,33325
6487,Sneha,Gupta,user5486@example.com,9876505486,Female,1989-11-20,Bangalore,77386
6488,Arjun,Reddy,user5487@example.com,9876505487,Male,2008-12-18,Hyderabad,27656
6489,Vijay,Rao,user5488@example.com,9876505488,Male,1980-04-22,Pune,86307
6490,Kavya,Singh,user5489@example.com,9876505489,Female,1971-04-02,Kolkata,54446
6491,Vijay,Joshi,user5490@example.com,9876505490,Other,1978-07-08,Bangalore,626212
6492,Arjun,Rao,user5491@example.com,9876505491,Other,1983-06-09,Hyderabad,76160
6493,Anjali,Patel,user5492@example.com,9876505492,Female,1983-08-09,Delhi,59241
6494,Vijay,Kumar,user5493@example.com,9876505493,,2008-11-19,Mumbai,50231
6495,Neha,Reddy,user5494@example.com,9876505494,,1981-03-07,Hyderabad,70728
6496,Vijay,Gupta,user5495@example.com,9876505495,Male,2015-02-26,Bangalore,108966
6497,Amit,Sharma,user5496@example.com,9876505496,,1973-05-16,Bangalore,80756
6498,Priya,Reddy,user5497@example.com,9876505497,Female,1971-07-31,Ahmedabad,49841
6499,Rakesh,Gupta,user5498@example.com,9876505498,Male,2050-01-01,Kolkata,57959
6500,Vijay,Joshi,user5499@example.com,9876505499,,invalid,Delhi,55454
6501,Kavya,Joshi,invalid@,,Other,2012-04-17,Kolkata,44367
6502,Kavya,Gupta,user5501@example.com,9876505501,,1985-11-27,Ahmedabad,76997
6503,Vijay,Sharma,user5502@example.com,9876505502,,2007-03-01,Hyderabad,58479
6504,Sameer,Rao,user5503@example.com,9876505503,,2015-11-15,Chennai,71355
6505,Sneha,Sharma,user5504@example.com,9876505504,Other,2015-02-15,Kolkata,12703
6506,Vijay,Mehta,user5505@example.com,9876505505,,2050-01-01,Ahmedabad,-1000
6507,Sneha,Gupta,user5506@example.com,9876505506,Female,1992-05-01,Hyderabad,53159
6508,Neha,Gupta,user5507@example.com,9876505507,Male,1998-02-28,Pune,44894
6509,Arjun,Sharma,user5508@example.com,9876505508,Other,1998-02-13,Mumbai,38246
6510,Neha,Verma,user5509@example.com,9876505509,,1996-04-11,Hyderabad,46602
6511,Vijay,Verma,user5510@example.com,9876505510,,2014-07-19,Hyderabad,56442
6512,Kavya,Patel,user5511@example.com,9876505511,Other,1983-03-05,Pune,82774
6513,Sameer,Verma,user5512@example.com,9876505512,Female,1991-06-07,Hyderabad,56125
6514,Anjali,Joshi,user5513@example.com,9876505513,Female,1999-12-12,Ahmedabad,84654
6515,Sneha,Mehta,user5514@example.com,9876505514,,2017-07-09,Mumbai,70843
6516,Priya,Gupta,user5515@example.com,9876505515,Other,1991-05-17,Bangalore,101386
6517,Sneha,Reddy,user5516@example.com,9876505516,Other,1978-01-02,Kolkata,54981
6518,Amit,Joshi,user5517@example.com,9876505517,Male,1983-09-11,Delhi,73274
6519,Rakesh,Patel,user5518@example.com,9876505518,,2017-01-26,Hyderabad,89976
6520,Vijay,Kumar,user5519@example.com,9876505519,Female,1990-06-21,Pune,77606
6521,Neha,Mehta,,9876505520,,2005-04-13,Delhi,615942
6522,Priya,Verma,user5521@example.com,9876505521,Female,1986-04-30,Ahmedabad,55248
6523,Kavya,Singh,user5522@example.com,9876505522,Female,1986-04-02,Mumbai,26126
6524,Kavya,Rao,user5523@example.com,9876505523,,2015-10-03,Chennai,60208
6525,Kavya,Reddy,user5524@example.com,9876505524,,2016-09-22,Kolkata,46551
6526,Anjali,Gupta,user5525@example.com,123,Male,2001-07-20,Kolkata,54165
6527,Amit,Kumar,user5526@example.com,9876505526,Female,1970-05-04,Hyderabad,66033
6528,Kavya,Rao,user5527@example.com,9876505527,Female,1972-01-24,Bangalore,33778
6529,Kavya,Sharma,user5528@example.com,9876505528,,1992-03-20,Mumbai,45143
6530,Vijay,Sharma,user5529@example.com,9876505529,,1974-05-26,Chennai,72747
6531,Amit,Mehta,user5530@example.com,9876505530,Other,1987-11-13,Delhi,39699
6532,Sameer,Mehta,user5531@example.com,9876505531,,1979-10-19,Delhi,64095
6533,Sameer,Mehta,user5532@example.com,9876505532,,2012-05-08,Bangalore,36966
6534,Amit,Joshi,user5533@example.com,9876505533,Female,1978-01-17,Chennai,75526
6535,Rakesh,Joshi,user5534@example.com,9876505534,Male,2014-03-28,Chennai,78141
6536,Anjali,Sharma,user5535@example.com,9876505535,Female,1997-09-14,Bangalore,-1000
6537,Priya,Mehta,user5536@example.com,9876505536,,2007-12-28,Mumbai,89903
6538,Sneha,Reddy,user5537@example.com,9876505537,Other,1976-08-24,Pune,70483
6539,Vijay,Patel,user5538@example.com,9876505538,Male,2008-09-28,Mumbai,29766
6540,Arjun,Mehta,user5539@example.com,9876505539,Other,1996-07-24,Kolkata,65041
6541,Sameer,Gupta,invalid@,9876505540,,2014-10-10,Delhi,74158
6542,Amit,Reddy,user5541@example.com,9876505541,Other,1986-02-12,Hyderabad,67418
6543,Priya,Gupta,user5542@example.com,9876505542,Other,2007-06-08,Mumbai,98255
6544,Amit,Singh,user5543@example.com,9876505543,,2009-09-21,Hyderabad,90953
6545,Sneha,Sharma,user5544@example.com,9876505544,,2000-02-15,Ahmedabad,65524
6546,Priya,Mehta,user5545@example.com,9876505545,,1995-09-19,Mumbai,79915
6547,Sameer,Verma,user5546@example.com,9876505546,,1984-02-25,Kolkata,35672
6548,Kavya,Rao,user5547@example.com,9876505547,,2006-10-01,Mumbai,68783
6549,Amit,Mehta,user5548@example.com,9876505548,Other,1978-12-26,Chennai,39723
6550,Arjun,Patel,user5549@example.com,9876505549,,2008-07-11,Kolkata,61418
6551,Sameer,Singh,user5550@example.com,,,1994-02-14,Hyderabad,514253
6552,Neha,Mehta,user5551@example.com,9876505551,,1983-07-26,Kolkata,51975
6553,Arjun,Rao,user5552@example.com,9876505552,,1980-03-12,Ahmedabad,48751
6554,Rakesh,Rao,user5553@example.com,9876505553,Female,1974-08-14,Hyderabad,56997
6555,Anjali,Joshi,user5554@example.com,9876505554,Female,2010-10-09,Delhi,53562
6556,Sameer,Patel,user5555@example.com,9876505555,Male,2019-04-04,Bangalore,77666
6557,Kavya,Patel,user5556@example.com,9876505556,Female,2005-05-21,Mumbai,59711
6558,Sameer,Reddy,user5557@example.com,9876505557,,2013-11-14,Pune,64088
6559,Sneha,Verma,user5558@example.com,9876505558,,1981-08-10,Chennai,70821
6560,Priya,Patel,user5559@example.com,9876505559,Male,1993-05-25,Chennai,70757
6561,Amit,Singh,,9876505560,Female,2015-08-17,Bangalore,43622
6562,Priya,Verma,user5561@example.com,9876505561,Other,2007-04-30,Pune,59713
6563,Priya,Joshi,user5562@example.com,9876505562,Male,2001-09-04,Mumbai,69744
6564,Sameer,Patel,user5563@example.com,9876505563,,1983-07-04,Pune,47382
6565,Sneha,Joshi,user5564@example.com,9876505564,,2014-05-15,Chennai,45123
6566,Amit,Rao,user5565@example.com,9876505565,,2015-12-04,Hyderabad,-1000
6567,Amit,Mehta,user5566@example.com,9876505566,,1984-03-11,Bangalore,69040
6568,Priya,Patel,user5567@example.com,9876505567,Other,1975-08-16,Pune,59123
6569,Rakesh,Rao,user5568@example.com,9876505568,Other,1983-09-18,Pune,61973
6570,Anjali,Mehta,user5569@example.com,9876505569,,1992-11-20,Bangalore,29396
6571,Sneha,Mehta,user5570@example.com,9876505570,Female,2010-03-22,Hyderabad,66418
6572,Rakesh,Rao,user5571@example.com,9876505571,,2005-12-20,Kolkata,67411
6573,Vijay,Gupta,user5572@example.com,9876505572,Female,1975-12-07,Bangalore,70268
6574,Vijay,Verma,user5573@example.com,9876505573,,1992-03-12,Bangalore,93842
6575,Arjun,Gupta,user5574@example.com,9876505574,,2004-02-13,Chennai,49805
6576,Priya,Sharma,user5575@example.com,123,Female,2000-08-29,Hyderabad,74755
6577,Amit,Kumar,user5576@example.com,9876505576,,2015-05-15,Bangalore,71689
6578,Sameer,Mehta,user5577@example.com,9876505577,Other,2003-07-05,Ahmedabad,74105
6579,Amit,Reddy,user5578@example.com,9876505578,Other,1977-03-30,Mumbai,58791
6580,Amit,Verma,user5579@example.com,9876505579,Male,2009-10-28,Chennai,80270
6581,Kavya,Mehta,invalid@,9876505580,,2006-05-28,Kolkata,504129
6582,Amit,Singh,user5581@example.com,9876505581,Female,2018-03-10,Bangalore,55605
6583,Arjun,Reddy,user5582@example.com,9876505582,,1982-09-02,Delhi,61295
6584,Rakesh,Sharma,user5583@example.com,9876505583,Male,2000-08-22,Pune,60411
6585,Vijay,Sharma,user5584@example.com,9876505584,,1973-04-20,Bangalore,72472
6586,Amit,Singh,user5585@example.com,9876505585,,1988-05-09,Bangalore,70205
6587,Amit,Rao,user5586@example.com,9876505586,,2015-06-25,Mumbai,70376
6588,Kavya,Verma,user5587@example.com,9876505587,Female,2005-04-28,Bangalore,91435
6589,Sneha,Joshi,user5588@example.com,9876505588,Other,1975-11-07,Chennai,60841
6590,Sameer,Verma,user5589@example.com,9876505589,Male,2002-08-24,Ahmedabad,86124
6591,Sneha,Reddy,user5590@example.com,9876505590,Female,1989-01-19,Delhi,43709
6592,Sameer,Gupta,user5591@example.com,9876505591,,2015-07-17,Delhi,62434
6593,Anjali,Joshi,user5592@example.com,9876505592,Female,1976-03-22,Kolkata,63659
6594,Amit,Sharma,user5593@example.com,9876505593,,1978-04-07,Hyderabad,38834
6595,Kavya,Sharma,user5594@example.com,9876505594,,2050-01-01,Bangalore,65900
6596,Neha,Rao,user5595@example.com,9876505595,,1976-01-25,Hyderabad,-1000
6597,Priya,Kumar,user5596@example.com,9876505596,Female,1975-11-28,Mumbai,76946
6598,Vijay,Verma,user5597@example.com,9876505597,Other,invalid,Chennai,74642
6599,Rakesh,Rao,user5598@example.com,9876505598,,1970-10-24,Chennai,39450
6600,Vijay,Reddy,user5599@example.com,9876505599,,1975-04-12,Bangalore,88918
6601,Rakesh,Joshi,,,Other,2009-11-30,Pune,55750
6602,Anjali,Singh,user5601@example.com,9876505601,Female,2007-02-10,Chennai,52903
6603,Sneha,Mehta,user5602@example.com,9876505602,Other,1990-04-27,Chennai,74805
6604,Arjun,Gupta,user5603@example.com,9876505603,Female,1973-12-28,Hyderabad,82021
6605,Amit,Reddy,user5604@example.com,9876505604,,1979-09-17,Chennai,55557
6606,Neha,Mehta,user5605@example.com,9876505605,Male,2007-12-07,Delhi,64113
6607,Rakesh,Verma,user5606@example.com,9876505606,Male,2006-06-16,Chennai,83222
6608,Priya,Singh,user5607@example.com,9876505607,,1990-02-26,Hyderabad,46387
6609,Rakesh,Sharma,user5608@example.com,9876505608,Other,1980-01-13,Pune,9028
6610,Arjun,Rao,user5609@example.com,9876505609,Female,1990-12-16,Ahmedabad,75754
6611,Vijay,Joshi,user5610@example.com,9876505610,Male,2015-02-13,Delhi,833001
6612,Kavya,Rao,user5611@example.com,9876505611,Female,1996-02-25,Delhi,33113
6613,Vijay,Joshi,user5612@example.com,9876505612,,1986-10-24,Ahmedabad,64595
6614,Anjali,Kumar,user5613@example.com,9876505613,Other,2018-07-24,Hyderabad,55039
6615,Kavya,Kumar,user5614@example.com,9876505614,Female,2019-01-30,Pune,67572
6616,Vijay,Rao,user5615@example.com,9876505615,Other,2008-08-03,Bangalore,23630
6617,Priya,Joshi,user5616@example.com,9876505616,Male,2017-02-17,Hyderabad,39653
6618,Vijay,Joshi,user5617@example.com,9876505617,Female,2019-04-03,Kolkata,73974
6619,Priya,Mehta,user5618@example.com,9876505618,,2002-11-11,Mumbai,62335
6620,Priya,Rao,user5619@example.com,9876505619,Male,1991-09-25,Pune,95090
6621,Kavya,Patel,invalid@,9876505620,Other,2005-03-08,Ahmedabad,76770
6622,Sneha,Verma,user5621@example.com,9876505621,,1987-11-04,Kolkata,45739
6623,Sameer,Sharma,user5622@example.com,9876505622,,2015-06-19,Chennai,79388
6624,Amit,Kumar,user5623@example.com,9876505623,Female,1987-10-12,Chennai,99168
6625,Rakesh,Patel,user5624@example.com,9876505624,Male,1981-04-10,Ahmedabad,63554
6626,Sameer,Kumar,user5625@example.com,123,Female,1984-10-22,Chennai,-1000
6627,Arjun,Singh,user5626@example.com,9876505626,Female,1972-01-24,Ahmedabad,81507
6628,Sneha,Kumar,user5627@example.com,9876505627,,2004-03-24,Kolkata,61663
6629,Sameer,Reddy,user5628@example.com,9876505628,,1973-04-03,Delhi,22696
6630,Kavya,Kumar,user5629@example.com,9876505629,,2009-08-19,Bangalore,76117
6631,Arjun,Mehta,user5630@example.com,9876505630,,1993-07-19,Hyderabad,80995
6632,Neha,Patel,user5631@example.com,9876505631,,1999-03-27,Delhi,94263
6633,Sneha,Singh,user5632@example.com,9876505632,Other,1972-03-07,Delhi,42995
6634,Sameer,Joshi,user5633@example.com,9876505633,,2009-04-14,Delhi,43918
6635,Arjun,Joshi,user5634@example.com,9876505634,Male,2010-08-15,Ahmedabad,51218
6636,Neha,Singh,user5635@example.com,9876505635,Female,1984-02-02,Hyderabad,61641
6637,Vijay,Gupta,user5636@example.com,9876505636,,2017-03-19,Pune,75767
6638,Arjun,Rao,user5637@example.com,9876505637,Male,1981-06-03,Hyderabad,42577
6639,Kavya,Gupta,user5638@example.com,9876505638,,1992-05-20,Kolkata,83985
6640,Vijay,Patel,user5639@example.com,9876505639,Male,2015-11-10,Hyderabad,82976
6641,Kavya,Kumar,,9876505640,Male,1974-02-23,Mumbai,835474
6642,Sameer,Joshi,user5641@example.com,9876505641,,2012-04-21,Mumbai,58793
6643,Amit,Mehta,user5642@example.com,9876505642,,1983-07-08,Bangalore,20299
6644,Sameer,Gupta,user5643@example.com,9876505643,Female,2012-10-12,Bangalore,97025
6645,Vijay,Kumar,user5644@example.com,9876505644,,2016-03-22,Hyderabad,53142
6646,Priya,Sharma,user5645@example.com,9876505645,Male,2001-04-21,Hyderabad,79352
6647,Sameer,Rao,user5646@example.com,9876505646,Other,1973-10-01,Ahmedabad,67433
6648,Vijay,Singh,user5647@example.com,9876505647,Other,2008-07-08,Mumbai,87574
6649,Arjun,Kumar,user5648@example.com,9876505648,Female,1994-05-05,Pune,63974
6650,Anjali,Rao,user5649@example.com,9876505649,Other,1992-03-22,Ahmedabad,66375
6651,Sameer,Rao,user5650@example.com,,Female,1999-11-24,Bangalore,68598
6652,Arjun,Joshi,user5651@example.com,9876505651,,1999-04-04,Ahmedabad,73351
6653,Kavya,Joshi,user5652@example.com,9876505652,Female,1984-09-08,Hyderabad,40293
6654,Sneha,Patel,user5653@example.com,9876505653,,invalid,Bangalore,102512
6655,Amit,Sharma,user5654@example.com,9876505654,,2003-02-03,Mumbai,63586
6656,Kavya,Singh,user5655@example.com,9876505655,,2001-03-08,Kolkata,-1000
6657,Kavya,Rao,user5656@example.com,9876505656,,2016-02-24,Hyderabad,95317
6658,Vijay,Patel,user5657@example.com,9876505657,,1986-08-29,Ahmedabad,64843
6659,Priya,Reddy,user5658@example.com,9876505658,,1995-11-23,Hyderabad,45079
6660,Rakesh,Gupta,user5659@example.com,9876505659,,1973-01-16,Delhi,44443
6661,Anjali,Verma,invalid@,9876505660,,1971-08-21,Hyderabad,56005
6662,Priya,Rao,user5661@example.com,9876505661,,2001-03-27,Chennai,71666
6663,Vijay,Patel,user5662@example.com,9876505662,,2018-07-26,Kolkata,73758
6664,Amit,Sharma,user5663@example.com,9876505663,,1991-07-27,Bangalore,87597
6665,Anjali,Joshi,user5664@example.com,9876505664,Female,2003-03-27,Delhi,34267
6666,Anjali,Rao,user5665@example.com,9876505665,,2001-04-15,Bangalore,69434
6667,Vijay,Rao,user5666@example.com,9876505666,Other,1999-11-01,Kolkata,77313
6668,Neha,Kumar,user5667@example.com,9876505667,Male,1976-07-17,Hyderabad,76563
6669,Kavya,Sharma,user5668@example.com,9876505668,,2050-01-01,Delhi,16662
6670,Sneha,Singh,user5669@example.com,9876505669,,1981-02-27,Mumbai,57560
6671,Neha,Joshi,user5670@example.com,9876505670,,2016-02-16,Kolkata,812744
6672,Vijay,Rao,user5671@example.com,9876505671,Male,2010-07-07,Kolkata,48750
6673,Neha,Gupta,user5672@example.com,9876505672,Male,2017-10-17,Mumbai,41274
6674,Sneha,Joshi,user5673@example.com,9876505673,,1984-11-29,Pune,76277
6675,Vijay,Gupta,user5674@example.com,9876505674,,2016-02-26,Pune,70983
6676,Vijay,Verma,user5675@example.com,123,Female,1983-08-24,Pune,69609
6677,Anjali,Singh,user5676@example.com,9876505676,Male,1972-07-27,Ahmedabad,52074
6678,Neha,Verma,user5677@example.com,9876505677,,2010-04-04,Hyderabad,38706
6679,Arjun,Rao,user5678@example.com,9876505678,Male,2018-06-12,Kolkata,83988
6680,Sameer,Kumar,user5679@example.com,9876505679,Female,1989-09-09,Hyderabad,131747
6681,Vijay,Singh,,9876505680,Other,2011-03-25,Bangalore,32595
6682,Neha,Kumar,user5681@example.com,9876505681,Male,1981-02-08,Ahmedabad,85404
6683,Rakesh,Patel,user5682@example.com,9876505682,Female,2017-10-31,Pune,61575
6684,Amit,Reddy,user5683@example.com,9876505683,Female,2005-03-13,Hyderabad,71343
6685,Rakesh,Sharma,user5684@example.com,9876505684,Female,2013-03-08,Bangalore,63805
6686,Neha,Patel,user5685@example.com,9876505685,,1970-09-17,Ahmedabad,-1000
6687,Kavya,Verma,user5686@example.com,9876505686,,1974-07-15,Hyderabad,48959
6688,Kavya,Gupta,user5687@example.com,9876505687,Male,2000-07-09,Mumbai,52971
6689,Neha,Verma,user5688@example.com,9876505688,,2000-12-20,Bangalore,66523
6690,Anjali,Singh,user5689@example.com,9876505689,Male,1987-03-23,Kolkata,76349
6691,Anjali,Singh,user5690@example.com,9876505690,,1986-03-11,Pune,91698
6692,Vijay,Verma,user5691@example.com,9876505691,,1991-10-31,Mumbai,74833
6693,Sneha,Rao,user5692@example.com,9876505692,Female,2016-06-23,Bangalore,69509
6694,Sameer,Verma,user5693@example.com,9876505693,Male,1996-05-08,Ahmedabad,56164
6695,Vijay,Singh,user5694@example.com,9876505694,Female,2006-06-06,Chennai,75248
6696,Rakesh,Singh,user5695@example.com,9876505695,,1999-03-29,Chennai,50728
6697,Sameer,Joshi,user5696@example.com,9876505696,Male,1970-08-17,Pune,69041
6698,Rakesh,Mehta,user5697@example.com,9876505697,Other,2012-10-30,Ahmedabad,60640
6699,Anjali,Kumar,user5698@example.com,9876505698,Other,1996-03-05,Mumbai,45348
6700,Neha,Patel,user5699@example.com,9876505699,Other,1980-11-23,Kolkata,96173
6701,Sneha,Verma,invalid@,,,2007-03-03,Mumbai,454068
6702,Rakesh,Joshi,user5701@example.com,9876505701,Other,1972-01-10,Mumbai,57121
6703,Anjali,Rao,user5702@example.com,9876505702,Male,1987-11-09,Bangalore,33301
6704,Sneha,Singh,user5703@example.com,9876505703,Other,1983-10-29,Pune,61640
6705,Vijay,Verma,user5704@example.com,9876505704,Male,1984-09-30,Kolkata,73671
6706,Neha,Singh,user5705@example.com,9876505705,,1982-07-08,Chennai,46865
6707,Amit,Gupta,user5706@example.com,9876505706,Female,2011-11-09,Mumbai,28619
6708,Kavya,Joshi,user5707@example.com,9876505707,,2009-01-16,Ahmedabad,57499
6709,Priya,Verma,user5708@example.com,9876505708,Other,1988-01-21,Pune,61866
6710,Sneha,Gupta,user5709@example.com,9876505709,,2006-02-06,Chennai,60296
6711,Amit,Reddy,user5710@example.com,9876505710,Female,2004-06-03,Ahmedabad,96704
6712,Amit,Joshi,user5711@example.com,9876505711,,1990-06-25,Kolkata,71698
6713,Sneha,Verma,user5712@example.com,9876505712,,2018-02-07,Ahmedabad,70128
6714,Amit,Verma,user5713@example.com,9876505713,Female,2016-06-21,Hyderabad,71598
6715,Rakesh,Sharma,user5714@example.com,9876505714,,1981-07-19,Kolkata,71471
6716,Amit,Joshi,user5715@example.com,9876505715,Other,1990-12-10,Mumbai,-1000
6717,Anjali,Joshi,user5716@example.com,9876505716,Male,2017-12-19,Pune,46288
6718,Sameer,Singh,user5717@example.com,9876505717,,2007-02-06,Delhi,114427
6719,Rakesh,Verma,user5718@example.com,9876505718,Female,1999-06-08,Kolkata,62075
6720,Amit,Kumar,user5719@example.com,9876505719,,1970-01-02,Bangalore,65432
6721,Vijay,Kumar,,9876505720,Other,2017-04-19,Delhi,65905
6722,Kavya,Kumar,user5721@example.com,9876505721,,1991-08-01,Bangalore,49860
6723,Neha,Reddy,user5722@example.com,9876505722,Other,2005-10-30,Pune,68569
6724,Amit,Verma,user5723@example.com,9876505723,Male,2004-11-26,Chennai,39420
6725,Arjun,Verma,user5724@example.com,9876505724,Male,2014-08-26,Mumbai,79318
6726,Kavya,Gupta,user5725@example.com,123,Female,2002-06-11,Pune,59876
6727,Vijay,Sharma,user5726@example.com,9876505726,Female,2011-12-09,Delhi,87564
6728,Anjali,Joshi,user5727@example.com,9876505727,Other,2003-10-16,Ahmedabad,75347
6729,Amit,Singh,user5728@example.com,9876505728,Other,2007-09-22,Hyderabad,72875
6730,Anjali,Sharma,user5729@example.com,9876505729,Other,1981-07-06,Hyderabad,49124
6731,Amit,Gupta,user5730@example.com,9876505730,Other,1993-03-12,Bangalore,664038
6732,Priya,Verma,user5731@example.com,9876505731,Male,2000-05-02,Bangalore,80111
6733,Sameer,Patel,user5732@example.com,9876505732,Female,1977-11-24,Delhi,67331
6734,Anjali,Joshi,user5733@example.com,9876505733,Female,1979-10-20,Mumbai,37848
6735,Sameer,Reddy,user5734@example.com,9876505734,,1989-09-13,Hyderabad,84708
6736,Kavya,Kumar,user5735@example.com,9876505735,Female,1976-03-01,Pune,80117
6737,Priya,Reddy,user5736@example.com,9876505736,Female,1982-09-15,Delhi,34986
6738,Neha,Verma,user5737@example.com,9876505737,,2013-10-15,Kolkata,67516
6739,Rakesh,Gupta,user5738@example.com,9876505738,,2005-02-01,Hyderabad,81305
6740,Sameer,Patel,user5739@example.com,9876505739,,1997-09-19,Pune,53008
6741,Priya,Rao,invalid@,9876505740,Other,1995-03-11,Kolkata,38499
6742,Sameer,Kumar,user5741@example.com,9876505741,,2005-05-01,Mumbai,43505
6743,Sneha,Singh,user5742@example.com,9876505742,,1977-06-07,Ahmedabad,62822
6744,Vijay,Verma,user5743@example.com,9876505743,Male,1989-01-08,Kolkata,83612
6745,Neha,Mehta,user5744@example.com,9876505744,Female,1973-08-31,Pune,43254
6746,Vijay,Patel,user5745@example.com,9876505745,Male,2004-12-30,Kolkata,-1000
6747,Amit,Patel,user5746@example.com,9876505746,Female,1988-02-10,Mumbai,58931
6748,Sameer,Joshi,user5747@example.com,9876505747,,1972-01-12,Delhi,78752
6749,Amit,Reddy,user5748@example.com,9876505748,Female,1972-01-04,Chennai,100076
6750,Arjun,Kumar,user5749@example.com,9876505749,Other,2008-03-06,Ahmedabad,66758
6751,Sameer,Verma,user5750@example.com,,Other,1974-12-12,Ahmedabad,51504
6752,Priya,Mehta,user5751@example.com,9876505751,,2006-05-17,Ahmedabad,49072
6753,Neha,Kumar,user5752@example.com,9876505752,,1998-12-10,Bangalore,92443
6754,Amit,Gupta,user5753@example.com,9876505753,Other,2001-05-15,Chennai,39742
6755,Sameer,Mehta,user5754@example.com,9876505754,,1974-10-20,Mumbai,68876
6756,Arjun,Sharma,user5755@example.com,9876505755,Male,1990-02-23,Pune,91353
6757,Vijay,Sharma,user5756@example.com,9876505756,,2009-12-09,Delhi,61833
6758,Priya,Patel,user5757@example.com,9876505757,Other,1986-01-14,Kolkata,43378
6759,Sneha,Gupta,user5758@example.com,9876505758,,1972-10-21,Hyderabad,75584
6760,Sameer,Sharma,user5759@example.com,9876505759,,1996-06-27,Kolkata,67079
6761,Sneha,Patel,,9876505760,Male,1979-09-25,Ahmedabad,744081
6762,Kavya,Reddy,user5761@example.com,9876505761,Male,1997-04-20,Ahmedabad,76572
6763,Neha,Verma,user5762@example.com,9876505762,,2002-08-09,Ahmedabad,75355
6764,Sameer,Patel,user5763@example.com,9876505763,Other,1982-07-03,Hyderabad,70920
6765,Anjali,Verma,user5764@example.com,9876505764,,2008-05-23,Mumbai,78539
6766,Arjun,Gupta,user5765@example.com,9876505765,,2000-07-19,Delhi,91981
6767,Amit,Joshi,user5766@example.com,9876505766,,1999-12-27,Mumbai,49331
6768,Anjali,Kumar,user5767@example.com,9876505767,Male,1988-11-16,Delhi,59686
6769,Kavya,Patel,user5768@example.com,9876505768,,1989-05-23,Pune,80875
6770,Neha,Patel,user5769@example.com,9876505769,Female,2002-09-16,Kolkata,63543
6771,Vijay,Verma,user5770@example.com,9876505770,Male,1977-03-14,Bangalore,39726
6772,Priya,Sharma,user5771@example.com,9876505771,,1988-03-28,Delhi,71657
6773,Sneha,Sharma,user5772@example.com,9876505772,,1987-03-08,Hyderabad,55171
6774,Kavya,Patel,user5773@example.com,9876505773,,1998-01-01,Chennai,107407
6775,Amit,Sharma,user5774@example.com,9876505774,Other,2007-06-10,Mumbai,84865
6776,Priya,Sharma,user5775@example.com,123,Female,1974-09-16,Mumbai,-1000
6777,Vijay,Patel,user5776@example.com,9876505776,Male,1995-04-13,Mumbai,65833
6778,Amit,Reddy,user5777@example.com,9876505777,Other,1979-07-20,Bangalore,71210
6779,Arjun,Reddy,user5778@example.com,9876505778,Other,1986-01-01,Delhi,58152
6780,Sneha,Rao,user5779@example.com,9876505779,Female,1993-12-17,Hyderabad,48238
6781,Anjali,Reddy,invalid@,9876505780,Male,2001-04-04,Delhi,46764
6782,Sameer,Rao,user5781@example.com,9876505781,Male,1987-09-11,Delhi,107732
6783,Kavya,Gupta,user5782@example.com,9876505782,,1997-05-22,Delhi,72937
6784,Sameer,Singh,user5783@example.com,9876505783,Male,2012-06-07,Ahmedabad,38546
6785,Priya,Kumar,user5784@example.com,9876505784,Other,1981-09-02,Ahmedabad,84229
6786,Sameer,Singh,user5785@example.com,9876505785,,1970-05-27,Chennai,117463
6787,Anjali,Sharma,user5786@example.com,9876505786,Male,2004-11-10,Mumbai,34286
6788,Rakesh,Mehta,user5787@example.com,9876505787,Female,1975-10-19,Kolkata,77005
6789,Priya,Sharma,user5788@example.com,9876505788,Other,1984-11-30,Ahmedabad,42546
6790,Sneha,Patel,user5789@example.com,9876505789,,1999-09-21,Kolkata,88110
6791,Amit,Patel,user5790@example.com,9876505790,Female,1970-11-15,Kolkata,222112
6792,Sneha,Kumar,user5791@example.com,9876505791,Female,2003-04-19,Delhi,66577
6793,Sameer,Joshi,user5792@example.com,9876505792,Male,2003-09-28,Delhi,73874
6794,Neha,Joshi,user5793@example.com,9876505793,,1985-09-28,Ahmedabad,37307
6795,Priya,Joshi,user5794@example.com,9876505794,,1970-09-12,Pune,73881
6796,Amit,Reddy,user5795@example.com,9876505795,Other,1996-02-02,Chennai,55703
6797,Vijay,Gupta,user5796@example.com,9876505796,Male,1993-05-06,Kolkata,99462
6798,Arjun,Sharma,user5797@example.com,9876505797,,2000-11-22,Kolkata,36524
6799,Sneha,Patel,user5798@example.com,9876505798,,1982-01-11,Mumbai,83169
6800,Sneha,Mehta,user5799@example.com,9876505799,Male,1972-11-10,Bangalore,63000
6801,Priya,Mehta,,,Male,2004-12-13,Chennai,90872
6802,Neha,Mehta,user5801@example.com,9876505801,,2014-02-18,Mumbai,91332
6803,Sameer,Joshi,user5802@example.com,9876505802,Female,1972-08-19,Mumbai,59967
6804,Sameer,Kumar,user5803@example.com,9876505803,Male,1980-04-07,Hyderabad,64106
6805,Priya,Joshi,user5804@example.com,9876505804,Female,1982-07-02,Mumbai,83174
6806,Sneha,Patel,user5805@example.com,9876505805,Other,1990-07-31,Hyderabad,-1000
6807,Amit,Sharma,user5806@example.com,9876505806,Other,2016-06-21,Chennai,62653
6808,Arjun,Sharma,user5807@example.com,9876505807,,2000-03-15,Kolkata,48332
6809,Priya,Kumar,user5808@example.com,9876505808,Other,1999-02-03,Chennai,72306
6810,Amit,Gupta,user5809@example.com,9876505809,,1978-03-09,Ahmedabad,42778
6811,Amit,Reddy,user5810@example.com,9876505810,,1985-07-06,Hyderabad,77964
6812,Vijay,Mehta,user5811@example.com,9876505811,Female,1982-06-08,Kolkata,87211
6813,Anjali,Sharma,user5812@example.com,9876505812,Female,2003-11-30,Mumbai,48475
6814,Rakesh,Kumar,user5813@example.com,9876505813,Other,1994-03-22,Delhi,56655
6815,Arjun,Mehta,user5814@example.com,9876505814,Female,1972-12-14,Mumbai,52387
6816,Kavya,Joshi,user5815@example.com,9876505815,Male,1978-06-02,Hyderabad,86077
6817,Neha,Verma,user5816@example.com,9876505816,,1996-02-21,Delhi,66094
6818,Rakesh,Singh,user5817@example.com,9876505817,Male,1983-10-09,Ahmedabad,57679
6819,Vijay,Sharma,user5818@example.com,9876505818,Male,2014-07-21,Hyderabad,77950
6820,Arjun,Gupta,user5819@example.com,9876505819,,2013-05-20,Ahmedabad,55384
6821,Sameer,Kumar,invalid@,9876505820,,2005-11-17,Hyderabad,609246
6822,Rakesh,Reddy,user5821@example.com,9876505821,,2013-05-30,Mumbai,42700
6823,Sameer,Gupta,user5822@example.com,9876505822,Female,1983-01-09,Chennai,81772
6824,Neha,Joshi,user5823@example.com,9876505823,Female,1982-11-09,Delhi,43160
6825,Sameer,Sharma,user5824@example.com,9876505824,,1972-07-08,Delhi,93658
6826,Neha,Patel,user5825@example.com,123,Other,1997-03-18,Delhi,69779
6827,Arjun,Joshi,user5826@example.com,9876505826,Female,1974-10-25,Delhi,61865
6828,Sneha,Reddy,user5827@example.com,9876505827,Male,1975-01-06,Bangalore,64738
6829,Neha,Joshi,user5828@example.com,9876505828,,1995-08-21,Ahmedabad,99199
6830,Amit,Kumar,user5829@example.com,9876505829,,2015-11-04,Delhi,38076
6831,Kavya,Gupta,user5830@example.com,9876505830,Female,2009-01-11,Bangalore,39558
6832,Kavya,Kumar,user5831@example.com,9876505831,Female,invalid,Bangalore,84187
6833,Priya,Mehta,user5832@example.com,9876505832,,2050-01-01,Ahmedabad,46572
6834,Kavya,Verma,user5833@example.com,9876505833,,2000-06-03,Pune,50215
6835,Priya,Gupta,user5834@example.com,9876505834,Male,1974-09-16,Mumbai,56138
6836,Kavya,Verma,user5835@example.com,9876505835,,2001-05-03,Ahmedabad,-1000
6837,Neha,Kumar,user5836@example.com,9876505836,Other,1971-07-10,Hyderabad,81190
6838,Amit,Patel,user5837@example.com,9876505837,Other,1995-10-22,Pune,62176
6839,Sneha,Sharma,user5838@example.com,9876505838,,2003-03-01,Chennai,73010
6840,Sameer,Reddy,user5839@example.com,9876505839,Male,1976-04-16,Hyderabad,72526
6841,Vijay,Joshi,,9876505840,,1974-03-16,Hyderabad,44949
6842,Kavya,Joshi,user5841@example.com,9876505841,,2010-11-18,Mumbai,46310
6843,Sneha,Verma,user5842@example.com,9876505842,,1987-03-15,Mumbai,24266
6844,Sneha,Reddy,user5843@example.com,9876505843,Other,2001-06-21,Mumbai,94811
6845,Neha,Gupta,user5844@example.com,9876505844,Other,1975-05-16,Hyderabad,51598
6846,Arjun,Sharma,user5845@example.com,9876505845,Male,1972-09-06,Bangalore,65271
6847,Arjun,Singh,user5846@example.com,9876505846,Other,1970-09-30,Delhi,75778
6848,Kavya,Verma,user5847@example.com,9876505847,Female,2004-12-23,Mumbai,45574
6849,Vijay,Gupta,user5848@example.com,9876505848,Other,1984-02-01,Kolkata,48048
6850,Kavya,Gupta,user5849@example.com,9876505849,,1974-08-16,Delhi,46581
6851,Kavya,Reddy,user5850@example.com,,Male,2011-12-12,Mumbai,70637
6852,Priya,Reddy,user5851@example.com,9876505851,,2019-03-24,Bangalore,63697
6853,Amit,Rao,user5852@example.com,9876505852,,2014-03-25,Chennai,111743
6854,Amit,Joshi,user5853@example.com,9876505853,Male,1982-10-28,Mumbai,54411
6855,Vijay,Sharma,user5854@example.com,9876505854,Female,2011-05-29,Ahmedabad,54957
6856,Priya,Mehta,user5855@example.com,9876505855,,1985-11-04,Kolkata,57603
6857,Sneha,Verma,user5856@example.com,9876505856,,1984-01-17,Pune,71232
6858,Priya,Sharma,user5857@example.com,9876505857,,1977-10-16,Hyderabad,82628
6859,Kavya,Rao,user5858@example.com,9876505858,,1993-02-17,Mumbai,48310
6860,Arjun,Rao,user5859@example.com,9876505859,,2015-09-15,Kolkata,74251
6861,Rakesh,Sharma,invalid@,9876505860,Other,2014-07-11,Pune,63285
6862,Vijay,Reddy,user5861@example.com,9876505861,Female,1995-05-30,Pune,70977
6863,Sneha,Gupta,user5862@example.com,9876505862,,2005-05-20,Hyderabad,74025
6864,Neha,Singh,user5863@example.com,9876505863,,2005-10-28,Kolkata,45503
6865,Rakesh,Sharma,user5864@example.com,9876505864,Male,2018-01-29,Bangalore,54478
6866,Rakesh,Verma,user5865@example.com,9876505865,Female,2001-04-10,Chennai,-1000
6867,Priya,Mehta,user5866@example.com,9876505866,Other,1974-09-21,Pune,62196
6868,Sameer,Joshi,user5867@example.com,9876505867,,1977-03-13,Bangalore,80844
6869,Rakesh,Rao,user5868@example.com,9876505868,Other,2018-07-22,Chennai,60552
6870,Kavya,Patel,user5869@example.com,9876505869,,1971-09-12,Mumbai,85209
6871,Anjali,Patel,user5870@example.com,9876505870,,2007-09-30,Delhi,25748
6872,Arjun,Gupta,user5871@example.com,9876505871,Male,2017-07-14,Hyderabad,71466
6873,Arjun,Reddy,user5872@example.com,9876505872,,1996-08-21,Bangalore,39206
6874,Anjali,Joshi,user5873@example.com,9876505873,Female,1980-04-30,Pune,87427
6875,Amit,Rao,user5874@example.com,9876505874,Male,1976-12-08,Pune,62012
6876,Kavya,Patel,user5875@example.com,123,Other,1993-09-26,Mumbai,58189
6877,Neha,Patel,user5876@example.com,9876505876,,2050-01-01,Kolkata,48475
6878,Rakesh,Singh,user5877@example.com,9876505877,,2019-02-22,Bangalore,78273
6879,Amit,Sharma,user5878@example.com,9876505878,Female,1981-09-08,Mumbai,76362
6880,Kavya,Kumar,user5879@example.com,9876505879,Male,1977-10-10,Bangalore,59369
6881,Priya,Joshi,,9876505880,Male,2016-02-20,Delhi,783086
6882,Arjun,Kumar,user5881@example.com,9876505881,Other,2002-02-21,Hyderabad,69412
6883,Amit,Mehta,user5882@example.com,9876505882,Male,2011-03-25,Ahmedabad,66719
6884,Vijay,Reddy,user5883@example.com,9876505883,Male,1992-05-21,Mumbai,80657
6885,Rakesh,Sharma,user5884@example.com,9876505884,,2050-01-01,Pune,101226
6886,Rakesh,Mehta,user5885@example.com,9876505885,Female,2003-12-26,Mumbai,70637
6887,Neha,Verma,user5886@example.com,9876505886,Male,1977-07-06,Kolkata,70668
6888,Sameer,Rao,user5887@example.com,9876505887,Other,1985-06-13,Bangalore,83372
6889,Vijay,Kumar,user5888@example.com,9876505888,,1997-07-27,Hyderabad,45950
6890,Rakesh,Gupta,user5889@example.com,9876505889,Male,1972-10-23,Mumbai,61338
6891,Sneha,Verma,user5890@example.com,9876505890,Male,1979-11-02,Delhi,57278
6892,Vijay,Joshi,user5891@example.com,9876505891,,1972-09-14,Hyderabad,71007
6893,Rakesh,Rao,user5892@example.com,9876505892,,2013-07-31,Bangalore,69338
6894,Anjali,Patel,user5893@example.com,9876505893,Female,1989-10-26,Kolkata,100171
6895,Vijay,Kumar,user5894@example.com,9876505894,,1977-07-10,Kolkata,94983
6896,Kavya,Sharma,user5895@example.com,9876505895,Other,1992-10-22,Chennai,-1000
6897,Vijay,Sharma,user5896@example.com,9876505896,Male,1985-06-21,Kolkata,72145
6898,Neha,Verma,user5897@example.com,9876505897,,1982-04-24,Pune,79163
6899,Priya,Verma,user5898@example.com,9876505898,Female,2016-01-20,Hyderabad,66681
6900,Priya,Reddy,user5899@example.com,9876505899,Other,2018-10-03,Pune,54680
6901,Priya,Patel,invalid@,,,1980-03-10,Bangalore,92574
6902,Kavya,Singh,user5901@example.com,9876505901,Male,2050-01-01,Chennai,71603
6903,Amit,Kumar,user5902@example.com,9876505902,Female,1973-02-19,Delhi,44131
6904,Priya,Mehta,user5903@example.com,9876505903,Male,2050-01-01,Kolkata,84520
6905,Arjun,Joshi,user5904@example.com,9876505904,Male,2008-02-20,Mumbai,74354
6906,Kavya,Kumar,user5905@example.com,9876505905,Other,1987-02-03,Ahmedabad,52126
6907,Amit,Kumar,user5906@example.com,9876505906,Female,2007-11-15,Pune,49730
6908,Arjun,Patel,user5907@example.com,9876505907,,2009-02-10,Delhi,49077
6909,Arjun,Kumar,user5908@example.com,9876505908,Male,1994-11-28,Kolkata,88675
6910,Arjun,Reddy,user5909@example.com,9876505909,Female,2011-04-20,Delhi,76789
6911,Sneha,Kumar,user5910@example.com,9876505910,Male,1975-06-16,Delhi,841245
6912,Neha,Gupta,user5911@example.com,9876505911,,1981-04-15,Mumbai,69089
6913,Neha,Gupta,user5912@example.com,9876505912,,2003-08-26,Delhi,51368
6914,Kavya,Rao,user5913@example.com,9876505913,Female,2017-01-23,Delhi,49113
6915,Arjun,Joshi,user5914@example.com,9876505914,Other,2007-01-28,Bangalore,86462
6916,Anjali,Gupta,user5915@example.com,9876505915,,1980-12-24,Bangalore,73924
6917,Vijay,Joshi,user5916@example.com,9876505916,,1992-08-28,Delhi,59686
6918,Amit,Sharma,user5917@example.com,9876505917,Other,1979-02-03,Delhi,65427
6919,Neha,Reddy,user5918@example.com,9876505918,,1991-06-08,Bangalore,84961
6920,Priya,Patel,user5919@example.com,9876505919,,1991-08-04,Mumbai,76263
6921,Kavya,Patel,,9876505920,,1989-11-05,Bangalore,63154
6922,Amit,Gupta,user5921@example.com,9876505921,Male,1991-07-18,Kolkata,64075
6923,Kavya,Reddy,user5922@example.com,9876505922,Female,1987-05-21,Bangalore,53189
6924,Anjali,Sharma,user5923@example.com,9876505923,,1978-05-21,Bangalore,65463
6925,Sneha,Mehta,user5924@example.com,9876505924,,1980-07-19,Bangalore,59242
6926,Sneha,Reddy,user5925@example.com,123,Male,2006-01-12,Ahmedabad,-1000
6927,Arjun,Rao,user5926@example.com,9876505926,,2014-09-09,Pune,54168
6928,Sneha,Patel,user5927@example.com,9876505927,,1971-01-23,Kolkata,38205
6929,Kavya,Rao,user5928@example.com,9876505928,,2008-09-01,Kolkata,84075
6930,Priya,Patel,user5929@example.com,9876505929,,1989-04-08,Mumbai,76462
6931,Arjun,Sharma,user5930@example.com,9876505930,,1988-12-02,Hyderabad,59690
6932,Rakesh,Kumar,user5931@example.com,9876505931,Other,2013-02-22,Chennai,58563
6933,Amit,Singh,user5932@example.com,9876505932,,1975-06-27,Mumbai,37225
6934,Anjali,Reddy,user5933@example.com,9876505933,Male,1985-09-24,Kolkata,86317
6935,Arjun,Reddy,user5934@example.com,9876505934,,2019-01-28,Delhi,90078
6936,Kavya,Kumar,user5935@example.com,9876505935,,1979-09-18,Ahmedabad,63240
6937,Amit,Mehta,user5936@example.com,9876505936,,1994-10-13,Delhi,71535
6938,Priya,Patel,user5937@example.com,9876505937,Male,2009-07-31,Mumbai,45225
6939,Sameer,Mehta,user5938@example.com,9876505938,Other,1970-10-29,Mumbai,66711
6940,Anjali,Reddy,user5939@example.com,9876505939,Male,1989-06-14,Chennai,51239
6941,Kavya,Gupta,invalid@,9876505940,Other,1994-11-03,Hyderabad,513092
6942,Anjali,Gupta,user5941@example.com,9876505941,Female,1998-09-04,Chennai,59228
6943,Neha,Verma,user5942@example.com,9876505942,,2015-06-27,Delhi,56514
6944,Sameer,Joshi,user5943@example.com,9876505943,,invalid,Pune,62434
6945,Amit,Gupta,user5944@example.com,9876505944,,2014-04-18,Delhi,86132
6946,Sneha,Gupta,user5945@example.com,9876505945,Other,1992-07-26,Pune,22760
6947,Kavya,Patel,user5946@example.com,9876505946,Male,1990-07-11,Hyderabad,54334
6948,Anjali,Verma,user5947@example.com,9876505947,Other,2006-12-02,Pune,77635
6949,Amit,Patel,user5948@example.com,9876505948,,1986-02-13,Bangalore,68894
6950,Sneha,Reddy,user5949@example.com,9876505949,,2018-11-27,Mumbai,49404
6951,Priya,Rao,user5950@example.com,,,1975-09-20,Bangalore,107104
6952,Priya,Mehta,user5951@example.com,9876505951,,1986-07-16,Mumbai,118926
6953,Anjali,Reddy,user5952@example.com,9876505952,Female,2050-01-01,Bangalore,64689
6954,Arjun,Rao,user5953@example.com,9876505953,,2009-06-26,Pune,45171
6955,Neha,Sharma,user5954@example.com,9876505954,Other,1976-06-01,Bangalore,59977
6956,Arjun,Sharma,user5955@example.com,9876505955,,1989-09-06,Ahmedabad,-1000
6957,Neha,Patel,user5956@example.com,9876505956,,1973-05-23,Bangalore,73012
6958,Kavya,Singh,user5957@example.com,9876505957,Female,2004-01-31,Chennai,76511
6959,Rakesh,Singh,user5958@example.com,9876505958,,1988-10-09,Chennai,84706
6960,Anjali,Rao,user5959@example.com,9876505959,,2050-01-01,Hyderabad,72988
6961,Vijay,Gupta,,9876505960,Other,1992-12-05,Bangalore,69575
6962,Anjali,Patel,user5961@example.com,9876505961,Female,1993-12-01,Bangalore,44849
6963,Sameer,Rao,user5962@example.com,9876505962,,1970-04-03,Ahmedabad,40550
6964,Sneha,Patel,user5963@example.com,9876505963,Other,1976-08-12,Mumbai,24584
6965,Sameer,Rao,user5964@example.com,9876505964,,1981-08-25,Bangalore,66617
6966,Priya,Sharma,user5965@example.com,9876505965,Female,1999-02-15,Mumbai,82265
6967,Neha,Verma,user5966@example.com,9876505966,,1982-05-31,Chennai,88033
6968,Sneha,Patel,user5967@example.com,9876505967,Other,1987-11-04,Delhi,81752
6969,Priya,Verma,user5968@example.com,9876505968,Female,1982-01-19,Pune,57656
6970,Sneha,Sharma,user5969@example.com,9876505969,,1978-04-21,Delhi,102183
6971,Arjun,Singh,user5970@example.com,9876505970,,1998-12-08,Ahmedabad,460241
6972,Priya,Kumar,user5971@example.com,9876505971,Female,1988-10-20,Ahmedabad,45090
6973,Arjun,Mehta,user5972@example.com,9876505972,,2008-10-24,Mumbai,80334
6974,Arjun,Reddy,user5973@example.com,9876505973,,1978-11-09,Mumbai,93124
6975,Sneha,Mehta,user5974@example.com,9876505974,Other,1987-04-03,Kolkata,100852
6976,Amit,Mehta,user5975@example.com,123,,2017-12-17,Kolkata,84942
6977,Sameer,Reddy,user5976@example.com,9876505976,,2002-05-23,Bangalore,79692
6978,Priya,Sharma,user5977@example.com,9876505977,Male,1998-12-29,Kolkata,81256
6979,Vijay,Sharma,user5978@example.com,9876505978,,1975-08-25,Delhi,59437
6980,Amit,Singh,user5979@example.com,9876505979,,1982-09-02,Mumbai,48974
6981,Sameer,Kumar,invalid@,9876505980,Female,2005-12-25,Chennai,70494
6982,Priya,Joshi,user5981@example.com,9876505981,,1971-04-14,Mumbai,31086
6983,Neha,Mehta,user5982@example.com,9876505982,,1973-09-06,Kolkata,58833
6984,Sameer,Gupta,user5983@example.com,9876505983,Other,1986-09-12,Chennai,54385
6985,Vijay,Mehta,user5984@example.com,9876505984,Male,2003-02-18,Mumbai,76665
6986,Anjali,Joshi,user5985@example.com,9876505985,Male,1980-06-04,Kolkata,-1000
6987,Kavya,Patel,user5986@example.com,9876505986,,1982-12-20,Pune,94729
6988,Arjun,Singh,user5987@example.com,9876505987,Female,2012-02-05,Mumbai,81445
6989,Kavya,Verma,user5988@example.com,9876505988,Male,2016-06-20,Pune,52217
6990,Amit,Verma,user5989@example.com,9876505989,Male,1980-08-19,Ahmedabad,78450
6991,Anjali,Joshi,user5990@example.com,9876505990,,1970-04-02,Bangalore,30454
6992,Arjun,Mehta,user5991@example.com,9876505991,Male,2016-02-10,Delhi,79647
6993,Priya,Verma,user5992@example.com,9876505992,Other,1975-02-28,Mumbai,50076
6994,Amit,Joshi,user5993@example.com,9876505993,,2006-10-11,Pune,52844
6995,Vijay,Reddy,user5994@example.com,9876505994,Male,2009-02-07,Kolkata,91859
6996,Sneha,Sharma,user5995@example.com,9876505995,Male,2008-11-19,Mumbai,72790
6997,Priya,Rao,user5996@example.com,9876505996,Male,1998-01-05,Hyderabad,61137
6998,Sameer,Sharma,user5997@example.com,9876505997,,1990-12-04,Mumbai,85327
6999,Sneha,Mehta,user5998@example.com,9876505998,Female,1991-10-10,Pune,94465
7000,Amit,Joshi,user5999@example.com,9876505999,,1996-04-09,Mumbai,45005
7001,Sameer,Patel,,,Male,1982-04-10,Delhi,507250
7002,Vijay,Verma,user6001@example.com,9876506001,,1975-06-05,Chennai,81223
7003,Kavya,Verma,user6002@example.com,9876506002,,2008-02-09,Chennai,71131
7004,Sameer,Verma,user6003@example.com,9876506003,Male,1997-05-03,Chennai,27777
7005,Kavya,Joshi,user6004@example.com,9876506004,Male,2013-04-18,Kolkata,100653
7006,Arjun,Sharma,user6005@example.com,9876506005,,1982-03-25,Chennai,55364
7007,Neha,Patel,user6006@example.com,9876506006,Female,1976-02-10,Ahmedabad,44901
7008,Rakesh,Joshi,user6007@example.com,9876506007,,1992-12-27,Bangalore,65232
7009,Priya,Mehta,user6008@example.com,9876506008,Female,2006-04-03,Mumbai,83041
7010,Rakesh,Singh,user6009@example.com,9876506009,Other,1998-07-04,Pune,87693
7011,Arjun,Mehta,user6010@example.com,9876506010,Female,2005-11-25,Delhi,66143
7012,Sameer,Rao,user6011@example.com,9876506011,,1995-09-10,Mumbai,115716
7013,Arjun,Singh,user6012@example.com,9876506012,Male,2001-06-08,Ahmedabad,121461
7014,Rakesh,Mehta,user6013@example.com,9876506013,Other,1984-03-03,Ahmedabad,73959
7015,Rakesh,Patel,user6014@example.com,9876506014,,2019-03-27,Pune,63758
7016,Priya,Kumar,user6015@example.com,9876506015,Female,2019-01-30,Hyderabad,-1000
7017,Sneha,Kumar,user6016@example.com,9876506016,Other,1992-10-25,Hyderabad,61944
7018,Anjali,Kumar,user6017@example.com,9876506017,,2050-01-01,Mumbai,94901
7019,Arjun,Rao,user6018@example.com,9876506018,Female,1970-03-31,Hyderabad,71716
7020,Neha,Rao,user6019@example.com,9876506019,,invalid,Chennai,82406
7021,Anjali,Kumar,invalid@,9876506020,,2011-11-09,Hyderabad,78877
7022,Arjun,Reddy,user6021@example.com,9876506021,Female,1998-08-17,Hyderabad,77127
7023,Vijay,Verma,user6022@example.com,9876506022,,2002-01-17,Mumbai,86781
7024,Amit,Singh,user6023@example.com,9876506023,Male,2018-03-03,Mumbai,81551
7025,Amit,Singh,user6024@example.com,9876506024,Male,1983-08-19,Ahmedabad,74533
7026,Rakesh,Verma,user6025@example.com,123,,1978-10-30,Mumbai,101897
7027,Amit,Sharma,user6026@example.com,9876506026,,1983-04-19,Chennai,38614
7028,Kavya,Reddy,user6027@example.com,9876506027,,2019-01-26,Mumbai,70660
7029,Neha,Kumar,user6028@example.com,9876506028,Male,1970-05-29,Kolkata,54447
7030,Amit,Verma,user6029@example.com,9876506029,,2011-10-16,Kolkata,83392
7031,Sameer,Joshi,user6030@example.com,9876506030,Female,2018-10-05,Mumbai,323158
7032,Kavya,Singh,user6031@example.com,9876506031,Female,1996-02-20,Mumbai,69663
7033,Anjali,Joshi,user6032@example.com,9876506032,,2007-01-25,Chennai,74647
7034,Kavya,Verma,user6033@example.com,9876506033,Male,2008-08-24,Kolkata,89459
7035,Arjun,Verma,user6034@example.com,9876506034,,2014-04-28,Hyderabad,56544
7036,Rakesh,Mehta,user6035@example.com,9876506035,,1976-06-21,Chennai,120804
7037,Priya,Mehta,user6036@example.com,9876506036,Male,1978-07-05,Pune,53272
7038,Priya,Patel,user6037@example.com,9876506037,Other,1985-05-30,Ahmedabad,42235
7039,Vijay,Patel,user6038@example.com,9876506038,Other,2018-12-20,Bangalore,77115
7040,Neha,Rao,user6039@example.com,9876506039,,1973-12-22,Hyderabad,62448
7041,Arjun,Rao,,9876506040,Other,2014-05-05,Kolkata,101827
7042,Priya,Kumar,user6041@example.com,9876506041,Female,1993-08-29,Pune,33203
7043,Rakesh,Mehta,user6042@example.com,9876506042,,2050-01-01,Chennai,65713
7044,Anjali,Kumar,user6043@example.com,9876506043,,2003-11-21,Mumbai,81362
7045,Priya,Verma,user6044@example.com,9876506044,,1999-07-08,Bangalore,51667
7046,Sameer,Kumar,user6045@example.com,9876506045,Male,2014-09-20,Delhi,-1000
7047,Kavya,Verma,user6046@example.com,9876506046,Other,2018-05-22,Bangalore,93963
7048,Priya,Singh,user6047@example.com,9876506047,Male,2016-03-27,Hyderabad,48211
7049,Arjun,Mehta,user6048@example.com,9876506048,,1978-06-25,Pune,85876
7050,Amit,Patel,user6049@example.com,9876506049,Female,2007-03-16,Ahmedabad,46517
7051,Amit,Kumar,user6050@example.com,,Other,1996-06-10,Pune,58622
7052,Anjali,Mehta,user6051@example.com,9876506051,Male,1982-05-18,Ahmedabad,80144
7053,Amit,Singh,user6052@example.com,9876506052,Other,2006-07-12,Ahmedabad,72078
7054,Anjali,Joshi,user6053@example.com,9876506053,,1980-03-05,Chennai,46370
7055,Arjun,Patel,user6054@example.com,9876506054,Female,2010-08-10,Ahmedabad,75611
7056,Neha,Reddy,user6055@example.com,9876506055,Other,1994-03-18,Delhi,21553
7057,Amit,Gupta,user6056@example.com,9876506056,Female,1973-04-25,Bangalore,40993
7058,Vijay,Mehta,user6057@example.com,9876506057,,1975-12-28,Pune,99911
7059,Rakesh,Sharma,user6058@example.com,9876506058,,1992-01-24,Pune,61606
7060,Kavya,Mehta,user6059@example.com,9876506059,Male,2015-11-13,Hyderabad,79358
7061,Amit,Verma,invalid@,9876506060,,1998-11-06,Ahmedabad,787788
7062,Anjali,Reddy,user6061@example.com,9876506061,Male,2001-05-21,Chennai,58118
7063,Arjun,Sharma,user6062@example.com,9876506062,Female,1977-10-14,Delhi,67346
7064,Amit,Kumar,user6063@example.com,9876506063,Male,2009-04-01,Delhi,41546
7065,Priya,Singh,user6064@example.com,9876506064,Other,1988-03-11,Mumbai,67597
7066,Amit,Sharma,user6065@example.com,9876506065,Male,2004-05-08,Hyderabad,55190
7067,Anjali,Kumar,user6066@example.com,9876506066,,1996-11-28,Hyderabad,106835
7068,Sameer,Kumar,user6067@example.com,9876506067,,2017-12-28,Delhi,50975
7069,Sameer,Kumar,user6068@example.com,9876506068,Female,1990-12-22,Ahmedabad,75266
7070,Amit,Verma,user6069@example.com,9876506069,,1970-01-18,Hyderabad,59529
7071,Kavya,Sharma,user6070@example.com,9876506070,,2050-01-01,Ahmedabad,81268
7072,Arjun,Rao,user6071@example.com,9876506071,Female,1986-06-05,Kolkata,37868
7073,Vijay,Singh,user6072@example.com,9876506072,,2003-12-11,Bangalore,62359
7074,Vijay,Joshi,user6073@example.com,9876506073,,2004-07-19,Ahmedabad,76848
7075,Amit,Mehta,user6074@example.com,9876506074,,2019-03-25,Bangalore,69705
7076,Amit,Verma,user6075@example.com,123,Other,1973-07-11,Hyderabad,-1000
7077,Sameer,Patel,user6076@example.com,9876506076,Female,2015-08-04,Delhi,48416
7078,Anjali,Joshi,user6077@example.com,9876506077,,1971-03-11,Mumbai,58069
7079,Kavya,Singh,user6078@example.com,9876506078,,1976-11-02,Kolkata,64622
7080,Amit,Verma,user6079@example.com,9876506079,Male,1987-08-20,Chennai,80597
7081,Vijay,Joshi,,9876506080,Other,1986-07-13,Hyderabad,92937
7082,Arjun,Mehta,user6081@example.com,9876506081,,1991-05-17,Pune,27833
7083,Neha,Kumar,user6082@example.com,9876506082,Female,1974-06-02,Ahmedabad,58609
7084,Priya,Reddy,user6083@example.com,9876506083,,invalid,Delhi,51821
7085,Amit,Kumar,user6084@example.com,9876506084,Female,2003-04-28,Hyderabad,49533
7086,Anjali,Singh,user6085@example.com,9876506085,,2013-02-20,Ahmedabad,70332
7087,Amit,Mehta,user6086@example.com,9876506086,Other,2010-05-18,Bangalore,65651
7088,Anjali,Joshi,user6087@example.com,9876506087,Male,2002-06-26,Delhi,42561
7089,Kavya,Gupta,user6088@example.com,9876506088,Other,1985-08-05,Pune,41581
7090,Neha,Reddy,user6089@example.com,9876506089,Male,2007-05-04,Bangalore,74237
7091,Rakesh,Kumar,user6090@example.com,9876506090,Female,2007-12-31,Delhi,431689
7092,Arjun,Rao,user6091@example.com,9876506091,Other,1982-05-10,Chennai,51104
7093,Arjun,Joshi,user6092@example.com,9876506092,Other,1991-10-18,Chennai,83468
7094,Anjali,Kumar,user6093@example.com,9876506093,Other,2006-01-21,Pune,68447
7095,Sameer,Joshi,user6094@example.com,9876506094,,1983-05-19,Chennai,95952
7096,Anjali,Reddy,user6095@example.com,9876506095,Female,1980-04-29,Bangalore,62860
7097,Sameer,Singh,user6096@example.com,9876506096,Male,1986-03-02,Pune,109658
7098,Sneha,Patel,user6097@example.com,9876506097,Other,2008-02-09,Delhi,61325
7099,Vijay,Kumar,user6098@example.com,9876506098,Female,2009-06-30,Bangalore,88956
7100,Arjun,Joshi,user6099@example.com,9876506099,,2011-04-30,Hyderabad,48201
7101,Kavya,Patel,invalid@,,,2002-11-06,Chennai,51996
7102,Anjali,Patel,user6101@example.com,9876506101,Female,2007-03-06,Mumbai,98835
7103,Kavya,Rao,user6102@example.com,9876506102,Male,2001-09-10,Ahmedabad,51094
7104,Neha,Patel,user6103@example.com,9876506103,Female,1980-09-29,Chennai,60652
7105,Kavya,Reddy,user6104@example.com,9876506104,Female,2012-12-27,Mumbai,51770
7106,Amit,Mehta,user6105@example.com,9876506105,,invalid,Pune,-1000
7107,Vijay,Patel,user6106@example.com,9876506106,,2016-04-27,Delhi,40814
7108,Amit,Gupta,user6107@example.com,9876506107,Male,1990-09-30,Kolkata,91149
7109,Priya,Joshi,user6108@example.com,9876506108,,invalid,Ahmedabad,69894
7110,Anjali,Patel,user6109@example.com,9876506109,Female,1993-03-17,Delhi,68729
7111,Arjun,Sharma,user6110@example.com,9876506110,,1991-11-14,Pune,63849
7112,Anjali,Mehta,user6111@example.com,9876506111,,1999-09-27,Delhi,90015
7113,Vijay,Verma,user6112@example.com,9876506112,,1993-10-22,Bangalore,60615
7114,Rakesh,Mehta,user6113@example.com,9876506113,Male,1981-05-04,Bangalore,50780
7115,Rakesh,Singh,user6114@example.com,9876506114,Female,1991-09-24,Chennai,75408
7116,Priya,Verma,user6115@example.com,9876506115,Male,1983-02-26,Chennai,63291
7117,Vijay,Rao,user6116@example.com,9876506116,,2009-03-12,Chennai,104216
7118,Sneha,Mehta,user6117@example.com,9876506117,,1993-06-17,Chennai,83236
7119,Sneha,Singh,user6118@example.com,9876506118,Male,1995-09-04,Pune,71936
7120,Sneha,Mehta,user6119@example.com,9876506119,,1989-05-03,Delhi,93682
7121,Arjun,Patel,,9876506120,Other,2009-05-15,Hyderabad,359827
7122,Arjun,Kumar,user6121@example.com,9876506121,,1977-10-18,Chennai,76221
7123,Sneha,Kumar,user6122@example.com,9876506122,Female,1972-01-03,Pune,67041
7124,Rakesh,Singh,user6123@example.com,9876506123,,1990-01-09,Kolkata,60932
7125,Vijay,Mehta,user6124@example.com,9876506124,Female,2005-01-26,Ahmedabad,59380
7126,Kavya,Singh,user6125@example.com,123,,1975-11-29,Chennai,87265
7127,Vijay,Rao,user6126@example.com,9876506126,Male,2001-06-13,Delhi,27768
7128,Sneha,Kumar,user6127@example.com,9876506127,Male,1982-08-25,Bangalore,74450
7129,Vijay,Sharma,user6128@example.com,9876506128,,1998-10-04,Mumbai,36391
7130,Neha,Verma,user6129@example.com,9876506129,Female,1973-04-25,Kolkata,60107
7131,Arjun,Reddy,user6130@example.com,9876506130,,2001-10-11,Bangalore,63993
7132,Arjun,Patel,user6131@example.com,9876506131,Female,1978-09-06,Delhi,97329
7133,Rakesh,Sharma,user6132@example.com,9876506132,,2012-08-06,Delhi,54328
7134,Kavya,Sharma,user6133@example.com,9876506133,,2016-12-06,Kolkata,66087
7135,Sneha,Joshi,user6134@example.com,9876506134,,1972-07-07,Delhi,40423
7136,Anjali,Sharma,user6135@example.com,9876506135,Male,1994-05-12,Delhi,-1000
7137,Rakesh,Verma,user6136@example.com,9876506136,Female,2001-10-27,Chennai,38379
7138,Rakesh,Verma,user6137@example.com,9876506137,,1977-11-01,Ahmedabad,29436
7139,Kavya,Patel,user6138@example.com,9876506138,,1974-12-13,Mumbai,34821
7140,Amit,Singh,user6139@example.com,9876506139,,1977-04-03,Chennai,59323
7141,Sneha,Gupta,invalid@,9876506140,Male,1982-02-10,Bangalore,60323
7142,Anjali,Gupta,user6141@example.com,9876506141,Other,2018-05-28,Ahmedabad,87694
7143,Arjun,Mehta,user6142@example.com,9876506142,Male,1996-11-12,Kolkata,95443
7144,Kavya,Mehta,user6143@example.com,9876506143,Other,1976-09-08,Pune,94961
7145,Anjali,Reddy,user6144@example.com,9876506144,Male,1990-12-01,Hyderabad,88014
7146,Neha,Verma,user6145@example.com,9876506145,,1977-02-08,Delhi,106508
7147,Rakesh,Mehta,user6146@example.com,9876506146,,2006-02-27,Kolkata,74107
7148,Kavya,Joshi,user6147@example.com,9876506147,Female,2003-11-08,Bangalore,74398
7149,Arjun,Mehta,user6148@example.com,9876506148,,2017-10-17,Pune,101540
7150,Vijay,Rao,user6149@example.com,9876506149,,1981-02-27,Mumbai,42713
7151,Arjun,Rao,user6150@example.com,,Female,1996-05-25,Bangalore,837965
7152,Neha,Joshi,user6151@example.com,9876506151,Other,1974-11-07,Kolkata,64056
7153,Kavya,Sharma,user6152@example.com,9876506152,Other,2017-08-23,Ahmedabad,91663
7154,Neha,Rao,user6153@example.com,9876506153,,1980-02-10,Chennai,88635
7155,Sneha,Gupta,user6154@example.com,9876506154,Female,1995-07-16,Pune,61713
7156,Sneha,Gupta,user6155@example.com,9876506155,,1972-06-30,Bangalore,40904
7157,Vijay,Rao,user6156@example.com,9876506156,,1994-08-30,Chennai,91990
7158,Rakesh,Mehta,user6157@example.com,9876506157,Other,2017-07-10,Chennai,55537
7159,Amit,Reddy,user6158@example.com,9876506158,,1997-10-20,Chennai,67421
7160,Sameer,Reddy,user6159@example.com,9876506159,,2006-08-17,Ahmedabad,42621
7161,Anjali,Gupta,,9876506160,Male,2050-01-01,Delhi,57787
7162,Neha,Rao,user6161@example.com,9876506161,Male,2017-01-26,Bangalore,85326
7163,Anjali,Sharma,user6162@example.com,9876506162,,1984-01-21,Chennai,72703
7164,Vijay,Patel,user6163@example.com,9876506163,Female,1993-12-27,Delhi,49974
7165,Anjali,Mehta,user6164@example.com,9876506164,,1972-08-27,Chennai,27424
7166,Anjali,Mehta,user6165@example.com,9876506165,,1981-03-03,Pune,-1000
7167,Arjun,Reddy,user6166@example.com,9876506166,Male,2012-09-18,Kolkata,56694
7168,Kavya,Rao,user6167@example.com,9876506167,Other,2010-03-20,Pune,68497
7169,Rakesh,Singh,user6168@example.com,9876506168,,1979-02-02,Pune,62262
7170,Sameer,Kumar,user6169@example.com,9876506169,,1982-11-19,Delhi,56492
7171,Kavya,Rao,user6170@example.com,9876506170,,1988-02-07,Delhi,77398
7172,Arjun,Joshi,user6171@example.com,9876506171,Male,2011-10-12,Chennai,47632
7173,Anjali,Rao,user6172@example.com,9876506172,Male,1971-01-23,Ahmedabad,67992
7174,Sameer,Mehta,user6173@example.com,9876506173,,2008-04-16,Bangalore,73294
7175,Arjun,Patel,user6174@example.com,9876506174,,1992-02-02,Ahmedabad,91950
7176,Arjun,Joshi,user6175@example.com,123,Female,2005-09-20,Kolkata,66043
7177,Arjun,Reddy,user6176@example.com,9876506176,Other,1976-10-25,Delhi,41162
7178,Sneha,Verma,user6177@example.com,9876506177,,1993-11-03,Kolkata,78496
7179,Sameer,Verma,user6178@example.com,9876506178,,1977-11-30,Bangalore,47238
7180,Arjun,Singh,user6179@example.com,9876506179,,2003-10-07,Hyderabad,51598
7181,Amit,Reddy,invalid@,9876506180,Male,1973-12-13,Kolkata,550026
7182,Anjali,Sharma,user6181@example.com,9876506181,Male,1971-12-24,Kolkata,61304
7183,Sameer,Gupta,user6182@example.com,9876506182,Female,1994-07-01,Pune,90856
7184,Sneha,Singh,user6183@example.com,9876506183,Male,invalid,Ahmedabad,78039
7185,Neha,Verma,user6184@example.com,9876506184,,1977-01-30,Kolkata,42999
7186,Neha,Gupta,user6185@example.com,9876506185,Other,1993-06-26,Ahmedabad,95252
7187,Rakesh,Sharma,user6186@example.com,9876506186,Other,1988-07-18,Ahmedabad,86221
7188,Priya,Reddy,user6187@example.com,9876506187,Other,2000-09-07,Delhi,73331
7189,Amit,Gupta,user6188@example.com,9876506188,Other,2011-04-09,Bangalore,18651
7190,Neha,Reddy,user6189@example.com,9876506189,,2004-08-17,Hyderabad,48118
7191,Sneha,Sharma,user6190@example.com,9876506190,,invalid,Pune,65180
7192,Priya,Kumar,user6191@example.com,9876506191,,1981-03-11,Delhi,98108
7193,Arjun,Joshi,user6192@example.com,9876506192,Female,1983-11-27,Pune,91509
7194,Arjun,Gupta,user6193@example.com,9876506193,Male,1992-04-17,Kolkata,45691
7195,Vijay,Gupta,user6194@example.com,9876506194,Male,2004-03-15,Mumbai,31394
7196,Anjali,Reddy,user6195@example.com,9876506195,,1978-04-27,Mumbai,-1000
7197,Priya,Reddy,user6196@example.com,9876506196,Other,1995-05-14,Hyderabad,67807
7198,Anjali,Gupta,user6197@example.com,9876506197,,2009-06-18,Hyderabad,40175
7199,Sneha,Reddy,user6198@example.com,9876506198,Female,1972-02-08,Pune,47581
7200,Amit,Patel,user6199@example.com,9876506199,,1995-02-17,Mumbai,107322
7201,Priya,Patel,,,,2000-12-07,Bangalore,57519
7202,Neha,Kumar,user6201@example.com,9876506201,,1985-03-20,Kolkata,58983
7203,Amit,Kumar,user6202@example.com,9876506202,,1998-11-21,Kolkata,121526
7204,Vijay,Kumar,user6203@example.com,9876506203,,2015-05-25,Bangalore,58225
7205,Anjali,Verma,user6204@example.com,9876506204,Other,1973-10-21,Kolkata,44773
7206,Anjali,Verma,user6205@example.com,9876506205,,1988-06-14,Delhi,50816
7207,Amit,Rao,user6206@example.com,9876506206,Female,1999-07-01,Pune,70831
7208,Arjun,Singh,user6207@example.com,9876506207,,1998-02-06,Kolkata,55502
7209,Anjali,Joshi,user6208@example.com,9876506208,Male,2006-08-26,Delhi,62397
7210,Vijay,Patel,user6209@example.com,9876506209,,1996-12-31,Bangalore,64140
7211,Neha,Sharma,user6210@example.com,9876506210,,2011-10-11,Hyderabad,1279573
7212,Sameer,Joshi,user6211@example.com,9876506211,Male,2013-04-22,Kolkata,79252
7213,Neha,Joshi,user6212@example.com,9876506212,,1987-02-14,Bangalore,45978
7214,Neha,Sharma,user6213@example.com,9876506213,Female,1987-01-25,Bangalore,61515
7215,Anjali,Mehta,user6214@example.com,9876506214,Other,2003-09-29,Hyderabad,81060
7216,Kavya,Gupta,user6215@example.com,9876506215,Female,1982-10-12,Ahmedabad,86657
7217,Arjun,Singh,user6216@example.com,9876506216,Male,1998-07-11,Hyderabad,32911
7218,Anjali,Rao,user6217@example.com,9876506217,Other,2014-02-10,Mumbai,36657
7219,Arjun,Kumar,user6218@example.com,9876506218,,2008-06-25,Delhi,74399
7220,Sneha,Sharma,user6219@example.com,9876506219,Male,1994-12-24,Delhi,52245
7221,Kavya,Verma,invalid@,9876506220,Other,1989-02-18,Kolkata,49435
7222,Anjali,Kumar,user6221@example.com,9876506221,,2007-08-30,Kolkata,68741
7223,Rakesh,Reddy,user6222@example.com,9876506222,Other,1996-08-26,Bangalore,80815
7224,Neha,Sharma,user6223@example.com,9876506223,,2013-08-19,Hyderabad,60221
7225,Sneha,Kumar,user6224@example.com,9876506224,,1975-06-16,Kolkata,26138
7226,Kavya,Gupta,user6225@example.com,123,Other,2002-07-30,Ahmedabad,-1000
7227,Anjali,Gupta,user6226@example.com,9876506226,Female,1981-02-11,Delhi,41791
7228,Vijay,Gupta,user6227@example.com,9876506227,Female,1988-11-15,Chennai,76234
7229,Amit,Kumar,user6228@example.com,9876506228,,2002-02-23,Delhi,106009
7230,Amit,Gupta,user6229@example.com,9876506229,Male,2012-02-19,Ahmedabad,70758
7231,Arjun,Patel,user6230@example.com,9876506230,Other,2013-01-01,Bangalore,73820
7232,Kavya,Verma,user6231@example.com,9876506231,Male,1996-08-18,Ahmedabad,81260
7233,Neha,Rao,user6232@example.com,9876506232,Female,2013-06-20,Mumbai,91960
7234,Neha,Sharma,user6233@example.com,9876506233,Male,2005-09-08,Hyderabad,53362
7235,Sameer,Joshi,user6234@example.com,9876506234,,1982-06-15,Hyderabad,63941
7236,Amit,Kumar,user6235@example.com,9876506235,,2009-01-19,Delhi,83969
7237,Sneha,Kumar,user6236@example.com,9876506236,Female,1974-04-02,Mumbai,46166
7238,Kavya,Verma,user6237@example.com,9876506237,Male,1986-06-20,Delhi,34819
7239,Neha,Mehta,user6238@example.com,9876506238,Other,2005-11-19,Mumbai,55698
7240,Sameer,Singh,user6239@example.com,9876506239,Female,2018-09-02,Delhi,90127
7241,Kavya,Reddy,,9876506240,,2012-02-26,Chennai,678100
7242,Priya,Sharma,user6241@example.com,9876506241,Female,2014-06-22,Bangalore,55674
7243,Neha,Mehta,user6242@example.com,9876506242,Male,1993-06-21,Chennai,85314
7244,Priya,Reddy,user6243@example.com,9876506243,Male,1971-10-11,Pune,76069
7245,Kavya,Singh,user6244@example.com,9876506244,Male,2004-04-25,Ahmedabad,49460
7246,Neha,Joshi,user6245@example.com,9876506245,,1982-10-05,Delhi,61203
7247,Priya,Kumar,user6246@example.com,9876506246,Male,2001-10-14,Ahmedabad,44517
7248,Rakesh,Gupta,user6247@example.com,9876506247,,1972-03-31,Delhi,67867
7249,Sameer,Verma,user6248@example.com,9876506248,,2016-02-24,Pune,77726
7250,Sneha,Sharma,user6249@example.com,9876506249,,2013-08-03,Bangalore,15839
7251,Amit,Verma,user6250@example.com,,,2015-03-11,Bangalore,44596
7252,Sameer,Rao,user6251@example.com,9876506251,,invalid,Ahmedabad,98571
7253,Priya,Joshi,user6252@example.com,9876506252,Female,1991-01-26,Chennai,58289
7254,Neha,Rao,user6253@example.com,9876506253,Male,1983-05-09,Pune,98174
7255,Rakesh,Singh,user6254@example.com,9876506254,Female,1981-07-18,Ahmedabad,39498
7256,Rakesh,Singh,user6255@example.com,9876506255,Female,1975-11-05,Bangalore,-1000
7257,Amit,Patel,user6256@example.com,9876506256,,1975-12-18,Mumbai,69353
7258,Rakesh,Singh,user6257@example.com,9876506257,Other,2018-08-24,Ahmedabad,58628
7259,Sameer,Mehta,user6258@example.com,9876506258,Male,2002-01-06,Delhi,90309
7260,Anjali,Mehta,user6259@example.com,9876506259,Other,1981-05-05,Hyderabad,62633
7261,Rakesh,Gupta,invalid@,9876506260,,2002-06-16,Kolkata,79241
7262,Amit,Kumar,user6261@example.com,9876506261,,1976-10-08,Bangalore,43159
7263,Rakesh,Verma,user6262@example.com,9876506262,Female,2050-01-01,Hyderabad,70287
7264,Rakesh,Kumar,user6263@example.com,9876506263,,2005-08-23,Delhi,58724
7265,Vijay,Kumar,user6264@example.com,9876506264,,2003-12-12,Hyderabad,44970
7266,Sameer,Mehta,user6265@example.com,9876506265,Other,1978-07-08,Pune,74331
7267,Priya,Verma,user6266@example.com,9876506266,,1992-10-18,Chennai,92243
7268,Arjun,Gupta,user6267@example.com,9876506267,Female,2007-04-03,Chennai,53094
7269,Anjali,Joshi,user6268@example.com,9876506268,,1994-02-05,Bangalore,73455
7270,Rakesh,Patel,user6269@example.com,9876506269,,2000-09-26,Bangalore,60698
7271,Sneha,Mehta,user6270@example.com,9876506270,,1980-05-02,Chennai,671432
7272,Rakesh,Rao,user6271@example.com,9876506271,Male,1970-09-16,Ahmedabad,81797
7273,Vijay,Patel,user6272@example.com,9876506272,,1988-10-21,Kolkata,93835
7274,Priya,Joshi,user6273@example.com,9876506273,,1988-08-31,Chennai,89837
7275,Sneha,Singh,user6274@example.com,9876506274,Male,1985-09-23,Chennai,50008
7276,Anjali,Kumar,user6275@example.com,123,Male,2003-02-09,Ahmedabad,38114
7277,Sneha,Sharma,user6276@example.com,9876506276,,2015-07-05,Hyderabad,24772
7278,Sameer,Gupta,user6277@example.com,9876506277,,1979-03-10,Delhi,77660
7279,Amit,Kumar,user6278@example.com,9876506278,Female,1991-08-23,Ahmedabad,54474
7280,Amit,Singh,user6279@example.com,9876506279,,1973-03-04,Mumbai,86246
7281,Anjali,Joshi,,9876506280,Male,1971-08-18,Bangalore,44306
7282,Priya,Rao,user6281@example.com,9876506281,Female,2015-12-17,Chennai,73924
7283,Amit,Gupta,user6282@example.com,9876506282,Female,1998-07-20,Kolkata,29594
7284,Kavya,Gupta,user6283@example.com,9876506283,Male,1998-09-25,Pune,75092
7285,Vijay,Joshi,user6284@example.com,9876506284,Female,1990-07-05,Hyderabad,72825
7286,Anjali,Patel,user6285@example.com,9876506285,,2050-01-01,Bangalore,-1000
7287,Anjali,Reddy,user6286@example.com,9876506286,,1985-02-25,Kolkata,68844
7288,Arjun,Kumar,user6287@example.com,9876506287,,1984-06-22,Chennai,106386
7289,Arjun,Patel,user6288@example.com,9876506288,,1974-06-02,Delhi,78760
7290,Sameer,Mehta,user6289@example.com,9876506289,Female,2004-12-20,Chennai,124103
7291,Sameer,Joshi,user6290@example.com,9876506290,Male,1985-06-22,Hyderabad,68064
7292,Arjun,Mehta,user6291@example.com,9876506291,,1979-09-23,Kolkata,76562
7293,Amit,Rao,user6292@example.com,9876506292,Other,2002-07-02,Ahmedabad,55476
7294,Neha,Patel,user6293@example.com,9876506293,,2013-12-22,Bangalore,69925
7295,Anjali,Sharma,user6294@example.com,9876506294,,1983-09-06,Ahmedabad,45477
7296,Kavya,Reddy,user6295@example.com,9876506295,Female,1974-01-04,Chennai,83111
7297,Anjali,Joshi,user6296@example.com,9876506296,,1987-03-15,Delhi,48888
7298,Rakesh,Joshi,user6297@example.com,9876506297,,1987-02-06,Kolkata,98324
7299,Priya,Reddy,user6298@example.com,9876506298,Female,1988-02-07,Ahmedabad,38076
7300,Vijay,Gupta,user6299@example.com,9876506299,,1978-06-28,Pune,58903
7301,Neha,Singh,invalid@,,,1981-04-06,Chennai,600220
7302,Kavya,Rao,user6301@example.com,9876506301,Other,1981-03-17,Delhi,42640
7303,Rakesh,Patel,user6302@example.com,9876506302,Other,1992-03-30,Bangalore,69692
7304,Sameer,Joshi,user6303@example.com,9876506303,,1998-01-02,Kolkata,54331
7305,Kavya,Joshi,user6304@example.com,9876506304,,1979-10-20,Hyderabad,93085
7306,Arjun,Reddy,user6305@example.com,9876506305,,1996-03-16,Bangalore,48756
7307,Anjali,Sharma,user6306@example.com,9876506306,,1990-09-19,Pune,73420
7308,Kavya,Reddy,user6307@example.com,9876506307,,1995-04-13,Mumbai,63280
7309,Priya,Reddy,user6308@example.com,9876506308,Other,1974-04-23,Hyderabad,60733
7310,Sneha,Kumar,user6309@example.com,9876506309,Female,2004-09-02,Ahmedabad,66829
7311,Sameer,Patel,user6310@example.com,9876506310,Male,1996-02-29,Chennai,79164
7312,Vijay,Gupta,user6311@example.com,9876506311,Female,2012-06-18,Bangalore,27253
7313,Vijay,Reddy,user6312@example.com,9876506312,Male,1995-03-13,Chennai,65952
7314,Kavya,Sharma,user6313@example.com,9876506313,,2005-08-08,Pune,48484
7315,Sneha,Gupta,user6314@example.com,9876506314,Other,2050-01-01,Hyderabad,50003
7316,Anjali,Verma,user6315@example.com,9876506315,Male,2017-12-11,Hyderabad,-1000
7317,Rakesh,Patel,user6316@example.com,9876506316,,2002-07-18,Ahmedabad,87000
7318,Neha,Joshi,user6317@example.com,9876506317,,1972-11-15,Delhi,96022
7319,Anjali,Verma,user6318@example.com,9876506318,Male,1984-03-11,Chennai,53363
7320,Rakesh,Gupta,user6319@example.com,9876506319,,1976-04-20,Pune,8026
7321,Neha,Gupta,,9876506320,,2014-12-09,Kolkata,66404
7322,Sneha,Patel,user6321@example.com,9876506321,Male,2003-09-02,Delhi,28637
7323,Neha,Singh,user6322@example.com,9876506322,,2001-01-30,Kolkata,73826
7324,Anjali,Kumar,user6323@example.com,9876506323,Other,1995-08-20,Delhi,47017
7325,Priya,Joshi,user6324@example.com,9876506324,,1978-10-04,Hyderabad,71846
7326,Kavya,Verma,user6325@example.com,123,Male,1999-12-12,Hyderabad,47932
7327,Rakesh,Reddy,user6326@example.com,9876506326,,2008-02-21,Delhi,41713
7328,Priya,Rao,user6327@example.com,9876506327,Other,2018-08-05,Ahmedabad,42205
7329,Rakesh,Singh,user6328@example.com,9876506328,,1996-08-25,Mumbai,72940
7330,Kavya,Joshi,user6329@example.com,9876506329,Other,1977-05-19,Chennai,38563
7331,Amit,Rao,user6330@example.com,9876506330,Male,1988-03-12,Hyderabad,759188
7332,Neha,Kumar,user6331@example.com,9876506331,,1992-04-24,Delhi,100544
7333,Sneha,Rao,user6332@example.com,9876506332,,2011-02-27,Bangalore,98420
7334,Amit,Reddy,user6333@example.com,9876506333,Female,2005-12-30,Hyderabad,33070
7335,Amit,Rao,user6334@example.com,9876506334,,1999-03-08,Ahmedabad,38055
7336,Vijay,Singh,user6335@example.com,9876506335,,1998-07-26,Ahmedabad,74624
7337,Arjun,Mehta,user6336@example.com,9876506336,Other,2017-08-01,Delhi,43634
7338,Anjali,Singh,user6337@example.com,9876506337,,1988-10-18,Bangalore,77375
7339,Priya,Reddy,user6338@example.com,9876506338,Male,2007-04-07,Pune,30794
7340,Priya,Verma,user6339@example.com,9876506339,,1999-05-04,Ahmedabad,63569
7341,Priya,Mehta,invalid@,9876506340,Female,1977-03-16,Delhi,83882
7342,Priya,Kumar,user6341@example.com,9876506341,Male,1970-09-21,Chennai,33960
7343,Anjali,Singh,user6342@example.com,9876506342,,1991-01-15,Hyderabad,62661
7344,Amit,Mehta,user6343@example.com,9876506343,Male,invalid,Delhi,62392
7345,Anjali,Gupta,user6344@example.com,9876506344,Male,1999-05-05,Chennai,77128
7346,Priya,Singh,user6345@example.com,9876506345,Female,1983-10-23,Chennai,-1000
7347,Arjun,Mehta,user6346@example.com,9876506346,Other,1984-01-04,Mumbai,36439
7348,Sameer,Patel,user6347@example.com,9876506347,Male,2014-08-21,Mumbai,14514
7349,Kavya,Verma,user6348@example.com,9876506348,Other,1974-06-25,Kolkata,91504
7350,Priya,Joshi,user6349@example.com,9876506349,,1994-02-26,Hyderabad,81697
7351,Sneha,Rao,user6350@example.com,,Female,1991-05-22,Pune,64512
7352,Sameer,Mehta,user6351@example.com,9876506351,,2011-09-06,Hyderabad,63977
7353,Anjali,Joshi,user6352@example.com,9876506352,Male,1998-12-21,Pune,73504
7354,Sneha,Singh,user6353@example.com,9876506353,Other,2017-11-12,Chennai,84317
7355,Sneha,Joshi,user6354@example.com,9876506354,Male,2015-08-26,Pune,24656
7356,Rakesh,Gupta,user6355@example.com,9876506355,Female,1977-02-17,Kolkata,29401
7357,Sneha,Sharma,user6356@example.com,9876506356,,1970-07-27,Pune,26482
7358,Priya,Sharma,user6357@example.com,9876506357,,1993-03-04,Hyderabad,58080
7359,Rakesh,Verma,user6358@example.com,9876506358,,1980-01-27,Delhi,68638
7360,Vijay,Mehta,user6359@example.com,9876506359,Other,1979-07-01,Delhi,85250
7361,Amit,Gupta,,9876506360,,2004-09-10,Delhi,67832
7362,Sneha,Rao,user6361@example.com,9876506361,Other,1995-12-12,Bangalore,38244
7363,Arjun,Kumar,user6362@example.com,9876506362,,1983-08-27,Chennai,67613
7364,Kavya,Reddy,user6363@example.com,9876506363,Male,1996-12-24,Pune,70092
7365,Sneha,Verma,user6364@example.com,9876506364,Female,2012-07-05,Bangalore,61006
7366,Vijay,Reddy,user6365@example.com,9876506365,,1995-04-13,Ahmedabad,42496
7367,Neha,Sharma,user6366@example.com,9876506366,,1988-08-17,Chennai,51006
7368,Anjali,Patel,user6367@example.com,9876506367,,2002-08-06,Kolkata,62260
7369,Anjali,Kumar,user6368@example.com,9876506368,,1976-09-27,Ahmedabad,30664
7370,Vijay,Kumar,user6369@example.com,9876506369,Female,1991-10-03,Delhi,47935
7371,Neha,Reddy,user6370@example.com,9876506370,Male,1985-07-14,Ahmedabad,37382
7372,Anjali,Patel,user6371@example.com,9876506371,,1999-12-29,Delhi,75040
7373,Anjali,Singh,user6372@example.com,9876506372,,2008-05-05,Kolkata,46712
7374,Anjali,Joshi,user6373@example.com,9876506373,,1998-07-13,Chennai,38854
7375,Vijay,Verma,user6374@example.com,9876506374,Male,2008-03-29,Chennai,54650
7376,Amit,Gupta,user6375@example.com,123,Other,2017-06-10,Kolkata,-1000
7377,Kavya,Kumar,user6376@example.com,9876506376,Male,1981-05-19,Kolkata,64540
7378,Vijay,Reddy,user6377@example.com,9876506377,,2003-07-18,Hyderabad,87043
7379,Neha,Joshi,user6378@example.com,9876506378,,2007-01-07,Pune,83977
7380,Sneha,Sharma,user6379@example.com,9876506379,Female,2015-04-24,Bangalore,50002
7381,Amit,Gupta,invalid@,9876506380,,1975-03-21,Delhi,67692
7382,Amit,Reddy,user6381@example.com,9876506381,,1996-01-20,Mumbai,86954
7383,Sneha,Verma,user6382@example.com,9876506382,Female,2015-10-26,Kolkata,55344
7384,Arjun,Rao,user6383@example.com,9876506383,,2050-01-01,Mumbai,69803
7385,Rakesh,Kumar,user6384@example.com,9876506384,Male,1979-01-23,Hyderabad,46962
7386,Kavya,Sharma,user6385@example.com,9876506385,,1985-07-02,Pune,60489
7387,Kavya,Verma,user6386@example.com,9876506386,Male,1972-07-20,Kolkata,59838
7388,Arjun,Mehta,user6387@example.com,9876506387,Male,1980-07-05,Bangalore,77544
7389,Rakesh,Sharma,user6388@example.com,9876506388,,2008-11-09,Delhi,57330
7390,Kavya,Gupta,user6389@example.com,9876506389,Male,1995-06-24,Hyderabad,69309
7391,Neha,Mehta,user6390@example.com,9876506390,Other,1998-06-01,Pune,726228
7392,Sameer,Sharma,user6391@example.com,9876506391,Female,1992-01-24,Bangalore,49218
7393,Sameer,Reddy,user6392@example.com,9876506392,,1975-06-13,Mumbai,56950
7394,Kavya,Rao,user6393@example.com,9876506393,Other,1996-03-22,Delhi,74261
7395,Priya,Joshi,user6394@example.com,9876506394,Male,2011-08-09,Bangalore,101769
7396,Kavya,Rao,user6395@example.com,9876506395,Male,1973-01-21,Ahmedabad,39855
7397,Sneha,Rao,user6396@example.com,9876506396,Female,1995-10-16,Delhi,75506
7398,Sneha,Reddy,user6397@example.com,9876506397,Other,1989-01-23,Ahmedabad,89282
7399,Rakesh,Patel,user6398@example.com,9876506398,Other,1986-05-04,Chennai,66911
7400,Anjali,Sharma,user6399@example.com,9876506399,,2013-10-03,Chennai,46937
7401,Amit,Joshi,,,Male,2002-04-20,Chennai,63951
7402,Neha,Singh,user6401@example.com,9876506401,,1994-04-16,Pune,45655
7403,Arjun,Reddy,user6402@example.com,9876506402,,1973-04-06,Bangalore,54943
7404,Kavya,Patel,user6403@example.com,9876506403,,2017-12-14,Hyderabad,72707
7405,Anjali,Reddy,user6404@example.com,9876506404,,2018-09-13,Hyderabad,63789
7406,Anjali,Patel,user6405@example.com,9876506405,Female,1985-06-01,Chennai,-1000
7407,Neha,Rao,user6406@example.com,9876506406,Female,1996-01-27,Kolkata,41614
7408,Arjun,Kumar,user6407@example.com,9876506407,,1983-10-10,Bangalore,52780
7409,Sneha,Kumar,user6408@example.com,9876506408,,1973-10-13,Bangalore,77260
7410,Vijay,Mehta,user6409@example.com,9876506409,Other,2015-11-14,Bangalore,31502
7411,Neha,Singh,user6410@example.com,9876506410,Other,1983-12-11,Delhi,38473
7412,Anjali,Joshi,user6411@example.com,9876506411,Male,2009-11-09,Kolkata,58888
7413,Sameer,Patel,user6412@example.com,9876506412,Other,1993-06-16,Ahmedabad,54650
7414,Kavya,Sharma,user6413@example.com,9876506413,Other,2010-01-07,Ahmedabad,80388
7415,Rakesh,Rao,user6414@example.com,9876506414,,1975-04-28,Pune,17104
7416,Sameer,Gupta,user6415@example.com,9876506415,Other,2017-06-24,Chennai,63350
7417,Anjali,Sharma,user6416@example.com,9876506416,,2013-09-27,Pune,92419
7418,Amit,Sharma,user6417@example.com,9876506417,Female,2008-09-11,Hyderabad,71540
7419,Priya,Patel,user6418@example.com,9876506418,,2019-01-21,Bangalore,34326
7420,Arjun,Joshi,user6419@example.com,9876506419,Female,1988-11-07,Mumbai,113551
7421,Sneha,Rao,invalid@,9876506420,,1993-07-20,Mumbai,540628
7422,Kavya,Rao,user6421@example.com,9876506421,,1970-02-23,Kolkata,16316
7423,Rakesh,Joshi,user6422@example.com,9876506422,Female,1983-02-18,Bangalore,81240
7424,Vijay,Kumar,user6423@example.com,9876506423,Female,2008-06-15,Chennai,48835
7425,Sneha,Verma,user6424@example.com,9876506424,Other,2005-02-27,Ahmedabad,102422
7426,Kavya,Mehta,user6425@example.com,123,Female,2012-06-25,Pune,79433
7427,Vijay,Reddy,user6426@example.com,9876506426,,2009-06-21,Hyderabad,107621
7428,Rakesh,Mehta,user6427@example.com,9876506427,,1989-11-10,Delhi,43932
7429,Anjali,Kumar,user6428@example.com,9876506428,,1998-07-09,Mumbai,90559
7430,Priya,Patel,user6429@example.com,9876506429,Other,2002-07-14,Kolkata,48735
7431,Sameer,Patel,user6430@example.com,9876506430,,2001-02-12,Pune,71871
7432,Sameer,Singh,user6431@example.com,9876506431,,2008-09-11,Mumbai,68448
7433,Anjali,Mehta,user6432@example.com,9876506432,Male,1998-07-26,Ahmedabad,92744
7434,Sneha,Mehta,user6433@example.com,9876506433,Female,2018-07-09,Ahmedabad,81197
7435,Anjali,Reddy,user6434@example.com,9876506434,Other,2003-08-17,Bangalore,55702
7436,Anjali,Patel,user6435@example.com,9876506435,,2008-05-09,Hyderabad,-1000
7437,Kavya,Sharma,user6436@example.com,9876506436,Male,1976-04-13,Bangalore,63160
7438,Kavya,Mehta,user6437@example.com,9876506437,,1970-03-14,Mumbai,78871
7439,Rakesh,Reddy,user6438@example.com,9876506438,Female,1989-10-24,Mumbai,70913
7440,Priya,Joshi,user6439@example.com,9876506439,,2011-04-25,Pune,60737
7441,Kavya,Gupta,,9876506440,Male,2014-10-03,Hyderabad,38527
7442,Rakesh,Joshi,user6441@example.com,9876506441,,1998-01-11,Bangalore,69067
7443,Amit,Reddy,user6442@example.com,9876506442,,2002-01-07,Kolkata,51499
7444,Anjali,Sharma,user6443@example.com,9876506443,,1979-08-03,Kolkata,40397
7445,Anjali,Singh,user6444@example.com,9876506444,,1998-08-30,Ahmedabad,81609
7446,Sneha,Patel,user6445@example.com,9876506445,,2050-01-01,Hyderabad,52382
7447,Amit,Singh,user6446@example.com,9876506446,Other,1993-05-06,Chennai,28895
7448,Sneha,Singh,user6447@example.com,9876506447,,2004-02-16,Pune,65044
7449,Vijay,Reddy,user6448@example.com,9876506448,,2000-04-16,Hyderabad,61959
7450,Rakesh,Patel,user6449@example.com,9876506449,Male,1977-02-28,Pune,63765
7451,Rakesh,Rao,user6450@example.com,,Female,2010-05-15,Delhi,637419
7452,Anjali,Gupta,user6451@example.com,9876506451,Other,2005-10-08,Kolkata,44879
7453,Neha,Mehta,user6452@example.com,9876506452,,2007-03-17,Chennai,57013
7454,Vijay,Singh,user6453@example.com,9876506453,Female,1972-07-21,Hyderabad,85785
7455,Rakesh,Joshi,user6454@example.com,9876506454,Other,2016-08-06,Hyderabad,82099
7456,Kavya,Rao,user6455@example.com,9876506455,,2018-02-12,Ahmedabad,57929
7457,Anjali,Rao,user6456@example.com,9876506456,Female,2012-07-23,Pune,76703
7458,Sneha,Sharma,user6457@example.com,9876506457,Other,1985-01-30,Chennai,66860
7459,Amit,Singh,user6458@example.com,9876506458,,1970-01-12,Delhi,58405
7460,Sneha,Singh,user6459@example.com,9876506459,,2003-05-22,Chennai,89933
7461,Sameer,Verma,invalid@,9876506460,Other,2005-12-01,Bangalore,47102
7462,Neha,Reddy,user6461@example.com,9876506461,,1992-01-26,Ahmedabad,71130
7463,Rakesh,Sharma,user6462@example.com,9876506462,Other,1971-03-25,Bangalore,31731
7464,Priya,Rao,user6463@example.com,9876506463,Male,1990-12-23,Delhi,72210
7465,Arjun,Rao,user6464@example.com,9876506464,Other,1976-11-01,Kolkata,51799
7466,Neha,Verma,user6465@example.com,9876506465,Other,1986-02-11,Ahmedabad,-1000
7467,Anjali,Mehta,user6466@example.com,9876506466,,1971-03-03,Mumbai,59176
7468,Rakesh,Kumar,user6467@example.com,9876506467,,1989-06-09,Mumbai,20629
7469,Amit,Joshi,user6468@example.com,9876506468,Other,2005-05-15,Mumbai,32718
7470,Rakesh,Kumar,user6469@example.com,9876506469,Female,2004-04-05,Chennai,81602
7471,Arjun,Singh,user6470@example.com,9876506470,,invalid,Pune,67091
7472,Amit,Patel,user6471@example.com,9876506471,,2002-08-28,Chennai,94167
7473,Sneha,Sharma,user6472@example.com,9876506472,Other,invalid,Chennai,37641
7474,Amit,Singh,user6473@example.com,9876506473,Female,2007-04-05,Chennai,82023
7475,Neha,Mehta,user6474@example.com,9876506474,Other,1977-05-05,Chennai,74213
7476,Sneha,Kumar,user6475@example.com,123,Female,2018-09-11,Kolkata,88290
7477,Rakesh,Singh,user6476@example.com,9876506476,,1979-05-01,Mumbai,62848
7478,Anjali,Joshi,user6477@example.com,9876506477,Female,1988-07-06,Pune,67292
7479,Vijay,Rao,user6478@example.com,9876506478,Other,2014-03-04,Hyderabad,47450
7480,Anjali,Reddy,user6479@example.com,9876506479,Male,2017-09-18,Pune,59588
7481,Rakesh,Gupta,,9876506480,Male,2007-02-11,Delhi,551729
7482,Arjun,Singh,user6481@example.com,9876506481,Female,1971-01-27,Mumbai,38490
7483,Vijay,Mehta,user6482@example.com,9876506482,Other,1983-03-13,Ahmedabad,67723
7484,Rakesh,Sharma,user6483@example.com,9876506483,,1986-05-21,Hyderabad,83838
7485,Priya,Patel,user6484@example.com,9876506484,Male,2018-05-18,Hyderabad,88598
7486,Neha,Joshi,user6485@example.com,9876506485,,1987-06-04,Chennai,48787
7487,Priya,Verma,user6486@example.com,9876506486,Other,1984-01-15,Pune,64271
7488,Sneha,Mehta,user6487@example.com,9876506487,Other,1988-01-16,Delhi,62307
7489,Sameer,Kumar,user6488@example.com,9876506488,Male,1999-02-04,Pune,94491
7490,Rakesh,Reddy,user6489@example.com,9876506489,,2004-04-04,Ahmedabad,100725
7491,Kavya,Kumar,user6490@example.com,9876506490,,2012-12-26,Ahmedabad,38902
7492,Kavya,Rao,user6491@example.com,9876506491,,1981-01-20,Mumbai,74729
7493,Amit,Reddy,user6492@example.com,9876506492,,1988-10-07,Kolkata,75622
7494,Anjali,Kumar,user6493@example.com,9876506493,Male,1974-03-24,Pune,60989
7495,Anjali,Sharma,user6494@example.com,9876506494,Other,2017-01-09,Kolkata,39741
7496,Anjali,Kumar,user6495@example.com,9876506495,,2007-12-03,Ahmedabad,-1000
7497,Priya,Joshi,user6496@example.com,9876506496,Other,2005-03-26,Hyderabad,89324
7498,Neha,Joshi,user6497@example.com,9876506497,Female,1986-09-12,Bangalore,54060
7499,Rakesh,Gupta,user6498@example.com,9876506498,Female,1990-05-24,Ahmedabad,88927
7500,Arjun,Kumar,user6499@example.com,9876506499,Male,1989-09-29,Ahmedabad,65080
7501,Amit,Sharma,invalid@,,Male,1991-05-09,Hyderabad,93438
7502,Sneha,Sharma,user6501@example.com,9876506501,Male,2004-08-22,Pune,93398
7503,Vijay,Singh,user6502@example.com,9876506502,Female,1974-09-13,Chennai,64528
7504,Sneha,Patel,user6503@example.com,9876506503,,1979-12-16,Hyderabad,73347
7505,Rakesh,Reddy,user6504@example.com,9876506504,,2001-08-22,Ahmedabad,50951
7506,Sameer,Mehta,user6505@example.com,9876506505,Male,1991-07-20,Delhi,32529
7507,Anjali,Verma,user6506@example.com,9876506506,,2007-06-18,Chennai,70014
7508,Vijay,Reddy,user6507@example.com,9876506507,,2003-11-09,Hyderabad,35674
7509,Priya,Reddy,user6508@example.com,9876506508,Female,1992-12-11,Ahmedabad,106861
7510,Rakesh,Rao,user6509@example.com,9876506509,,1985-09-05,Bangalore,87769
7511,Sameer,Reddy,user6510@example.com,9876506510,Female,1990-09-10,Ahmedabad,619685
7512,Priya,Rao,user6511@example.com,9876506511,Male,1977-06-11,Mumbai,118345
7513,Sameer,Singh,user6512@example.com,9876506512,Female,1991-08-06,Pune,52393
7514,Anjali,Patel,user6513@example.com,9876506513,Female,1991-11-30,Bangalore,57151
7515,Priya,Sharma,user6514@example.com,9876506514,Female,2012-07-02,Delhi,56909
7516,Neha,Gupta,user6515@example.com,9876506515,Male,1994-11-25,Kolkata,63720
7517,Kavya,Sharma,user6516@example.com,9876506516,Male,1993-05-12,Hyderabad,58799
7518,Sneha,Kumar,user6517@example.com,9876506517,Female,2006-07-24,Ahmedabad,74131
7519,Neha,Verma,user6518@example.com,9876506518,Female,2006-02-06,Ahmedabad,45024
7520,Vijay,Patel,user6519@example.com,9876506519,,2011-07-18,Kolkata,67558
7521,Amit,Patel,,9876506520,,1971-10-06,Kolkata,54149
7522,Kavya,Singh,user6521@example.com,9876506521,,2014-11-30,Hyderabad,66253
7523,Neha,Verma,user6522@example.com,9876506522,,2000-11-03,Kolkata,43341
7524,Rakesh,Kumar,user6523@example.com,9876506523,,1971-11-09,Hyderabad,47709
7525,Sameer,Kumar,user6524@example.com,9876506524,Female,2013-08-14,Delhi,107503
7526,Vijay,Gupta,user6525@example.com,123,,1995-06-10,Kolkata,-1000
7527,Rakesh,Mehta,user6526@example.com,9876506526,,1977-04-04,Ahmedabad,75469
7528,Kavya,Sharma,user6527@example.com,9876506527,,1979-07-02,Kolkata,54263
7529,Sameer,Reddy,user6528@example.com,9876506528,Male,1991-08-05,Mumbai,44653
7530,Vijay,Verma,user6529@example.com,9876506529,,1998-01-30,Chennai,66282
7531,Amit,Kumar,user6530@example.com,9876506530,Female,2001-09-27,Chennai,47621
7532,Kavya,Kumar,user6531@example.com,9876506531,Other,2000-04-16,Bangalore,75360
7533,Vijay,Mehta,user6532@example.com,9876506532,Male,1999-01-31,Hyderabad,62505
7534,Neha,Patel,user6533@example.com,9876506533,Other,1985-07-25,Ahmedabad,91721
7535,Vijay,Kumar,user6534@example.com,9876506534,Female,2006-11-05,Delhi,38887
7536,Kavya,Gupta,user6535@example.com,9876506535,Other,1988-01-23,Kolkata,70521
7537,Anjali,Kumar,user6536@example.com,9876506536,,2011-06-26,Delhi,72406
7538,Neha,Kumar,user6537@example.com,9876506537,Other,2018-09-26,Bangalore,45068
7539,Rakesh,Mehta,user6538@example.com,9876506538,,1989-05-15,Mumbai,51719
7540,Kavya,Gupta,user6539@example.com,9876506539,Female,1971-05-07,Bangalore,36530
7541,Anjali,Joshi,invalid@,9876506540,,2016-12-08,Ahmedabad,337991
7542,Arjun,Rao,user6541@example.com,9876506541,Other,1970-07-31,Chennai,62628
7543,Amit,Mehta,user6542@example.com,9876506542,,2007-05-11,Mumbai,81136
7544,Anjali,Patel,user6543@example.com,9876506543,Male,1991-11-02,Mumbai,62367
7545,Arjun,Patel,user6544@example.com,9876506544,Other,1980-03-11,Hyderabad,63203
7546,Sneha,Verma,user6545@example.com,9876506545,,2002-01-22,Delhi,39033
7547,Sameer,Mehta,user6546@example.com,9876506546,,1997-10-23,Mumbai,22967
7548,Anjali,Singh,user6547@example.com,9876506547,Other,2015-09-09,Hyderabad,71841
7549,Priya,Mehta,user6548@example.com,9876506548,Male,1980-04-30,Hyderabad,51786
7550,Amit,Joshi,user6549@example.com,9876506549,,2008-08-30,Ahmedabad,28981
7551,Anjali,Kumar,user6550@example.com,,Other,1978-10-31,Kolkata,54119
7552,Arjun,Mehta,user6551@example.com,9876506551,,1994-08-22,Ahmedabad,69986
7553,Priya,Singh,user6552@example.com,9876506552,Other,2001-03-01,Kolkata,73051
7554,Amit,Reddy,user6553@example.com,9876506553,Other,1973-09-15,Ahmedabad,68977
7555,Priya,Singh,user6554@example.com,9876506554,Female,1992-12-02,Chennai,51089
7556,Neha,Patel,user6555@example.com,9876506555,,1994-11-03,Pune,-1000
7557,Arjun,Joshi,user6556@example.com,9876506556,Other,1982-11-12,Mumbai,64591
7558,Vijay,Kumar,user6557@example.com,9876506557,Male,1988-11-24,Mumbai,47475
7559,Neha,Singh,user6558@example.com,9876506558,,2015-06-20,Ahmedabad,42657
7560,Amit,Joshi,user6559@example.com,9876506559,Female,1976-02-16,Kolkata,68925
7561,Amit,Reddy,,9876506560,,1974-11-14,Delhi,82379
7562,Kavya,Gupta,user6561@example.com,9876506561,,2016-07-22,Chennai,76873
7563,Arjun,Gupta,user6562@example.com,9876506562,Other,2014-08-23,Mumbai,68264
7564,Sneha,Gupta,user6563@example.com,9876506563,Male,2004-03-28,Hyderabad,77667
7565,Sneha,Reddy,user6564@example.com,9876506564,Other,1987-06-20,Pune,112428
7566,Amit,Kumar,user6565@example.com,9876506565,Male,1981-09-03,Mumbai,70756
7567,Sneha,Rao,user6566@example.com,9876506566,Male,2000-03-03,Bangalore,68148
7568,Sameer,Rao,user6567@example.com,9876506567,,1976-02-19,Pune,75892
7569,Kavya,Joshi,user6568@example.com,9876506568,Other,2009-11-29,Delhi,80006
7570,Amit,Gupta,user6569@example.com,9876506569,Female,1992-01-09,Pune,38282
7571,Sneha,Patel,user6570@example.com,9876506570,,1973-09-24,Pune,685424
7572,Arjun,Kumar,user6571@example.com,9876506571,,1987-11-23,Mumbai,85077
7573,Anjali,Rao,user6572@example.com,9876506572,Female,1988-06-19,Pune,99912
7574,Vijay,Mehta,user6573@example.com,9876506573,Other,1992-09-06,Ahmedabad,65403
7575,Neha,Verma,user6574@example.com,9876506574,Male,2018-04-01,Chennai,55914
7576,Neha,Sharma,user6575@example.com,123,Other,1987-10-11,Pune,68299
7577,Sameer,Reddy,user6576@example.com,9876506576,Other,1990-07-17,Mumbai,52121
7578,Priya,Reddy,user6577@example.com,9876506577,,1979-07-03,Ahmedabad,96385
7579,Arjun,Rao,user6578@example.com,9876506578,Female,1981-07-03,Delhi,74617
7580,Priya,Reddy,user6579@example.com,9876506579,,1984-08-26,Hyderabad,63948
7581,Kavya,Gupta,invalid@,9876506580,Female,2011-12-19,Bangalore,87271
7582,Vijay,Sharma,user6581@example.com,9876506581,,2013-07-31,Pune,41931
7583,Kavya,Patel,user6582@example.com,9876506582,,2006-12-06,Ahmedabad,23560
7584,Amit,Mehta,user6583@example.com,9876506583,Male,1984-10-27,Ahmedabad,73434
7585,Arjun,Joshi,user6584@example.com,9876506584,Male,1990-05-08,Delhi,86479
7586,Amit,Sharma,user6585@example.com,9876506585,Male,2007-11-14,Delhi,-1000
7587,Rakesh,Patel,user6586@example.com,9876506586,,2001-04-14,Bangalore,51417
7588,Sneha,Reddy,user6587@example.com,9876506587,,1979-12-08,Bangalore,45863
7589,Neha,Rao,user6588@example.com,9876506588,Male,2006-08-04,Mumbai,40310
7590,Anjali,Singh,user6589@example.com,9876506589,Male,1984-08-27,Bangalore,78303
7591,Amit,Joshi,user6590@example.com,9876506590,Female,1977-12-11,Bangalore,81359
7592,Priya,Kumar,user6591@example.com,9876506591,Female,2011-02-13,Kolkata,83361
7593,Rakesh,Verma,user6592@example.com,9876506592,Other,2019-01-29,Hyderabad,65145
7594,Neha,Rao,user6593@example.com,9876506593,,2006-03-31,Hyderabad,41878
7595,Amit,Reddy,user6594@example.com,9876506594,Female,1975-09-23,Ahmedabad,50701
7596,Rakesh,Rao,user6595@example.com,9876506595,Female,1999-09-08,Pune,76972
7597,Rakesh,Gupta,user6596@example.com,9876506596,Female,1997-03-03,Kolkata,44253
7598,Arjun,Reddy,user6597@example.com,9876506597,Female,2007-11-10,Kolkata,62963
7599,Kavya,Rao,user6598@example.com,9876506598,,2010-12-25,Kolkata,44650
7600,Rakesh,Sharma,user6599@example.com,9876506599,Other,1992-09-05,Pune,51063
7601,Sameer,Sharma,,,Female,1983-04-17,Chennai,419619
7602,Kavya,Mehta,user6601@example.com,9876506601,,1983-10-29,Bangalore,65325
7603,Neha,Mehta,user6602@example.com,9876506602,Female,1985-03-20,Kolkata,35738
7604,Neha,Joshi,user6603@example.com,9876506603,,1982-02-19,Chennai,49792
7605,Neha,Rao,user6604@example.com,9876506604,Male,2002-11-15,Chennai,82022
7606,Neha,Mehta,user6605@example.com,9876506605,Male,1991-11-14,Mumbai,85976
7607,Sameer,Gupta,user6606@example.com,9876506606,Other,1983-09-30,Mumbai,78415
7608,Amit,Patel,user6607@example.com,9876506607,Male,1972-09-04,Pune,93308
7609,Vijay,Mehta,user6608@example.com,9876506608,Female,1989-04-05,Delhi,38607
7610,Rakesh,Rao,user6609@example.com,9876506609,,1973-06-12,Ahmedabad,63172
7611,Neha,Sharma,user6610@example.com,9876506610,Other,2002-12-26,Bangalore,66509
7612,Kavya,Verma,user6611@example.com,9876506611,Female,2018-05-30,Ahmedabad,104037
7613,Kavya,Singh,user6612@example.com,9876506612,Male,invalid,Kolkata,60250
7614,Rakesh,Kumar,user6613@example.com,9876506613,,1990-04-03,Bangalore,81026
7615,Amit,Mehta,user6614@example.com,9876506614,Female,1988-10-25,Bangalore,98872
7616,Anjali,Kumar,user6615@example.com,9876506615,,1974-09-29,Hyderabad,-1000
7617,Anjali,Singh,user6616@example.com,9876506616,,2013-06-04,Chennai,55617
7618,Vijay,Joshi,user6617@example.com,9876506617,Other,1978-01-21,Pune,57348
7619,Amit,Sharma,user6618@example.com,9876506618,,2016-02-01,Ahmedabad,30771
7620,Rakesh,Sharma,user6619@example.com,9876506619,Male,1995-10-26,Ahmedabad,55816
7621,Anjali,Singh,invalid@,9876506620,Male,2050-01-01,Delhi,36572
7622,Anjali,Rao,user6621@example.com,9876506621,Female,2011-04-04,Delhi,80644
7623,Anjali,Kumar,user6622@example.com,9876506622,Male,2011-09-09,Ahmedabad,33756
7624,Priya,Kumar,user6623@example.com,9876506623,Other,1970-06-15,Delhi,72844
7625,Sameer,Singh,user6624@example.com,9876506624,Male,2005-03-30,Delhi,87753
7626,Rakesh,Kumar,user6625@example.com,123,Female,2003-06-16,Bangalore,79579
7627,Sneha,Rao,user6626@example.com,9876506626,Male,1996-05-22,Hyderabad,55339
7628,Arjun,Sharma,user6627@example.com,9876506627,,1983-09-30,Pune,80276
7629,Arjun,Joshi,user6628@example.com,9876506628,,invalid,Hyderabad,65193
7630,Amit,Gupta,user6629@example.com,9876506629,,1970-04-07,Kolkata,55853
7631,Rakesh,Sharma,user6630@example.com,9876506630,,1976-08-23,Bangalore,577315
7632,Rakesh,Patel,user6631@example.com,9876506631,,1999-11-14,Chennai,73858
7633,Arjun,Patel,user6632@example.com,9876506632,Other,2007-02-11,Delhi,33867
7634,Vijay,Sharma,user6633@example.com,9876506633,Female,1993-10-21,Bangalore,54918
7635,Arjun,Rao,user6634@example.com,9876506634,,1992-06-03,Bangalore,72494
7636,Rakesh,Gupta,user6635@example.com,9876506635,Female,2004-08-26,Mumbai,54746
7637,Anjali,Joshi,user6636@example.com,9876506636,Other,1992-08-09,Bangalore,39163
7638,Vijay,Kumar,user6637@example.com,9876506637,,1988-06-15,Bangalore,47173
7639,Neha,Patel,user6638@example.com,9876506638,Male,2011-12-01,Pune,68442
7640,Sneha,Patel,user6639@example.com,9876506639,Other,2008-08-14,Ahmedabad,74657
7641,Priya,Patel,,9876506640,,2016-09-01,Hyderabad,86691
7642,Sameer,Reddy,user6641@example.com,9876506641,,1993-09-29,Hyderabad,80615
7643,Neha,Rao,user6642@example.com,9876506642,Other,2008-07-18,Mumbai,80381
7644,Kavya,Sharma,user6643@example.com,9876506643,Other,1988-11-01,Mumbai,26568
7645,Arjun,Gupta,user6644@example.com,9876506644,,1982-10-07,Mumbai,80059
7646,Sneha,Sharma,user6645@example.com,9876506645,,1991-05-26,Chennai,-1000
7647,Arjun,Reddy,user6646@example.com,9876506646,,1978-12-06,Mumbai,36169
7648,Arjun,Patel,user6647@example.com,9876506647,Other,1971-02-10,Pune,76158
7649,Neha,Singh,user6648@example.com,9876506648,Female,1979-10-01,Ahmedabad,68578
7650,Anjali,Reddy,user6649@example.com,9876506649,Other,2001-09-10,Chennai,82695
7651,Anjali,Rao,user6650@example.com,,,2002-06-21,Pune,54311
7652,Priya,Joshi,user6651@example.com,9876506651,,2006-01-05,Mumbai,64885
7653,Vijay,Kumar,user6652@example.com,9876506652,,1991-07-06,Ahmedabad,28983
7654,Arjun,Verma,user6653@example.com,9876506653,,1995-06-28,Hyderabad,104219
7655,Amit,Gupta,user6654@example.com,9876506654,Male,invalid,Pune,38233
7656,Anjali,Reddy,user6655@example.com,9876506655,,2001-12-18,Ahmedabad,48794
7657,Rakesh,Joshi,user6656@example.com,9876506656,,1972-01-12,Chennai,44384
7658,Sneha,Verma,user6657@example.com,9876506657,Female,2001-04-19,Pune,69131
7659,Amit,Joshi,user6658@example.com,9876506658,Female,1989-08-30,Kolkata,48038
7660,Neha,Sharma,user6659@example.com,9876506659,Other,1991-03-03,Ahmedabad,86564
7661,Neha,Sharma,invalid@,9876506660,Other,1977-12-31,Hyderabad,712960
7662,Priya,Patel,user6661@example.com,9876506661,Other,1990-03-11,Pune,35197
7663,Priya,Mehta,user6662@example.com,9876506662,,1989-03-25,Mumbai,80597
7664,Vijay,Kumar,user6663@example.com,9876506663,Female,1985-03-24,Mumbai,83238
7665,Rakesh,Rao,user6664@example.com,9876506664,Other,1985-06-05,Mumbai,50429
7666,Sneha,Rao,user6665@example.com,9876506665,Female,1972-06-29,Chennai,42112
7667,Rakesh,Patel,user6666@example.com,9876506666,,1982-11-16,Kolkata,72973
7668,Kavya,Sharma,user6667@example.com,9876506667,,2018-09-28,Pune,78173
7669,Priya,Patel,user6668@example.com,9876506668,Other,2009-11-25,Ahmedabad,44930
7670,Vijay,Singh,user6669@example.com,9876506669,,2004-03-24,Ahmedabad,83471
7671,Sameer,Reddy,user6670@example.com,9876506670,,1981-01-21,Delhi,53526
7672,Arjun,Reddy,user6671@example.com,9876506671,Female,1970-05-12,Bangalore,88663
7673,Arjun,Gupta,user6672@example.com,9876506672,Male,1998-01-22,Hyderabad,33403
7674,Sameer,Sharma,user6673@example.com,9876506673,,2015-04-11,Kolkata,50333
7675,Anjali,Mehta,user6674@example.com,9876506674,Other,2015-09-10,Kolkata,60831
7676,Rakesh,Singh,user6675@example.com,123,Male,2014-07-31,Mumbai,-1000
7677,Sameer,Singh,user6676@example.com,9876506676,Other,1976-11-24,Mumbai,64366
7678,Vijay,Sharma,user6677@example.com,9876506677,Male,1986-09-26,Mumbai,58063
7679,Sneha,Reddy,user6678@example.com,9876506678,,1972-09-19,Delhi,60806
7680,Sameer,Verma,user6679@example.com,9876506679,Other,1985-06-18,Delhi,56920
7681,Vijay,Reddy,,9876506680,Male,1999-06-09,Delhi,39188
7682,Priya,Gupta,user6681@example.com,9876506681,,1990-10-20,Mumbai,64540
7683,Amit,Gupta,user6682@example.com,9876506682,,2016-02-23,Ahmedabad,62488
7684,Neha,Sharma,user6683@example.com,9876506683,Other,1979-10-07,Mumbai,44820
7685,Neha,Kumar,user6684@example.com,9876506684,Other,1993-10-31,Kolkata,89981
7686,Kavya,Kumar,user6685@example.com,9876506685,Male,2001-09-20,Delhi,71298
7687,Rakesh,Mehta,user6686@example.com,9876506686,Other,1978-12-30,Delhi,79393
7688,Sneha,Kumar,user6687@example.com,9876506687,,2002-12-08,Bangalore,48826
7689,Amit,Joshi,user6688@example.com,9876506688,Female,1998-06-07,Pune,18820
7690,Amit,Joshi,user6689@example.com,9876506689,Male,2005-03-04,Bangalore,99879
7691,Priya,Rao,user6690@example.com,9876506690,,2005-10-23,Bangalore,683731
7692,Sameer,Joshi,user6691@example.com,9876506691,Other,2008-06-06,Mumbai,72272
7693,Rakesh,Verma,user6692@example.com,9876506692,,1993-05-31,Pune,71411
7694,Arjun,Verma,user6693@example.com,9876506693,Other,1970-10-12,Kolkata,72980
7695,Amit,Verma,user6694@example.com,9876506694,,2011-05-06,Pune,43725
7696,Vijay,Joshi,user6695@example.com,9876506695,,1978-12-22,Hyderabad,44424
7697,Arjun,Mehta,user6696@example.com,9876506696,,1974-10-24,Mumbai,44480
7698,Kavya,Reddy,user6697@example.com,9876506697,,2006-10-31,Hyderabad,76025
7699,Sameer,Sharma,user6698@example.com,9876506698,Female,2011-11-17,Ahmedabad,40733
7700,Sameer,Patel,user6699@example.com,9876506699,,1985-11-05,Chennai,34424
7701,Sneha,Rao,invalid@,,,1996-04-18,Kolkata,52149
7702,Amit,Gupta,user6701@example.com,9876506701,Male,1993-05-29,Mumbai,59554
7703,Priya,Singh,user6702@example.com,9876506702,Female,1988-06-05,Ahmedabad,64006
7704,Anjali,Gupta,user6703@example.com,9876506703,Other,2009-12-30,Kolkata,55274
7705,Anjali,Rao,user6704@example.com,9876506704,Female,2013-03-15,Ahmedabad,74686
7706,Neha,Gupta,user6705@example.com,9876506705,Female,1978-08-08,Pune,-1000
7707,Vijay,Reddy,user6706@example.com,9876506706,Other,2000-04-21,Mumbai,65983
7708,Arjun,Gupta,user6707@example.com,9876506707,,2009-01-12,Mumbai,88239
7709,Kavya,Gupta,user6708@example.com,9876506708,Female,1970-07-16,Pune,75998
7710,Neha,Reddy,user6709@example.com,9876506709,Female,1985-12-18,Bangalore,45899
7711,Sameer,Reddy,user6710@example.com,9876506710,Male,2013-06-12,Mumbai,48065
7712,Arjun,Joshi,user6711@example.com,9876506711,Male,1988-04-15,Chennai,47055
7713,Rakesh,Reddy,user6712@example.com,9876506712,,1991-11-13,Kolkata,61181
7714,Amit,Patel,user6713@example.com,9876506713,Other,1972-07-26,Chennai,59422
7715,Kavya,Kumar,user6714@example.com,9876506714,,2002-02-04,Delhi,76894
7716,Rakesh,Patel,user6715@example.com,9876506715,,2008-04-20,Delhi,61862
7717,Priya,Gupta,user6716@example.com,9876506716,,2000-06-10,Mumbai,69953
7718,Amit,Patel,user6717@example.com,9876506717,,2006-10-11,Hyderabad,41642
7719,Arjun,Rao,user6718@example.com,9876506718,,2010-11-06,Ahmedabad,69832
7720,Amit,Sharma,user6719@example.com,9876506719,Male,1993-05-18,Chennai,55432
7721,Neha,Kumar,,9876506720,,2012-09-29,Chennai,539742
7722,Sneha,Sharma,user6721@example.com,9876506721,,2000-03-20,Pune,52070
7723,Neha,Singh,user6722@example.com,9876506722,,invalid,Kolkata,95225
7724,Priya,Patel,user6723@example.com,9876506723,,2000-01-16,Chennai,41405
7725,Vijay,Sharma,user6724@example.com,9876506724,Female,1998-04-03,Ahmedabad,78535
7726,Rakesh,Reddy,user6725@example.com,123,,1994-01-10,Delhi,64067
7727,Neha,Mehta,user6726@example.com,9876506726,,1974-09-05,Delhi,37799
7728,Sneha,Mehta,user6727@example.com,9876506727,,1987-06-18,Kolkata,59049
7729,Vijay,Reddy,user6728@example.com,9876506728,Male,2009-01-25,Pune,18268
7730,Neha,Sharma,user6729@example.com,9876506729,,1994-04-08,Delhi,99391
7731,Sameer,Gupta,user6730@example.com,9876506730,Male,2012-06-16,Kolkata,57638
7732,Sneha,Reddy,user6731@example.com,9876506731,Female,1998-02-12,Bangalore,87309
7733,Rakesh,Kumar,user6732@example.com,9876506732,Other,1997-01-27,Delhi,91914
7734,Kavya,Verma,user6733@example.com,9876506733,,2018-11-02,Chennai,53638
7735,Anjali,Rao,user6734@example.com,9876506734,,1998-09-24,Hyderabad,65586
7736,Vijay,Gupta,user6735@example.com,9876506735,,2012-01-03,Ahmedabad,-1000
7737,Sameer,Kumar,user6736@example.com,9876506736,,2001-05-08,Ahmedabad,103005
7738,Kavya,Sharma,user6737@example.com,9876506737,Male,2018-07-22,Hyderabad,61174
7739,Arjun,Gupta,user6738@example.com,9876506738,,1987-05-14,Bangalore,63924
7740,Sneha,Gupta,user6739@example.com,9876506739,,2011-08-30,Kolkata,37018
7741,Sameer,Sharma,invalid@,9876506740,Female,1984-11-17,Hyderabad,47119
7742,Amit,Reddy,user6741@example.com,9876506741,Female,2018-05-12,Ahmedabad,55006
7743,Arjun,Sharma,user6742@example.com,9876506742,Female,2017-02-07,Kolkata,91026
7744,Arjun,Patel,user6743@example.com,9876506743,,1996-02-09,Ahmedabad,102863
7745,Vijay,Patel,user6744@example.com,9876506744,,1986-10-03,Kolkata,75022
7746,Sneha,Rao,user6745@example.com,9876506745,,2014-11-13,Ahmedabad,72018
7747,Sameer,Mehta,user6746@example.com,9876506746,,1977-01-04,Hyderabad,78697
7748,Priya,Joshi,user6747@example.com,9876506747,Male,1999-06-03,Mumbai,51306
7749,Sameer,Rao,user6748@example.com,9876506748,,invalid,Bangalore,92798
7750,Neha,Rao,user6749@example.com,9876506749,,1992-04-07,Kolkata,36379
7751,Arjun,Verma,user6750@example.com,,,2005-08-01,Bangalore,559040
7752,Rakesh,Joshi,user6751@example.com,9876506751,Female,2017-04-13,Delhi,78066
7753,Arjun,Mehta,user6752@example.com,9876506752,Female,1981-01-21,Chennai,55376
7754,Arjun,Gupta,user6753@example.com,9876506753,Female,1980-08-30,Bangalore,114369
7755,Anjali,Joshi,user6754@example.com,9876506754,Other,1982-08-02,Hyderabad,78352
7756,Amit,Verma,user6755@example.com,9876506755,,2015-06-02,Kolkata,84670
7757,Priya,Singh,user6756@example.com,9876506756,Female,1996-06-28,Pune,49821
7758,Kavya,Rao,user6757@example.com,9876506757,Female,2004-02-05,Bangalore,84299
7759,Kavya,Sharma,user6758@example.com,9876506758,,1991-05-31,Kolkata,81200
7760,Amit,Rao,user6759@example.com,9876506759,Female,2016-04-24,Pune,96290
7761,Arjun,Reddy,,9876506760,,1998-02-27,Ahmedabad,21156
7762,Kavya,Verma,user6761@example.com,9876506761,Male,2004-11-22,Chennai,49388
7763,Sneha,Rao,user6762@example.com,9876506762,Female,1991-12-13,Kolkata,71727
7764,Priya,Rao,user6763@example.com,9876506763,,2015-06-24,Pune,72325
7765,Kavya,Joshi,user6764@example.com,9876506764,Female,1986-10-26,Hyderabad,64099
7766,Amit,Joshi,user6765@example.com,9876506765,Male,1990-06-27,Chennai,-1000
7767,Neha,Sharma,user6766@example.com,9876506766,Female,1990-01-09,Chennai,68930
7768,Kavya,Kumar,user6767@example.com,9876506767,,2008-05-31,Mumbai,71170
7769,Priya,Reddy,user6768@example.com,9876506768,Male,1996-01-17,Kolkata,64939
7770,Vijay,Sharma,user6769@example.com,9876506769,Male,1974-07-23,Chennai,64263
7771,Vijay,Singh,user6770@example.com,9876506770,Male,2019-01-13,Ahmedabad,83843
7772,Sneha,Reddy,user6771@example.com,9876506771,Other,2010-05-21,Kolkata,61919
7773,Sameer,Joshi,user6772@example.com,9876506772,,1980-01-03,Kolkata,39997
7774,Sameer,Rao,user6773@example.com,9876506773,Other,2007-08-08,Pune,93068
7775,Kavya,Gupta,user6774@example.com,9876506774,Male,2017-11-10,Chennai,91941
7776,Rakesh,Rao,user6775@example.com,123,Other,1978-06-26,Ahmedabad,64206
7777,Neha,Mehta,user6776@example.com,9876506776,Female,2000-02-27,Mumbai,82501
7778,Amit,Sharma,user6777@example.com,9876506777,Other,1991-04-19,Hyderabad,34519
7779,Neha,Reddy,user6778@example.com,9876506778,,2000-06-11,Ahmedabad,62110
7780,Vijay,Gupta,user6779@example.com,9876506779,Male,2006-02-06,Ahmedabad,30716
7781,Kavya,Mehta,invalid@,9876506780,Male,invalid,Bangalore,874927
7782,Priya,Singh,user6781@example.com,9876506781,,1979-11-24,Delhi,35080
7783,Amit,Rao,user6782@example.com,9876506782,Female,2017-03-06,Pune,56773
7784,Neha,Kumar,user6783@example.com,9876506783,,2009-01-10,Delhi,69314
7785,Priya,Verma,user6784@example.com,9876506784,Other,1979-11-26,Mumbai,81478
7786,Amit,Mehta,user6785@example.com,9876506785,,1977-05-28,Mumbai,75544
7787,Neha,Rao,user6786@example.com,9876506786,,1980-08-29,Ahmedabad,87859
7788,Sneha,Rao,user6787@example.com,9876506787,,2001-09-08,Delhi,81077
7789,Vijay,Reddy,user6788@example.com,9876506788,,2000-11-02,Pune,91170
7790,Arjun,Reddy,user6789@example.com,9876506789,Female,1978-03-14,Hyderabad,29898
7791,Amit,Kumar,user6790@example.com,9876506790,Other,1982-05-31,Kolkata,55307
7792,Vijay,Mehta,user6791@example.com,9876506791,,2050-01-01,Pune,74027
7793,Anjali,Joshi,user6792@example.com,9876506792,Male,1974-09-22,Kolkata,96474
7794,Rakesh,Reddy,user6793@example.com,9876506793,Other,1996-09-18,Ahmedabad,54899
7795,Kavya,Verma,user6794@example.com,9876506794,Female,2009-05-28,Pune,104302
7796,Anjali,Rao,user6795@example.com,9876506795,,1990-02-06,Bangalore,-1000
7797,Priya,Rao,user6796@example.com,9876506796,Female,2015-10-01,Kolkata,50767
7798,Amit,Singh,user6797@example.com,9876506797,,1982-02-04,Delhi,41909
7799,Kavya,Singh,user6798@example.com,9876506798,Male,1998-07-15,Mumbai,79713
7800,Kavya,Kumar,user6799@example.com,9876506799,Other,1977-04-20,Hyderabad,52197
7801,Anjali,Mehta,,,Male,1995-09-28,Hyderabad,59555
7802,Anjali,Patel,user6801@example.com,9876506801,,2013-10-25,Pune,68241
7803,Arjun,Gupta,user6802@example.com,9876506802,,1989-08-01,Kolkata,68990
7804,Neha,Reddy,user6803@example.com,9876506803,Other,2017-02-28,Pune,103249
7805,Amit,Mehta,user6804@example.com,9876506804,Female,2001-11-02,Hyderabad,72876
7806,Vijay,Rao,user6805@example.com,9876506805,,1983-01-31,Pune,52904
7807,Sameer,Sharma,user6806@example.com,9876506806,Male,2014-04-09,Ahmedabad,50071
7808,Amit,Singh,user6807@example.com,9876506807,,2018-05-17,Mumbai,98344
7809,Amit,Gupta,user6808@example.com,9876506808,,2018-08-19,Kolkata,54690
7810,Amit,Reddy,user6809@example.com,9876506809,Female,1987-05-11,Delhi,76695
7811,Kavya,Joshi,user6810@example.com,9876506810,Male,1997-08-06,Pune,688439
7812,Priya,Joshi,user6811@example.com,9876506811,Other,2005-05-16,Hyderabad,73411
7813,Kavya,Singh,user6812@example.com,9876506812,,2007-09-02,Bangalore,92965
7814,Priya,Mehta,user6813@example.com,9876506813,,2001-01-31,Hyderabad,70654
7815,Anjali,Reddy,user6814@example.com,9876506814,,2008-10-04,Chennai,81349
7816,Sameer,Gupta,user6815@example.com,9876506815,,1998-02-14,Kolkata,71114
7817,Kavya,Rao,user6816@example.com,9876506816,,2014-06-18,Ahmedabad,55928
7818,Priya,Mehta,user6817@example.com,9876506817,Male,1989-05-30,Delhi,74881
7819,Kavya,Singh,user6818@example.com,9876506818,Other,2005-08-19,Pune,51982
7820,Rakesh,Kumar,user6819@example.com,9876506819,Female,2017-06-20,Delhi,41727
7821,Kavya,Patel,invalid@,9876506820,,1986-03-15,Ahmedabad,76630
7822,Sameer,Mehta,user6821@example.com,9876506821,,1992-08-14,Kolkata,74280
7823,Sameer,Verma,user6822@example.com,9876506822,,2012-01-11,Chennai,72226
7824,Priya,Reddy,user6823@example.com,9876506823,Other,1995-06-05,Bangalore,64540
7825,Priya,Joshi,user6824@example.com,9876506824,Other,1985-09-21,Kolkata,63555
7826,Anjali,Verma,user6825@example.com,123,Male,1981-08-24,Pune,-1000
7827,Sameer,Mehta,user6826@example.com,9876506826,Male,2016-05-11,Hyderabad,27752
7828,Sameer,Mehta,user6827@example.com,9876506827,Male,1975-01-14,Bangalore,82756
7829,Arjun,Verma,user6828@example.com,9876506828,,2010-02-21,Ahmedabad,82487
7830,Amit,Kumar,user6829@example.com,9876506829,Male,1995-04-30,Bangalore,59981
7831,Sneha,Verma,user6830@example.com,9876506830,,2002-02-25,Ahmedabad,94436
7832,Kavya,Rao,user6831@example.com,9876506831,Male,2001-12-26,Chennai,74999
7833,Neha,Gupta,user6832@example.com,9876506832,,2005-01-15,Bangalore,71758
7834,Anjali,Verma,user6833@example.com,9876506833,Male,2000-07-13,Delhi,105350
7835,Amit,Verma,user6834@example.com,9876506834,Male,2008-11-15,Kolkata,39900
7836,Sneha,Reddy,user6835@example.com,9876506835,,1994-11-05,Delhi,64055
7837,Arjun,Gupta,user6836@example.com,9876506836,,1990-10-26,Ahmedabad,47958
7838,Neha,Patel,user6837@example.com,9876506837,,1986-02-19,Delhi,57645
7839,Priya,Verma,user6838@example.com,9876506838,Male,1975-11-24,Chennai,63654
7840,Sameer,Verma,user6839@example.com,9876506839,,1983-01-14,Hyderabad,64110
7841,Rakesh,Rao,,9876506840,Other,1979-10-07,Bangalore,435321
7842,Anjali,Joshi,user6841@example.com,9876506841,Female,2015-07-27,Kolkata,66360
7843,Vijay,Rao,user6842@example.com,9876506842,Female,1996-07-23,Bangalore,48502
7844,Sameer,Verma,user6843@example.com,9876506843,,1975-01-19,Kolkata,88932
7845,Rakesh,Reddy,user6844@example.com,9876506844,,1989-11-26,Pune,80290
7846,Sneha,Rao,user6845@example.com,9876506845,,2003-06-03,Ahmedabad,71878
7847,Priya,Reddy,user6846@example.com,9876506846,,2001-05-01,Delhi,55482
7848,Neha,Gupta,user6847@example.com,9876506847,Male,1974-03-14,Chennai,68095
7849,Sneha,Reddy,user6848@example.com,9876506848,,1985-04-28,Ahmedabad,79136
7850,Sameer,Kumar,user6849@example.com,9876506849,,1996-04-29,Delhi,58192
7851,Sameer,Sharma,user6850@example.com,,Other,1987-05-30,Pune,33199
7852,Neha,Gupta,user6851@example.com,9876506851,Female,1974-08-19,Bangalore,79382
7853,Vijay,Sharma,user6852@example.com,9876506852,Other,1993-04-29,Kolkata,75593
7854,Rakesh,Verma,user6853@example.com,9876506853,Other,1974-05-08,Hyderabad,71423
7855,Sneha,Verma,user6854@example.com,9876506854,Other,2015-02-15,Bangalore,49824
7856,Priya,Kumar,user6855@example.com,9876506855,,1983-01-07,Chennai,-1000
7857,Sameer,Mehta,user6856@example.com,9876506856,,1986-11-26,Mumbai,87977
7858,Sneha,Sharma,user6857@example.com,9876506857,,1995-06-08,Ahmedabad,70631
7859,Vijay,Rao,user6858@example.com,9876506858,Female,2009-09-20,Delhi,57075
7860,Sneha,Kumar,user6859@example.com,9876506859,Male,1992-01-18,Mumbai,57494
7861,Neha,Gupta,invalid@,9876506860,,2009-06-24,Ahmedabad,57092
7862,Priya,Patel,user6861@example.com,9876506861,,2011-12-12,Kolkata,56179
7863,Arjun,Rao,user6862@example.com,9876506862,Male,1985-08-14,Delhi,57920
7864,Neha,Reddy,user6863@example.com,9876506863,,1991-08-30,Pune,71463
7865,Sneha,Verma,user6864@example.com,9876506864,Other,1973-07-01,Ahmedabad,82929
7866,Arjun,Gupta,user6865@example.com,9876506865,Female,1999-11-08,Delhi,94022
7867,Sameer,Kumar,user6866@example.com,9876506866,,2008-09-13,Hyderabad,46737
7868,Arjun,Sharma,user6867@example.com,9876506867,Female,2016-04-11,Hyderabad,50008
7869,Vijay,Sharma,user6868@example.com,9876506868,Male,2002-01-28,Kolkata,81883
7870,Kavya,Singh,user6869@example.com,9876506869,,1991-05-26,Bangalore,46740
7871,Vijay,Verma,user6870@example.com,9876506870,Female,1970-07-03,Ahmedabad,418304
7872,Neha,Rao,user6871@example.com,9876506871,Other,1995-02-03,Delhi,46146
7873,Kavya,Reddy,user6872@example.com,9876506872,Other,1976-07-16,Chennai,61476
7874,Neha,Reddy,user6873@example.com,9876506873,Male,1980-06-24,Bangalore,97713
7875,Anjali,Verma,user6874@example.com,9876506874,,1976-11-02,Kolkata,62443
7876,Priya,Singh,user6875@example.com,123,,2007-02-18,Bangalore,70485
7877,Amit,Singh,user6876@example.com,9876506876,Other,1979-07-12,Mumbai,41037
7878,Sameer,Rao,user6877@example.com,9876506877,Other,1993-12-23,Delhi,86485
7879,Sameer,Singh,user6878@example.com,9876506878,Male,1975-04-20,Mumbai,82430
7880,Anjali,Kumar,user6879@example.com,9876506879,Other,1994-09-10,Chennai,55623
7881,Sneha,Singh,,9876506880,,2000-12-18,Kolkata,51256
7882,Rakesh,Sharma,user6881@example.com,9876506881,Male,2015-10-25,Mumbai,84159
7883,Neha,Joshi,user6882@example.com,9876506882,Female,2015-02-16,Pune,60483
7884,Amit,Mehta,user6883@example.com,9876506883,Male,1974-12-10,Mumbai,51724
7885,Amit,Sharma,user6884@example.com,9876506884,,1995-05-02,Mumbai,57668
7886,Vijay,Sharma,user6885@example.com,9876506885,,2002-01-14,Hyderabad,-1000
7887,Vijay,Patel,user6886@example.com,9876506886,Female,invalid,Hyderabad,79637
7888,Rakesh,Patel,user6887@example.com,9876506887,Male,2015-12-16,Kolkata,71463
7889,Sneha,Verma,user6888@example.com,9876506888,,1992-12-10,Pune,70430
7890,Anjali,Patel,user6889@example.com,9876506889,,2003-05-04,Pune,60190
7891,Arjun,Verma,user6890@example.com,9876506890,Female,2015-04-01,Ahmedabad,67911
7892,Vijay,Sharma,user6891@example.com,9876506891,,2003-12-09,Mumbai,57171
7893,Sneha,Mehta,user6892@example.com,9876506892,Male,1970-08-09,Bangalore,59603
7894,Priya,Rao,user6893@example.com,9876506893,,1981-08-11,Pune,93432
7895,Sameer,Rao,user6894@example.com,9876506894,Other,1989-03-03,Delhi,65843
7896,Sameer,Joshi,user6895@example.com,9876506895,Female,2003-08-28,Ahmedabad,57648
7897,Sneha,Gupta,user6896@example.com,9876506896,,2015-12-02,Kolkata,51519
7898,Rakesh,Rao,user6897@example.com,9876506897,,2010-10-21,Ahmedabad,20984
7899,Anjali,Gupta,user6898@example.com,9876506898,Female,2000-09-23,Mumbai,106732
7900,Amit,Singh,user6899@example.com,9876506899,,1986-05-28,Chennai,108913
7901,Rakesh,Reddy,invalid@,,,1971-07-14,Bangalore,775540
7902,Sneha,Sharma,user6901@example.com,9876506901,,1975-01-14,Chennai,44295
7903,Anjali,Mehta,user6902@example.com,9876506902,Male,1974-11-07,Chennai,119692
7904,Anjali,Verma,user6903@example.com,9876506903,Other,1991-01-07,Kolkata,36921
7905,Neha,Gupta,user6904@example.com,9876506904,,1996-11-27,Pune,72865
7906,Kavya,Joshi,user6905@example.com,9876506905,Female,2016-04-09,Delhi,30738
7907,Sameer,Rao,user6906@example.com,9876506906,Other,1995-10-09,Hyderabad,21555
7908,Sneha,Kumar,user6907@example.com,9876506907,,2050-01-01,Mumbai,69641
7909,Amit,Rao,user6908@example.com,9876506908,Other,1971-01-13,Kolkata,72180
7910,Kavya,Patel,user6909@example.com,9876506909,,2001-06-01,Bangalore,67379
7911,Priya,Sharma,user6910@example.com,9876506910,Female,1970-06-09,Mumbai,94862
7912,Vijay,Patel,user6911@example.com,9876506911,Female,2013-08-12,Mumbai,64039
7913,Neha,Rao,user6912@example.com,9876506912,Male,1981-06-06,Ahmedabad,81245
7914,Vijay,Kumar,user6913@example.com,9876506913,,1976-01-09,Chennai,49346
7915,Kavya,Patel,user6914@example.com,9876506914,Male,2005-07-16,Delhi,90900
7916,Kavya,Mehta,user6915@example.com,9876506915,Male,1998-01-03,Delhi,-1000
7917,Vijay,Patel,user6916@example.com,9876506916,,1998-12-31,Delhi,59908
7918,Amit,Kumar,user6917@example.com,9876506917,,2006-03-31,Delhi,72504
7919,Amit,Patel,user6918@example.com,9876506918,Male,1987-03-09,Pune,51024
7920,Arjun,Gupta,user6919@example.com,9876506919,Other,1992-05-13,Pune,60590
7921,Priya,Singh,,9876506920,,1972-05-15,Delhi,79746
7922,Amit,Verma,user6921@example.com,9876506921,,2050-01-01,Kolkata,74696
7923,Priya,Rao,user6922@example.com,9876506922,Female,1983-06-17,Bangalore,30417
7924,Priya,Gupta,user6923@example.com,9876506923,,1987-02-02,Pune,42254
7925,Kavya,Verma,user6924@example.com,9876506924,Male,2014-03-24,Pune,53240
7926,Priya,Singh,user6925@example.com,123,Other,1989-07-15,Kolkata,69395
7927,Neha,Gupta,user6926@example.com,9876506926,,2014-05-07,Kolkata,46649
7928,Vijay,Joshi,user6927@example.com,9876506927,Female,2019-02-11,Kolkata,36722
7929,Arjun,Gupta,user6928@example.com,9876506928,Other,1981-01-30,Hyderabad,12412
7930,Sneha,Mehta,user6929@example.com,9876506929,Female,2015-03-21,Hyderabad,106723
7931,Rakesh,Kumar,user6930@example.com,9876506930,,1980-01-28,Bangalore,690396
7932,Arjun,Rao,user6931@example.com,9876506931,,2005-05-24,Hyderabad,36147
7933,Neha,Sharma,user6932@example.com,9876506932,Male,1974-03-02,Delhi,85660
7934,Arjun,Verma,user6933@example.com,9876506933,,2016-01-24,Kolkata,94871
7935,Priya,Patel,user6934@example.com,9876506934,Other,1997-03-13,Mumbai,69267
7936,Kavya,Rao,user6935@example.com,9876506935,,1973-04-18,Kolkata,77460
7937,Rakesh,Sharma,user6936@example.com,9876506936,Female,2010-08-15,Pune,91175
7938,Amit,Singh,user6937@example.com,9876506937,,2003-09-15,Mumbai,77111
7939,Kavya,Gupta,user6938@example.com,9876506938,,1988-07-20,Mumbai,77651
7940,Priya,Sharma,user6939@example.com,9876506939,Other,2013-09-05,Bangalore,34314
7941,Priya,Joshi,invalid@,9876506940,Male,1995-09-22,Delhi,10416
7942,Rakesh,Rao,user6941@example.com,9876506941,,1981-09-10,Chennai,82229
7943,Rakesh,Rao,user6942@example.com,9876506942,,1992-12-20,Hyderabad,60514
7944,Sameer,Rao,user6943@example.com,9876506943,Male,2002-01-30,Mumbai,55903
7945,Anjali,Kumar,user6944@example.com,9876506944,Male,1981-06-26,Delhi,84464
7946,Anjali,Singh,user6945@example.com,9876506945,Female,1972-01-15,Hyderabad,-1000
7947,Kavya,Kumar,user6946@example.com,9876506946,Female,2016-02-05,Ahmedabad,64269
7948,Amit,Rao,user6947@example.com,9876506947,Male,1978-12-07,Hyderabad,66141
7949,Arjun,Joshi,user6948@example.com,9876506948,,2000-09-13,Chennai,78796
7950,Priya,Patel,user6949@example.com,9876506949,Male,1971-05-14,Hyderabad,71825
7951,Priya,Joshi,user6950@example.com,,Female,2002-07-11,Hyderabad,71834
7952,Sameer,Verma,user6951@example.com,9876506951,Other,2015-03-30,Chennai,56907
7953,Kavya,Singh,user6952@example.com,9876506952,Other,2000-02-25,Chennai,57430
7954,Kavya,Gupta,user6953@example.com,9876506953,,2016-09-15,Hyderabad,71805
7955,Vijay,Rao,user6954@example.com,9876506954,Other,1979-08-07,Delhi,54989
7956,Rakesh,Sharma,user6955@example.com,9876506955,Female,1979-11-12,Bangalore,48429
7957,Amit,Patel,user6956@example.com,9876506956,Other,1994-12-10,Kolkata,90725
7958,Rakesh,Gupta,user6957@example.com,9876506957,,1997-06-02,Bangalore,51507
7959,Amit,Reddy,user6958@example.com,9876506958,Male,1999-07-23,Ahmedabad,55827
7960,Neha,Joshi,user6959@example.com,9876506959,Male,2001-10-25,Kolkata,89531
7961,Sneha,Patel,,9876506960,Female,1986-05-13,Kolkata,512032
7962,Anjali,Reddy,user6961@example.com,9876506961,,2006-05-16,Bangalore,71422
7963,Anjali,Kumar,user6962@example.com,9876506962,Male,1989-03-30,Delhi,73182
7964,Amit,Reddy,user6963@example.com,9876506963,Other,1980-03-07,Chennai,63195
7965,Anjali,Gupta,user6964@example.com,9876506964,,2006-04-16,Delhi,57232
7966,Rakesh,Singh,user6965@example.com,9876506965,,1989-05-29,Chennai,42471
7967,Priya,Joshi,user6966@example.com,9876506966,,1974-06-13,Delhi,77557
7968,Rakesh,Patel,user6967@example.com,9876506967,,1974-12-12,Kolkata,87053
7969,Amit,Reddy,user6968@example.com,9876506968,Male,1993-05-25,Bangalore,84924
7970,Kavya,Joshi,user6969@example.com,9876506969,,1978-01-12,Delhi,72417
7971,Rakesh,Patel,user6970@example.com,9876506970,Female,1972-07-29,Pune,25482
7972,Anjali,Patel,user6971@example.com,9876506971,Other,1991-04-28,Chennai,80388
7973,Sameer,Gupta,user6972@example.com,9876506972,,1980-10-20,Kolkata,62831
7974,Vijay,Joshi,user6973@example.com,9876506973,Other,1993-01-21,Kolkata,53158
7975,Priya,Gupta,user6974@example.com,9876506974,Female,2001-12-18,Chennai,78151
7976,Anjali,Reddy,user6975@example.com,123,Female,2009-06-02,Ahmedabad,-1000
7977,Sameer,Verma,user6976@example.com,9876506976,Other,1991-03-10,Pune,85178
7978,Amit,Singh,user6977@example.com,9876506977,Male,2015-07-05,Delhi,71817
7979,Neha,Verma,user6978@example.com,9876506978,Female,1980-04-30,Bangalore,59662
7980,Sameer,Mehta,user6979@example.com,9876506979,,2003-11-09,Hyderabad,58021
7981,Sneha,Rao,invalid@,9876506980,,1999-07-26,Ahmedabad,77225
7982,Neha,Verma,user6981@example.com,9876506981,,1989-05-28,Pune,38241
7983,Arjun,Kumar,user6982@example.com,9876506982,Female,2013-03-11,Delhi,54968
7984,Priya,Singh,user6983@example.com,9876506983,,1975-06-08,Kolkata,21116
7985,Anjali,Rao,user6984@example.com,9876506984,Other,2000-11-26,Kolkata,73426
7986,Arjun,Reddy,user6985@example.com,9876506985,,1972-11-18,Bangalore,77901
7987,Rakesh,Gupta,user6986@example.com,9876506986,,1984-05-21,Hyderabad,49613
7988,Amit,Kumar,user6987@example.com,9876506987,,1970-12-17,Delhi,43129
7989,Priya,Rao,user6988@example.com,9876506988,Male,1972-07-01,Chennai,84063
7990,Kavya,Rao,user6989@example.com,9876506989,Female,1982-03-04,Pune,50716
7991,Neha,Patel,user6990@example.com,9876506990,,1999-05-04,Pune,778661
7992,Kavya,Mehta,user6991@example.com,9876506991,Other,1970-10-19,Ahmedabad,64717
7993,Arjun,Gupta,user6992@example.com,9876506992,,2013-03-14,Kolkata,54420
7994,Sameer,Reddy,user6993@example.com,9876506993,Male,2011-09-06,Hyderabad,76601
7995,Sameer,Joshi,user6994@example.com,9876506994,Other,1971-04-13,Bangalore,65635
7996,Amit,Verma,user6995@example.com,9876506995,,1978-12-22,Mumbai,94888
7997,Arjun,Singh,user6996@example.com,9876506996,Female,2010-02-01,Delhi,50297
7998,Vijay,Mehta,user6997@example.com,9876506997,Other,2001-03-10,Bangalore,38504
7999,Priya,Patel,user6998@example.com,9876506998,,1972-11-30,Hyderabad,64676
8000,Neha,Patel,user6999@example.com,9876506999,Male,1983-05-21,Hyderabad,74526
8001,Sameer,Rao,,,,2011-02-04,Mumbai,61246
8002,Sameer,Sharma,user7001@example.com,9876507001,,2001-11-29,Bangalore,100967
8003,Kavya,Verma,user7002@example.com,9876507002,Male,2005-11-24,Delhi,89256
8004,Kavya,Mehta,user7003@example.com,9876507003,Other,1998-01-23,Delhi,54489
8005,Anjali,Rao,user7004@example.com,9876507004,Female,invalid,Hyderabad,66285
8006,Rakesh,Mehta,user7005@example.com,9876507005,Male,1988-10-11,Ahmedabad,-1000
8007,Vijay,Kumar,user7006@example.com,9876507006,Male,1970-01-04,Hyderabad,86031
8008,Kavya,Gupta,user7007@example.com,9876507007,Male,2050-01-01,Pune,51390
8009,Kavya,Singh,user7008@example.com,9876507008,,1992-01-14,Pune,68979
8010,Priya,Verma,user7009@example.com,9876507009,,2000-07-02,Pune,59852
8011,Anjali,Patel,user7010@example.com,9876507010,Female,2002-12-28,Ahmedabad,35212
8012,Kavya,Sharma,user7011@example.com,9876507011,Female,2009-12-30,Pune,81671
8013,Neha,Reddy,user7012@example.com,9876507012,,1996-06-19,Bangalore,43827
8014,Priya,Joshi,user7013@example.com,9876507013,,1995-07-11,Pune,54614
8015,Rakesh,Gupta,user7014@example.com,9876507014,,2006-03-16,Pune,82057
8016,Arjun,Verma,user7015@example.com,9876507015,,2008-10-14,Chennai,45574
8017,Priya,Kumar,user7016@example.com,9876507016,,1970-01-02,Delhi,94817
8018,Arjun,Verma,user7017@example.com,9876507017,Other,1995-07-25,Ahmedabad,45260
8019,Sameer,Reddy,user7018@example.com,9876507018,,2050-01-01,Ahmedabad,41607
8020,Anjali,Singh,user7019@example.com,9876507019,Male,1998-11-15,Kolkata,65930
8021,Rakesh,Singh,invalid@,9876507020,Female,1975-08-06,Pune,976822
8022,Anjali,Mehta,user7021@example.com,9876507021,,1974-08-30,Chennai,64881
8023,Rakesh,Rao,user7022@example.com,9876507022,,1986-04-14,Kolkata,84627
8024,Anjali,Singh,user7023@example.com,9876507023,Male,2000-06-13,Kolkata,38182
8025,Priya,Sharma,user7024@example.com,9876507024,Other,2004-12-10,Mumbai,57671
8026,Anjali,Joshi,user7025@example.com,123,Other,1973-10-19,Delhi,58945
8027,Sneha,Kumar,user7026@example.com,9876507026,Male,2006-08-22,Pune,39772
8028,Rakesh,Reddy,user7027@example.com,9876507027,Male,2011-05-19,Mumbai,33174
8029,Arjun,Patel,user7028@example.com,9876507028,,2014-01-05,Kolkata,60167
8030,Rakesh,Singh,user7029@example.com,9876507029,,1997-11-23,Bangalore,96594
8031,Sameer,Patel,user7030@example.com,9876507030,Female,2011-06-05,Chennai,69370
8032,Neha,Singh,user7031@example.com,9876507031,Female,2014-09-12,Chennai,51340
8033,Sneha,Sharma,user7032@example.com,9876507032,Other,2007-12-03,Hyderabad,24256
8034,Amit,Patel,user7033@example.com,9876507033,Male,1982-03-21,Delhi,57559
8035,Rakesh,Rao,user7034@example.com,9876507034,Other,1975-07-30,Chennai,56205
8036,Kavya,Kumar,user7035@example.com,9876507035,,1986-10-03,Ahmedabad,-1000
8037,Priya,Joshi,user7036@example.com,9876507036,,2016-04-30,Mumbai,59925
8038,Priya,Sharma,user7037@example.com,9876507037,,1994-08-05,Pune,77636
8039,Anjali,Rao,user7038@example.com,9876507038,,1988-10-16,Mumbai,80350
8040,Anjali,Joshi,user7039@example.com,9876507039,Male,2008-04-20,Hyderabad,63603
8041,Priya,Rao,,9876507040,Male,1984-03-06,Ahmedabad,63883
8042,Vijay,Rao,user7041@example.com,9876507041,Male,2005-06-13,Bangalore,65684
8043,Sneha,Rao,user7042@example.com,9876507042,Female,2001-04-29,Mumbai,30104
8044,Sneha,Mehta,user7043@example.com,9876507043,Female,2015-04-20,Pune,79407
8045,Arjun,Joshi,user7044@example.com,9876507044,,2003-02-21,Mumbai,98945
8046,Rakesh,Rao,user7045@example.com,9876507045,Other,2006-07-18,Chennai,66185
8047,Amit,Gupta,user7046@example.com,9876507046,Other,1977-03-19,Bangalore,49346
8048,Priya,Gupta,user7047@example.com,9876507047,,1983-12-20,Mumbai,64860
8049,Rakesh,Singh,user7048@example.com,9876507048,Female,2018-12-28,Bangalore,56301
8050,Sneha,Kumar,user7049@example.com,9876507049,,1993-09-28,Kolkata,65548
8051,Sameer,Patel,user7050@example.com,,,2006-04-06,Bangalore,587598
8052,Priya,Singh,user7051@example.com,9876507051,Other,2004-01-29,Kolkata,21942
8053,Rakesh,Mehta,user7052@example.com,9876507052,,1980-12-13,Delhi,66908
8054,Sneha,Gupta,user7053@example.com,9876507053,,1997-06-16,Delhi,109486
8055,Neha,Joshi,user7054@example.com,9876507054,Male,2014-11-02,Pune,38277
8056,Sneha,Kumar,user7055@example.com,9876507055,Female,2001-03-25,Pune,86943
8057,Anjali,Kumar,user7056@example.com,9876507056,Male,1981-07-13,Pune,73012
8058,Kavya,Patel,user7057@example.com,9876507057,Female,2015-12-06,Hyderabad,46621
8059,Vijay,Joshi,user7058@example.com,9876507058,,2001-10-11,Bangalore,38133
8060,Vijay,Reddy,user7059@example.com,9876507059,Female,2001-11-10,Bangalore,70253
8061,Anjali,Patel,invalid@,9876507060,Other,1991-10-09,Kolkata,72218
8062,Anjali,Kumar,user7061@example.com,9876507061,Male,1973-05-23,Delhi,34834
8063,Priya,Mehta,user7062@example.com,9876507062,,1972-01-11,Chennai,83527
8064,Neha,Sharma,user7063@example.com,9876507063,Other,2003-09-29,Kolkata,55111
8065,Neha,Sharma,user7064@example.com,9876507064,Female,2000-03-19,Kolkata,74854
8066,Priya,Gupta,user7065@example.com,9876507065,Female,1996-08-19,Bangalore,-1000
8067,Rakesh,Kumar,user7066@example.com,9876507066,Other,1971-01-04,Kolkata,82916
8068,Priya,Mehta,user7067@example.com,9876507067,Female,1998-08-25,Delhi,45210
8069,Amit,Patel,user7068@example.com,9876507068,Male,1983-06-11,Mumbai,105229
8070,Amit,Mehta,user7069@example.com,9876507069,,1984-04-16,Pune,46584
8071,Vijay,Verma,user7070@example.com,9876507070,Female,1995-06-09,Pune,82889
8072,Sneha,Patel,user7071@example.com,9876507071,,1990-10-27,Ahmedabad,55015
8073,Priya,Rao,user7072@example.com,9876507072,Female,2011-03-05,Chennai,66039
8074,Priya,Patel,user7073@example.com,9876507073,,1996-03-28,Delhi,62504
8075,Rakesh,Gupta,user7074@example.com,9876507074,Female,1986-12-29,Ahmedabad,74339
8076,Arjun,Sharma,user7075@example.com,123,Female,1997-12-28,Hyderabad,85961
8077,Vijay,Patel,user7076@example.com,9876507076,,2014-08-11,Pune,52755
8078,Vijay,Rao,user7077@example.com,9876507077,Male,1995-11-30,Ahmedabad,47460
8079,Vijay,Verma,user7078@example.com,9876507078,,1975-06-03,Mumbai,23746
8080,Sneha,Mehta,user7079@example.com,9876507079,,1988-02-08,Kolkata,68605
8081,Anjali,Joshi,,9876507080,Male,1986-06-28,Ahmedabad,616187
8082,Sameer,Sharma,user7081@example.com,9876507081,Female,1986-08-26,Mumbai,67174
8083,Arjun,Mehta,user7082@example.com,9876507082,,1996-09-29,Pune,62969
8084,Sneha,Verma,user7083@example.com,9876507083,Male,1991-06-12,Bangalore,80178
8085,Amit,Joshi,user7084@example.com,9876507084,Male,2018-04-18,Kolkata,54871
8086,Rakesh,Kumar,user7085@example.com,9876507085,,1970-10-27,Hyderabad,71982
8087,Anjali,Singh,user7086@example.com,9876507086,,2009-09-09,Hyderabad,64361
8088,Amit,Gupta,user7087@example.com,9876507087,Other,2008-12-16,Delhi,45779
8089,Anjali,Mehta,user7088@example.com,9876507088,,2018-05-13,Kolkata,51271
8090,Neha,Reddy,user7089@example.com,9876507089,Female,2005-09-02,Ahmedabad,83403
8091,Vijay,Joshi,user7090@example.com,9876507090,,1982-07-26,Kolkata,81478
8092,Anjali,Kumar,user7091@example.com,9876507091,Other,1992-04-08,Chennai,79777
8093,Kavya,Reddy,user7092@example.com,9876507092,Other,1988-02-28,Mumbai,61623
8094,Vijay,Singh,user7093@example.com,9876507093,Male,2012-04-29,Chennai,20133
8095,Vijay,Singh,user7094@example.com,9876507094,Female,1990-04-04,Pune,31722
8096,Rakesh,Sharma,user7095@example.com,9876507095,Male,2003-11-21,Chennai,-1000
8097,Arjun,Reddy,user7096@example.com,9876507096,,1995-06-22,Hyderabad,34644
8098,Amit,Sharma,user7097@example.com,9876507097,,1995-06-06,Chennai,87895
8099,Anjali,Sharma,user7098@example.com,9876507098,,2007-12-20,Pune,48817
8100,Anjali,Sharma,user7099@example.com,9876507099,Male,1976-04-19,Bangalore,59506
8101,Neha,Sharma,invalid@,,Male,2011-10-18,Hyderabad,99703
8102,Vijay,Kumar,user7101@example.com,9876507101,Male,1980-12-05,Kolkata,85613
8103,Priya,Gupta,user7102@example.com,9876507102,Male,2016-04-06,Hyderabad,71926
8104,Sameer,Patel,user7103@example.com,9876507103,Other,1981-08-02,Chennai,69422
8105,Priya,Kumar,user7104@example.com,9876507104,,1999-10-04,Chennai,49876
8106,Anjali,Verma,user7105@example.com,9876507105,Female,1987-12-10,Chennai,80223
8107,Priya,Sharma,user7106@example.com,9876507106,Female,1992-10-04,Hyderabad,69254
8108,Rakesh,Joshi,user7107@example.com,9876507107,Female,1996-07-16,Pune,62290
8109,Kavya,Joshi,user7108@example.com,9876507108,Other,1973-01-22,Chennai,77820
8110,Anjali,Reddy,user7109@example.com,9876507109,,2000-08-14,Kolkata,78178
8111,Anjali,Reddy,user7110@example.com,9876507110,,1996-11-15,Pune,455738
8112,Kavya,Verma,user7111@example.com,9876507111,Other,1991-07-11,Bangalore,83334
8113,Amit,Kumar,user7112@example.com,9876507112,Male,1976-02-17,Pune,63288
8114,Kavya,Joshi,user7113@example.com,9876507113,,2050-01-01,Chennai,66664
8115,Priya,Rao,user7114@example.com,9876507114,Male,2008-06-01,Kolkata,38687
8116,Rakesh,Rao,user7115@example.com,9876507115,Female,1976-08-30,Mumbai,39294
8117,Neha,Patel,user7116@example.com,9876507116,Male,1989-08-15,Hyderabad,35903
8118,Amit,Rao,user7117@example.com,9876507117,Other,1981-12-22,Kolkata,112861
8119,Sneha,Mehta,user7118@example.com,9876507118,Female,1992-04-21,Chennai,110366
8120,Neha,Sharma,user7119@example.com,9876507119,,1974-01-11,Kolkata,30964
8121,Arjun,Verma,,9876507120,Female,1994-09-10,Ahmedabad,34713
8122,Arjun,Reddy,user7121@example.com,9876507121,Male,2018-10-08,Ahmedabad,54754
8123,Arjun,Mehta,user7122@example.com,9876507122,,2011-02-24,Kolkata,87142
8124,Arjun,Gupta,user7123@example.com,9876507123,,1981-10-16,Mumbai,77503
8125,Rakesh,Sharma,user7124@example.com,9876507124,,2006-01-29,Hyderabad,108349
8126,Neha,Joshi,user7125@example.com,123,Female,1980-05-09,Ahmedabad,-1000
8127,Vijay,Sharma,user7126@example.com,9876507126,,1988-04-24,Kolkata,51053
8128,Sameer,Reddy,user7127@example.com,9876507127,Other,2017-08-12,Kolkata,66118
8129,Amit,Singh,user7128@example.com,9876507128,,1974-06-26,Hyderabad,61523
8130,Sneha,Singh,user7129@example.com,9876507129,,1983-12-30,Hyderabad,64454
8131,Priya,Mehta,user7130@example.com,9876507130,Other,2004-09-24,Kolkata,67137
8132,Anjali,Kumar,user7131@example.com,9876507131,Other,1977-11-01,Chennai,107400
8133,Arjun,Joshi,user7132@example.com,9876507132,Female,2016-08-09,Pune,67404
8134,Sneha,Reddy,user7133@example.com,9876507133,Female,1993-10-11,Chennai,43735
8135,Anjali,Reddy,user7134@example.com,9876507134,,1985-09-04,Ahmedabad,59189
8136,Sameer,Reddy,user7135@example.com,9876507135,,2002-06-11,Ahmedabad,79513
8137,Sneha,Rao,user7136@example.com,9876507136,Male,1974-01-25,Pune,77007
8138,Neha,Reddy,user7137@example.com,9876507137,,1988-01-08,Hyderabad,75917
8139,Sneha,Singh,user7138@example.com,9876507138,Female,1984-04-18,Kolkata,31020
8140,Arjun,Gupta,user7139@example.com,9876507139,Other,2014-02-26,Ahmedabad,33810
8141,Sameer,Verma,invalid@,9876507140,Male,1983-10-12,Pune,623729
8142,Priya,Sharma,user7141@example.com,9876507141,,1987-08-06,Bangalore,73921
8143,Vijay,Verma,user7142@example.com,9876507142,Other,1980-12-23,Chennai,48378
8144,Kavya,Singh,user7143@example.com,9876507143,Female,2011-05-01,Bangalore,94884
8145,Arjun,Singh,user7144@example.com,9876507144,,1987-04-09,Ahmedabad,75815
8146,Anjali,Gupta,user7145@example.com,9876507145,Male,1978-07-26,Kolkata,54636
8147,Sameer,Patel,user7146@example.com,9876507146,Other,1981-10-11,Bangalore,120604
8148,Neha,Mehta,user7147@example.com,9876507147,Female,1986-07-03,Hyderabad,55689
8149,Rakesh,Rao,user7148@example.com,9876507148,Female,2050-01-01,Kolkata,57611
8150,Sameer,Kumar,user7149@example.com,9876507149,Male,2003-07-12,Ahmedabad,56678
8151,Anjali,Reddy,user7150@example.com,,Male,2012-02-10,Kolkata,65835
8152,Kavya,Reddy,user7151@example.com,9876507151,,2017-06-13,Bangalore,43504
8153,Kavya,Gupta,user7152@example.com,9876507152,,1979-06-03,Ahmedabad,79743
8154,Amit,Patel,user7153@example.com,9876507153,Male,1974-03-26,Delhi,82496
8155,Vijay,Reddy,user7154@example.com,9876507154,Male,2005-03-02,Chennai,78342
8156,Anjali,Rao,user7155@example.com,9876507155,Other,1970-01-30,Mumbai,-1000
8157,Kavya,Mehta,user7156@example.com,9876507156,,1996-06-16,Chennai,56028
8158,Amit,Rao,user7157@example.com,9876507157,Female,2018-09-19,Bangalore,77261
8159,Amit,Patel,user7158@example.com,9876507158,,1980-01-28,Pune,69312
8160,Amit,Singh,user7159@example.com,9876507159,,2010-06-04,Mumbai,48963
8161,Sameer,Rao,,9876507160,Male,1970-05-06,Kolkata,24517
8162,Amit,Verma,user7161@example.com,9876507161,Male,1983-06-10,Hyderabad,57104
8163,Arjun,Rao,user7162@example.com,9876507162,,1988-03-09,Kolkata,75440
8164,Anjali,Singh,user7163@example.com,9876507163,,1994-03-21,Ahmedabad,74897
8165,Arjun,Reddy,user7164@example.com,9876507164,,2007-05-15,Kolkata,34709
8166,Rakesh,Sharma,user7165@example.com,9876507165,,1994-06-16,Mumbai,81746
8167,Kavya,Sharma,user7166@example.com,9876507166,,1991-10-11,Kolkata,102020
8168,Vijay,Sharma,user7167@example.com,9876507167,,2000-08-14,Pune,57976
8169,Amit,Reddy,user7168@example.com,9876507168,Male,1999-06-27,Pune,60930
8170,Neha,Gupta,user7169@example.com,9876507169,Male,1999-12-06,Hyderabad,54535
8171,Neha,Mehta,user7170@example.com,9876507170,Male,1986-02-13,Chennai,579367
8172,Kavya,Mehta,user7171@example.com,9876507171,Female,1977-09-22,Kolkata,89230
8173,Rakesh,Reddy,user7172@example.com,9876507172,Male,2010-05-25,Kolkata,49313
8174,Neha,Rao,user7173@example.com,9876507173,Male,2013-11-16,Hyderabad,69844
8175,Arjun,Kumar,user7174@example.com,9876507174,,2014-05-28,Ahmedabad,59499
8176,Sneha,Mehta,user7175@example.com,123,,2001-04-09,Chennai,68814
8177,Sameer,Verma,user7176@example.com,9876507176,,1973-10-27,Bangalore,59279
8178,Priya,Verma,user7177@example.com,9876507177,Male,1980-11-05,Bangalore,81414
8179,Neha,Joshi,user7178@example.com,9876507178,Male,1977-02-27,Delhi,85818
8180,Vijay,Verma,user7179@example.com,9876507179,Male,2011-03-20,Chennai,72480
8181,Amit,Mehta,invalid@,9876507180,,2019-02-01,Pune,60690
8182,Vijay,Kumar,user7181@example.com,9876507181,,1984-04-22,Delhi,80735
8183,Anjali,Singh,user7182@example.com,9876507182,,2003-02-10,Pune,50015
8184,Sameer,Sharma,user7183@example.com,9876507183,,2010-04-03,Delhi,73590
8185,Arjun,Rao,user7184@example.com,9876507184,Female,2004-09-28,Chennai,54710
8186,Rakesh,Singh,user7185@example.com,9876507185,,1991-11-13,Bangalore,-1000
8187,Sameer,Kumar,user7186@example.com,9876507186,,2010-02-20,Pune,45805
8188,Priya,Gupta,user7187@example.com,9876507187,Other,2050-01-01,Chennai,88675
8189,Sneha,Sharma,user7188@example.com,9876507188,Female,1989-04-05,Chennai,39863
8190,Neha,Joshi,user7189@example.com,9876507189,Male,1996-05-21,Bangalore,62427
8191,Rakesh,Gupta,user7190@example.com,9876507190,,2007-03-08,Mumbai,35459
8192,Rakesh,Mehta,user7191@example.com,9876507191,Female,1997-10-26,Bangalore,88251
8193,Neha,Kumar,user7192@example.com,9876507192,Other,2017-11-10,Pune,96083
8194,Neha,Sharma,user7193@example.com,9876507193,Female,1973-04-19,Mumbai,41180
8195,Neha,Joshi,user7194@example.com,9876507194,,1997-09-08,Delhi,71485
8196,Neha,Rao,user7195@example.com,9876507195,,1979-10-24,Hyderabad,59083
8197,Neha,Rao,user7196@example.com,9876507196,Male,2014-07-05,Ahmedabad,75241
8198,Rakesh,Reddy,user7197@example.com,9876507197,,2001-01-09,Pune,96527
8199,Kavya,Mehta,user7198@example.com,9876507198,,1990-08-23,Kolkata,72708
8200,Kavya,Verma,user7199@example.com,9876507199,,2001-10-16,Ahmedabad,49688
8201,Vijay,Kumar,,,,1975-08-01,Ahmedabad,511909
8202,Kavya,Joshi,user7201@example.com,9876507201,,1992-07-07,Mumbai,57922
8203,Priya,Joshi,user7202@example.com,9876507202,,1997-10-26,Delhi,50445
8204,Kavya,Verma,user7203@example.com,9876507203,,2001-07-19,Bangalore,80204
8205,Rakesh,Verma,user7204@example.com,9876507204,Other,1979-10-09,Mumbai,81908
8206,Neha,Gupta,user7205@example.com,9876507205,,2000-12-23,Hyderabad,90192
8207,Amit,Sharma,user7206@example.com,9876507206,Female,1992-09-20,Delhi,56504
8208,Amit,Gupta,user7207@example.com,9876507207,Male,1970-07-21,Kolkata,88085
8209,Priya,Patel,user7208@example.com,9876507208,Male,1991-10-14,Kolkata,98665
8210,Anjali,Patel,user7209@example.com,9876507209,,1990-03-22,Bangalore,38470
8211,Rakesh,Mehta,user7210@example.com,9876507210,,1986-06-13,Bangalore,55254
8212,Arjun,Reddy,user7211@example.com,9876507211,Other,1974-11-30,Delhi,62837
8213,Sameer,Kumar,user7212@example.com,9876507212,,1973-11-09,Bangalore,81445
8214,Vijay,Joshi,user7213@example.com,9876507213,,1972-07-05,Pune,91802
8215,Arjun,Sharma,user7214@example.com,9876507214,,1991-04-19,Hyderabad,30388
8216,Rakesh,Rao,user7215@example.com,9876507215,Male,1997-01-15,Pune,-1000
8217,Kavya,Rao,user7216@example.com,9876507216,,2009-07-15,Mumbai,87910
8218,Neha,Singh,user7217@example.com,9876507217,Other,1987-05-18,Bangalore,47959
8219,Arjun,Verma,user7218@example.com,9876507218,,2013-06-13,Hyderabad,80964
8220,Sameer,Mehta,user7219@example.com,9876507219,,1978-09-02,Bangalore,76471
8221,Anjali,Singh,invalid@,9876507220,,1990-02-09,Delhi,80545
8222,Amit,Singh,user7221@example.com,9876507221,Male,2015-01-13,Pune,80800
8223,Anjali,Reddy,user7222@example.com,9876507222,,1979-12-30,Ahmedabad,56467
8224,Sameer,Kumar,user7223@example.com,9876507223,,2010-04-16,Mumbai,59683
8225,Neha,Joshi,user7224@example.com,9876507224,Male,1987-07-09,Chennai,58091
8226,Kavya,Sharma,user7225@example.com,123,,1975-07-09,Pune,69505
8227,Sameer,Rao,user7226@example.com,9876507226,,2013-08-23,Delhi,22376
8228,Vijay,Rao,user7227@example.com,9876507227,,1981-01-07,Mumbai,74648
8229,Sameer,Rao,user7228@example.com,9876507228,Male,1994-02-08,Ahmedabad,99449
8230,Rakesh,Patel,user7229@example.com,9876507229,,1994-03-19,Kolkata,68946
8231,Kavya,Kumar,user7230@example.com,9876507230,Other,2005-08-10,Chennai,625532
8232,Neha,Mehta,user7231@example.com,9876507231,,1973-10-19,Mumbai,66471
8233,Amit,Rao,user7232@example.com,9876507232,Other,1983-01-16,Hyderabad,75613
8234,Amit,Reddy,user7233@example.com,9876507233,,1985-02-26,Pune,87867
8235,Sameer,Rao,user7234@example.com,9876507234,Male,2002-11-29,Ahmedabad,63642
8236,Rakesh,Mehta,user7235@example.com,9876507235,Male,1978-07-26,Chennai,61662
8237,Arjun,Patel,user7236@example.com,9876507236,Other,1983-12-04,Delhi,37521
8238,Anjali,Reddy,user7237@example.com,9876507237,,2000-12-06,Hyderabad,65938
8239,Anjali,Singh,user7238@example.com,9876507238,,2016-04-30,Mumbai,40962
8240,Anjali,Mehta,user7239@example.com,9876507239,,2014-07-06,Pune,54053
8241,Arjun,Singh,,9876507240,,1986-06-04,Delhi,82550
8242,Rakesh,Verma,user7241@example.com,9876507241,Male,2008-05-24,Ahmedabad,85417
8243,Anjali,Gupta,user7242@example.com,9876507242,Female,2001-02-16,Hyderabad,74265
8244,Vijay,Rao,user7243@example.com,9876507243,,1998-10-15,Mumbai,89289
8245,Arjun,Mehta,user7244@example.com,9876507244,,1995-01-24,Bangalore,31999
8246,Arjun,Gupta,user7245@example.com,9876507245,Male,1973-05-28,Pune,-1000
8247,Neha,Sharma,user7246@example.com,9876507246,,1997-07-19,Pune,48023
8248,Neha,Reddy,user7247@example.com,9876507247,Male,1974-07-12,Bangalore,71016
8249,Kavya,Kumar,user7248@example.com,9876507248,,1991-11-01,Delhi,51690
8250,Vijay,Verma,user7249@example.com,9876507249,Female,1995-12-27,Pune,71200
8251,Vijay,Sharma,user7250@example.com,,Female,1976-04-23,Hyderabad,65357
8252,Kavya,Sharma,user7251@example.com,9876507251,Other,2001-06-25,Delhi,87750
8253,Vijay,Verma,user7252@example.com,9876507252,,2003-10-13,Ahmedabad,114299
8254,Priya,Singh,user7253@example.com,9876507253,Male,1980-06-11,Bangalore,82636
8255,Sneha,Mehta,user7254@example.com,9876507254,Male,2004-04-01,Delhi,62609
8256,Anjali,Joshi,user7255@example.com,9876507255,Male,1983-10-18,Ahmedabad,95657
8257,Neha,Rao,user7256@example.com,9876507256,Other,2013-11-16,Kolkata,31059
8258,Kavya,Reddy,user7257@example.com,9876507257,,2006-08-05,Mumbai,53388
8259,Kavya,Patel,user7258@example.com,9876507258,Male,1980-05-09,Pune,60382
8260,Vijay,Mehta,user7259@example.com,9876507259,Female,1975-05-13,Bangalore,59453
8261,Arjun,Rao,invalid@,9876507260,Male,2018-05-29,Mumbai,502209
8262,Amit,Mehta,user7261@example.com,9876507261,Male,1987-05-13,Kolkata,78919
8263,Sameer,Sharma,user7262@example.com,9876507262,Male,1995-04-04,Mumbai,64956
8264,Sameer,Joshi,user7263@example.com,9876507263,,1983-12-01,Mumbai,62267
8265,Kavya,Patel,user7264@example.com,9876507264,Male,1989-12-28,Hyderabad,93186
8266,Anjali,Mehta,user7265@example.com,9876507265,,2009-01-31,Delhi,56071
8267,Priya,Rao,user7266@example.com,9876507266,,2012-02-05,Kolkata,85552
8268,Anjali,Patel,user7267@example.com,9876507267,Other,2018-11-24,Pune,59518
8269,Kavya,Patel,user7268@example.com,9876507268,Female,1976-08-04,Bangalore,59951
8270,Anjali,Kumar,user7269@example.com,9876507269,Male,2017-06-02,Chennai,49788
8271,Neha,Reddy,user7270@example.com,9876507270,Male,2006-04-07,Hyderabad,35893
8272,Anjali,Sharma,user7271@example.com,9876507271,Male,2000-07-21,Chennai,51771
8273,Vijay,Kumar,user7272@example.com,9876507272,,1984-10-29,Pune,29474
8274,Vijay,Rao,user7273@example.com,9876507273,,1976-02-24,Hyderabad,70116
8275,Priya,Rao,user7274@example.com,9876507274,Female,1987-12-30,Pune,58700
8276,Neha,Singh,user7275@example.com,123,Male,1980-10-25,Pune,-1000
8277,Amit,Mehta,user7276@example.com,9876507276,,1997-05-25,Ahmedabad,50498
8278,Arjun,Mehta,user7277@example.com,9876507277,,1990-06-30,Kolkata,59846
8279,Neha,Singh,user7278@example.com,9876507278,,2018-05-29,Ahmedabad,89356
8280,Rakesh,Gupta,user7279@example.com,9876507279,Female,1974-07-06,Ahmedabad,82800
8281,Sneha,Verma,,9876507280,,2011-03-12,Ahmedabad,67726
8282,Kavya,Mehta,user7281@example.com,9876507281,Male,1995-08-14,Pune,44304
8283,Rakesh,Verma,user7282@example.com,9876507282,Male,1992-02-27,Pune,76735
8284,Priya,Mehta,user7283@example.com,9876507283,Other,1978-11-19,Chennai,59235
8285,Rakesh,Reddy,user7284@example.com,9876507284,,1981-01-08,Bangalore,54600
8286,Vijay,Gupta,user7285@example.com,9876507285,,2002-07-24,Chennai,91625
8287,Anjali,Joshi,user7286@example.com,9876507286,,1993-10-21,Chennai,94326
8288,Arjun,Gupta,user7287@example.com,9876507287,,2007-12-30,Bangalore,47267
8289,Sameer,Rao,user7288@example.com,9876507288,,1994-08-25,Bangalore,99321
8290,Kavya,Singh,user7289@example.com,9876507289,,1972-02-25,Chennai,63206
8291,Sameer,Rao,user7290@example.com,9876507290,,1970-08-16,Chennai,806548
8292,Anjali,Joshi,user7291@example.com,9876507291,Male,1983-07-19,Chennai,101625
8293,Vijay,Kumar,user7292@example.com,9876507292,Female,1990-06-22,Hyderabad,61742
8294,Vijay,Rao,user7293@example.com,9876507293,,2017-02-14,Bangalore,70238
8295,Anjali,Rao,user7294@example.com,9876507294,,2015-11-23,Bangalore,79469
8296,Kavya,Rao,user7295@example.com,9876507295,Male,2008-01-16,Ahmedabad,96606
8297,Sameer,Patel,user7296@example.com,9876507296,Male,1997-12-22,Hyderabad,65398
8298,Neha,Verma,user7297@example.com,9876507297,,2010-04-21,Pune,81187
8299,Vijay,Gupta,user7298@example.com,9876507298,Female,1987-02-17,Bangalore,49514
8300,Sameer,Kumar,user7299@example.com,9876507299,,2001-08-22,Hyderabad,35369
8301,Amit,Gupta,invalid@,,Other,2001-09-03,Delhi,51430
8302,Sameer,Reddy,user7301@example.com,9876507301,Male,1993-03-23,Kolkata,51375
8303,Amit,Verma,user7302@example.com,9876507302,Other,1991-01-19,Bangalore,84502
8304,Amit,Kumar,user7303@example.com,9876507303,,1970-03-01,Hyderabad,63530
8305,Vijay,Reddy,user7304@example.com,9876507304,Male,1984-11-14,Bangalore,52782
8306,Kavya,Sharma,user7305@example.com,9876507305,,2009-06-29,Hyderabad,-1000
8307,Priya,Patel,user7306@example.com,9876507306,Male,1979-02-22,Pune,56646
8308,Vijay,Rao,user7307@example.com,9876507307,,1980-01-03,Hyderabad,83344
8309,Kavya,Patel,user7308@example.com,9876507308,Other,2006-02-08,Chennai,47199
8310,Kavya,Gupta,user7309@example.com,9876507309,Female,1985-03-11,Hyderabad,62453
8311,Rakesh,Kumar,user7310@example.com,9876507310,Male,2015-05-30,Hyderabad,57355
8312,Anjali,Reddy,user7311@example.com,9876507311,Other,1989-05-28,Ahmedabad,72084
8313,Anjali,Joshi,user7312@example.com,9876507312,,2006-07-05,Mumbai,101818
8314,Anjali,Reddy,user7313@example.com,9876507313,Other,1993-09-19,Chennai,51960
8315,Sneha,Patel,user7314@example.com,9876507314,Male,1991-10-01,Chennai,71347
8316,Vijay,Rao,user7315@example.com,9876507315,Other,1979-03-11,Pune,64693
8317,Kavya,Joshi,user7316@example.com,9876507316,,1998-11-18,Ahmedabad,55677
8318,Rakesh,Gupta,user7317@example.com,9876507317,,1980-11-17,Delhi,66008
8319,Amit,Joshi,user7318@example.com,9876507318,Female,2050-01-01,Kolkata,101395
8320,Priya,Verma,user7319@example.com,9876507319,Female,1999-07-03,Kolkata,63619
8321,Priya,Sharma,,9876507320,,1982-03-30,Hyderabad,636166
8322,Amit,Rao,user7321@example.com,9876507321,Male,1978-07-21,Mumbai,57424
8323,Sameer,Patel,user7322@example.com,9876507322,Other,2001-01-11,Kolkata,73307
8324,Sameer,Kumar,user7323@example.com,9876507323,Other,1986-06-09,Ahmedabad,45002
8325,Anjali,Singh,user7324@example.com,9876507324,,1980-05-18,Chennai,67428
8326,Vijay,Joshi,user7325@example.com,123,,1987-11-09,Ahmedabad,73916
8327,Sneha,Mehta,user7326@example.com,9876507326,,1978-07-08,Pune,48037
8328,Rakesh,Singh,user7327@example.com,9876507327,,1974-05-21,Ahmedabad,96957
8329,Priya,Gupta,user7328@example.com,9876507328,Female,2002-04-11,Bangalore,96224
8330,Anjali,Mehta,user7329@example.com,9876507329,Male,2004-10-21,Ahmedabad,109953
8331,Arjun,Mehta,user7330@example.com,9876507330,Male,2007-08-22,Mumbai,76427
8332,Anjali,Mehta,user7331@example.com,9876507331,,2013-10-26,Ahmedabad,73311
8333,Arjun,Reddy,user7332@example.com,9876507332,Female,1993-04-23,Delhi,63441
8334,Neha,Singh,user7333@example.com,9876507333,Female,1998-09-20,Hyderabad,66363
8335,Kavya,Gupta,user7334@example.com,9876507334,,2015-05-08,Kolkata,83540
8336,Amit,Patel,user7335@example.com,9876507335,Other,2006-05-23,Bangalore,-1000
8337,Kavya,Sharma,user7336@example.com,9876507336,Male,2013-11-28,Mumbai,61983
8338,Anjali,Gupta,user7337@example.com,9876507337,Female,2012-12-11,Mumbai,76178
8339,Kavya,Patel,user7338@example.com,9876507338,,1994-06-13,Chennai,52473
8340,Rakesh,Patel,user7339@example.com,9876507339,,1980-03-08,Pune,96606
8341,Neha,Mehta,invalid@,9876507340,,2015-01-03,Kolkata,65168
8342,Sneha,Rao,user7341@example.com,9876507341,Other,2000-06-09,Pune,80295
8343,Neha,Singh,user7342@example.com,9876507342,Female,2002-05-27,Bangalore,48967
8344,Priya,Patel,user7343@example.com,9876507343,,1980-07-22,Mumbai,64130
8345,Rakesh,Singh,user7344@example.com,9876507344,,2006-08-09,Chennai,57126
8346,Kavya,Verma,user7345@example.com,9876507345,,1977-07-14,Delhi,57969
8347,Sneha,Reddy,user7346@example.com,9876507346,,1971-12-26,Ahmedabad,42250
8348,Kavya,Sharma,user7347@example.com,9876507347,Other,1995-11-11,Ahmedabad,86126
8349,Vijay,Verma,user7348@example.com,9876507348,,1995-08-27,Ahmedabad,74689
8350,Vijay,Patel,user7349@example.com,9876507349,Female,1995-12-24,Pune,36624
8351,Sameer,Gupta,user7350@example.com,,,1992-01-15,Mumbai,607501
8352,Neha,Singh,user7351@example.com,9876507351,,2006-07-28,Hyderabad,60649
8353,Sneha,Verma,user7352@example.com,9876507352,Female,2014-06-12,Mumbai,72978
8354,Vijay,Singh,user7353@example.com,9876507353,Male,1973-08-22,Delhi,62097
8355,Sameer,Reddy,user7354@example.com,9876507354,,2004-04-30,Pune,86740
8356,Rakesh,Gupta,user7355@example.com,9876507355,,2008-06-23,Delhi,84281
8357,Sneha,Verma,user7356@example.com,9876507356,Female,2009-10-18,Mumbai,109136
8358,Sameer,Singh,user7357@example.com,9876507357,,1995-08-19,Ahmedabad,20464
8359,Amit,Gupta,user7358@example.com,9876507358,Other,1989-04-28,Kolkata,92347
8360,Sneha,Mehta,user7359@example.com,9876507359,Male,2001-11-05,Hyderabad,80897
8361,Anjali,Joshi,,9876507360,,1998-11-29,Pune,61497
8362,Sameer,Mehta,user7361@example.com,9876507361,Male,1981-10-04,Pune,59867
8363,Kavya,Sharma,user7362@example.com,9876507362,,1996-06-09,Pune,63234
8364,Anjali,Patel,user7363@example.com,9876507363,,2006-08-10,Chennai,69957
8365,Amit,Rao,user7364@example.com,9876507364,,1992-04-24,Hyderabad,54182
8366,Vijay,Joshi,user7365@example.com,9876507365,Male,2009-08-22,Chennai,-1000
8367,Arjun,Patel,user7366@example.com,9876507366,Other,1973-01-28,Ahmedabad,54607
8368,Sameer,Verma,user7367@example.com,9876507367,Female,2018-12-07,Chennai,59684
8369,Rakesh,Sharma,user7368@example.com,9876507368,Female,2015-08-01,Pune,76402
8370,Sameer,Reddy,user7369@example.com,9876507369,Other,2012-01-27,Chennai,41240
8371,Arjun,Sharma,user7370@example.com,9876507370,Other,1988-10-27,Hyderabad,77852
8372,Amit,Singh,user7371@example.com,9876507371,,1980-04-24,Chennai,40906
8373,Amit,Sharma,user7372@example.com,9876507372,,1993-07-06,Bangalore,72944
8374,Anjali,Verma,user7373@example.com,9876507373,Female,1989-04-27,Pune,76047
8375,Sneha,Reddy,user7374@example.com,9876507374,,1992-09-21,Chennai,62392
8376,Rakesh,Reddy,user7375@example.com,123,,1979-10-04,Hyderabad,65922
8377,Anjali,Kumar,user7376@example.com,9876507376,Other,2000-05-21,Ahmedabad,78949
8378,Rakesh,Sharma,user7377@example.com,9876507377,Male,1991-06-29,Chennai,53358
8379,Rakesh,Mehta,user7378@example.com,9876507378,,2007-09-15,Chennai,71176
8380,Arjun,Kumar,user7379@example.com,9876507379,,1986-07-11,Kolkata,57984
8381,Anjali,Kumar,invalid@,9876507380,,2011-05-10,Pune,960031
8382,Rakesh,Verma,user7381@example.com,9876507381,,1991-10-17,Chennai,75864
8383,Priya,Joshi,user7382@example.com,9876507382,,1978-10-02,Bangalore,44115
8384,Arjun,Mehta,user7383@example.com,9876507383,Other,2018-02-07,Bangalore,101356
8385,Amit,Reddy,user7384@example.com,9876507384,,1981-04-24,Kolkata,85035
8386,Arjun,Sharma,user7385@example.com,9876507385,,1971-02-17,Hyderabad,40871
8387,Kavya,Kumar,user7386@example.com,9876507386,,1993-10-01,Hyderabad,34474
8388,Kavya,Patel,user7387@example.com,9876507387,,2000-07-13,Chennai,40441
8389,Rakesh,Patel,user7388@example.com,9876507388,,1980-07-14,Pune,45358
8390,Anjali,Kumar,user7389@example.com,9876507389,,1994-01-29,Hyderabad,68025
8391,Amit,Singh,user7390@example.com,9876507390,,1972-12-17,Mumbai,66644
8392,Arjun,Sharma,user7391@example.com,9876507391,,1992-06-30,Hyderabad,79696
8393,Anjali,Verma,user7392@example.com,9876507392,Other,1992-12-20,Mumbai,58784
8394,Arjun,Reddy,user7393@example.com,9876507393,,1993-08-02,Delhi,59787
8395,Arjun,Kumar,user7394@example.com,9876507394,Male,2017-12-25,Bangalore,67250
8396,Priya,Mehta,user7395@example.com,9876507395,,1998-01-19,Mumbai,-1000
8397,Kavya,Kumar,user7396@example.com,9876507396,Other,2017-12-04,Delhi,27148
8398,Arjun,Gupta,user7397@example.com,9876507397,Other,2003-11-03,Mumbai,59871
8399,Priya,Reddy,user7398@example.com,9876507398,,1982-05-25,Pune,91373
8400,Kavya,Joshi,user7399@example.com,9876507399,Female,2004-09-06,Chennai,66355
8401,Priya,Reddy,,,,1988-04-29,Bangalore,59102
8402,Anjali,Mehta,user7401@example.com,9876507401,,1983-06-05,Mumbai,48707
8403,Sneha,Gupta,user7402@example.com,9876507402,Other,1970-02-25,Pune,83050
8404,Kavya,Joshi,user7403@example.com,9876507403,,2006-09-23,Delhi,55373
8405,Vijay,Rao,user7404@example.com,9876507404,Female,1976-03-13,Pune,55215
8406,Sneha,Mehta,user7405@example.com,9876507405,Male,1993-03-23,Delhi,92274
8407,Anjali,Patel,user7406@example.com,9876507406,,2011-03-17,Mumbai,44062
8408,Arjun,Singh,user7407@example.com,9876507407,Female,2017-02-21,Chennai,97627
8409,Amit,Reddy,user7408@example.com,9876507408,,1984-06-06,Ahmedabad,68381
8410,Anjali,Rao,user7409@example.com,9876507409,,2009-01-28,Chennai,65490
8411,Priya,Gupta,user7410@example.com,9876507410,,2009-10-09,Pune,707080
8412,Priya,Rao,user7411@example.com,9876507411,Male,2010-05-13,Hyderabad,65415
8413,Priya,Verma,user7412@example.com,9876507412,,1997-09-02,Ahmedabad,54438
8414,Priya,Sharma,user7413@example.com,9876507413,Other,1999-07-21,Bangalore,71883
8415,Anjali,Reddy,user7414@example.com,9876507414,Female,1974-02-10,Ahmedabad,55202
8416,Amit,Sharma,user7415@example.com,9876507415,,2011-11-17,Hyderabad,73560
8417,Sameer,Patel,user7416@example.com,9876507416,,2012-08-01,Chennai,111250
8418,Priya,Rao,user7417@example.com,9876507417,,2001-07-10,Bangalore,78203
8419,Sameer,Gupta,user7418@example.com,9876507418,,1981-04-29,Hyderabad,61226
8420,Amit,Patel,user7419@example.com,9876507419,Other,2010-04-06,Kolkata,70111
8421,Amit,Sharma,invalid@,9876507420,,2014-11-29,Mumbai,58603
8422,Sneha,Rao,user7421@example.com,9876507421,Other,2017-09-07,Hyderabad,61323
8423,Kavya,Patel,user7422@example.com,9876507422,,1994-09-08,Mumbai,62765
8424,Vijay,Mehta,user7423@example.com,9876507423,,2008-03-09,Pune,74505
8425,Rakesh,Kumar,user7424@example.com,9876507424,Male,2002-06-15,Hyderabad,83135
8426,Vijay,Singh,user7425@example.com,123,Male,2009-04-19,Ahmedabad,-1000
8427,Anjali,Joshi,user7426@example.com,9876507426,,1972-01-18,Hyderabad,77968
8428,Rakesh,Mehta,user7427@example.com,9876507427,Male,1998-11-28,Bangalore,43063
8429,Amit,Patel,user7428@example.com,9876507428,Other,2014-01-01,Bangalore,39381
8430,Vijay,Gupta,user7429@example.com,9876507429,,1989-03-06,Ahmedabad,63657
8431,Neha,Verma,user7430@example.com,9876507430,Other,2017-07-04,Chennai,85008
8432,Kavya,Kumar,user7431@example.com,9876507431,,2012-10-28,Kolkata,60840
8433,Vijay,Joshi,user7432@example.com,9876507432,Other,1979-09-18,Hyderabad,61150
8434,Kavya,Mehta,user7433@example.com,9876507433,Other,1978-04-04,Mumbai,82997
8435,Sameer,Verma,user7434@example.com,9876507434,Male,1975-07-17,Chennai,64464
8436,Anjali,Verma,user7435@example.com,9876507435,,1993-07-11,Mumbai,85688
8437,Kavya,Verma,user7436@example.com,9876507436,,1998-10-13,Bangalore,34903
8438,Sameer,Kumar,user7437@example.com,9876507437,Male,1979-02-07,Pune,74534
8439,Priya,Rao,user7438@example.com,9876507438,Other,1999-10-15,Kolkata,29475
8440,Sameer,Mehta,user7439@example.com,9876507439,Other,1980-01-24,Mumbai,70332
8441,Anjali,Rao,,9876507440,,1997-09-07,Hyderabad,830130
8442,Sneha,Reddy,user7441@example.com,9876507441,,2014-11-15,Delhi,32436
8443,Priya,Kumar,user7442@example.com,9876507442,Other,1985-02-24,Bangalore,19095
8444,Amit,Verma,user7443@example.com,9876507443,,1996-08-05,Ahmedabad,82019
8445,Arjun,Verma,user7444@example.com,9876507444,Female,1984-03-03,Hyderabad,73988
8446,Sameer,Kumar,user7445@example.com,9876507445,Male,1980-08-14,Ahmedabad,43028
8447,Sameer,Reddy,user7446@example.com,9876507446,,1994-09-05,Chennai,69887
8448,Kavya,Singh,user7447@example.com,9876507447,,1978-06-21,Chennai,54171
8449,Amit,Gupta,user7448@example.com,9876507448,,2010-06-16,Bangalore,61417
8450,Vijay,Singh,user7449@example.com,9876507449,Female,2000-12-13,Chennai,59633
8451,Neha,Rao,user7450@example.com,,,2017-03-16,Chennai,38385
8452,Rakesh,Kumar,user7451@example.com,9876507451,Female,1990-11-10,Bangalore,83021
8453,Sameer,Gupta,user7452@example.com,9876507452,,1991-11-04,Mumbai,43818
8454,Vijay,Singh,user7453@example.com,9876507453,Male,invalid,Bangalore,66853
8455,Neha,Rao,user7454@example.com,9876507454,,1973-05-10,Bangalore,78041
8456,Rakesh,Patel,user7455@example.com,9876507455,Male,2013-11-02,Hyderabad,-1000
8457,Arjun,Sharma,user7456@example.com,9876507456,,1994-03-21,Chennai,59502
8458,Kavya,Gupta,user7457@example.com,9876507457,,1990-05-29,Delhi,54824
8459,Vijay,Joshi,user7458@example.com,9876507458,Female,1996-02-05,Ahmedabad,99489
8460,Kavya,Gupta,user7459@example.com,9876507459,Other,1982-06-23,Chennai,83297
8461,Rakesh,Rao,invalid@,9876507460,Female,1977-06-10,Mumbai,80197
8462,Sneha,Verma,user7461@example.com,9876507461,Other,1979-04-16,Pune,109208
8463,Sameer,Rao,user7462@example.com,9876507462,Female,2006-12-04,Mumbai,72042
8464,Priya,Mehta,user7463@example.com,9876507463,,1995-05-04,Ahmedabad,58280
8465,Neha,Verma,user7464@example.com,9876507464,Male,1986-10-06,Pune,36203
8466,Amit,Rao,user7465@example.com,9876507465,Other,1999-05-13,Bangalore,51009
8467,Anjali,Singh,user7466@example.com,9876507466,,1996-10-31,Hyderabad,68185
8468,Sameer,Sharma,user7467@example.com,9876507467,Male,2017-10-26,Delhi,83627
8469,Priya,Rao,user7468@example.com,9876507468,Male,1988-03-06,Delhi,51922
8470,Anjali,Singh,user7469@example.com,9876507469,,2006-10-24,Hyderabad,96673
8471,Vijay,Joshi,user7470@example.com,9876507470,,1983-01-03,Ahmedabad,342082
8472,Anjali,Mehta,user7471@example.com,9876507471,,2007-11-03,Hyderabad,57490
8473,Arjun,Patel,user7472@example.com,9876507472,Other,1977-04-08,Chennai,73075
8474,Sameer,Mehta,user7473@example.com,9876507473,Other,2015-04-14,Hyderabad,67623
8475,Kavya,Verma,user7474@example.com,9876507474,Male,1978-05-28,Ahmedabad,74534
8476,Sneha,Sharma,user7475@example.com,123,Other,2007-07-19,Delhi,67570
8477,Amit,Mehta,user7476@example.com,9876507476,Male,1990-12-25,Kolkata,77964
8478,Kavya,Gupta,user7477@example.com,9876507477,,1987-04-05,Hyderabad,60121
8479,Priya,Patel,user7478@example.com,9876507478,Female,1986-10-26,Pune,58988
8480,Sameer,Verma,user7479@example.com,9876507479,Male,1996-06-21,Hyderabad,48500
8481,Sneha,Gupta,,9876507480,Male,1980-04-13,Pune,108474
8482,Anjali,Verma,user7481@example.com,9876507481,,2012-03-30,Chennai,63430
8483,Sameer,Gupta,user7482@example.com,9876507482,,1972-04-10,Mumbai,73710
8484,Anjali,Reddy,user7483@example.com,9876507483,,2007-04-22,Bangalore,60773
8485,Vijay,Sharma,user7484@example.com,9876507484,,1988-01-01,Hyderabad,96837
8486,Arjun,Singh,user7485@example.com,9876507485,Male,2007-06-29,Chennai,-1000
8487,Rakesh,Mehta,user7486@example.com,9876507486,Male,1986-10-05,Pune,71549
8488,Sameer,Joshi,user7487@example.com,9876507487,Other,2012-07-05,Bangalore,47552
8489,Priya,Gupta,user7488@example.com,9876507488,Other,1973-09-04,Hyderabad,100209
8490,Anjali,Reddy,user7489@example.com,9876507489,Female,1998-05-10,Ahmedabad,69339
8491,Kavya,Sharma,user7490@example.com,9876507490,Female,1999-12-11,Pune,100937
8492,Vijay,Joshi,user7491@example.com,9876507491,Other,2004-03-13,Pune,52985
8493,Priya,Mehta,user7492@example.com,9876507492,Male,1975-01-19,Pune,56160
8494,Amit,Reddy,user7493@example.com,9876507493,,2006-04-11,Mumbai,54457
8495,Rakesh,Joshi,user7494@example.com,9876507494,Other,2016-02-14,Chennai,59326
8496,Vijay,Patel,user7495@example.com,9876507495,Male,1970-07-20,Ahmedabad,78411
8497,Arjun,Kumar,user7496@example.com,9876507496,Other,2016-04-08,Delhi,24033
8498,Rakesh,Verma,user7497@example.com,9876507497,,1986-01-28,Mumbai,64034
8499,Anjali,Verma,user7498@example.com,9876507498,Other,2007-01-04,Mumbai,49386
8500,Priya,Rao,user7499@example.com,9876507499,,1980-02-14,Pune,47238
8501,Amit,Patel,invalid@,,Male,1995-12-03,Mumbai,743649
8502,Neha,Kumar,user7501@example.com,9876507501,,1982-04-17,Chennai,71000
8503,Arjun,Rao,user7502@example.com,9876507502,Other,1975-07-10,Chennai,82261
8504,Sneha,Joshi,user7503@example.com,9876507503,,1992-11-19,Chennai,72747
8505,Anjali,Rao,user7504@example.com,9876507504,,1972-09-02,Delhi,68594
8506,Neha,Gupta,user7505@example.com,9876507505,,1990-01-01,Mumbai,53828
8507,Sameer,Patel,user7506@example.com,9876507506,,2017-03-18,Hyderabad,46462
8508,Amit,Reddy,user7507@example.com,9876507507,Female,1970-07-29,Kolkata,76982
8509,Kavya,Reddy,user7508@example.com,9876507508,,2005-09-29,Chennai,59883
8510,Sneha,Kumar,user7509@example.com,9876507509,Male,1996-10-31,Mumbai,72984
8511,Priya,Mehta,user7510@example.com,9876507510,,1970-08-02,Pune,64909
8512,Amit,Reddy,user7511@example.com,9876507511,,1985-10-31,Ahmedabad,24128
8513,Rakesh,Patel,user7512@example.com,9876507512,Male,1990-04-08,Chennai,74670
8514,Vijay,Sharma,user7513@example.com,9876507513,,1970-10-31,Delhi,52482
8515,Rakesh,Verma,user7514@example.com,9876507514,Female,2017-03-19,Pune,82283
8516,Rakesh,Sharma,user7515@example.com,9876507515,Male,1989-01-12,Mumbai,-1000
8517,Sameer,Rao,user7516@example.com,9876507516,Male,2001-11-27,Chennai,102981
8518,Arjun,Singh,user7517@example.com,9876507517,,1975-12-08,Delhi,53080
8519,Kavya,Gupta,user7518@example.com,9876507518,Other,1986-04-26,Kolkata,74423
8520,Sneha,Singh,user7519@example.com,9876507519,Male,1976-10-10,Bangalore,50748
8521,Arjun,Patel,,9876507520,Male,2007-12-08,Chennai,53466
8522,Amit,Singh,user7521@example.com,9876507521,Female,1976-07-05,Kolkata,78705
8523,Rakesh,Sharma,user7522@example.com,9876507522,Female,1981-09-15,Kolkata,60959
8524,Sameer,Mehta,user7523@example.com,9876507523,Female,2004-02-26,Chennai,62348
8525,Amit,Patel,user7524@example.com,9876507524,,1996-02-26,Mumbai,81989
8526,Vijay,Verma,user7525@example.com,123,Male,1989-12-02,Ahmedabad,68778
8527,Kavya,Kumar,user7526@example.com,9876507526,Female,2012-05-25,Mumbai,73965
8528,Sneha,Patel,user7527@example.com,9876507527,Female,1972-02-12,Hyderabad,52505
8529,Vijay,Joshi,user7528@example.com,9876507528,,2002-10-09,Ahmedabad,78331
8530,Sameer,Verma,user7529@example.com,9876507529,,2006-07-16,Hyderabad,67232
8531,Kavya,Patel,user7530@example.com,9876507530,Female,1990-10-28,Hyderabad,736079
8532,Amit,Joshi,user7531@example.com,9876507531,,1973-07-23,Bangalore,72275
8533,Rakesh,Verma,user7532@example.com,9876507532,Other,2013-05-28,Pune,87591
8534,Rakesh,Rao,user7533@example.com,9876507533,,2003-02-14,Pune,75096
8535,Anjali,Reddy,user7534@example.com,9876507534,,1992-10-29,Hyderabad,41800
8536,Rakesh,Gupta,user7535@example.com,9876507535,Male,1984-02-20,Hyderabad,53110
8537,Neha,Reddy,user7536@example.com,9876507536,Male,2003-03-23,Kolkata,69526
8538,Rakesh,Sharma,user7537@example.com,9876507537,Female,1975-01-14,Chennai,72968
8539,Neha,Kumar,user7538@example.com,9876507538,Male,1982-07-31,Pune,38502
8540,Priya,Reddy,user7539@example.com,9876507539,Male,2017-01-20,Delhi,45152
8541,Neha,Patel,invalid@,9876507540,Other,1997-11-25,Ahmedabad,86871
8542,Kavya,Rao,user7541@example.com,9876507541,,2018-06-20,Mumbai,104316
8543,Vijay,Singh,user7542@example.com,9876507542,Female,2014-10-16,Delhi,31914
8544,Kavya,Sharma,user7543@example.com,9876507543,Other,1982-09-01,Delhi,70163
8545,Vijay,Reddy,user7544@example.com,9876507544,Female,2002-10-30,Mumbai,65957
8546,Anjali,Mehta,user7545@example.com,9876507545,,1998-08-12,Bangalore,-1000
8547,Priya,Kumar,user7546@example.com,9876507546,Female,2050-01-01,Kolkata,74927
8548,Vijay,Singh,user7547@example.com,9876507547,Male,1990-04-04,Pune,81581
8549,Vijay,Gupta,user7548@example.com,9876507548,,1984-12-11,Bangalore,19383
8550,Sameer,Patel,user7549@example.com,9876507549,Other,1975-08-15,Bangalore,64857
8551,Arjun,Rao,user7550@example.com,,Other,2002-12-23,Pune,46876
8552,Arjun,Verma,user7551@example.com,9876507551,,1987-04-07,Hyderabad,47388
8553,Sameer,Reddy,user7552@example.com,9876507552,Other,1993-01-07,Bangalore,40479
8554,Rakesh,Mehta,user7553@example.com,9876507553,,1972-02-25,Delhi,69567
8555,Sameer,Kumar,user7554@example.com,9876507554,Male,1989-02-09,Hyderabad,71668
8556,Vijay,Gupta,user7555@example.com,9876507555,Other,1974-06-24,Chennai,77618
8557,Vijay,Reddy,user7556@example.com,9876507556,,2009-02-04,Mumbai,56938
8558,Sameer,Gupta,user7557@example.com,9876507557,,2009-01-28,Hyderabad,92682
8559,Sameer,Singh,user7558@example.com,9876507558,Other,1998-09-22,Chennai,46359
8560,Rakesh,Singh,user7559@example.com,9876507559,Male,2002-09-14,Hyderabad,36348
8561,Kavya,Sharma,,9876507560,,1978-07-07,Hyderabad,693759
8562,Priya,Reddy,user7561@example.com,9876507561,,2004-04-07,Hyderabad,51309
8563,Amit,Rao,user7562@example.com,9876507562,Male,1983-09-14,Hyderabad,75635
8564,Vijay,Kumar,user7563@example.com,9876507563,Other,1990-05-21,Delhi,51845
8565,Priya,Verma,user7564@example.com,9876507564,Female,1970-10-12,Chennai,53421
8566,Sameer,Verma,user7565@example.com,9876507565,Other,2002-03-27,Delhi,51796
8567,Rakesh,Patel,user7566@example.com,9876507566,,1997-12-07,Ahmedabad,50360
8568,Neha,Patel,user7567@example.com,9876507567,,1976-08-10,Pune,64961
8569,Rakesh,Kumar,user7568@example.com,9876507568,Other,1989-10-23,Pune,69783
8570,Sneha,Reddy,user7569@example.com,9876507569,,1995-07-08,Chennai,50323
8571,Sneha,Reddy,user7570@example.com,9876507570,Female,1987-05-07,Delhi,41587
8572,Priya,Singh,user7571@example.com,9876507571,Female,2016-08-14,Pune,74973
8573,Arjun,Mehta,user7572@example.com,9876507572,,1992-07-01,Hyderabad,72758
8574,Sneha,Patel,user7573@example.com,9876507573,,1998-01-11,Ahmedabad,79292
8575,Sneha,Mehta,user7574@example.com,9876507574,Other,2013-09-18,Hyderabad,44132
8576,Kavya,Reddy,user7575@example.com,123,,1980-10-12,Chennai,-1000
8577,Neha,Patel,user7576@example.com,9876507576,Female,1983-03-01,Mumbai,81464
8578,Kavya,Verma,user7577@example.com,9876507577,,2010-12-07,Bangalore,82920
8579,Neha,Gupta,user7578@example.com,9876507578,Male,1987-05-08,Kolkata,56817
8580,Anjali,Patel,user7579@example.com,9876507579,,1987-11-12,Pune,45947
8581,Amit,Reddy,invalid@,9876507580,Other,2017-08-31,Delhi,50969
8582,Vijay,Reddy,user7581@example.com,9876507581,Female,1985-09-01,Pune,45690
8583,Sneha,Gupta,user7582@example.com,9876507582,,2017-10-13,Delhi,80958
8584,Vijay,Mehta,user7583@example.com,9876507583,Other,1994-12-31,Chennai,79258
8585,Sneha,Kumar,user7584@example.com,9876507584,,1981-03-22,Chennai,66626
8586,Kavya,Gupta,user7585@example.com,9876507585,Other,2011-10-18,Bangalore,51443
8587,Amit,Verma,user7586@example.com,9876507586,,1996-06-17,Hyderabad,47376
8588,Kavya,Reddy,user7587@example.com,9876507587,,2007-03-30,Pune,52687
8589,Kavya,Rao,user7588@example.com,9876507588,,1998-10-18,Bangalore,47227
8590,Neha,Verma,user7589@example.com,9876507589,,2015-05-04,Delhi,69532
8591,Arjun,Mehta,user7590@example.com,9876507590,,1992-03-01,Ahmedabad,802474
8592,Rakesh,Gupta,user7591@example.com,9876507591,Other,2010-01-08,Ahmedabad,80877
8593,Priya,Reddy,user7592@example.com,9876507592,Male,2017-12-27,Kolkata,47313
8594,Vijay,Reddy,user7593@example.com,9876507593,Other,1991-05-08,Mumbai,53045
8595,Anjali,Gupta,user7594@example.com,9876507594,,1972-08-08,Delhi,53936
8596,Sneha,Kumar,user7595@example.com,9876507595,,1982-02-23,Delhi,85382
8597,Kavya,Gupta,user7596@example.com,9876507596,Male,1977-07-07,Hyderabad,38316
8598,Arjun,Patel,user7597@example.com,9876507597,,2014-02-13,Delhi,64940
8599,Kavya,Joshi,user7598@example.com,9876507598,Female,2050-01-01,Chennai,47502
8600,Amit,Kumar,user7599@example.com,9876507599,Female,1997-01-15,Chennai,61169
8601,Neha,Joshi,,,Female,1987-07-30,Ahmedabad,78876
8602,Anjali,Mehta,user7601@example.com,9876507601,Male,1995-01-30,Ahmedabad,58537
8603,Rakesh,Singh,user7602@example.com,9876507602,Other,1986-11-25,Kolkata,49933
8604,Amit,Verma,user7603@example.com,9876507603,Male,1986-03-28,Kolkata,79952
8605,Sameer,Sharma,user7604@example.com,9876507604,Male,1980-06-05,Ahmedabad,67598
8606,Anjali,Gupta,user7605@example.com,9876507605,Male,2005-07-08,Pune,-1000
8607,Kavya,Verma,user7606@example.com,9876507606,Female,2001-07-04,Pune,70293
8608,Amit,Sharma,user7607@example.com,9876507607,Other,2010-02-16,Ahmedabad,40704
8609,Rakesh,Mehta,user7608@example.com,9876507608,Male,1982-12-22,Bangalore,91103
8610,Arjun,Mehta,user7609@example.com,9876507609,Other,2017-11-18,Pune,61021
8611,Arjun,Singh,user7610@example.com,9876507610,,2007-04-01,Chennai,81849
8612,Vijay,Kumar,user7611@example.com,9876507611,Male,2007-10-22,Pune,57997
8613,Rakesh,Verma,user7612@example.com,9876507612,Male,1999-04-16,Pune,76314
8614,Arjun,Verma,user7613@example.com,9876507613,Male,2005-09-08,Pune,85216
8615,Amit,Gupta,user7614@example.com,9876507614,,1980-08-20,Kolkata,82648
8616,Vijay,Mehta,user7615@example.com,9876507615,,1972-01-03,Kolkata,67107
8617,Arjun,Sharma,user7616@example.com,9876507616,Female,2013-12-02,Mumbai,58209
8618,Anjali,Rao,user7617@example.com,9876507617,,2019-03-10,Pune,36833
8619,Neha,Singh,user7618@example.com,9876507618,Other,2015-09-29,Bangalore,40244
8620,Sameer,Kumar,user7619@example.com,9876507619,,1980-02-17,Kolkata,87328
8621,Rakesh,Reddy,invalid@,9876507620,Male,1984-03-09,Mumbai,485245
8622,Amit,Rao,user7621@example.com,9876507621,Male,1993-06-02,Chennai,81084
8623,Sneha,Patel,user7622@example.com,9876507622,Female,2005-07-04,Chennai,83287
8624,Kavya,Joshi,user7623@example.com,9876507623,,1997-08-11,Pune,74106
8625,Amit,Singh,user7624@example.com,9876507624,Male,2006-05-12,Delhi,72824
8626,Arjun,Sharma,user7625@example.com,123,,1977-07-17,Mumbai,41689
8627,Amit,Rao,user7626@example.com,9876507626,Female,2018-11-21,Kolkata,38012
8628,Sneha,Sharma,user7627@example.com,9876507627,,invalid,Chennai,51825
8629,Kavya,Gupta,user7628@example.com,9876507628,Other,1999-01-27,Pune,98056
8630,Vijay,Singh,user7629@example.com,9876507629,Female,2013-04-22,Hyderabad,92495
8631,Arjun,Mehta,user7630@example.com,9876507630,,1974-12-09,Bangalore,65743
8632,Priya,Kumar,user7631@example.com,9876507631,Male,1992-08-25,Hyderabad,90887
8633,Arjun,Sharma,user7632@example.com,9876507632,,2012-11-24,Ahmedabad,46300
8634,Sameer,Verma,user7633@example.com,9876507633,,1988-11-28,Chennai,57611
8635,Priya,Rao,user7634@example.com,9876507634,Female,2002-09-01,Pune,96744
8636,Sameer,Verma,user7635@example.com,9876507635,,1978-03-08,Delhi,-1000
8637,Sneha,Sharma,user7636@example.com,9876507636,Other,1989-09-22,Bangalore,80432
8638,Rakesh,Rao,user7637@example.com,9876507637,Female,2005-09-02,Chennai,33211
8639,Kavya,Mehta,user7638@example.com,9876507638,Male,1993-04-26,Mumbai,91990
8640,Neha,Joshi,user7639@example.com,9876507639,Male,1976-06-19,Bangalore,59643
8641,Vijay,Joshi,,9876507640,Female,2018-03-28,Pune,79451
8642,Neha,Gupta,user7641@example.com,9876507641,,2015-02-20,Kolkata,66982
8643,Anjali,Patel,user7642@example.com,9876507642,,2010-06-14,Chennai,85130
8644,Anjali,Joshi,user7643@example.com,9876507643,Male,1983-06-14,Chennai,65934
8645,Sneha,Patel,user7644@example.com,9876507644,Other,1972-01-17,Delhi,119578
8646,Rakesh,Rao,user7645@example.com,9876507645,,2009-05-09,Chennai,84302
8647,Anjali,Joshi,user7646@example.com,9876507646,Other,1983-06-10,Kolkata,39839
8648,Arjun,Sharma,user7647@example.com,9876507647,,1980-02-09,Bangalore,31432
8649,Amit,Mehta,user7648@example.com,9876507648,Female,2001-12-21,Chennai,31681
8650,Sameer,Sharma,user7649@example.com,9876507649,,1978-05-23,Hyderabad,76899
8651,Anjali,Sharma,user7650@example.com,,Male,1974-09-16,Bangalore,842474
8652,Sneha,Patel,user7651@example.com,9876507651,Female,1986-07-02,Ahmedabad,12757
8653,Sameer,Reddy,user7652@example.com,9876507652,,1999-05-17,Kolkata,89420
8654,Arjun,Reddy,user7653@example.com,9876507653,Male,2008-07-13,Ahmedabad,72008
8655,Rakesh,Kumar,user7654@example.com,9876507654,,1991-03-09,Pune,97345
8656,Kavya,Joshi,user7655@example.com,9876507655,,1989-09-02,Mumbai,45639
8657,Neha,Mehta,user7656@example.com,9876507656,,1974-11-25,Mumbai,70813
8658,Arjun,Mehta,user7657@example.com,9876507657,Male,2009-11-27,Hyderabad,70660
8659,Vijay,Verma,user7658@example.com,9876507658,,2007-06-22,Delhi,49526
8660,Priya,Sharma,user7659@example.com,9876507659,,2009-04-17,Kolkata,39619
8661,Sneha,Mehta,invalid@,9876507660,Female,1970-09-17,Pune,83627
8662,Neha,Rao,user7661@example.com,9876507661,Female,2008-12-21,Mumbai,69582
8663,Vijay,Singh,user7662@example.com,9876507662,Other,2011-10-19,Chennai,72878
8664,Kavya,Sharma,user7663@example.com,9876507663,,1989-11-09,Bangalore,92254
8665,Vijay,Patel,user7664@example.com,9876507664,,1970-04-10,Pune,64205
8666,Rakesh,Sharma,user7665@example.com,9876507665,,1980-09-10,Bangalore,-1000
8667,Priya,Mehta,user7666@example.com,9876507666,Other,invalid,Delhi,72048
8668,Sameer,Gupta,user7667@example.com,9876507667,Other,1976-05-31,Kolkata,72580
8669,Neha,Rao,user7668@example.com,9876507668,Male,1992-02-26,Chennai,36824
8670,Priya,Rao,user7669@example.com,9876507669,,1983-10-04,Pune,64601
8671,Amit,Joshi,user7670@example.com,9876507670,Female,2001-04-29,Chennai,88167
8672,Arjun,Reddy,user7671@example.com,9876507671,Male,2007-08-30,Hyderabad,62439
8673,Amit,Patel,user7672@example.com,9876507672,Other,2015-10-03,Chennai,55546
8674,Arjun,Joshi,user7673@example.com,9876507673,Female,1996-02-17,Kolkata,84370
8675,Rakesh,Kumar,user7674@example.com,9876507674,,1976-04-08,Chennai,65273
8676,Priya,Singh,user7675@example.com,123,,2018-08-06,Delhi,52407
8677,Kavya,Verma,user7676@example.com,9876507676,Other,2001-02-01,Kolkata,47772
8678,Anjali,Rao,user7677@example.com,9876507677,,2000-11-30,Ahmedabad,63922
8679,Vijay,Patel,user7678@example.com,9876507678,Other,2018-09-18,Delhi,51768
8680,Anjali,Reddy,user7679@example.com,9876507679,Female,1996-07-25,Hyderabad,83029
8681,Priya,Patel,,9876507680,Male,1970-08-08,Chennai,497822
8682,Amit,Verma,user7681@example.com,9876507681,Female,1987-07-18,Ahmedabad,70565
8683,Anjali,Verma,user7682@example.com,9876507682,,1998-05-14,Pune,73397
8684,Sneha,Joshi,user7683@example.com,9876507683,,2012-03-06,Bangalore,77658
8685,Anjali,Sharma,user7684@example.com,9876507684,Other,2007-03-19,Bangalore,96394
8686,Arjun,Kumar,user7685@example.com,9876507685,Female,1978-11-14,Bangalore,37948
8687,Sneha,Kumar,user7686@example.com,9876507686,Male,2018-05-02,Hyderabad,77158
8688,Neha,Mehta,user7687@example.com,9876507687,,1990-08-26,Delhi,77459
8689,Anjali,Kumar,user7688@example.com,9876507688,Male,2004-05-29,Pune,43272
8690,Sneha,Patel,user7689@example.com,9876507689,,1988-10-10,Pune,70212
8691,Priya,Kumar,user7690@example.com,9876507690,Other,1970-03-09,Ahmedabad,56608
8692,Vijay,Reddy,user7691@example.com,9876507691,Male,1997-01-02,Pune,93039
8693,Neha,Kumar,user7692@example.com,9876507692,Other,1975-07-06,Bangalore,53629
8694,Kavya,Rao,user7693@example.com,9876507693,,1970-10-18,Pune,60695
8695,Kavya,Mehta,user7694@example.com,9876507694,Male,1987-04-14,Ahmedabad,57392
8696,Rakesh,Patel,user7695@example.com,9876507695,Male,1980-01-28,Pune,-1000
8697,Anjali,Verma,user7696@example.com,9876507696,,1982-09-26,Pune,34011
8698,Vijay,Joshi,user7697@example.com,9876507697,Female,1970-12-19,Bangalore,48344
8699,Sameer,Singh,user7698@example.com,9876507698,Male,2018-04-26,Pune,67877
8700,Sneha,Joshi,user7699@example.com,9876507699,Male,1981-12-27,Delhi,70647
8701,Neha,Sharma,invalid@,,,2019-04-03,Kolkata,81247
8702,Priya,Singh,user7701@example.com,9876507701,Female,1979-04-22,Ahmedabad,85996
8703,Anjali,Reddy,user7702@example.com,9876507702,Male,1978-03-26,Ahmedabad,73012
8704,Priya,Gupta,user7703@example.com,9876507703,,1972-10-01,Ahmedabad,80932
8705,Sameer,Mehta,user7704@example.com,9876507704,Other,2010-07-22,Pune,75481
8706,Rakesh,Verma,user7705@example.com,9876507705,,1986-05-04,Delhi,42974
8707,Sameer,Joshi,user7706@example.com,9876507706,Female,1987-08-08,Kolkata,72627
8708,Arjun,Kumar,user7707@example.com,9876507707,,1975-09-10,Chennai,65237
8709,Amit,Mehta,user7708@example.com,9876507708,,1976-03-11,Chennai,53703
8710,Neha,Kumar,user7709@example.com,9876507709,,1974-10-04,Ahmedabad,65243
8711,Amit,Mehta,user7710@example.com,9876507710,,1978-06-24,Mumbai,721453
8712,Sameer,Mehta,user7711@example.com,9876507711,Other,1991-09-15,Chennai,60963
8713,Rakesh,Sharma,user7712@example.com,9876507712,Other,1976-09-10,Chennai,84835
8714,Rakesh,Rao,user7713@example.com,9876507713,Male,2015-10-12,Bangalore,71823
8715,Kavya,Reddy,user7714@example.com,9876507714,Other,1995-01-29,Mumbai,82483
8716,Anjali,Kumar,user7715@example.com,9876507715,Other,1994-04-08,Mumbai,90129
8717,Kavya,Kumar,user7716@example.com,9876507716,Male,2005-09-30,Hyderabad,57084
8718,Neha,Kumar,user7717@example.com,9876507717,,1999-09-28,Ahmedabad,56105
8719,Neha,Sharma,user7718@example.com,9876507718,,1999-07-26,Kolkata,88135
8720,Neha,Joshi,user7719@example.com,9876507719,Female,1992-06-01,Hyderabad,49608
8721,Priya,Patel,,9876507720,,invalid,Kolkata,63033
8722,Kavya,Kumar,user7721@example.com,9876507721,,1978-12-14,Mumbai,55252
8723,Priya,Joshi,user7722@example.com,9876507722,,2016-03-02,Mumbai,45185
8724,Amit,Rao,user7723@example.com,9876507723,Female,2017-03-02,Chennai,74958
8725,Anjali,Kumar,user7724@example.com,9876507724,Other,1974-06-14,Delhi,59649
8726,Sameer,Reddy,user7725@example.com,123,Female,2050-01-01,Bangalore,-1000
8727,Sneha,Verma,user7726@example.com,9876507726,Male,1993-05-22,Pune,83503
8728,Kavya,Gupta,user7727@example.com,9876507727,Female,2013-06-04,Ahmedabad,38510
8729,Sneha,Kumar,user7728@example.com,9876507728,Female,1978-05-01,Chennai,62044
8730,Rakesh,Patel,user7729@example.com,9876507729,,1987-12-22,Chennai,82806
8731,Kavya,Verma,user7730@example.com,9876507730,Male,1998-01-07,Ahmedabad,83300
8732,Amit,Reddy,user7731@example.com,9876507731,Male,2018-02-23,Mumbai,73550
8733,Kavya,Sharma,user7732@example.com,9876507732,Female,2000-08-01,Pune,47398
8734,Priya,Gupta,user7733@example.com,9876507733,Male,2008-07-13,Chennai,68210
8735,Anjali,Sharma,user7734@example.com,9876507734,Male,1998-12-07,Pune,72112
8736,Sameer,Patel,user7735@example.com,9876507735,,1970-01-11,Pune,56163
8737,Vijay,Gupta,user7736@example.com,9876507736,Male,2012-09-28,Ahmedabad,72531
8738,Sameer,Patel,user7737@example.com,9876507737,Other,2013-10-29,Hyderabad,35445
8739,Sameer,Sharma,user7738@example.com,9876507738,Male,1996-10-12,Ahmedabad,29931
8740,Rakesh,Reddy,user7739@example.com,9876507739,,2018-12-20,Kolkata,52155
8741,Amit,Gupta,invalid@,9876507740,,1991-08-24,Hyderabad,788621
8742,Sneha,Singh,user7741@example.com,9876507741,,1979-11-13,Chennai,82204
8743,Amit,Joshi,user7742@example.com,9876507742,,1970-10-17,Chennai,39415
8744,Vijay,Reddy,user7743@example.com,9876507743,Other,1985-07-29,Kolkata,94357
8745,Rakesh,Gupta,user7744@example.com,9876507744,,1990-03-30,Kolkata,66799
8746,Anjali,Patel,user7745@example.com,9876507745,Female,1997-01-07,Hyderabad,34029
8747,Sameer,Patel,user7746@example.com,9876507746,Male,2006-10-15,Chennai,71071
8748,Priya,Rao,user7747@example.com,9876507747,Other,1990-10-28,Delhi,90444
8749,Rakesh,Reddy,user7748@example.com,9876507748,Other,2002-05-20,Ahmedabad,55304
8750,Neha,Patel,user7749@example.com,9876507749,Female,2005-07-21,Ahmedabad,84541
8751,Kavya,Mehta,user7750@example.com,,Other,2002-11-23,Delhi,93847
8752,Amit,Joshi,user7751@example.com,9876507751,Female,1992-12-05,Ahmedabad,65810
8753,Rakesh,Sharma,user7752@example.com,9876507752,Female,2015-10-26,Mumbai,50095
8754,Neha,Verma,user7753@example.com,9876507753,Female,1985-04-16,Mumbai,88406
8755,Sneha,Rao,user7754@example.com,9876507754,Other,2005-07-01,Kolkata,88336
8756,Vijay,Patel,user7755@example.com,9876507755,Female,1987-07-15,Delhi,-1000
8757,Vijay,Mehta,user7756@example.com,9876507756,Other,2003-04-17,Chennai,62965
8758,Sameer,Rao,user7757@example.com,9876507757,,2006-12-17,Delhi,79416
8759,Sameer,Mehta,user7758@example.com,9876507758,Female,2008-08-19,Mumbai,80523
8760,Rakesh,Rao,user7759@example.com,9876507759,Other,2010-11-26,Pune,59216
8761,Rakesh,Patel,,9876507760,Other,1985-12-13,Hyderabad,45827
8762,Anjali,Mehta,user7761@example.com,9876507761,Other,1979-07-21,Ahmedabad,96413
8763,Kavya,Gupta,user7762@example.com,9876507762,Male,1975-03-11,Bangalore,66787
8764,Arjun,Reddy,user7763@example.com,9876507763,Male,1977-12-18,Bangalore,61427
8765,Sneha,Verma,user7764@example.com,9876507764,Female,1973-11-12,Delhi,53235
8766,Sameer,Sharma,user7765@example.com,9876507765,,1984-12-10,Hyderabad,60969
8767,Arjun,Verma,user7766@example.com,9876507766,Female,2001-09-09,Bangalore,33507
8768,Arjun,Sharma,user7767@example.com,9876507767,,1997-10-01,Hyderabad,84979
8769,Kavya,Singh,user7768@example.com,9876507768,,1984-12-01,Pune,59582
8770,Priya,Joshi,user7769@example.com,9876507769,,1994-03-23,Bangalore,22985
8771,Priya,Singh,user7770@example.com,9876507770,,1993-05-21,Mumbai,453031
8772,Sameer,Kumar,user7771@example.com,9876507771,,2010-02-18,Delhi,84151
8773,Neha,Patel,user7772@example.com,9876507772,Male,2017-12-27,Chennai,62154
8774,Kavya,Gupta,user7773@example.com,9876507773,Male,2015-12-12,Bangalore,49224
8775,Kavya,Reddy,user7774@example.com,9876507774,,1971-10-08,Ahmedabad,67647
8776,Amit,Gupta,user7775@example.com,123,,2004-10-09,Kolkata,59026
8777,Arjun,Verma,user7776@example.com,9876507776,Other,2000-01-08,Kolkata,67209
8778,Amit,Sharma,user7777@example.com,9876507777,,1975-05-17,Hyderabad,71391
8779,Arjun,Singh,user7778@example.com,9876507778,,2017-01-27,Hyderabad,48672
8780,Priya,Gupta,user7779@example.com,9876507779,Other,1987-09-22,Delhi,53478
8781,Sameer,Singh,invalid@,9876507780,,1990-06-28,Hyderabad,50311
8782,Sneha,Joshi,user7781@example.com,9876507781,Female,1982-02-02,Pune,50901
8783,Priya,Joshi,user7782@example.com,9876507782,Other,2013-05-23,Mumbai,52440
8784,Kavya,Sharma,user7783@example.com,9876507783,Female,1993-11-01,Kolkata,59192
8785,Sneha,Kumar,user7784@example.com,9876507784,Male,1999-04-23,Bangalore,52843
8786,Rakesh,Gupta,user7785@example.com,9876507785,,2014-11-17,Mumbai,-1000
8787,Sneha,Reddy,user7786@example.com,9876507786,,2004-02-03,Hyderabad,58727
8788,Sneha,Singh,user7787@example.com,9876507787,,2005-10-12,Pune,50868
8789,Priya,Singh,user7788@example.com,9876507788,,2050-01-01,Kolkata,26489
8790,Kavya,Joshi,user7789@example.com,9876507789,Female,2006-03-01,Chennai,46937
8791,Sneha,Patel,user7790@example.com,9876507790,Other,1975-01-19,Bangalore,57709
8792,Priya,Sharma,user7791@example.com,9876507791,Other,2011-10-10,Chennai,84151
8793,Priya,Singh,user7792@example.com,9876507792,,1990-09-12,Hyderabad,63600
8794,Sneha,Joshi,user7793@example.com,9876507793,Female,1995-06-13,Chennai,34733
8795,Arjun,Joshi,user7794@example.com,9876507794,,1971-11-11,Delhi,66959
8796,Kavya,Mehta,user7795@example.com,9876507795,,1989-09-08,Chennai,55949
8797,Vijay,Singh,user7796@example.com,9876507796,,1984-08-22,Delhi,76419
8798,Sneha,Mehta,user7797@example.com,9876507797,Other,2004-11-03,Chennai,35751
8799,Amit,Reddy,user7798@example.com,9876507798,,2001-08-27,Kolkata,89223
8800,Amit,Reddy,user7799@example.com,9876507799,Other,2007-02-27,Ahmedabad,73940
8801,Rakesh,Joshi,,,Male,2000-02-28,Pune,608233
8802,Kavya,Patel,user7801@example.com,9876507801,Female,1970-01-10,Bangalore,34123
8803,Priya,Patel,user7802@example.com,9876507802,Male,2013-10-09,Mumbai,35781
8804,Anjali,Mehta,user7803@example.com,9876507803,,2004-01-28,Kolkata,78707
8805,Sameer,Joshi,user7804@example.com,9876507804,Other,2011-08-17,Mumbai,81063
8806,Neha,Mehta,user7805@example.com,9876507805,Female,2000-03-07,Bangalore,85831
8807,Anjali,Sharma,user7806@example.com,9876507806,,1984-07-27,Pune,98345
8808,Kavya,Mehta,user7807@example.com,9876507807,Female,1998-06-01,Pune,79983
8809,Kavya,Kumar,user7808@example.com,9876507808,Female,2014-01-09,Chennai,73149
8810,Sneha,Singh,user7809@example.com,9876507809,,1990-07-21,Mumbai,112769
8811,Sneha,Reddy,user7810@example.com,9876507810,Male,1997-12-24,Bangalore,54090
8812,Anjali,Rao,user7811@example.com,9876507811,Male,1973-12-27,Chennai,62986
8813,Priya,Joshi,user7812@example.com,9876507812,,1970-02-13,Bangalore,34174
8814,Rakesh,Patel,user7813@example.com,9876507813,,1990-01-22,Hyderabad,77489
8815,Sneha,Gupta,user7814@example.com,9876507814,Female,1997-08-13,Hyderabad,60930
8816,Neha,Singh,user7815@example.com,9876507815,Male,1991-04-17,Mumbai,-1000
8817,Neha,Rao,user7816@example.com,9876507816,Male,2010-10-10,Bangalore,53011
8818,Rakesh,Kumar,user7817@example.com,9876507817,Other,1992-06-14,Bangalore,49100
8819,Arjun,Gupta,user7818@example.com,9876507818,Female,1985-06-03,Chennai,61621
8820,Arjun,Patel,user7819@example.com,9876507819,,2007-07-06,Hyderabad,36163
8821,Kavya,Kumar,invalid@,9876507820,Male,1975-02-06,Delhi,37964
8822,Sneha,Patel,user7821@example.com,9876507821,,2018-03-27,Delhi,42856
8823,Amit,Patel,user7822@example.com,9876507822,Female,1982-11-25,Ahmedabad,52597
8824,Anjali,Joshi,user7823@example.com,9876507823,Female,1976-09-23,Chennai,55720
8825,Vijay,Gupta,user7824@example.com,9876507824,Male,2000-08-27,Ahmedabad,24022
8826,Rakesh,Sharma,user7825@example.com,123,,2005-02-25,Pune,54696
8827,Kavya,Mehta,user7826@example.com,9876507826,,1988-05-05,Delhi,48174
8828,Amit,Mehta,user7827@example.com,9876507827,,2006-01-19,Delhi,80655
8829,Sneha,Singh,user7828@example.com,9876507828,Other,1993-02-28,Delhi,47000
8830,Amit,Patel,user7829@example.com,9876507829,Female,1989-08-06,Delhi,85079
8831,Amit,Singh,user7830@example.com,9876507830,Female,2003-01-01,Pune,998376
8832,Rakesh,Gupta,user7831@example.com,9876507831,Male,1977-06-07,Mumbai,88336
8833,Kavya,Patel,user7832@example.com,9876507832,Male,1990-03-01,Pune,45365
8834,Priya,Patel,user7833@example.com,9876507833,Male,2011-10-09,Mumbai,75389
8835,Neha,Rao,user7834@example.com,9876507834,Other,2002-11-07,Ahmedabad,45709
8836,Anjali,Reddy,user7835@example.com,9876507835,,1996-03-28,Delhi,48489
8837,Kavya,Mehta,user7836@example.com,9876507836,Male,1995-05-24,Chennai,49832
8838,Vijay,Gupta,user7837@example.com,9876507837,Male,2003-08-07,Chennai,67722
8839,Amit,Kumar,user7838@example.com,9876507838,Male,1977-10-06,Mumbai,47521
8840,Priya,Kumar,user7839@example.com,9876507839,Other,1991-12-10,Kolkata,65773
8841,Rakesh,Sharma,,9876507840,,2006-04-01,Kolkata,90249
8842,Sameer,Verma,user7841@example.com,9876507841,,1981-07-07,Kolkata,42964
8843,Anjali,Gupta,user7842@example.com,9876507842,,2007-12-06,Pune,32836
8844,Anjali,Verma,user7843@example.com,9876507843,Female,1975-11-25,Mumbai,52197
8845,Neha,Rao,user7844@example.com,9876507844,Female,1998-11-06,Bangalore,93559
8846,Sameer,Kumar,user7845@example.com,9876507845,Male,1980-09-28,Ahmedabad,-1000
8847,Sneha,Gupta,user7846@example.com,9876507846,,1997-07-04,Ahmedabad,47909
8848,Sameer,Patel,user7847@example.com,9876507847,Other,1989-11-19,Hyderabad,44090
8849,Amit,Reddy,user7848@example.com,9876507848,,1980-08-04,Delhi,71473
8850,Amit,Joshi,user7849@example.com,9876507849,,1980-05-18,Delhi,66952
8851,Amit,Reddy,user7850@example.com,,,2000-09-24,Hyderabad,77455
8852,Amit,Sharma,user7851@example.com,9876507851,,1973-06-27,Pune,41895
8853,Kavya,Kumar,user7852@example.com,9876507852,,2000-07-21,Mumbai,63323
8854,Anjali,Singh,user7853@example.com,9876507853,,2004-01-17,Bangalore,82919
8855,Sameer,Singh,user7854@example.com,9876507854,,2006-06-29,Ahmedabad,87572
8856,Anjali,Joshi,user7855@example.com,9876507855,Other,2010-04-04,Mumbai,40224
8857,Vijay,Kumar,user7856@example.com,9876507856,,1995-10-01,Bangalore,63293
8858,Sameer,Gupta,user7857@example.com,9876507857,Male,1991-05-22,Chennai,59280
8859,Kavya,Patel,user7858@example.com,9876507858,Male,1998-09-18,Mumbai,48263
8860,Vijay,Sharma,user7859@example.com,9876507859,Male,1998-06-12,Delhi,50290
8861,Anjali,Singh,invalid@,9876507860,Male,1976-03-14,Chennai,763404
8862,Vijay,Joshi,user7861@example.com,9876507861,Female,2012-01-26,Chennai,49680
8863,Neha,Reddy,user7862@example.com,9876507862,Other,2011-08-10,Ahmedabad,62535
8864,Vijay,Patel,user7863@example.com,9876507863,Female,2019-04-08,Bangalore,74734
8865,Sameer,Singh,user7864@example.com,9876507864,,1996-04-24,Kolkata,100048
8866,Amit,Reddy,user7865@example.com,9876507865,,2007-12-22,Delhi,70987
8867,Amit,Gupta,user7866@example.com,9876507866,,1997-07-27,Chennai,79416
8868,Sneha,Reddy,user7867@example.com,9876507867,Male,2000-05-22,Kolkata,70259
8869,Anjali,Patel,user7868@example.com,9876507868,,2014-04-26,Pune,60888
8870,Neha,Reddy,user7869@example.com,9876507869,,1993-06-20,Pune,60531
8871,Sameer,Gupta,user7870@example.com,9876507870,Male,2001-06-19,Delhi,62674
8872,Sameer,Sharma,user7871@example.com,9876507871,Other,2016-10-03,Bangalore,22208
8873,Rakesh,Patel,user7872@example.com,9876507872,,2009-08-24,Hyderabad,58459
8874,Arjun,Sharma,user7873@example.com,9876507873,,1998-12-22,Bangalore,73765
8875,Anjali,Joshi,user7874@example.com,9876507874,,1989-04-04,Ahmedabad,50260
8876,Sameer,Kumar,user7875@example.com,123,,1972-04-27,Delhi,-1000
8877,Priya,Reddy,user7876@example.com,9876507876,Female,2000-07-25,Pune,67503
8878,Sameer,Rao,user7877@example.com,9876507877,Other,2018-02-17,Delhi,62376
8879,Rakesh,Sharma,user7878@example.com,9876507878,,1996-07-27,Mumbai,81717
8880,Vijay,Gupta,user7879@example.com,9876507879,,2003-02-11,Bangalore,76281
8881,Kavya,Singh,,9876507880,,1987-05-04,Chennai,87656
8882,Kavya,Sharma,user7881@example.com,9876507881,Male,1985-06-19,Hyderabad,91551
8883,Priya,Singh,user7882@example.com,9876507882,Male,invalid,Mumbai,94306
8884,Priya,Reddy,user7883@example.com,9876507883,Male,1993-01-18,Pune,74137
8885,Sneha,Joshi,user7884@example.com,9876507884,,2013-09-02,Bangalore,44260
8886,Kavya,Mehta,user7885@example.com,9876507885,Male,1974-12-13,Pune,60233
8887,Vijay,Patel,user7886@example.com,9876507886,,2004-03-23,Pune,97779
8888,Kavya,Singh,user7887@example.com,9876507887,Female,2012-12-31,Pune,70187
8889,Arjun,Singh,user7888@example.com,9876507888,Female,1971-02-23,Ahmedabad,56316
8890,Anjali,Patel,user7889@example.com,9876507889,Female,2014-02-21,Pune,54102
8891,Kavya,Mehta,user7890@example.com,9876507890,Male,1978-08-22,Pune,434510
8892,Amit,Reddy,user7891@example.com,9876507891,Female,1994-12-11,Mumbai,83386
8893,Sneha,Gupta,user7892@example.com,9876507892,Male,2004-02-15,Mumbai,55966
8894,Rakesh,Kumar,user7893@example.com,9876507893,,1977-03-16,Mumbai,45343
8895,Priya,Singh,user7894@example.com,9876507894,,1982-09-05,Bangalore,47602
8896,Arjun,Mehta,user7895@example.com,9876507895,,1988-10-21,Ahmedabad,12814
8897,Priya,Mehta,user7896@example.com,9876507896,,1985-02-04,Bangalore,79122
8898,Sneha,Joshi,user7897@example.com,9876507897,Other,1975-01-04,Ahmedabad,60252
8899,Sameer,Singh,user7898@example.com,9876507898,,1996-12-25,Ahmedabad,40426
8900,Arjun,Sharma,user7899@example.com,9876507899,Male,invalid,Delhi,92743
8901,Neha,Reddy,invalid@,,Other,2004-07-12,Chennai,65930
8902,Arjun,Gupta,user7901@example.com,9876507901,,1980-06-09,Delhi,20170
8903,Sneha,Mehta,user7902@example.com,9876507902,Male,2017-04-14,Delhi,79436
8904,Rakesh,Joshi,user7903@example.com,9876507903,,2001-07-28,Ahmedabad,44784
8905,Arjun,Joshi,user7904@example.com,9876507904,,2006-03-29,Ahmedabad,76908
8906,Sneha,Patel,user7905@example.com,9876507905,Male,1981-05-10,Bangalore,-1000
8907,Vijay,Singh,user7906@example.com,9876507906,,1977-07-22,Ahmedabad,67747
8908,Anjali,Mehta,user7907@example.com,9876507907,,2000-01-14,Kolkata,39965
8909,Kavya,Gupta,user7908@example.com,9876507908,,1977-11-16,Pune,40347
8910,Vijay,Sharma,user7909@example.com,9876507909,,2004-10-21,Pune,64021
8911,Sneha,Rao,user7910@example.com,9876507910,Female,2006-07-03,Ahmedabad,46172
8912,Amit,Rao,user7911@example.com,9876507911,,1997-02-11,Pune,89386
8913,Sameer,Sharma,user7912@example.com,9876507912,Male,2015-01-04,Ahmedabad,62970
8914,Kavya,Mehta,user7913@example.com,9876507913,,1979-03-17,Kolkata,44902
8915,Amit,Singh,user7914@example.com,9876507914,,2000-04-04,Delhi,84971
8916,Rakesh,Gupta,user7915@example.com,9876507915,,1995-03-09,Hyderabad,26785
8917,Priya,Patel,user7916@example.com,9876507916,,1983-09-13,Ahmedabad,62363
8918,Neha,Singh,user7917@example.com,9876507917,Other,2013-01-27,Delhi,76123
8919,Kavya,Kumar,user7918@example.com,9876507918,Female,1991-08-24,Kolkata,44420
8920,Vijay,Singh,user7919@example.com,9876507919,Male,1974-11-17,Mumbai,56351
8921,Sameer,Singh,,9876507920,Male,2006-09-21,Pune,515120
8922,Amit,Reddy,user7921@example.com,9876507921,Male,2017-07-26,Kolkata,42510
8923,Sneha,Mehta,user7922@example.com,9876507922,Male,2001-02-03,Mumbai,66529
8924,Kavya,Patel,user7923@example.com,9876507923,,1971-01-13,Pune,82020
8925,Priya,Reddy,user7924@example.com,9876507924,Female,1986-07-21,Kolkata,105074
8926,Sneha,Mehta,user7925@example.com,123,,2007-04-07,Kolkata,80239
8927,Amit,Verma,user7926@example.com,9876507926,,2015-08-18,Chennai,59613
8928,Sameer,Patel,user7927@example.com,9876507927,Other,2005-05-23,Chennai,87293
8929,Arjun,Mehta,user7928@example.com,9876507928,,2011-03-01,Chennai,42417
8930,Priya,Rao,user7929@example.com,9876507929,Female,2003-10-31,Mumbai,54274
8931,Sneha,Reddy,user7930@example.com,9876507930,,1989-02-14,Kolkata,84052
8932,Priya,Verma,user7931@example.com,9876507931,,1979-11-04,Chennai,51838
8933,Rakesh,Patel,user7932@example.com,9876507932,,2009-04-24,Hyderabad,66155
8934,Sneha,Kumar,user7933@example.com,9876507933,Male,2004-07-25,Ahmedabad,50977
8935,Kavya,Gupta,user7934@example.com,9876507934,Male,invalid,Chennai,60687
8936,Arjun,Kumar,user7935@example.com,9876507935,Male,1975-10-22,Mumbai,-1000
8937,Arjun,Rao,user7936@example.com,9876507936,Male,2002-10-25,Kolkata,74426
8938,Neha,Rao,user7937@example.com,9876507937,,1977-11-10,Pune,68314
8939,Priya,Sharma,user7938@example.com,9876507938,,1972-02-25,Bangalore,79299
8940,Vijay,Sharma,user7939@example.com,9876507939,,1972-07-26,Pune,72842
8941,Arjun,Kumar,invalid@,9876507940,,1997-01-20,Bangalore,61002
8942,Arjun,Reddy,user7941@example.com,9876507941,Male,1995-11-14,Ahmedabad,52814
8943,Rakesh,Singh,user7942@example.com,9876507942,Other,1978-07-10,Kolkata,46708
8944,Anjali,Mehta,user7943@example.com,9876507943,Other,2014-08-15,Pune,10447
8945,Rakesh,Gupta,user7944@example.com,9876507944,Male,1990-05-13,Mumbai,62698
8946,Rakesh,Verma,user7945@example.com,9876507945,Female,1982-06-01,Ahmedabad,42138
8947,Anjali,Gupta,user7946@example.com,9876507946,,1996-02-03,Hyderabad,47477
8948,Priya,Rao,user7947@example.com,9876507947,Other,1986-11-24,Pune,58989
8949,Sneha,Sharma,user7948@example.com,9876507948,,1993-03-02,Ahmedabad,54578
8950,Sameer,Singh,user7949@example.com,9876507949,Female,2018-12-09,Hyderabad,75952
8951,Vijay,Joshi,user7950@example.com,,,1986-07-17,Kolkata,616675
8952,Arjun,Patel,user7951@example.com,9876507951,Female,1987-06-30,Kolkata,97535
8953,Neha,Joshi,user7952@example.com,9876507952,Female,1988-03-08,Bangalore,108881
8954,Vijay,Joshi,user7953@example.com,9876507953,,1996-05-17,Ahmedabad,58877
8955,Sneha,Reddy,user7954@example.com,9876507954,,2015-11-04,Kolkata,48060
8956,Anjali,Reddy,user7955@example.com,9876507955,,1982-10-22,Mumbai,29735
8957,Vijay,Sharma,user7956@example.com,9876507956,Other,1984-01-27,Pune,101556
8958,Arjun,Joshi,user7957@example.com,9876507957,Male,2000-07-19,Bangalore,50521
8959,Vijay,Verma,user7958@example.com,9876507958,Male,2005-02-18,Ahmedabad,54194
8960,Sameer,Rao,user7959@example.com,9876507959,Other,2011-05-15,Delhi,51007
8961,Anjali,Joshi,,9876507960,Female,2006-04-17,Bangalore,58466
8962,Vijay,Singh,user7961@example.com,9876507961,Other,1980-02-10,Bangalore,55461
8963,Arjun,Patel,user7962@example.com,9876507962,Other,1992-06-19,Mumbai,81535
8964,Arjun,Mehta,user7963@example.com,9876507963,,1984-11-08,Mumbai,10083
8965,Vijay,Sharma,user7964@example.com,9876507964,Other,2050-01-01,Hyderabad,61247
8966,Priya,Sharma,user7965@example.com,9876507965,Female,2002-05-04,Ahmedabad,-1000
8967,Neha,Kumar,user7966@example.com,9876507966,Male,1993-03-03,Hyderabad,51192
8968,Amit,Singh,user7967@example.com,9876507967,,1985-05-15,Delhi,76766
8969,Rakesh,Reddy,user7968@example.com,9876507968,Other,2016-04-15,Hyderabad,66790
8970,Anjali,Rao,user7969@example.com,9876507969,Other,1977-09-18,Bangalore,50644
8971,Amit,Verma,user7970@example.com,9876507970,,invalid,Ahmedabad,28755
8972,Sneha,Singh,user7971@example.com,9876507971,,1977-10-10,Chennai,73130
8973,Sneha,Gupta,user7972@example.com,9876507972,Other,2009-03-30,Delhi,71366
8974,Arjun,Mehta,user7973@example.com,9876507973,Other,1990-07-06,Ahmedabad,50187
8975,Sneha,Patel,user7974@example.com,9876507974,Female,1991-12-11,Bangalore,80197
8976,Priya,Kumar,user7975@example.com,123,Male,1991-01-22,Ahmedabad,55298
8977,Neha,Singh,user7976@example.com,9876507976,Male,1971-03-19,Mumbai,85688
8978,Sneha,Kumar,user7977@example.com,9876507977,,2050-01-01,Mumbai,71060
8979,Sameer,Mehta,user7978@example.com,9876507978,Male,1995-10-10,Pune,94599
8980,Neha,Joshi,user7979@example.com,9876507979,,2013-04-14,Delhi,72260
8981,Priya,Kumar,invalid@,9876507980,,2001-11-15,Chennai,655604
8982,Amit,Sharma,user7981@example.com,9876507981,,1999-02-10,Bangalore,27308
8983,Neha,Reddy,user7982@example.com,9876507982,,2009-05-15,Delhi,66073
8984,Neha,Joshi,user7983@example.com,9876507983,Male,2004-10-04,Mumbai,60215
8985,Amit,Singh,user7984@example.com,9876507984,Other,1972-06-13,Chennai,97303
8986,Priya,Patel,user7985@example.com,9876507985,,2003-02-11,Bangalore,69269
8987,Sneha,Sharma,user7986@example.com,9876507986,Female,1976-03-03,Hyderabad,80650
8988,Arjun,Mehta,user7987@example.com,9876507987,,invalid,Pune,93077
8989,Anjali,Joshi,user7988@example.com,9876507988,,2007-06-10,Mumbai,91790
8990,Amit,Sharma,user7989@example.com,9876507989,,1989-02-27,Mumbai,63259
8991,Amit,Reddy,user7990@example.com,9876507990,Other,1999-06-10,Chennai,107578
8992,Amit,Joshi,user7991@example.com,9876507991,Female,2000-03-22,Delhi,54878
8993,Amit,Rao,user7992@example.com,9876507992,Male,1995-04-17,Kolkata,91609
8994,Anjali,Rao,user7993@example.com,9876507993,,1983-03-27,Ahmedabad,50068
8995,Anjali,Joshi,user7994@example.com,9876507994,Other,2011-03-01,Kolkata,82200
8996,Sneha,Joshi,user7995@example.com,9876507995,Female,1978-01-13,Hyderabad,-1000
8997,Vijay,Rao,user7996@example.com,9876507996,,2004-06-02,Delhi,77374
8998,Vijay,Singh,user7997@example.com,9876507997,Male,1971-01-07,Mumbai,47921
8999,Kavya,Kumar,user7998@example.com,9876507998,,2012-02-16,Delhi,44265
9000,Amit,Patel,user7999@example.com,9876507999,,1989-02-28,Ahmedabad,45673
9001,Amit,Sharma,,,,2009-08-08,Pune,74959
9002,Neha,Sharma,user8001@example.com,9876508001,Other,2018-09-13,Bangalore,74889
9003,Vijay,Mehta,user8002@example.com,9876508002,,2014-07-06,Mumbai,74803
9004,Sneha,Patel,user8003@example.com,9876508003,,2006-09-15,Delhi,69426
9005,Arjun,Verma,user8004@example.com,9876508004,Other,1999-05-01,Mumbai,55319
9006,Kavya,Rao,user8005@example.com,9876508005,Other,2017-08-13,Bangalore,50571
9007,Kavya,Verma,user8006@example.com,9876508006,Other,1971-10-30,Hyderabad,44298
9008,Sneha,Reddy,user8007@example.com,9876508007,Male,2014-09-12,Delhi,43100
9009,Arjun,Patel,user8008@example.com,9876508008,,1973-12-17,Hyderabad,89260
9010,Neha,Gupta,user8009@example.com,9876508009,,2013-07-04,Pune,43823
9011,Anjali,Mehta,user8010@example.com,9876508010,Female,1981-12-17,Bangalore,463571
9012,Rakesh,Joshi,user8011@example.com,9876508011,Male,1984-07-23,Ahmedabad,45036
9013,Vijay,Reddy,user8012@example.com,9876508012,,1978-04-18,Ahmedabad,38466
9014,Amit,Kumar,user8013@example.com,9876508013,,1992-07-16,Mumbai,71093
9015,Sneha,Gupta,user8014@example.com,9876508014,Female,2005-08-30,Ahmedabad,54281
9016,Vijay,Patel,user8015@example.com,9876508015,,2016-12-26,Delhi,61724
9017,Amit,Patel,user8016@example.com,9876508016,,1994-09-19,Hyderabad,62669
9018,Rakesh,Verma,user8017@example.com,9876508017,Male,1982-04-17,Ahmedabad,70773
9019,Rakesh,Singh,user8018@example.com,9876508018,Other,2005-11-28,Pune,67025
9020,Anjali,Verma,user8019@example.com,9876508019,Female,invalid,Chennai,88675
9021,Priya,Sharma,invalid@,9876508020,Female,2008-12-18,Delhi,51641
9022,Rakesh,Verma,user8021@example.com,9876508021,,1994-09-20,Chennai,53157
9023,Vijay,Singh,user8022@example.com,9876508022,,1993-11-12,Hyderabad,63221
9024,Sameer,Kumar,user8023@example.com,9876508023,Female,1995-11-09,Mumbai,63534
9025,Sameer,Reddy,user8024@example.com,9876508024,Other,1991-01-19,Hyderabad,35341
9026,Amit,Rao,user8025@example.com,123,,1981-08-12,Mumbai,-1000
9027,Amit,Patel,user8026@example.com,9876508026,Male,1994-06-10,Kolkata,62184
9028,Priya,Joshi,user8027@example.com,9876508027,,2008-11-28,Ahmedabad,92715
9029,Sameer,Verma,user8028@example.com,9876508028,Male,2015-04-27,Ahmedabad,94695
9030,Amit,Gupta,user8029@example.com,9876508029,Other,2007-12-02,Mumbai,42655
9031,Rakesh,Kumar,user8030@example.com,9876508030,Female,1995-07-29,Delhi,56389
9032,Amit,Mehta,user8031@example.com,9876508031,Other,1993-04-01,Bangalore,68250
9033,Kavya,Patel,user8032@example.com,9876508032,Female,2001-07-10,Mumbai,71078
9034,Priya,Singh,user8033@example.com,9876508033,,1983-10-13,Kolkata,45527
9035,Sneha,Sharma,user8034@example.com,9876508034,Male,1971-06-06,Pune,99049
9036,Arjun,Singh,user8035@example.com,9876508035,,2006-04-18,Hyderabad,53594
9037,Neha,Verma,user8036@example.com,9876508036,Female,2002-03-30,Delhi,72377
9038,Arjun,Reddy,user8037@example.com,9876508037,Male,2005-01-10,Hyderabad,58414
9039,Arjun,Sharma,user8038@example.com,9876508038,Male,1994-03-20,Bangalore,58512
9040,Anjali,Gupta,user8039@example.com,9876508039,,1979-01-15,Kolkata,80134
9041,Sneha,Singh,,9876508040,Male,1996-11-14,Kolkata,846995
9042,Amit,Gupta,user8041@example.com,9876508041,Female,1974-08-09,Bangalore,78614
9043,Anjali,Mehta,user8042@example.com,9876508042,Female,2005-11-29,Kolkata,47336
9044,Arjun,Gupta,user8043@example.com,9876508043,,1970-04-02,Delhi,38088
9045,Kavya,Patel,user8044@example.com,9876508044,Other,1980-02-24,Mumbai,118206
9046,Neha,Kumar,user8045@example.com,9876508045,Female,2014-03-18,Hyderabad,71139
9047,Arjun,Sharma,user8046@example.com,9876508046,Female,2050-01-01,Bangalore,47042
9048,Sameer,Patel,user8047@example.com,9876508047,Male,1972-04-23,Pune,83844
9049,Sneha,Joshi,user8048@example.com,9876508048,Male,2015-06-16,Chennai,46882
9050,Sneha,Singh,user8049@example.com,9876508049,Female,1994-05-10,Delhi,104368
9051,Sneha,Singh,user8050@example.com,,,1970-09-04,Ahmedabad,56845
9052,Priya,Joshi,user8051@example.com,9876508051,Other,2006-04-13,Chennai,82177
9053,Priya,Gupta,user8052@example.com,9876508052,Male,2003-06-26,Mumbai,64102
9054,Rakesh,Patel,user8053@example.com,9876508053,Male,1983-12-28,Kolkata,34517
9055,Vijay,Sharma,user8054@example.com,9876508054,Other,2003-04-09,Delhi,45321
9056,Neha,Sharma,user8055@example.com,9876508055,Male,2006-09-06,Pune,-1000
9057,Anjali,Joshi,user8056@example.com,9876508056,,1987-04-27,Chennai,51303
9058,Amit,Singh,user8057@example.com,9876508057,Male,invalid,Chennai,68749
9059,Arjun,Joshi,user8058@example.com,9876508058,Male,1975-03-28,Bangalore,16363
9060,Vijay,Mehta,user8059@example.com,9876508059,Female,1981-07-23,Mumbai,68885
9061,Amit,Mehta,invalid@,9876508060,,1990-03-11,Mumbai,25484
9062,Anjali,Mehta,user8061@example.com,9876508061,,1970-09-24,Delhi,72158
9063,Vijay,Rao,user8062@example.com,9876508062,Female,2010-03-21,Hyderabad,48989
9064,Amit,Kumar,user8063@example.com,9876508063,,2008-02-01,Delhi,67692
9065,Kavya,Reddy,user8064@example.com,9876508064,Other,2019-01-19,Pune,38320
9066,Priya,Verma,user8065@example.com,9876508065,,1997-12-03,Kolkata,52413
9067,Anjali,Rao,user8066@example.com,9876508066,,1982-07-01,Kolkata,24071
9068,Neha,Sharma,user8067@example.com,9876508067,Other,1981-07-30,Ahmedabad,40075
9069,Sameer,Gupta,user8068@example.com,9876508068,,1989-08-04,Hyderabad,93028
9070,Kavya,Singh,user8069@example.com,9876508069,Male,2011-07-29,Delhi,93556
9071,Priya,Gupta,user8070@example.com,9876508070,,1970-11-14,Chennai,401162
9072,Sneha,Joshi,user8071@example.com,9876508071,Other,1971-12-12,Delhi,58228
9073,Priya,Singh,user8072@example.com,9876508072,,2001-03-07,Delhi,74166
9074,Vijay,Verma,user8073@example.com,9876508073,Male,1993-08-30,Kolkata,66609
9075,Rakesh,Verma,user8074@example.com,9876508074,Other,1973-08-16,Pune,53481
9076,Kavya,Patel,user8075@example.com,123,Other,2002-03-06,Bangalore,33858
9077,Sneha,Gupta,user8076@example.com,9876508076,,1981-08-08,Hyderabad,82540
9078,Vijay,Reddy,user8077@example.com,9876508077,Female,1978-05-10,Ahmedabad,54843
9079,Anjali,Verma,user8078@example.com,9876508078,Female,1998-11-13,Pune,32090
9080,Neha,Kumar,user8079@example.com,9876508079,Male,1985-07-16,Delhi,64096
9081,Priya,Patel,,9876508080,Other,1988-08-01,Bangalore,58128
9082,Anjali,Reddy,user8081@example.com,9876508081,,2050-01-01,Delhi,54827
9083,Sneha,Singh,user8082@example.com,9876508082,Male,2003-09-22,Pune,67531
9084,Vijay,Gupta,user8083@example.com,9876508083,Male,2050-01-01,Hyderabad,60742
9085,Rakesh,Gupta,user8084@example.com,9876508084,,1990-03-13,Mumbai,87426
9086,Priya,Reddy,user8085@example.com,9876508085,,1992-04-13,Hyderabad,-1000
9087,Neha,Reddy,user8086@example.com,9876508086,Other,1984-09-06,Hyderabad,49583
9088,Rakesh,Verma,user8087@example.com,9876508087,Other,1971-11-26,Delhi,80431
9089,Amit,Singh,user8088@example.com,9876508088,Other,1998-06-08,Hyderabad,114906
9090,Vijay,Patel,user8089@example.com,9876508089,Male,2011-08-15,Hyderabad,111777
9091,Anjali,Kumar,user8090@example.com,9876508090,,1974-11-04,Kolkata,79637
9092,Priya,Sharma,user8091@example.com,9876508091,Male,2004-07-17,Bangalore,57988
9093,Priya,Sharma,user8092@example.com,9876508092,Female,1970-06-21,Ahmedabad,54319
9094,Sneha,Rao,user8093@example.com,9876508093,Female,1977-07-12,Mumbai,57258
9095,Neha,Kumar,user8094@example.com,9876508094,Other,1978-06-30,Delhi,30175
9096,Sameer,Singh,user8095@example.com,9876508095,,2016-07-22,Delhi,78658
9097,Amit,Singh,user8096@example.com,9876508096,Other,2009-12-29,Bangalore,91427
9098,Rakesh,Patel,user8097@example.com,9876508097,Other,1984-04-11,Kolkata,62299
9099,Kavya,Gupta,user8098@example.com,9876508098,Male,1970-03-18,Kolkata,106858
9100,Kavya,Rao,user8099@example.com,9876508099,Other,1981-08-08,Mumbai,119521
9101,Priya,Patel,invalid@,,Other,1986-07-03,Mumbai,827017
9102,Sneha,Rao,user8101@example.com,9876508101,,2006-04-03,Hyderabad,51592
9103,Arjun,Gupta,user8102@example.com,9876508102,,1998-05-21,Mumbai,47835
9104,Priya,Joshi,user8103@example.com,9876508103,,2011-02-26,Hyderabad,80481
9105,Kavya,Rao,user8104@example.com,9876508104,Other,1976-12-19,Delhi,86065
9106,Kavya,Patel,user8105@example.com,9876508105,,2014-10-28,Mumbai,51863
9107,Amit,Joshi,user8106@example.com,9876508106,,1977-10-28,Delhi,41809
9108,Anjali,Reddy,user8107@example.com,9876508107,,1974-04-03,Hyderabad,30785
9109,Arjun,Kumar,user8108@example.com,9876508108,,1987-03-07,Delhi,44127
9110,Priya,Verma,user8109@example.com,9876508109,Female,2004-05-18,Chennai,56636
9111,Amit,Patel,user8110@example.com,9876508110,Male,1995-01-23,Mumbai,86809
9112,Sneha,Reddy,user8111@example.com,9876508111,Male,1974-06-16,Pune,53545
9113,Amit,Sharma,user8112@example.com,9876508112,,2001-07-20,Hyderabad,3648
9114,Priya,Sharma,user8113@example.com,9876508113,Female,1972-12-10,Kolkata,51895
9115,Vijay,Singh,user8114@example.com,9876508114,Female,2008-04-21,Ahmedabad,58337
9116,Sameer,Patel,user8115@example.com,9876508115,,2017-09-03,Ahmedabad,-1000
9117,Priya,Mehta,user8116@example.com,9876508116,Female,2016-08-18,Pune,13330
9118,Neha,Verma,user8117@example.com,9876508117,Other,2005-08-30,Mumbai,58177
9119,Kavya,Mehta,user8118@example.com,9876508118,,2010-08-16,Delhi,91400
9120,Arjun,Kumar,user8119@example.com,9876508119,Other,1984-07-09,Bangalore,55676
9121,Arjun,Singh,,9876508120,Male,2010-05-15,Pune,51504
9122,Anjali,Verma,user8121@example.com,9876508121,,2007-08-22,Ahmedabad,49556
9123,Sameer,Joshi,user8122@example.com,9876508122,Other,2005-11-20,Ahmedabad,68064
9124,Neha,Rao,user8123@example.com,9876508123,,2017-04-30,Delhi,34533
9125,Kavya,Verma,user8124@example.com,9876508124,Other,1996-07-18,Ahmedabad,42330
9126,Arjun,Gupta,user8125@example.com,123,Other,1983-11-25,Ahmedabad,87441
9127,Neha,Joshi,user8126@example.com,9876508126,Female,2000-04-07,Delhi,78421
9128,Amit,Rao,user8127@example.com,9876508127,,1977-12-07,Mumbai,54151
9129,Anjali,Kumar,user8128@example.com,9876508128,Male,1996-02-11,Kolkata,74726
9130,Priya,Sharma,user8129@example.com,9876508129,,1993-10-08,Chennai,46606
9131,Priya,Rao,user8130@example.com,9876508130,,1991-07-01,Hyderabad,463577
9132,Vijay,Gupta,user8131@example.com,9876508131,Male,2009-12-07,Kolkata,45951
9133,Kavya,Singh,user8132@example.com,9876508132,,1989-10-16,Ahmedabad,33604
9134,Neha,Rao,user8133@example.com,9876508133,Female,2009-01-26,Chennai,63105
9135,Rakesh,Verma,user8134@example.com,9876508134,Other,2012-01-16,Chennai,104803
9136,Arjun,Verma,user8135@example.com,9876508135,Female,1985-04-27,Mumbai,25048
9137,Sneha,Singh,user8136@example.com,9876508136,Female,2013-04-02,Hyderabad,98720
9138,Sneha,Verma,user8137@example.com,9876508137,Female,1999-11-28,Bangalore,10698
9139,Priya,Kumar,user8138@example.com,9876508138,Male,1996-04-13,Mumbai,74981
9140,Rakesh,Gupta,user8139@example.com,9876508139,,1987-09-11,Hyderabad,27856
9141,Sneha,Patel,invalid@,9876508140,Male,2006-06-08,Delhi,75223
9142,Sameer,Patel,user8141@example.com,9876508141,Male,1987-06-09,Delhi,48741
9143,Sameer,Sharma,user8142@example.com,9876508142,Female,1995-10-03,Delhi,79362
9144,Kavya,Reddy,user8143@example.com,9876508143,,1980-10-17,Ahmedabad,48905
9145,Rakesh,Kumar,user8144@example.com,9876508144,Male,2050-01-01,Pune,74865
9146,Sameer,Reddy,user8145@example.com,9876508145,,2009-06-19,Ahmedabad,-1000
9147,Sameer,Patel,user8146@example.com,9876508146,Female,1998-02-04,Mumbai,89162
9148,Priya,Rao,user8147@example.com,9876508147,Male,1976-07-05,Bangalore,61115
9149,Sneha,Rao,user8148@example.com,9876508148,,1990-01-19,Bangalore,69135
9150,Kavya,Rao,user8149@example.com,9876508149,,2014-06-05,Bangalore,66110
9151,Neha,Verma,user8150@example.com,,Male,1973-06-25,Hyderabad,82460
9152,Amit,Verma,user8151@example.com,9876508151,Male,1983-09-30,Chennai,83611
9153,Arjun,Mehta,user8152@example.com,9876508152,Male,2004-05-10,Bangalore,65717
9154,Arjun,Rao,user8153@example.com,9876508153,,1971-03-11,Chennai,30268
9155,Anjali,Rao,user8154@example.com,9876508154,Other,1980-04-29,Pune,45415
9156,Amit,Joshi,user8155@example.com,9876508155,Male,2010-09-21,Kolkata,80612
9157,Amit,Singh,user8156@example.com,9876508156,,1993-11-22,Bangalore,33942
9158,Arjun,Patel,user8157@example.com,9876508157,,1993-06-21,Chennai,50193
9159,Arjun,Verma,user8158@example.com,9876508158,Female,1981-04-17,Ahmedabad,52712
9160,Neha,Gupta,user8159@example.com,9876508159,Other,2003-03-06,Hyderabad,60237
9161,Rakesh,Verma,,9876508160,Other,1985-05-04,Hyderabad,573817
9162,Rakesh,Gupta,user8161@example.com,9876508161,,2012-03-22,Bangalore,65639
9163,Neha,Mehta,user8162@example.com,9876508162,Female,1984-02-24,Hyderabad,43507
9164,Sneha,Gupta,user8163@example.com,9876508163,,1985-01-08,Delhi,47491
9165,Amit,Verma,user8164@example.com,9876508164,Female,2016-05-09,Mumbai,100408
9166,Vijay,Sharma,user8165@example.com,9876508165,Other,1997-03-23,Ahmedabad,92929
9167,Amit,Verma,user8166@example.com,9876508166,,1983-03-18,Pune,75147
9168,Anjali,Kumar,user8167@example.com,9876508167,Female,1978-07-13,Ahmedabad,77184
9169,Arjun,Sharma,user8168@example.com,9876508168,Other,1970-08-07,Delhi,70113
9170,Amit,Rao,user8169@example.com,9876508169,Other,1970-05-06,Bangalore,63581
9171,Arjun,Patel,user8170@example.com,9876508170,Male,2006-01-21,Bangalore,47242
9172,Amit,Gupta,user8171@example.com,9876508171,,2014-09-12,Hyderabad,93612
9173,Anjali,Verma,user8172@example.com,9876508172,Male,2007-06-26,Hyderabad,101986
9174,Sneha,Verma,user8173@example.com,9876508173,Other,2004-07-07,Pune,53545
9175,Vijay,Gupta,user8174@example.com,9876508174,,1995-10-12,Kolkata,86552
9176,Sameer,Reddy,user8175@example.com,123,,1981-06-12,Hyderabad,-1000
9177,Neha,Patel,user8176@example.com,9876508176,,2050-01-01,Mumbai,48616
9178,Neha,Joshi,user8177@example.com,9876508177,Female,1996-09-27,Bangalore,55621
9179,Vijay,Singh,user8178@example.com,9876508178,,1975-04-27,Chennai,56795
9180,Amit,Rao,user8179@example.com,9876508179,,2001-07-29,Pune,76274
9181,Sameer,Sharma,invalid@,9876508180,Other,1999-01-15,Kolkata,55320
9182,Anjali,Verma,user8181@example.com,9876508181,Female,1973-06-08,Hyderabad,81315
9183,Rakesh,Mehta,user8182@example.com,9876508182,,1972-09-14,Kolkata,49606
9184,Amit,Patel,user8183@example.com,9876508183,,2010-11-10,Kolkata,63020
9185,Sneha,Gupta,user8184@example.com,9876508184,,1992-03-17,Bangalore,41559
9186,Arjun,Verma,user8185@example.com,9876508185,Other,2010-08-03,Chennai,38131
9187,Kavya,Sharma,user8186@example.com,9876508186,,2003-02-10,Kolkata,71546
9188,Amit,Mehta,user8187@example.com,9876508187,Female,2050-01-01,Ahmedabad,66370
9189,Kavya,Singh,user8188@example.com,9876508188,Male,2005-12-01,Pune,54996
9190,Amit,Singh,user8189@example.com,9876508189,Male,2002-08-12,Pune,45664
9191,Vijay,Sharma,user8190@example.com,9876508190,Other,2011-01-27,Pune,409820
9192,Kavya,Patel,user8191@example.com,9876508191,Male,1996-01-14,Bangalore,71366
9193,Amit,Mehta,user8192@example.com,9876508192,,1973-10-03,Pune,50412
9194,Neha,Gupta,user8193@example.com,9876508193,,2006-01-15,Ahmedabad,96905
9195,Kavya,Mehta,user8194@example.com,9876508194,Female,2050-01-01,Mumbai,67857
9196,Amit,Kumar,user8195@example.com,9876508195,Other,1992-03-10,Mumbai,74890
9197,Rakesh,Gupta,user8196@example.com,9876508196,Other,2008-11-03,Delhi,92550
9198,Arjun,Rao,user8197@example.com,9876508197,Male,1993-05-29,Ahmedabad,47812
9199,Rakesh,Joshi,user8198@example.com,9876508198,,1977-08-15,Ahmedabad,73356
9200,Sameer,Rao,user8199@example.com,9876508199,,1970-03-05,Pune,74421
9201,Amit,Joshi,,,,1980-07-16,Kolkata,54043
9202,Priya,Rao,user8201@example.com,9876508201,Female,1980-10-13,Hyderabad,33688
9203,Sneha,Mehta,user8202@example.com,9876508202,Other,2019-01-03,Delhi,21259
9204,Rakesh,Patel,user8203@example.com,9876508203,Male,1994-01-06,Chennai,46259
9205,Kavya,Sharma,user8204@example.com,9876508204,Female,2004-07-10,Chennai,86718
9206,Vijay,Verma,user8205@example.com,9876508205,,2006-12-01,Ahmedabad,-1000
9207,Sneha,Joshi,user8206@example.com,9876508206,,1998-10-24,Ahmedabad,83616
9208,Priya,Verma,user8207@example.com,9876508207,,1975-11-29,Ahmedabad,49161
9209,Anjali,Kumar,user8208@example.com,9876508208,Other,2002-10-01,Bangalore,65311
9210,Amit,Kumar,user8209@example.com,9876508209,,1987-07-07,Hyderabad,75004
9211,Vijay,Verma,user8210@example.com,9876508210,,1976-04-02,Ahmedabad,85029
9212,Amit,Kumar,user8211@example.com,9876508211,,1987-01-28,Chennai,55201
9213,Sameer,Gupta,user8212@example.com,9876508212,Female,1991-05-20,Bangalore,51597
9214,Priya,Verma,user8213@example.com,9876508213,,2002-09-28,Kolkata,24830
9215,Amit,Kumar,user8214@example.com,9876508214,,1978-07-03,Chennai,55831
9216,Kavya,Joshi,user8215@example.com,9876508215,,1979-09-23,Ahmedabad,130843
9217,Sameer,Patel,user8216@example.com,9876508216,Male,1975-01-13,Kolkata,60066
9218,Neha,Kumar,user8217@example.com,9876508217,,2017-04-23,Chennai,35998
9219,Anjali,Verma,user8218@example.com,9876508218,Other,1986-03-11,Mumbai,61401
9220,Priya,Joshi,user8219@example.com,9876508219,,2013-06-16,Kolkata,79234
9221,Arjun,Verma,invalid@,9876508220,Female,1977-11-30,Bangalore,524501
9222,Vijay,Singh,user8221@example.com,9876508221,,2009-12-09,Hyderabad,42684
9223,Rakesh,Mehta,user8222@example.com,9876508222,Female,1998-01-09,Hyderabad,115251
9224,Amit,Mehta,user8223@example.com,9876508223,Male,2013-01-18,Kolkata,72439
9225,Vijay,Mehta,user8224@example.com,9876508224,Other,2010-02-06,Bangalore,95632
9226,Vijay,Rao,user8225@example.com,123,,2018-09-18,Kolkata,56993
9227,Arjun,Gupta,user8226@example.com,9876508226,,1990-05-22,Pune,100467
9228,Arjun,Verma,user8227@example.com,9876508227,Other,2002-05-22,Ahmedabad,83148
9229,Sameer,Gupta,user8228@example.com,9876508228,Male,1979-06-21,Hyderabad,75223
9230,Priya,Verma,user8229@example.com,9876508229,Male,1982-01-15,Delhi,40425
9231,Kavya,Singh,user8230@example.com,9876508230,,2009-12-04,Kolkata,50285
9232,Anjali,Kumar,user8231@example.com,9876508231,Male,2010-08-02,Delhi,74001
9233,Arjun,Rao,user8232@example.com,9876508232,,1992-02-23,Delhi,58054
9234,Arjun,Patel,user8233@example.com,9876508233,Female,1990-04-12,Delhi,72450
9235,Rakesh,Verma,user8234@example.com,9876508234,Other,1989-05-12,Hyderabad,55464
9236,Neha,Joshi,user8235@example.com,9876508235,Female,2005-10-22,Hyderabad,-1000
9237,Arjun,Kumar,user8236@example.com,9876508236,Female,2014-02-03,Mumbai,51894
9238,Neha,Sharma,user8237@example.com,9876508237,Female,1983-09-17,Delhi,74005
9239,Sameer,Sharma,user8238@example.com,9876508238,Female,1996-03-12,Chennai,44829
9240,Kavya,Patel,user8239@example.com,9876508239,,1996-08-17,Pune,58144
9241,Vijay,Joshi,,9876508240,Male,1997-10-10,Delhi,60699
9242,Arjun,Mehta,user8241@example.com,9876508241,Other,2001-05-07,Pune,46963
9243,Amit,Rao,user8242@example.com,9876508242,Other,2000-08-14,Bangalore,52165
9244,Neha,Gupta,user8243@example.com,9876508243,Female,2003-10-24,Kolkata,70601
9245,Rakesh,Reddy,user8244@example.com,9876508244,Other,1995-08-15,Chennai,79156
9246,Anjali,Reddy,user8245@example.com,9876508245,,1982-06-28,Ahmedabad,70014
9247,Rakesh,Rao,user8246@example.com,9876508246,Other,1990-11-06,Hyderabad,75135
9248,Arjun,Kumar,user8247@example.com,9876508247,Female,1976-06-16,Kolkata,66716
9249,Priya,Singh,user8248@example.com,9876508248,Other,invalid,Kolkata,51102
9250,Vijay,Kumar,user8249@example.com,9876508249,Male,2013-12-02,Delhi,30462
9251,Kavya,Sharma,user8250@example.com,,Female,2005-11-16,Pune,544090
9252,Amit,Gupta,user8251@example.com,9876508251,,1998-02-10,Chennai,62567
9253,Priya,Sharma,user8252@example.com,9876508252,Male,2002-06-21,Pune,52444
9254,Rakesh,Verma,user8253@example.com,9876508253,Other,2005-01-12,Ahmedabad,96057
9255,Neha,Sharma,user8254@example.com,9876508254,,1998-05-27,Hyderabad,70527
9256,Neha,Reddy,user8255@example.com,9876508255,Male,1989-11-14,Bangalore,63169
9257,Priya,Reddy,user8256@example.com,9876508256,,1997-10-16,Delhi,75941
9258,Neha,Gupta,user8257@example.com,9876508257,Male,1992-12-07,Pune,105449
9259,Rakesh,Sharma,user8258@example.com,9876508258,,1997-01-11,Kolkata,59369
9260,Priya,Rao,user8259@example.com,9876508259,,2009-09-16,Delhi,45715
9261,Rakesh,Rao,invalid@,9876508260,Other,2016-06-09,Chennai,71436
9262,Amit,Patel,user8261@example.com,9876508261,Female,2003-04-04,Mumbai,42014
9263,Vijay,Singh,user8262@example.com,9876508262,Other,2004-02-21,Kolkata,45932
9264,Anjali,Gupta,user8263@example.com,9876508263,Female,1992-08-15,Pune,93480
9265,Amit,Sharma,user8264@example.com,9876508264,Female,1971-07-10,Bangalore,90916
9266,Amit,Gupta,user8265@example.com,9876508265,,2017-03-10,Chennai,-1000
9267,Neha,Kumar,user8266@example.com,9876508266,,1995-10-07,Ahmedabad,72797
9268,Arjun,Mehta,user8267@example.com,9876508267,,1979-12-20,Pune,40579
9269,Sneha,Joshi,user8268@example.com,9876508268,Male,2006-08-08,Mumbai,48827
9270,Neha,Kumar,user8269@example.com,9876508269,Other,1975-03-28,Ahmedabad,91460
9271,Arjun,Kumar,user8270@example.com,9876508270,,1984-11-02,Bangalore,54861
9272,Rakesh,Sharma,user8271@example.com,9876508271,Other,2012-04-12,Delhi,49001
9273,Sneha,Mehta,user8272@example.com,9876508272,Male,2009-07-04,Delhi,61201
9274,Neha,Rao,user8273@example.com,9876508273,Male,invalid,Pune,76540
9275,Sneha,Rao,user8274@example.com,9876508274,,1980-09-21,Ahmedabad,60849
9276,Sneha,Kumar,user8275@example.com,123,Male,2007-06-23,Mumbai,61440
9277,Sameer,Singh,user8276@example.com,9876508276,,2010-08-16,Mumbai,21438
9278,Vijay,Rao,user8277@example.com,9876508277,Male,2012-05-11,Bangalore,63583
9279,Sameer,Verma,user8278@example.com,9876508278,,2005-03-23,Chennai,84948
9280,Arjun,Kumar,user8279@example.com,9876508279,,2002-07-17,Ahmedabad,63628
9281,Kavya,Joshi,,9876508280,,2005-05-16,Ahmedabad,1063987
9282,Priya,Mehta,user8281@example.com,9876508281,,1976-05-15,Delhi,50553
9283,Anjali,Patel,user8282@example.com,9876508282,,1977-09-02,Hyderabad,55209
9284,Kavya,Reddy,user8283@example.com,9876508283,Other,2013-11-10,Kolkata,51589
9285,Priya,Gupta,user8284@example.com,9876508284,Female,2007-01-20,Bangalore,51030
9286,Arjun,Kumar,user8285@example.com,9876508285,Male,2000-03-06,Bangalore,75738
9287,Arjun,Rao,user8286@example.com,9876508286,Male,2011-11-19,Chennai,59501
9288,Rakesh,Gupta,user8287@example.com,9876508287,Other,2017-07-21,Bangalore,103886
9289,Anjali,Joshi,user8288@example.com,9876508288,Female,1987-09-12,Ahmedabad,69943
9290,Vijay,Sharma,user8289@example.com,9876508289,Other,2007-04-29,Kolkata,47560
9291,Sneha,Reddy,user8290@example.com,9876508290,Female,2017-10-20,Delhi,45147
9292,Sameer,Singh,user8291@example.com,9876508291,,2017-08-29,Bangalore,98333
9293,Sameer,Patel,user8292@example.com,9876508292,,2006-11-01,Hyderabad,69414
9294,Arjun,Sharma,user8293@example.com,9876508293,,2005-10-10,Hyderabad,91104
9295,Sameer,Joshi,user8294@example.com,9876508294,,1993-03-12,Delhi,66390
9296,Arjun,Rao,user8295@example.com,9876508295,,2017-11-25,Chennai,-1000
9297,Sneha,Verma,user8296@example.com,9876508296,,1970-09-29,Hyderabad,91795
9298,Arjun,Mehta,user8297@example.com,9876508297,,2003-04-29,Bangalore,72455
9299,Rakesh,Sharma,user8298@example.com,9876508298,Other,2015-05-18,Ahmedabad,72235
9300,Vijay,Sharma,user8299@example.com,9876508299,Male,1998-11-03,Delhi,56894
9301,Amit,Patel,invalid@,,,2003-04-16,Pune,82428
9302,Neha,Mehta,user8301@example.com,9876508301,,1992-04-17,Kolkata,63514
9303,Vijay,Joshi,user8302@example.com,9876508302,,2014-03-20,Chennai,53898
9304,Vijay,Gupta,user8303@example.com,9876508303,,1983-07-15,Bangalore,108049
9305,Kavya,Gupta,user8304@example.com,9876508304,,2016-12-17,Ahmedabad,59007
9306,Anjali,Mehta,user8305@example.com,9876508305,,2002-10-07,Delhi,49192
9307,Anjali,Singh,user8306@example.com,9876508306,,1984-02-23,Mumbai,87748
9308,Priya,Kumar,user8307@example.com,9876508307,Other,1990-10-12,Ahmedabad,78574
9309,Neha,Singh,user8308@example.com,9876508308,,1983-02-20,Ahmedabad,51742
9310,Sneha,Singh,user8309@example.com,9876508309,Other,2011-09-01,Hyderabad,63422
9311,Amit,Sharma,user8310@example.com,9876508310,,1971-04-10,Mumbai,783784
9312,Amit,Sharma,user8311@example.com,9876508311,Other,1977-02-13,Mumbai,69226
9313,Anjali,Reddy,user8312@example.com,9876508312,,1972-07-05,Kolkata,80719
9314,Vijay,Rao,user8313@example.com,9876508313,,1996-05-28,Pune,64868
9315,Rakesh,Joshi,user8314@example.com,9876508314,,1986-10-10,Pune,81361
9316,Priya,Joshi,user8315@example.com,9876508315,,1989-07-31,Hyderabad,58821
9317,Arjun,Reddy,user8316@example.com,9876508316,Other,2001-12-04,Pune,52081
9318,Priya,Sharma,user8317@example.com,9876508317,Female,1970-03-07,Ahmedabad,86060
9319,Kavya,Patel,user8318@example.com,9876508318,,2005-04-15,Kolkata,70821
9320,Priya,Patel,user8319@example.com,9876508319,Other,1996-07-14,Ahmedabad,78739
9321,Vijay,Rao,,9876508320,Other,2008-04-30,Ahmedabad,89486
9322,Sneha,Mehta,user8321@example.com,9876508321,Other,1989-09-11,Hyderabad,53548
9323,Vijay,Sharma,user8322@example.com,9876508322,,2000-02-14,Pune,75647
9324,Anjali,Gupta,user8323@example.com,9876508323,Female,1994-11-09,Delhi,111399
9325,Sneha,Gupta,user8324@example.com,9876508324,,2013-02-16,Kolkata,61797
9326,Sameer,Sharma,user8325@example.com,123,,1970-02-13,Hyderabad,-1000
9327,Sneha,Verma,user8326@example.com,9876508326,,1980-07-09,Hyderabad,81440
9328,Priya,Mehta,user8327@example.com,9876508327,,1982-11-19,Ahmedabad,31704
9329,Priya,Gupta,user8328@example.com,9876508328,Male,2007-05-07,Ahmedabad,43047
9330,Priya,Kumar,user8329@example.com,9876508329,Female,2013-11-03,Ahmedabad,65124
9331,Sameer,Singh,user8330@example.com,9876508330,Other,1986-02-09,Pune,64424
9332,Anjali,Sharma,user8331@example.com,9876508331,Other,2016-09-30,Bangalore,68764
9333,Arjun,Verma,user8332@example.com,9876508332,,2014-04-09,Pune,109137
9334,Neha,Kumar,user8333@example.com,9876508333,,1988-09-25,Hyderabad,66692
9335,Anjali,Singh,user8334@example.com,9876508334,Female,1992-09-23,Bangalore,53452
9336,Priya,Singh,user8335@example.com,9876508335,,1982-06-25,Hyderabad,52177
9337,Anjali,Rao,user8336@example.com,9876508336,Female,1994-03-04,Pune,55877
9338,Kavya,Mehta,user8337@example.com,9876508337,,1984-07-18,Kolkata,40725
9339,Amit,Sharma,user8338@example.com,9876508338,Other,1971-09-19,Hyderabad,76201
9340,Amit,Verma,user8339@example.com,9876508339,Male,1970-03-11,Delhi,71034
9341,Neha,Reddy,invalid@,9876508340,Female,2009-07-07,Delhi,743352
9342,Neha,Rao,user8341@example.com,9876508341,Other,1997-06-30,Ahmedabad,81013
9343,Arjun,Patel,user8342@example.com,9876508342,Female,invalid,Pune,77385
9344,Kavya,Kumar,user8343@example.com,9876508343,Female,2001-08-10,Bangalore,37370
9345,Vijay,Reddy,user8344@example.com,9876508344,Female,1992-01-25,Bangalore,59375
9346,Anjali,Kumar,user8345@example.com,9876508345,,1988-07-29,Delhi,60199
9347,Sneha,Sharma,user8346@example.com,9876508346,,2008-08-02,Ahmedabad,92545
9348,Sneha,Verma,user8347@example.com,9876508347,Female,2001-12-12,Hyderabad,94302
9349,Vijay,Verma,user8348@example.com,9876508348,,1976-12-18,Kolkata,56479
9350,Amit,Singh,user8349@example.com,9876508349,Male,2014-02-17,Bangalore,45174
9351,Vijay,Reddy,user8350@example.com,,,1990-02-18,Pune,68170
9352,Anjali,Verma,user8351@example.com,9876508351,,2006-07-20,Ahmedabad,58625
9353,Kavya,Gupta,user8352@example.com,9876508352,Male,1972-02-08,Chennai,63328
9354,Priya,Kumar,user8353@example.com,9876508353,,2008-10-11,Pune,89312
9355,Sameer,Singh,user8354@example.com,9876508354,,2011-05-01,Pune,70377
9356,Priya,Sharma,user8355@example.com,9876508355,Male,1977-02-16,Hyderabad,-1000
9357,Sameer,Verma,user8356@example.com,9876508356,,1972-09-18,Delhi,51823
9358,Sneha,Joshi,user8357@example.com,9876508357,Male,1997-12-25,Kolkata,36279
9359,Neha,Sharma,user8358@example.com,9876508358,Female,2016-03-12,Hyderabad,76248
9360,Anjali,Reddy,user8359@example.com,9876508359,Female,1992-05-24,Hyderabad,70643
9361,Priya,Gupta,,9876508360,,1981-05-15,Pune,76270
9362,Vijay,Mehta,user8361@example.com,9876508361,Male,2016-04-04,Hyderabad,64664
9363,Kavya,Patel,user8362@example.com,9876508362,Female,1972-01-05,Mumbai,43875
9364,Kavya,Joshi,user8363@example.com,9876508363,,1985-07-19,Ahmedabad,66113
9365,Amit,Singh,user8364@example.com,9876508364,Other,1979-01-23,Mumbai,87789
9366,Kavya,Kumar,user8365@example.com,9876508365,Female,2010-04-29,Kolkata,66164
9367,Kavya,Reddy,user8366@example.com,9876508366,Female,1982-11-15,Hyderabad,97853
9368,Neha,Reddy,user8367@example.com,9876508367,,2005-10-04,Pune,70044
9369,Vijay,Mehta,user8368@example.com,9876508368,Other,1997-06-10,Hyderabad,104353
9370,Sneha,Joshi,user8369@example.com,9876508369,Male,1991-02-19,Pune,105979
9371,Kavya,Kumar,user8370@example.com,9876508370,,2008-08-24,Delhi,470481
9372,Sneha,Patel,user8371@example.com,9876508371,Other,1972-07-05,Delhi,52065
9373,Neha,Rao,user8372@example.com,9876508372,Male,1988-04-17,Chennai,55858
9374,Kavya,Rao,user8373@example.com,9876508373,Female,2001-02-14,Hyderabad,30841
9375,Anjali,Reddy,user8374@example.com,9876508374,,1999-08-23,Delhi,74279
9376,Amit,Joshi,user8375@example.com,123,,1982-11-06,Chennai,73732
9377,Priya,Mehta,user8376@example.com,9876508376,Other,2013-05-30,Kolkata,68842
9378,Anjali,Reddy,user8377@example.com,9876508377,,1973-08-28,Kolkata,40529
9379,Rakesh,Rao,user8378@example.com,9876508378,Male,2016-12-10,Delhi,96769
9380,Arjun,Reddy,user8379@example.com,9876508379,Other,1999-10-28,Chennai,27391
9381,Kavya,Rao,invalid@,9876508380,,1997-10-11,Bangalore,38540
9382,Sneha,Joshi,user8381@example.com,9876508381,,2011-08-17,Delhi,82723
9383,Arjun,Joshi,user8382@example.com,9876508382,,1970-10-29,Pune,71318
9384,Sameer,Mehta,user8383@example.com,9876508383,,2050-01-01,Chennai,52717
9385,Kavya,Singh,user8384@example.com,9876508384,Male,2010-10-21,Pune,66099
9386,Rakesh,Singh,user8385@example.com,9876508385,Male,2009-07-02,Chennai,-1000
9387,Neha,Reddy,user8386@example.com,9876508386,Other,1977-05-25,Ahmedabad,88552
9388,Amit,Reddy,user8387@example.com,9876508387,Female,1996-06-20,Chennai,40674
9389,Rakesh,Reddy,user8388@example.com,9876508388,Other,1985-06-15,Mumbai,70837
9390,Sneha,Mehta,user8389@example.com,9876508389,Male,2050-01-01,Chennai,86575
9391,Neha,Sharma,user8390@example.com,9876508390,,1971-10-31,Chennai,45038
9392,Priya,Reddy,user8391@example.com,9876508391,Other,1975-10-30,Hyderabad,63968
9393,Neha,Singh,user8392@example.com,9876508392,Female,2012-04-29,Bangalore,63820
9394,Kavya,Singh,user8393@example.com,9876508393,Other,1988-06-13,Bangalore,32728
9395,Arjun,Kumar,user8394@example.com,9876508394,,2015-06-15,Hyderabad,70843
9396,Arjun,Joshi,user8395@example.com,9876508395,Female,2050-01-01,Kolkata,72037
9397,Sneha,Sharma,user8396@example.com,9876508396,,1981-07-22,Ahmedabad,94925
9398,Neha,Rao,user8397@example.com,9876508397,,1984-01-27,Ahmedabad,64573
9399,Rakesh,Singh,user8398@example.com,9876508398,Male,1971-12-23,Delhi,73755
9400,Sneha,Patel,user8399@example.com,9876508399,Other,1995-01-13,Ahmedabad,94444
9401,Amit,Patel,,,Other,1975-02-25,Bangalore,521644
9402,Sneha,Singh,user8401@example.com,9876508401,,2018-10-12,Mumbai,41382
9403,Sneha,Patel,user8402@example.com,9876508402,,1989-01-11,Chennai,67441
9404,Priya,Verma,user8403@example.com,9876508403,Male,1997-04-17,Mumbai,61055
9405,Anjali,Sharma,user8404@example.com,9876508404,Other,2011-05-04,Bangalore,63183
9406,Kavya,Joshi,user8405@example.com,9876508405,Male,1994-05-05,Hyderabad,56540
9407,Priya,Singh,user8406@example.com,9876508406,,1971-09-14,Delhi,48203
9408,Arjun,Singh,user8407@example.com,9876508407,,2016-02-12,Hyderabad,83685
9409,Arjun,Rao,user8408@example.com,9876508408,Female,2012-12-24,Mumbai,64591
9410,Sameer,Sharma,user8409@example.com,9876508409,,1984-09-19,Chennai,109909
9411,Sameer,Reddy,user8410@example.com,9876508410,,1986-03-23,Chennai,44200
9412,Rakesh,Reddy,user8411@example.com,9876508411,Male,1987-08-11,Mumbai,105127
9413,Arjun,Gupta,user8412@example.com,9876508412,Female,1972-09-15,Delhi,70850
9414,Anjali,Kumar,user8413@example.com,9876508413,Female,2016-04-24,Mumbai,65370
9415,Priya,Verma,user8414@example.com,9876508414,Other,1977-12-27,Hyderabad,42986
9416,Amit,Mehta,user8415@example.com,9876508415,,1988-11-07,Pune,-1000
9417,Anjali,Mehta,user8416@example.com,9876508416,Other,1979-11-29,Kolkata,90172
9418,Sameer,Gupta,user8417@example.com,9876508417,Other,invalid,Bangalore,11689
9419,Neha,Joshi,user8418@example.com,9876508418,Other,2007-03-02,Mumbai,29095
9420,Anjali,Mehta,user8419@example.com,9876508419,Female,1987-12-22,Mumbai,32762
9421,Anjali,Reddy,invalid@,9876508420,Male,2050-01-01,Hyderabad,88420
9422,Anjali,Patel,user8421@example.com,9876508421,,2010-08-05,Delhi,78614
9423,Anjali,Kumar,user8422@example.com,9876508422,Female,2011-09-14,Mumbai,44739
9424,Anjali,Sharma,user8423@example.com,9876508423,,1976-11-29,Delhi,55567
9425,Sameer,Reddy,user8424@example.com,9876508424,,2004-07-08,Bangalore,67596
9426,Arjun,Rao,user8425@example.com,123,,2016-09-29,Pune,85393
9427,Sneha,Sharma,user8426@example.com,9876508426,Other,2005-06-10,Ahmedabad,44738
9428,Anjali,Mehta,user8427@example.com,9876508427,,2005-11-28,Bangalore,67664
9429,Anjali,Rao,user8428@example.com,9876508428,Other,1973-01-05,Mumbai,58114
9430,Kavya,Sharma,user8429@example.com,9876508429,Female,invalid,Kolkata,62940
9431,Arjun,Singh,user8430@example.com,9876508430,,2000-01-04,Pune,470702
9432,Sneha,Verma,user8431@example.com,9876508431,,1984-07-07,Ahmedabad,69196
9433,Amit,Reddy,user8432@example.com,9876508432,Female,2010-12-29,Ahmedabad,49351
9434,Amit,Rao,user8433@example.com,9876508433,Female,1995-04-13,Chennai,66909
9435,Neha,Gupta,user8434@example.com,9876508434,Other,2001-01-05,Chennai,96249
9436,Vijay,Verma,user8435@example.com,9876508435,,1971-05-12,Mumbai,85874
9437,Priya,Sharma,user8436@example.com,9876508436,Other,1981-06-06,Hyderabad,92796
9438,Kavya,Joshi,user8437@example.com,9876508437,Other,1985-02-21,Chennai,71328
9439,Arjun,Gupta,user8438@example.com,9876508438,Female,2011-05-04,Ahmedabad,87656
9440,Arjun,Reddy,user8439@example.com,9876508439,Other,2001-01-02,Ahmedabad,28955
9441,Vijay,Singh,,9876508440,Male,1974-07-12,Bangalore,31108
9442,Neha,Rao,user8441@example.com,9876508441,,1989-11-03,Hyderabad,44899
9443,Rakesh,Patel,user8442@example.com,9876508442,Other,2008-06-30,Chennai,46279
9444,Sameer,Rao,user8443@example.com,9876508443,Other,2007-10-13,Chennai,85958
9445,Neha,Verma,user8444@example.com,9876508444,,2015-07-11,Bangalore,34825
9446,Sneha,Rao,user8445@example.com,9876508445,,1989-03-01,Ahmedabad,-1000
9447,Neha,Verma,user8446@example.com,9876508446,,2006-09-07,Delhi,62562
9448,Vijay,Gupta,user8447@example.com,9876508447,Other,1988-06-18,Mumbai,67739
9449,Vijay,Rao,user8448@example.com,9876508448,Male,1977-05-16,Delhi,82500
9450,Priya,Gupta,user8449@example.com,9876508449,,1986-08-18,Delhi,59652
9451,Kavya,Singh,user8450@example.com,,Male,1992-07-14,Ahmedabad,61345
9452,Anjali,Singh,user8451@example.com,9876508451,Other,1978-11-22,Mumbai,82743
9453,Amit,Verma,user8452@example.com,9876508452,,2019-04-13,Delhi,47002
9454,Vijay,Sharma,user8453@example.com,9876508453,,1970-01-20,Kolkata,67453
9455,Priya,Singh,user8454@example.com,9876508454,Male,2015-06-18,Kolkata,76399
9456,Sameer,Kumar,user8455@example.com,9876508455,Female,2050-01-01,Kolkata,57592
9457,Amit,Rao,user8456@example.com,9876508456,Other,invalid,Bangalore,82213
9458,Rakesh,Kumar,user8457@example.com,9876508457,,1990-01-17,Bangalore,47864
9459,Arjun,Rao,user8458@example.com,9876508458,Female,1988-02-02,Mumbai,96247
9460,Sameer,Mehta,user8459@example.com,9876508459,,1990-09-29,Delhi,58705
9461,Rakesh,Gupta,invalid@,9876508460,,2013-05-12,Kolkata,562196
9462,Amit,Verma,user8461@example.com,9876508461,Female,1991-06-08,Pune,35783
9463,Sameer,Reddy,user8462@example.com,9876508462,Male,2004-10-15,Chennai,42598
9464,Priya,Reddy,user8463@example.com,9876508463,Other,invalid,Pune,48767
9465,Rakesh,Joshi,user8464@example.com,9876508464,Female,1982-12-25,Mumbai,42440
9466,Arjun,Sharma,user8465@example.com,9876508465,Female,2012-08-10,Chennai,41349
9467,Anjali,Verma,user8466@example.com,9876508466,,1982-07-24,Mumbai,65877
9468,Priya,Singh,user8467@example.com,9876508467,Female,1995-08-19,Pune,77022
9469,Sneha,Patel,user8468@example.com,9876508468,Other,1984-09-01,Delhi,70591
9470,Arjun,Sharma,user8469@example.com,9876508469,Male,2016-11-18,Delhi,1061
9471,Kavya,Sharma,user8470@example.com,9876508470,Male,1997-05-01,Ahmedabad,44170
9472,Neha,Patel,user8471@example.com,9876508471,Male,1993-08-03,Chennai,87741
9473,Kavya,Gupta,user8472@example.com,9876508472,Other,1978-05-14,Hyderabad,38126
9474,Vijay,Sharma,user8473@example.com,9876508473,,1997-11-10,Mumbai,62578
9475,Anjali,Mehta,user8474@example.com,9876508474,Other,2004-04-22,Hyderabad,43076
9476,Sneha,Sharma,user8475@example.com,123,Female,2013-03-23,Delhi,-1000
9477,Sneha,Joshi,user8476@example.com,9876508476,,1974-11-25,Pune,49108
9478,Neha,Kumar,user8477@example.com,9876508477,,2011-11-29,Chennai,78755
9479,Rakesh,Reddy,user8478@example.com,9876508478,,1971-08-08,Pune,50511
9480,Neha,Gupta,user8479@example.com,9876508479,Male,1986-12-01,Hyderabad,16482
9481,Vijay,Verma,,9876508480,Other,2018-07-14,Bangalore,74419
9482,Kavya,Singh,user8481@example.com,9876508481,Other,1981-06-22,Delhi,26616
9483,Sneha,Mehta,user8482@example.com,9876508482,Male,2009-11-07,Kolkata,46734
9484,Kavya,Gupta,user8483@example.com,9876508483,Female,1995-09-27,Kolkata,102317
9485,Arjun,Kumar,user8484@example.com,9876508484,,2012-02-26,Ahmedabad,127594
9486,Anjali,Joshi,user8485@example.com,9876508485,,2000-02-27,Ahmedabad,65402
9487,Sameer,Kumar,user8486@example.com,9876508486,Male,2002-07-17,Hyderabad,47171
9488,Vijay,Verma,user8487@example.com,9876508487,,2006-05-12,Chennai,65518
9489,Sameer,Patel,user8488@example.com,9876508488,,2009-08-13,Mumbai,38719
9490,Vijay,Singh,user8489@example.com,9876508489,Other,2013-04-09,Bangalore,56555
9491,Amit,Patel,user8490@example.com,9876508490,,1983-01-09,Chennai,970477
9492,Anjali,Rao,user8491@example.com,9876508491,,1986-07-01,Pune,69189
9493,Arjun,Joshi,user8492@example.com,9876508492,,1990-05-31,Pune,36551
9494,Anjali,Singh,user8493@example.com,9876508493,Female,1998-09-28,Mumbai,73128
9495,Rakesh,Verma,user8494@example.com,9876508494,Female,1972-11-28,Ahmedabad,30767
9496,Vijay,Gupta,user8495@example.com,9876508495,,1997-06-27,Ahmedabad,27462
9497,Sameer,Reddy,user8496@example.com,9876508496,Female,1996-03-19,Pune,80315
9498,Vijay,Singh,user8497@example.com,9876508497,Male,2010-04-14,Kolkata,49725
9499,Rakesh,Gupta,user8498@example.com,9876508498,,1986-08-11,Mumbai,96469
9500,Vijay,Gupta,user8499@example.com,9876508499,Other,1985-07-25,Hyderabad,43912
9501,Anjali,Rao,invalid@,,Other,1999-11-19,Chennai,89550
9502,Priya,Mehta,user8501@example.com,9876508501,Other,1988-09-21,Hyderabad,97831
9503,Vijay,Joshi,user8502@example.com,9876508502,,1975-06-11,Delhi,68112
9504,Amit,Joshi,user8503@example.com,9876508503,,1981-02-19,Chennai,58948
9505,Amit,Rao,user8504@example.com,9876508504,,1981-03-28,Bangalore,52990
9506,Sneha,Patel,user8505@example.com,9876508505,Female,2003-09-20,Ahmedabad,-1000
9507,Amit,Patel,user8506@example.com,9876508506,,2011-07-03,Chennai,32961
9508,Vijay,Verma,user8507@example.com,9876508507,,1994-04-22,Ahmedabad,77814
9509,Vijay,Mehta,user8508@example.com,9876508508,Female,2005-03-27,Hyderabad,77112
9510,Priya,Gupta,user8509@example.com,9876508509,,2003-01-06,Ahmedabad,60411
9511,Amit,Sharma,user8510@example.com,9876508510,,2000-03-01,Hyderabad,65599
9512,Kavya,Sharma,user8511@example.com,9876508511,Male,1980-03-23,Delhi,55921
9513,Vijay,Patel,user8512@example.com,9876508512,Female,2018-04-04,Kolkata,40671
9514,Arjun,Rao,user8513@example.com,9876508513,Male,1979-08-02,Delhi,38919
9515,Arjun,Mehta,user8514@example.com,9876508514,,invalid,Hyderabad,53632
9516,Sameer,Kumar,user8515@example.com,9876508515,Female,invalid,Chennai,57148
9517,Priya,Reddy,user8516@example.com,9876508516,,1978-12-06,Bangalore,88109
9518,Rakesh,Mehta,user8517@example.com,9876508517,,2003-10-04,Ahmedabad,78369
9519,Kavya,Verma,user8518@example.com,9876508518,Male,1983-03-19,Pune,95806
9520,Vijay,Gupta,user8519@example.com,9876508519,Male,1975-06-05,Ahmedabad,78803
9521,Anjali,Gupta,,9876508520,,2016-08-18,Bangalore,333006
9522,Neha,Joshi,user8521@example.com,9876508521,,2013-06-20,Chennai,35308
9523,Neha,Singh,user8522@example.com,9876508522,,1975-06-06,Bangalore,43796
9524,Rakesh,Singh,user8523@example.com,9876508523,Other,1984-05-22,Pune,57946
9525,Sneha,Joshi,user8524@example.com,9876508524,,1999-06-07,Hyderabad,49475
9526,Anjali,Verma,user8525@example.com,123,,1975-07-13,Delhi,78840
9527,Neha,Gupta,user8526@example.com,9876508526,,1982-10-19,Pune,88570
9528,Rakesh,Singh,user8527@example.com,9876508527,Female,1992-02-06,Bangalore,40834
9529,Neha,Singh,user8528@example.com,9876508528,Male,1989-02-10,Pune,32141
9530,Priya,Reddy,user8529@example.com,9876508529,,1999-06-14,Ahmedabad,97887
9531,Sameer,Singh,user8530@example.com,9876508530,,1995-03-23,Bangalore,69628
9532,Sneha,Gupta,user8531@example.com,9876508531,Male,2011-08-28,Kolkata,54293
9533,Priya,Verma,user8532@example.com,9876508532,Other,1997-12-19,Hyderabad,96631
9534,Anjali,Kumar,user8533@example.com,9876508533,,1980-01-24,Chennai,89903
9535,Rakesh,Patel,user8534@example.com,9876508534,,1974-11-15,Delhi,53167
9536,Kavya,Mehta,user8535@example.com,9876508535,Female,1982-06-04,Delhi,-1000
9537,Anjali,Rao,user8536@example.com,9876508536,Male,2017-04-01,Pune,88046
9538,Anjali,Sharma,user8537@example.com,9876508537,Male,2002-06-04,Hyderabad,81771
9539,Amit,Mehta,user8538@example.com,9876508538,Female,2005-07-18,Pune,90362
9540,Kavya,Reddy,user8539@example.com,9876508539,,2000-05-31,Kolkata,46009
9541,Arjun,Singh,invalid@,9876508540,Other,1995-03-30,Kolkata,65522
9542,Amit,Verma,user8541@example.com,9876508541,Female,1980-08-17,Pune,97909
9543,Rakesh,Kumar,user8542@example.com,9876508542,Other,1996-07-24,Chennai,57203
9544,Arjun,Sharma,user8543@example.com,9876508543,,1995-10-31,Ahmedabad,52097
9545,Neha,Joshi,user8544@example.com,9876508544,,2000-06-01,Delhi,67220
9546,Neha,Kumar,user8545@example.com,9876508545,,1985-06-20,Bangalore,33339
9547,Anjali,Patel,user8546@example.com,9876508546,,2002-10-13,Bangalore,71527
9548,Amit,Singh,user8547@example.com,9876508547,Other,1990-01-13,Delhi,31681
9549,Vijay,Rao,user8548@example.com,9876508548,Female,2017-09-08,Chennai,90335
9550,Kavya,Sharma,user8549@example.com,9876508549,,2000-03-15,Kolkata,32576
9551,Arjun,Singh,user8550@example.com,,,2015-06-09,Kolkata,819845
9552,Kavya,Sharma,user8551@example.com,9876508551,,2008-03-25,Pune,50405
9553,Amit,Rao,user8552@example.com,9876508552,Female,1985-01-30,Mumbai,43845
9554,Anjali,Patel,user8553@example.com,9876508553,,1983-09-27,Hyderabad,65524
9555,Priya,Joshi,user8554@example.com,9876508554,Other,1992-03-28,Pune,70986
9556,Neha,Gupta,user8555@example.com,9876508555,Other,2000-11-07,Chennai,66840
9557,Arjun,Verma,user8556@example.com,9876508556,Male,2009-06-23,Delhi,71798
9558,Arjun,Kumar,user8557@example.com,9876508557,,1998-06-14,Ahmedabad,78820
9559,Rakesh,Mehta,user8558@example.com,9876508558,Female,1981-02-14,Hyderabad,24778
9560,Arjun,Joshi,user8559@example.com,9876508559,Female,2008-06-16,Pune,67704
9561,Amit,Joshi,,9876508560,,1990-02-13,Kolkata,37721
9562,Arjun,Reddy,user8561@example.com,9876508561,,1991-09-30,Bangalore,39629
9563,Arjun,Sharma,user8562@example.com,9876508562,Female,1991-10-03,Ahmedabad,42993
9564,Kavya,Sharma,user8563@example.com,9876508563,,1974-02-02,Delhi,25549
9565,Anjali,Reddy,user8564@example.com,9876508564,Male,2004-10-08,Kolkata,64779
9566,Sameer,Kumar,user8565@example.com,9876508565,,2019-03-06,Mumbai,-1000
9567,Arjun,Sharma,user8566@example.com,9876508566,Male,2019-03-26,Pune,73101
9568,Vijay,Gupta,user8567@example.com,9876508567,Other,1976-08-25,Ahmedabad,95375
9569,Anjali,Verma,user8568@example.com,9876508568,Female,2000-08-18,Ahmedabad,96296
9570,Sneha,Mehta,user8569@example.com,9876508569,Male,2011-05-31,Bangalore,43179
9571,Rakesh,Mehta,user8570@example.com,9876508570,Male,2015-09-18,Kolkata,41256
9572,Kavya,Rao,user8571@example.com,9876508571,,1999-02-12,Hyderabad,80625
9573,Rakesh,Rao,user8572@example.com,9876508572,,1988-04-22,Hyderabad,66133
9574,Priya,Verma,user8573@example.com,9876508573,,1970-01-04,Pune,63518
9575,Arjun,Singh,user8574@example.com,9876508574,Other,1989-05-02,Mumbai,38842
9576,Neha,Singh,user8575@example.com,123,Male,1994-11-08,Ahmedabad,67408
9577,Vijay,Joshi,user8576@example.com,9876508576,,2003-11-24,Bangalore,82301
9578,Kavya,Joshi,user8577@example.com,9876508577,,2015-05-20,Hyderabad,49548
9579,Rakesh,Reddy,user8578@example.com,9876508578,Other,1976-07-08,Kolkata,74275
9580,Arjun,Patel,user8579@example.com,9876508579,Other,2018-03-29,Pune,68193
9581,Neha,Rao,invalid@,9876508580,,1991-04-03,Pune,519447
9582,Neha,Patel,user8581@example.com,9876508581,Female,2005-05-11,Kolkata,63978
9583,Priya,Sharma,user8582@example.com,9876508582,Male,2000-09-25,Kolkata,44068
9584,Anjali,Mehta,user8583@example.com,9876508583,,2005-03-18,Kolkata,82117
9585,Vijay,Joshi,user8584@example.com,9876508584,,1976-07-31,Hyderabad,44406
9586,Sameer,Singh,user8585@example.com,9876508585,Male,1986-06-27,Mumbai,53041
9587,Vijay,Verma,user8586@example.com,9876508586,Other,1988-06-09,Bangalore,83051
9588,Priya,Rao,user8587@example.com,9876508587,,2004-03-06,Kolkata,54532
9589,Amit,Mehta,user8588@example.com,9876508588,Male,1976-06-27,Mumbai,46282
9590,Anjali,Kumar,user8589@example.com,9876508589,,1976-10-03,Ahmedabad,68673
9591,Kavya,Verma,user8590@example.com,9876508590,Other,1997-09-22,Chennai,100905
9592,Anjali,Patel,user8591@example.com,9876508591,,2007-04-04,Kolkata,88281
9593,Priya,Gupta,user8592@example.com,9876508592,,1973-06-13,Delhi,77203
9594,Priya,Patel,user8593@example.com,9876508593,,2005-07-04,Delhi,84883
9595,Kavya,Rao,user8594@example.com,9876508594,Other,1975-08-17,Mumbai,75327
9596,Kavya,Verma,user8595@example.com,9876508595,Other,2016-04-26,Hyderabad,-1000
9597,Kavya,Gupta,user8596@example.com,9876508596,,1975-10-21,Hyderabad,83280
9598,Anjali,Sharma,user8597@example.com,9876508597,,2019-01-11,Mumbai,71941
9599,Arjun,Kumar,user8598@example.com,9876508598,Other,1999-09-23,Chennai,63934
9600,Rakesh,Patel,user8599@example.com,9876508599,,1998-06-01,Chennai,68726
9601,Sneha,Kumar,,,,1977-02-02,Chennai,71641
9602,Kavya,Verma,user8601@example.com,9876508601,,1982-02-06,Chennai,71126
9603,Rakesh,Mehta,user8602@example.com,9876508602,,1989-06-02,Kolkata,72299
9604,Sneha,Verma,user8603@example.com,9876508603,Male,1988-06-19,Delhi,45261
9605,Anjali,Singh,user8604@example.com,9876508604,Other,1975-04-25,Ahmedabad,60863
9606,Rakesh,Gupta,user8605@example.com,9876508605,Other,2015-01-21,Chennai,39663
9607,Kavya,Mehta,user8606@example.com,9876508606,Female,2007-07-06,Chennai,70253
9608,Sameer,Patel,user8607@example.com,9876508607,,1984-09-01,Mumbai,71883
9609,Priya,Sharma,user8608@example.com,9876508608,Female,1973-09-07,Chennai,91362
9610,Rakesh,Kumar,user8609@example.com,9876508609,,1997-04-27,Hyderabad,71006
9611,Neha,Verma,user8610@example.com,9876508610,,2007-04-13,Ahmedabad,575940
9612,Neha,Reddy,user8611@example.com,9876508611,Male,1995-04-03,Kolkata,56572
9613,Rakesh,Rao,user8612@example.com,9876508612,Male,1995-10-19,Kolkata,77914
9614,Kavya,Patel,user8613@example.com,9876508613,Male,1993-07-21,Ahmedabad,51378
9615,Vijay,Rao,user8614@example.com,9876508614,Male,1998-09-28,Kolkata,68065
9616,Kavya,Mehta,user8615@example.com,9876508615,Male,2009-08-05,Bangalore,84073
9617,Anjali,Singh,user8616@example.com,9876508616,Male,1978-06-20,Kolkata,105496
9618,Kavya,Patel,user8617@example.com,9876508617,Male,1977-02-04,Ahmedabad,88111
9619,Anjali,Singh,user8618@example.com,9876508618,Male,1976-11-07,Chennai,54491
9620,Vijay,Singh,user8619@example.com,9876508619,Male,1994-03-29,Kolkata,50073
9621,Sameer,Sharma,invalid@,9876508620,Other,1989-05-02,Pune,77603
9622,Anjali,Mehta,user8621@example.com,9876508621,Male,2014-04-01,Chennai,60723
9623,Amit,Verma,user8622@example.com,9876508622,,1974-08-01,Delhi,35422
9624,Neha,Reddy,user8623@example.com,9876508623,Male,2006-07-25,Kolkata,116846
9625,Priya,Gupta,user8624@example.com,9876508624,,1986-06-08,Kolkata,68460
9626,Neha,Singh,user8625@example.com,123,,1997-10-18,Delhi,-1000
9627,Anjali,Mehta,user8626@example.com,9876508626,Male,1990-01-04,Kolkata,58330
9628,Amit,Sharma,user8627@example.com,9876508627,Male,2001-11-11,Mumbai,64372
9629,Arjun,Patel,user8628@example.com,9876508628,,1971-05-15,Mumbai,68030
9630,Sameer,Joshi,user8629@example.com,9876508629,,invalid,Bangalore,59543
9631,Sameer,Joshi,user8630@example.com,9876508630,Female,1970-11-22,Chennai,49814
9632,Arjun,Reddy,user8631@example.com,9876508631,Other,2007-08-04,Bangalore,108950
9633,Priya,Sharma,user8632@example.com,9876508632,,1972-06-06,Pune,72099
9634,Vijay,Mehta,user8633@example.com,9876508633,Male,1995-02-26,Mumbai,33440
9635,Sneha,Sharma,user8634@example.com,9876508634,Other,1980-01-22,Delhi,67034
9636,Amit,Gupta,user8635@example.com,9876508635,Male,2000-10-02,Pune,36224
9637,Anjali,Gupta,user8636@example.com,9876508636,Female,1991-09-23,Kolkata,48086
9638,Sneha,Verma,user8637@example.com,9876508637,Female,1972-07-17,Mumbai,67136
9639,Priya,Joshi,user8638@example.com,9876508638,,1982-01-21,Pune,75785
9640,Vijay,Joshi,user8639@example.com,9876508639,Other,2011-01-18,Chennai,14536
9641,Sameer,Gupta,,9876508640,Other,1997-09-10,Ahmedabad,993168
9642,Anjali,Sharma,user8641@example.com,9876508641,Female,1991-11-17,Kolkata,51823
9643,Anjali,Reddy,user8642@example.com,9876508642,Male,2001-05-05,Kolkata,60508
9644,Vijay,Reddy,user8643@example.com,9876508643,,2016-07-26,Ahmedabad,95670
9645,Neha,Singh,user8644@example.com,9876508644,,1981-11-23,Pune,99229
9646,Amit,Patel,user8645@example.com,9876508645,Female,2007-08-29,Mumbai,52609
9647,Vijay,Joshi,user8646@example.com,9876508646,Female,1984-01-04,Ahmedabad,86264
9648,Kavya,Gupta,user8647@example.com,9876508647,,1987-01-29,Ahmedabad,68174
9649,Kavya,Sharma,user8648@example.com,9876508648,Male,1995-12-05,Pune,118090
9650,Vijay,Mehta,user8649@example.com,9876508649,Other,1994-04-23,Ahmedabad,51533
9651,Sameer,Patel,user8650@example.com,,Female,1982-08-16,Chennai,97993
9652,Vijay,Reddy,user8651@example.com,9876508651,,2016-04-25,Kolkata,53296
9653,Rakesh,Rao,user8652@example.com,9876508652,,1982-04-25,Hyderabad,43527
9654,Priya,Rao,user8653@example.com,9876508653,,1980-07-19,Delhi,58933
9655,Kavya,Sharma,user8654@example.com,9876508654,Other,1977-07-31,Ahmedabad,32188
9656,Sneha,Kumar,user8655@example.com,9876508655,Female,1975-11-11,Chennai,-1000
9657,Vijay,Kumar,user8656@example.com,9876508656,,1991-02-24,Hyderabad,58597
9658,Kavya,Joshi,user8657@example.com,9876508657,Other,2016-06-05,Kolkata,59938
9659,Priya,Mehta,user8658@example.com,9876508658,Male,2019-02-22,Pune,83328
9660,Priya,Singh,user8659@example.com,9876508659,,2006-04-20,Ahmedabad,81437
9661,Sneha,Sharma,invalid@,9876508660,Female,1997-05-16,Ahmedabad,64288
9662,Anjali,Rao,user8661@example.com,9876508661,Other,2016-01-20,Bangalore,30255
9663,Rakesh,Rao,user8662@example.com,9876508662,,1999-04-14,Hyderabad,22301
9664,Vijay,Mehta,user8663@example.com,9876508663,,1999-03-04,Pune,54401
9665,Arjun,Joshi,user8664@example.com,9876508664,Other,1979-10-30,Pune,48289
9666,Vijay,Kumar,user8665@example.com,9876508665,Other,1973-10-30,Chennai,53165
9667,Anjali,Verma,user8666@example.com,9876508666,Other,1996-09-07,Bangalore,97440
9668,Amit,Joshi,user8667@example.com,9876508667,,1991-01-22,Hyderabad,52853
9669,Neha,Joshi,user8668@example.com,9876508668,Male,2013-01-27,Bangalore,47691
9670,Sameer,Reddy,user8669@example.com,9876508669,,1999-12-18,Chennai,64930
9671,Anjali,Singh,user8670@example.com,9876508670,,2008-02-17,Hyderabad,546022
9672,Priya,Singh,user8671@example.com,9876508671,,2005-09-23,Delhi,76940
9673,Arjun,Rao,user8672@example.com,9876508672,,2003-03-02,Ahmedabad,69911
9674,Sameer,Singh,user8673@example.com,9876508673,Other,1978-12-11,Mumbai,102072
9675,Kavya,Rao,user8674@example.com,9876508674,Female,1987-07-19,Mumbai,59163
9676,Vijay,Joshi,user8675@example.com,123,,2010-08-21,Bangalore,103619
9677,Sameer,Mehta,user8676@example.com,9876508676,Female,2000-06-28,Pune,78958
9678,Kavya,Verma,user8677@example.com,9876508677,Male,1979-07-30,Pune,75610
9679,Neha,Mehta,user8678@example.com,9876508678,Male,1975-05-29,Chennai,25232
9680,Kavya,Joshi,user8679@example.com,9876508679,,1994-10-20,Delhi,22215
9681,Arjun,Gupta,,9876508680,,1995-04-25,Mumbai,32800
9682,Priya,Sharma,user8681@example.com,9876508681,Male,1984-10-24,Kolkata,69271
9683,Anjali,Kumar,user8682@example.com,9876508682,Female,1976-12-09,Kolkata,80084
9684,Sneha,Sharma,user8683@example.com,9876508683,Female,invalid,Chennai,75691
9685,Anjali,Verma,user8684@example.com,9876508684,Other,1978-10-23,Chennai,65755
9686,Anjali,Singh,user8685@example.com,9876508685,,2006-03-07,Pune,-1000
9687,Kavya,Sharma,user8686@example.com,9876508686,Other,2008-10-24,Hyderabad,88888
9688,Vijay,Singh,user8687@example.com,9876508687,,1974-04-05,Delhi,58833
9689,Sameer,Joshi,user8688@example.com,9876508688,Male,2015-08-12,Hyderabad,76163
9690,Sneha,Verma,user8689@example.com,9876508689,Other,1978-06-17,Delhi,72680
9691,Sneha,Reddy,user8690@example.com,9876508690,Other,2010-05-14,Bangalore,81126
9692,Sameer,Kumar,user8691@example.com,9876508691,,1990-10-01,Mumbai,71551
9693,Sameer,Kumar,user8692@example.com,9876508692,Female,1975-12-13,Delhi,70281
9694,Priya,Gupta,user8693@example.com,9876508693,Female,2015-04-11,Delhi,52912
9695,Arjun,Reddy,user8694@example.com,9876508694,,2019-04-02,Hyderabad,69112
9696,Neha,Rao,user8695@example.com,9876508695,Female,1991-02-24,Delhi,58205
9697,Arjun,Kumar,user8696@example.com,9876508696,,1998-02-02,Kolkata,43619
9698,Sameer,Patel,user8697@example.com,9876508697,Female,1975-01-01,Mumbai,70999
9699,Vijay,Rao,user8698@example.com,9876508698,,2018-08-11,Hyderabad,44550
9700,Rakesh,Kumar,user8699@example.com,9876508699,Female,2002-02-21,Bangalore,64139
9701,Rakesh,Joshi,invalid@,,Other,1984-07-28,Ahmedabad,576741
9702,Neha,Verma,user8701@example.com,9876508701,Other,1985-11-29,Pune,53752
9703,Sameer,Verma,user8702@example.com,9876508702,Female,1974-08-19,Kolkata,93106
9704,Rakesh,Patel,user8703@example.com,9876508703,,1988-04-10,Chennai,97765
9705,Neha,Joshi,user8704@example.com,9876508704,Other,1999-09-02,Hyderabad,59062
9706,Sneha,Patel,user8705@example.com,9876508705,Male,invalid,Chennai,84946
9707,Neha,Singh,user8706@example.com,9876508706,Female,1998-09-04,Hyderabad,33371
9708,Sneha,Mehta,user8707@example.com,9876508707,Male,1997-01-01,Mumbai,41367
9709,Priya,Kumar,user8708@example.com,9876508708,Male,1970-02-06,Hyderabad,63778
9710,Rakesh,Joshi,user8709@example.com,9876508709,,2001-10-13,Hyderabad,43668
9711,Neha,Mehta,user8710@example.com,9876508710,Male,1976-05-28,Kolkata,72512
9712,Neha,Mehta,user8711@example.com,9876508711,Male,2009-06-30,Hyderabad,70750
9713,Neha,Verma,user8712@example.com,9876508712,,1973-10-03,Mumbai,64051
9714,Vijay,Verma,user8713@example.com,9876508713,,1971-11-08,Kolkata,112344
9715,Neha,Reddy,user8714@example.com,9876508714,,1983-11-21,Chennai,72360
9716,Vijay,Singh,user8715@example.com,9876508715,,1970-09-10,Hyderabad,-1000
9717,Anjali,Joshi,user8716@example.com,9876508716,,1977-11-04,Mumbai,74711
9718,Priya,Gupta,user8717@example.com,9876508717,,1997-12-13,Ahmedabad,46980
9719,Anjali,Joshi,user8718@example.com,9876508718,Female,2016-12-09,Pune,104004
9720,Amit,Singh,user8719@example.com,9876508719,,1987-04-03,Pune,36922
9721,Anjali,Verma,,9876508720,Female,1971-01-28,Delhi,70701
9722,Sameer,Verma,user8721@example.com,9876508721,,2000-11-22,Chennai,79886
9723,Sneha,Kumar,user8722@example.com,9876508722,,2002-02-16,Chennai,84672
9724,Sameer,Sharma,user8723@example.com,9876508723,Female,1972-09-23,Chennai,58775
9725,Arjun,Verma,user8724@example.com,9876508724,Other,1989-07-28,Delhi,79869
9726,Anjali,Patel,user8725@example.com,123,,2017-11-14,Chennai,44033
9727,Rakesh,Kumar,user8726@example.com,9876508726,Male,1999-10-27,Bangalore,98408
9728,Kavya,Rao,user8727@example.com,9876508727,,2010-11-07,Kolkata,61741
9729,Anjali,Sharma,user8728@example.com,9876508728,,2009-10-25,Mumbai,55065
9730,Priya,Sharma,user8729@example.com,9876508729,,2009-06-19,Bangalore,52243
9731,Anjali,Patel,user8730@example.com,9876508730,,1984-07-22,Hyderabad,709484
9732,Vijay,Sharma,user8731@example.com,9876508731,Female,2000-11-27,Hyderabad,33398
9733,Arjun,Gupta,user8732@example.com,9876508732,,2004-12-07,Hyderabad,82695
9734,Neha,Verma,user8733@example.com,9876508733,,1995-12-07,Mumbai,53057
9735,Arjun,Verma,user8734@example.com,9876508734,Other,1980-12-22,Kolkata,91088
9736,Arjun,Kumar,user8735@example.com,9876508735,Female,1990-03-10,Pune,40151
9737,Sneha,Singh,user8736@example.com,9876508736,,2012-01-03,Kolkata,67640
9738,Kavya,Patel,user8737@example.com,9876508737,Male,2012-03-28,Hyderabad,76077
9739,Arjun,Verma,user8738@example.com,9876508738,,1978-12-31,Chennai,78244
9740,Sneha,Mehta,user8739@example.com,9876508739,,1999-10-09,Kolkata,54665
9741,Neha,Reddy,invalid@,9876508740,,1982-05-15,Bangalore,40305
9742,Sameer,Verma,user8741@example.com,9876508741,Male,2016-05-01,Pune,55861
9743,Neha,Joshi,user8742@example.com,9876508742,Female,2008-04-25,Kolkata,88333
9744,Rakesh,Mehta,user8743@example.com,9876508743,,1988-02-01,Delhi,106845
9745,Arjun,Singh,user8744@example.com,9876508744,Female,2002-01-31,Hyderabad,32542
9746,Arjun,Mehta,user8745@example.com,9876508745,Female,2012-01-02,Chennai,-1000
9747,Sameer,Sharma,user8746@example.com,9876508746,,1976-06-06,Hyderabad,30351
9748,Priya,Reddy,user8747@example.com,9876508747,Female,2014-03-16,Kolkata,54032
9749,Arjun,Rao,user8748@example.com,9876508748,,2014-02-19,Pune,52241
9750,Kavya,Reddy,user8749@example.com,9876508749,,2014-10-19,Ahmedabad,41089
9751,Amit,Verma,user8750@example.com,,Other,1978-06-19,Hyderabad,98260
9752,Arjun,Kumar,user8751@example.com,9876508751,Female,2013-05-11,Bangalore,87937
9753,Amit,Gupta,user8752@example.com,9876508752,Other,1989-06-07,Chennai,69867
9754,Neha,Singh,user8753@example.com,9876508753,,1983-11-30,Chennai,62795
9755,Anjali,Kumar,user8754@example.com,9876508754,Other,1983-06-03,Mumbai,82850
9756,Priya,Verma,user8755@example.com,9876508755,Female,1976-04-23,Pune,44969
9757,Sneha,Kumar,user8756@example.com,9876508756,,1999-04-11,Hyderabad,69767
9758,Vijay,Joshi,user8757@example.com,9876508757,,1976-10-21,Chennai,52895
9759,Priya,Mehta,user8758@example.com,9876508758,Female,2006-11-12,Chennai,111869
9760,Vijay,Gupta,user8759@example.com,9876508759,,1971-10-11,Bangalore,37836
9761,Neha,Verma,,9876508760,Male,1998-08-23,Mumbai,595556
9762,Priya,Sharma,user8761@example.com,9876508761,Female,2008-05-13,Chennai,39109
9763,Sneha,Singh,user8762@example.com,9876508762,Male,1987-03-12,Hyderabad,80042
9764,Vijay,Sharma,user8763@example.com,9876508763,Other,1996-09-04,Chennai,79996
9765,Sameer,Mehta,user8764@example.com,9876508764,Female,1977-03-17,Bangalore,51046
9766,Kavya,Gupta,user8765@example.com,9876508765,Male,1973-06-22,Hyderabad,40155
9767,Priya,Mehta,user8766@example.com,9876508766,,1974-11-09,Kolkata,57283
9768,Neha,Patel,user8767@example.com,9876508767,Other,2000-11-20,Bangalore,51042
9769,Arjun,Sharma,user8768@example.com,9876508768,Female,2050-01-01,Kolkata,66281
9770,Sneha,Mehta,user8769@example.com,9876508769,Female,1979-12-07,Ahmedabad,97395
9771,Vijay,Mehta,user8770@example.com,9876508770,,invalid,Pune,78226
9772,Vijay,Kumar,user8771@example.com,9876508771,,1976-12-23,Hyderabad,80183
9773,Kavya,Verma,user8772@example.com,9876508772,Male,1974-03-31,Kolkata,64915
9774,Vijay,Kumar,user8773@example.com,9876508773,Male,1985-01-24,Ahmedabad,117871
9775,Amit,Patel,user8774@example.com,9876508774,Male,1987-08-02,Delhi,67330
9776,Rakesh,Reddy,user8775@example.com,123,,1986-01-03,Hyderabad,-1000
9777,Amit,Reddy,user8776@example.com,9876508776,Other,1989-07-05,Chennai,86972
9778,Vijay,Kumar,user8777@example.com,9876508777,Female,2002-06-08,Hyderabad,63977
9779,Sneha,Rao,user8778@example.com,9876508778,Other,1994-02-16,Bangalore,69149
9780,Priya,Sharma,user8779@example.com,9876508779,,1984-10-21,Hyderabad,53603
9781,Neha,Kumar,invalid@,9876508780,Other,1983-01-20,Kolkata,65360
9782,Arjun,Joshi,user8781@example.com,9876508781,Other,1992-11-23,Pune,94268
9783,Priya,Joshi,user8782@example.com,9876508782,Male,2000-01-15,Kolkata,88278
9784,Sameer,Singh,user8783@example.com,9876508783,,1996-04-22,Delhi,78751
9785,Priya,Patel,user8784@example.com,9876508784,Other,2050-01-01,Chennai,83206
9786,Priya,Patel,user8785@example.com,9876508785,Female,2013-03-27,Delhi,64251
9787,Neha,Kumar,user8786@example.com,9876508786,Male,1972-07-27,Hyderabad,83963
9788,Kavya,Gupta,user8787@example.com,9876508787,Other,2007-06-08,Ahmedabad,61953
9789,Vijay,Mehta,user8788@example.com,9876508788,,1997-12-28,Delhi,32331
9790,Kavya,Verma,user8789@example.com,9876508789,Female,1978-09-13,Hyderabad,101648
9791,Sameer,Mehta,user8790@example.com,9876508790,,2012-12-10,Kolkata,609145
9792,Anjali,Mehta,user8791@example.com,9876508791,,2050-01-01,Mumbai,86085
9793,Arjun,Patel,user8792@example.com,9876508792,,1980-05-24,Mumbai,57745
9794,Amit,Patel,user8793@example.com,9876508793,,1997-03-03,Mumbai,11197
9795,Arjun,Joshi,user8794@example.com,9876508794,Female,2018-05-05,Chennai,63543
9796,Vijay,Patel,user8795@example.com,9876508795,,2007-04-25,Delhi,28166
9797,Arjun,Kumar,user8796@example.com,9876508796,,1987-07-18,Chennai,80107
9798,Rakesh,Joshi,user8797@example.com,9876508797,Male,1990-05-06,Chennai,60416
9799,Amit,Sharma,user8798@example.com,9876508798,,2001-12-23,Bangalore,89377
9800,Sameer,Mehta,user8799@example.com,9876508799,Male,1995-11-15,Pune,69666
9801,Vijay,Sharma,,,,1980-09-10,Mumbai,44398
9802,Sneha,Mehta,user8801@example.com,9876508801,,1986-07-22,Hyderabad,78395
9803,Sameer,Mehta,user8802@example.com,9876508802,,1986-08-25,Mumbai,33808
9804,Rakesh,Singh,user8803@example.com,9876508803,,1998-09-21,Mumbai,58858
9805,Amit,Mehta,user8804@example.com,9876508804,,1988-04-20,Ahmedabad,27721
9806,Neha,Gupta,user8805@example.com,9876508805,Male,1975-10-06,Ahmedabad,-1000
9807,Rakesh,Sharma,user8806@example.com,9876508806,,1995-09-03,Kolkata,69946
9808,Sameer,Mehta,user8807@example.com,9876508807,Female,1971-03-13,Kolkata,67522
9809,Vijay,Rao,user8808@example.com,9876508808,,2011-05-19,Mumbai,46282
9810,Anjali,Rao,user8809@example.com,9876508809,Female,2005-12-01,Mumbai,92048
9811,Vijay,Rao,user8810@example.com,9876508810,,2005-12-11,Chennai,83174
9812,Amit,Kumar,user8811@example.com,9876508811,,2010-03-24,Ahmedabad,69680
9813,Anjali,Joshi,user8812@example.com,9876508812,Other,1989-03-10,Pune,53383
9814,Kavya,Sharma,user8813@example.com,9876508813,Female,2007-02-25,Bangalore,58002
9815,Amit,Mehta,user8814@example.com,9876508814,Other,1994-03-02,Pune,64693
9816,Amit,Reddy,user8815@example.com,9876508815,Female,1977-04-29,Chennai,42981
9817,Rakesh,Joshi,user8816@example.com,9876508816,Other,2050-01-01,Bangalore,82062
9818,Vijay,Reddy,user8817@example.com,9876508817,Other,1980-06-13,Delhi,90186
9819,Sameer,Verma,user8818@example.com,9876508818,Female,1976-03-31,Delhi,99181
9820,Neha,Gupta,user8819@example.com,9876508819,,1985-12-10,Pune,58126
9821,Arjun,Verma,invalid@,9876508820,Male,2013-11-28,Ahmedabad,925453
9822,Priya,Patel,user8821@example.com,9876508821,,1994-08-19,Kolkata,93778
9823,Neha,Joshi,user8822@example.com,9876508822,Male,2009-03-21,Kolkata,52358
9824,Arjun,Reddy,user8823@example.com,9876508823,Female,2001-05-31,Mumbai,44924
9825,Kavya,Singh,user8824@example.com,9876508824,,1992-03-03,Hyderabad,86731
9826,Sameer,Mehta,user8825@example.com,123,,2016-05-18,Delhi,54029
9827,Vijay,Kumar,user8826@example.com,9876508826,Other,1992-02-02,Hyderabad,50321
9828,Sneha,Sharma,user8827@example.com,9876508827,,1984-08-16,Chennai,81327
9829,Amit,Mehta,user8828@example.com,9876508828,Female,2011-07-03,Kolkata,37281
9830,Neha,Sharma,user8829@example.com,9876508829,,2012-10-14,Ahmedabad,56083
9831,Arjun,Singh,user8830@example.com,9876508830,,1986-07-05,Ahmedabad,27719
9832,Sneha,Mehta,user8831@example.com,9876508831,,2009-04-07,Bangalore,48185
9833,Neha,Gupta,user8832@example.com,9876508832,,1975-09-26,Delhi,51850
9834,Sameer,Patel,user8833@example.com,9876508833,,1999-08-16,Pune,49995
9835,Vijay,Rao,user8834@example.com,9876508834,Female,1979-08-22,Chennai,56398
9836,Anjali,Singh,user8835@example.com,9876508835,Male,2015-01-07,Ahmedabad,-1000
9837,Neha,Patel,user8836@example.com,9876508836,Male,1983-12-29,Pune,44868
9838,Neha,Mehta,user8837@example.com,9876508837,Other,2006-12-20,Pune,91897
9839,Vijay,Reddy,user8838@example.com,9876508838,Female,1993-02-25,Chennai,70963
9840,Kavya,Patel,user8839@example.com,9876508839,,1974-09-04,Delhi,54752
9841,Rakesh,Kumar,,9876508840,Other,2007-12-22,Chennai,51892
9842,Neha,Patel,user8841@example.com,9876508841,,2001-06-06,Pune,80304
9843,Vijay,Verma,user8842@example.com,9876508842,,1976-10-20,Kolkata,66717
9844,Rakesh,Gupta,user8843@example.com,9876508843,,1999-05-04,Pune,42558
9845,Vijay,Singh,user8844@example.com,9876508844,,2017-06-04,Mumbai,54328
9846,Vijay,Rao,user8845@example.com,9876508845,,1972-05-27,Kolkata,40264
9847,Kavya,Mehta,user8846@example.com,9876508846,Female,1999-11-01,Kolkata,51148
9848,Vijay,Singh,user8847@example.com,9876508847,,1993-12-04,Chennai,78701
9849,Sameer,Joshi,user8848@example.com,9876508848,,1976-09-28,Pune,76695
9850,Neha,Singh,user8849@example.com,9876508849,Other,1982-04-21,Mumbai,85582
9851,Arjun,Kumar,user8850@example.com,,,2002-03-24,Hyderabad,678434
9852,Arjun,Singh,user8851@example.com,9876508851,Male,1986-10-19,Delhi,34817
9853,Arjun,Joshi,user8852@example.com,9876508852,Female,2002-05-16,Pune,40086
9854,Vijay,Patel,user8853@example.com,9876508853,Other,2013-12-10,Ahmedabad,74481
9855,Sneha,Verma,user8854@example.com,9876508854,Male,2018-10-07,Chennai,67035
9856,Rakesh,Patel,user8855@example.com,9876508855,,1987-03-20,Pune,41816
9857,Rakesh,Patel,user8856@example.com,9876508856,Male,2014-07-26,Mumbai,58153
9858,Vijay,Joshi,user8857@example.com,9876508857,Other,2007-11-25,Ahmedabad,102995
9859,Sameer,Sharma,user8858@example.com,9876508858,,2003-04-19,Delhi,83631
9860,Sameer,Rao,user8859@example.com,9876508859,Female,2009-06-08,Chennai,94972
9861,Amit,Joshi,invalid@,9876508860,Other,1989-01-19,Bangalore,41415
9862,Vijay,Patel,user8861@example.com,9876508861,Male,1974-12-29,Bangalore,98407
9863,Priya,Singh,user8862@example.com,9876508862,Male,1998-08-30,Mumbai,54596
9864,Kavya,Rao,user8863@example.com,9876508863,Other,2000-06-27,Delhi,96444
9865,Arjun,Mehta,user8864@example.com,9876508864,Other,1971-05-16,Delhi,72166
9866,Kavya,Reddy,user8865@example.com,9876508865,Other,1991-09-27,Hyderabad,-1000
9867,Arjun,Mehta,user8866@example.com,9876508866,,2006-05-09,Hyderabad,78893
9868,Anjali,Kumar,user8867@example.com,9876508867,Other,2007-10-03,Pune,66975
9869,Anjali,Patel,user8868@example.com,9876508868,,2018-06-14,Hyderabad,76668
9870,Vijay,Singh,user8869@example.com,9876508869,Female,1982-12-20,Bangalore,44623
9871,Anjali,Sharma,user8870@example.com,9876508870,Female,1971-09-01,Pune,62421
9872,Sneha,Verma,user8871@example.com,9876508871,,2000-10-05,Delhi,80613
9873,Amit,Verma,user8872@example.com,9876508872,Male,2008-01-09,Mumbai,67177
9874,Sameer,Rao,user8873@example.com,9876508873,Male,1979-01-08,Mumbai,57984
9875,Sneha,Sharma,user8874@example.com,9876508874,Male,2011-07-18,Ahmedabad,69675
9876,Kavya,Reddy,user8875@example.com,123,Male,1974-03-12,Kolkata,37719
9877,Kavya,Mehta,user8876@example.com,9876508876,,2009-01-31,Mumbai,85922
9878,Anjali,Reddy,user8877@example.com,9876508877,,1981-07-18,Kolkata,23421
9879,Sameer,Gupta,user8878@example.com,9876508878,Female,1980-02-24,Bangalore,64500
9880,Amit,Mehta,user8879@example.com,9876508879,,2000-11-05,Ahmedabad,80204
9881,Arjun,Mehta,,9876508880,Female,2010-06-16,Bangalore,666309
9882,Sneha,Mehta,user8881@example.com,9876508881,Male,1996-12-16,Hyderabad,55618
9883,Amit,Singh,user8882@example.com,9876508882,,2004-10-28,Hyderabad,86992
9884,Neha,Joshi,user8883@example.com,9876508883,Other,2003-10-23,Pune,51221
9885,Rakesh,Singh,user8884@example.com,9876508884,Other,2007-02-14,Kolkata,98694
9886,Anjali,Verma,user8885@example.com,9876508885,Male,1980-06-15,Pune,60802
9887,Arjun,Singh,user8886@example.com,9876508886,Male,1992-02-22,Mumbai,60094
9888,Neha,Reddy,user8887@example.com,9876508887,,2011-08-18,Ahmedabad,79562
9889,Arjun,Singh,user8888@example.com,9876508888,,1979-06-06,Bangalore,58794
9890,Arjun,Joshi,user8889@example.com,9876508889,,2012-11-04,Bangalore,66919
9891,Anjali,Rao,user8890@example.com,9876508890,,1972-11-13,Hyderabad,76425
9892,Arjun,Sharma,user8891@example.com,9876508891,,1999-02-23,Delhi,40492
9893,Amit,Rao,user8892@example.com,9876508892,,2003-08-10,Mumbai,77257
9894,Amit,Gupta,user8893@example.com,9876508893,Other,1991-09-18,Chennai,31132
9895,Neha,Verma,user8894@example.com,9876508894,,2013-10-16,Pune,64740
9896,Kavya,Gupta,user8895@example.com,9876508895,Male,1989-04-29,Kolkata,-1000
9897,Sameer,Gupta,user8896@example.com,9876508896,Other,2014-05-13,Hyderabad,38775
9898,Sneha,Sharma,user8897@example.com,9876508897,Male,1987-02-27,Chennai,98828
9899,Sneha,Sharma,user8898@example.com,9876508898,Male,1998-11-29,Hyderabad,68347
9900,Priya,Joshi,user8899@example.com,9876508899,,1979-05-02,Kolkata,51946
9901,Anjali,Joshi,invalid@,,,2006-08-16,Delhi,67839
9902,Vijay,Rao,user8901@example.com,9876508901,,1972-05-19,Pune,114736
9903,Vijay,Joshi,user8902@example.com,9876508902,,1984-01-11,Kolkata,45092
9904,Neha,Joshi,user8903@example.com,9876508903,,2016-05-05,Pune,78159
9905,Arjun,Kumar,user8904@example.com,9876508904,Other,1976-01-13,Hyderabad,46709
9906,Arjun,Patel,user8905@example.com,9876508905,Female,2016-11-30,Kolkata,74646
9907,Anjali,Rao,user8906@example.com,9876508906,Male,1975-10-13,Bangalore,51817
9908,Rakesh,Sharma,user8907@example.com,9876508907,Female,1989-12-03,Pune,61728
9909,Kavya,Rao,user8908@example.com,9876508908,Female,2016-05-09,Ahmedabad,68163
9910,Priya,Sharma,user8909@example.com,9876508909,Female,2009-12-08,Pune,91401
9911,Amit,Singh,user8910@example.com,9876508910,Other,1974-04-21,Kolkata,355215
9912,Arjun,Patel,user8911@example.com,9876508911,Female,1988-01-11,Ahmedabad,98993
9913,Priya,Kumar,user8912@example.com,9876508912,Other,1997-03-29,Kolkata,26635
9914,Sneha,Kumar,user8913@example.com,9876508913,,1983-01-27,Pune,71553
9915,Rakesh,Reddy,user8914@example.com,9876508914,,2004-05-23,Delhi,66207
9916,Amit,Verma,user8915@example.com,9876508915,,1970-03-01,Kolkata,62373
9917,Anjali,Sharma,user8916@example.com,9876508916,Other,2008-08-11,Bangalore,65725
9918,Priya,Verma,user8917@example.com,9876508917,Other,2018-07-10,Delhi,75436
9919,Neha,Singh,user8918@example.com,9876508918,Male,1989-03-03,Bangalore,74234
9920,Amit,Kumar,user8919@example.com,9876508919,Female,1991-10-06,Kolkata,61409
9921,Anjali,Singh,,9876508920,,2012-10-13,Kolkata,79065
9922,Vijay,Gupta,user8921@example.com,9876508921,,1993-12-20,Delhi,60408
9923,Anjali,Patel,user8922@example.com,9876508922,Female,1995-02-13,Hyderabad,66869
9924,Anjali,Reddy,user8923@example.com,9876508923,,2005-09-20,Kolkata,88155
9925,Amit,Singh,user8924@example.com,9876508924,,1992-03-07,Mumbai,88733
9926,Rakesh,Reddy,user8925@example.com,123,,1991-07-29,Pune,-1000
9927,Amit,Patel,user8926@example.com,9876508926,Other,2050-01-01,Pune,44499
9928,Sameer,Rao,user8927@example.com,9876508927,Other,1996-02-23,Mumbai,73526
9929,Kavya,Singh,user8928@example.com,9876508928,Other,2008-11-15,Mumbai,74229
9930,Rakesh,Joshi,user8929@example.com,9876508929,Female,1975-05-17,Ahmedabad,100352
9931,Neha,Mehta,user8930@example.com,9876508930,,2011-06-11,Delhi,80857
9932,Rakesh,Kumar,user8931@example.com,9876508931,,1989-11-03,Kolkata,52458
9933,Sneha,Kumar,user8932@example.com,9876508932,Male,1995-09-07,Pune,57364
9934,Neha,Kumar,user8933@example.com,9876508933,Other,1986-05-02,Ahmedabad,14149
9935,Vijay,Rao,user8934@example.com,9876508934,Male,1977-05-02,Kolkata,63457
9936,Amit,Mehta,user8935@example.com,9876508935,,2006-08-08,Kolkata,57614
9937,Anjali,Patel,user8936@example.com,9876508936,,2000-08-30,Chennai,54506
9938,Amit,Rao,user8937@example.com,9876508937,Male,1984-07-13,Pune,49407
9939,Sneha,Kumar,user8938@example.com,9876508938,,1978-08-10,Kolkata,95741
9940,Priya,Kumar,user8939@example.com,9876508939,,1977-09-01,Mumbai,11244
9941,Sneha,Verma,invalid@,9876508940,Other,2015-09-29,Ahmedabad,396224
9942,Sameer,Reddy,user8941@example.com,9876508941,,1974-11-30,Chennai,112733
9943,Anjali,Reddy,user8942@example.com,9876508942,,2050-01-01,Ahmedabad,84681
9944,Anjali,Verma,user8943@example.com,9876508943,,1976-05-31,Ahmedabad,71117
9945,Arjun,Gupta,user8944@example.com,9876508944,Other,2001-09-27,Delhi,64905
9946,Priya,Verma,user8945@example.com,9876508945,Male,1997-11-02,Chennai,53296
9947,Arjun,Reddy,user8946@example.com,9876508946,Female,1973-07-31,Ahmedabad,39471
9948,Vijay,Kumar,user8947@example.com,9876508947,Female,2012-07-14,Hyderabad,72352
9949,Kavya,Joshi,user8948@example.com,9876508948,Female,2010-12-02,Pune,80993
9950,Kavya,Reddy,user8949@example.com,9876508949,,2010-03-16,Delhi,51139
9951,Amit,Mehta,user8950@example.com,,Female,1973-12-26,Hyderabad,28663
9952,Kavya,Joshi,user8951@example.com,9876508951,Male,1999-01-30,Hyderabad,78293
9953,Anjali,Rao,user8952@example.com,9876508952,,1984-10-05,Pune,80504
9954,Sneha,Reddy,user8953@example.com,9876508953,,1976-12-14,Chennai,81638
9955,Priya,Patel,user8954@example.com,9876508954,Male,1979-11-28,Hyderabad,61829
9956,Amit,Singh,user8955@example.com,9876508955,,1976-07-06,Ahmedabad,-1000
9957,Amit,Singh,user8956@example.com,9876508956,,2004-10-28,Ahmedabad,40497
9958,Priya,Mehta,user8957@example.com,9876508957,,1973-02-13,Chennai,90717
9959,Anjali,Sharma,user8958@example.com,9876508958,Other,1979-11-01,Pune,37988
9960,Vijay,Singh,user8959@example.com,9876508959,,1982-11-28,Kolkata,78999
9961,Vijay,Mehta,,9876508960,Female,1999-10-01,Bangalore,44575
9962,Amit,Sharma,user8961@example.com,9876508961,Other,1982-10-12,Ahmedabad,42562
9963,Vijay,Rao,user8962@example.com,9876508962,,1993-02-26,Ahmedabad,101517
9964,Anjali,Sharma,user8963@example.com,9876508963,Female,2013-02-21,Kolkata,102257
9965,Sameer,Patel,user8964@example.com,9876508964,Other,1992-09-15,Delhi,68264
9966,Sameer,Reddy,user8965@example.com,9876508965,Other,2011-12-24,Pune,55307
9967,Arjun,Singh,user8966@example.com,9876508966,Male,1976-03-19,Kolkata,85640
9968,Rakesh,Kumar,user8967@example.com,9876508967,Other,2018-03-07,Hyderabad,33407
9969,Neha,Verma,user8968@example.com,9876508968,,2000-08-15,Kolkata,89231
9970,Kavya,Reddy,user8969@example.com,9876508969,Other,1996-10-27,Ahmedabad,105410
9971,Vijay,Rao,user8970@example.com,9876508970,,2050-01-01,Pune,766133
9972,Sameer,Rao,user8971@example.com,9876508971,,2010-03-18,Delhi,41744
9973,Sneha,Mehta,user8972@example.com,9876508972,,1986-06-01,Pune,95491
9974,Priya,Gupta,user8973@example.com,9876508973,,1971-07-24,Pune,71254
9975,Rakesh,Sharma,user8974@example.com,9876508974,Male,1974-03-26,Kolkata,62193
9976,Arjun,Sharma,user8975@example.com,123,Male,1972-06-27,Delhi,45619
9977,Neha,Mehta,user8976@example.com,9876508976,,1982-03-21,Ahmedabad,42203
9978,Sameer,Verma,user8977@example.com,9876508977,Other,1981-03-07,Hyderabad,88067
9979,Arjun,Kumar,user8978@example.com,9876508978,,1979-02-23,Pune,63476
9980,Rakesh,Rao,user8979@example.com,9876508979,,1989-01-08,Bangalore,63267
9981,Priya,Reddy,invalid@,9876508980,,1989-04-10,Ahmedabad,67521
9982,Kavya,Verma,user8981@example.com,9876508981,Male,1989-06-22,Kolkata,25951
9983,Sameer,Kumar,user8982@example.com,9876508982,,2001-03-29,Delhi,64559
9984,Priya,Gupta,user8983@example.com,9876508983,,1989-08-04,Mumbai,64870
9985,Neha,Reddy,user8984@example.com,9876508984,Female,1988-04-06,Chennai,94903
9986,Vijay,Mehta,user8985@example.com,9876508985,Other,1983-06-11,Bangalore,-1000
9987,Rakesh,Reddy,user8986@example.com,9876508986,,1992-12-28,Ahmedabad,40715
9988,Neha,Patel,user8987@example.com,9876508987,,2012-09-09,Chennai,57131
9989,Kavya,Gupta,user8988@example.com,9876508988,Female,2017-02-02,Delhi,85925
9990,Priya,Mehta,user8989@example.com,9876508989,Female,2015-01-14,Bangalore,38945
9991,Anjali,Mehta,user8990@example.com,9876508990,,2003-07-04,Ahmedabad,98920
9992,Kavya,Mehta,user8991@example.com,9876508991,Male,1975-08-14,Chennai,64189
9993,Amit,Singh,user8992@example.com,9876508992,Female,1970-01-03,Hyderabad,75724
9994,Sameer,Verma,user8993@example.com,9876508993,Other,2008-05-27,Mumbai,56162
9995,Vijay,Kumar,user8994@example.com,9876508994,,1970-11-21,Ahmedabad,55887
9996,Rakesh,Sharma,user8995@example.com,9876508995,,1986-10-18,Hyderabad,46563
9997,Sneha,Rao,user8996@example.com,9876508996,,2016-07-06,Mumbai,95736
9998,Priya,Rao,user8997@example.com,9876508997,,1978-07-20,Mumbai,76835
9999,Anjali,Patel,user8998@example.com,9876508998,,2013-05-04,Pune,45671
10000,Sneha,Patel,user8999@example.com,9876508999,,2001-05-25,Kolkata,79110
10001,Sameer,Patel,,,Other,1970-12-13,Delhi,838095
10002,Sameer,Joshi,user9001@example.com,9876509001,Male,2006-08-09,Pune,86629
10003,Rakesh,Patel,user9002@example.com,9876509002,,2003-10-21,Mumbai,70628
10004,Anjali,Rao,user9003@example.com,9876509003,,2008-04-28,Delhi,68419
10005,Sameer,Gupta,user9004@example.com,9876509004,,1999-06-08,Delhi,46371
10006,Sneha,Kumar,user9005@example.com,9876509005,Other,2001-09-16,Delhi,91632
10007,Anjali,Patel,user9006@example.com,9876509006,Female,1979-06-06,Bangalore,78334
10008,Sneha,Gupta,user9007@example.com,9876509007,,1970-01-23,Ahmedabad,84778
10009,Kavya,Joshi,user9008@example.com,9876509008,,1997-10-21,Mumbai,27342
10010,Neha,Joshi,user9009@example.com,9876509009,,2005-10-18,Delhi,84131
10011,Anjali,Sharma,user9010@example.com,9876509010,,2000-11-13,Chennai,65501
10012,Arjun,Singh,user9011@example.com,9876509011,,1988-05-21,Bangalore,81552
10013,Neha,Singh,user9012@example.com,9876509012,,1986-07-29,Bangalore,41041
10014,Neha,Reddy,user9013@example.com,9876509013,Other,1971-05-30,Chennai,101263
10015,Anjali,Singh,user9014@example.com,9876509014,Female,1978-04-28,Mumbai,51960
10016,Vijay,Reddy,user9015@example.com,9876509015,Female,1986-01-18,Pune,-1000
10017,Sameer,Verma,user9016@example.com,9876509016,Female,1987-05-08,Bangalore,60905
10018,Kavya,Singh,user9017@example.com,9876509017,,1979-03-17,Mumbai,102005
10019,Vijay,Joshi,user9018@example.com,9876509018,,1979-07-23,Bangalore,70954
10020,Vijay,Sharma,user9019@example.com,9876509019,,1984-02-24,Mumbai,102694
10021,Arjun,Gupta,invalid@,9876509020,Other,1978-09-14,Delhi,63599
10022,Priya,Patel,user9021@example.com,9876509021,Female,2019-02-01,Kolkata,42742
10023,Anjali,Singh,user9022@example.com,9876509022,,2001-04-09,Pune,70922
10024,Sneha,Reddy,user9023@example.com,9876509023,,1986-11-25,Chennai,62335
10025,Sameer,Gupta,user9024@example.com,9876509024,Male,1997-03-21,Bangalore,52917
10026,Vijay,Mehta,user9025@example.com,123,Male,2005-04-07,Chennai,89862
10027,Kavya,Rao,user9026@example.com,9876509026,,1994-05-19,Hyderabad,37938
10028,Priya,Singh,user9027@example.com,9876509027,Female,1992-08-11,Bangalore,103231
10029,Arjun,Rao,user9028@example.com,9876509028,,1984-05-27,Bangalore,61299
10030,Amit,Singh,user9029@example.com,9876509029,,2007-05-24,Kolkata,37758
10031,Sameer,Mehta,user9030@example.com,9876509030,,1981-06-23,Ahmedabad,727964
10032,Amit,Patel,user9031@example.com,9876509031,Male,2001-02-28,Ahmedabad,68655
10033,Neha,Verma,user9032@example.com,9876509032,Female,2013-12-17,Kolkata,61924
10034,Vijay,Kumar,user9033@example.com,9876509033,,1974-01-07,Chennai,52402
10035,Rakesh,Gupta,user9034@example.com,9876509034,,1986-09-15,Delhi,91281
10036,Sameer,Gupta,user9035@example.com,9876509035,,1990-08-31,Bangalore,75787
10037,Sneha,Patel,user9036@example.com,9876509036,Other,2050-01-01,Hyderabad,55286
10038,Priya,Sharma,user9037@example.com,9876509037,,1987-08-01,Pune,72964
10039,Kavya,Joshi,user9038@example.com,9876509038,,2004-08-18,Hyderabad,49400
10040,Sameer,Singh,user9039@example.com,9876509039,,1973-10-25,Ahmedabad,84570
10041,Sneha,Kumar,,9876509040,,1980-02-11,Mumbai,106935
10042,Anjali,Sharma,user9041@example.com,9876509041,Male,2004-03-22,Mumbai,87141
10043,Amit,Kumar,user9042@example.com,9876509042,Female,2017-12-04,Mumbai,51788
10044,Anjali,Joshi,user9043@example.com,9876509043,,1984-08-04,Delhi,45755
10045,Priya,Rao,user9044@example.com,9876509044,,2019-02-28,Kolkata,66977
10046,Arjun,Singh,user9045@example.com,9876509045,,2005-10-09,Bangalore,-1000
10047,Vijay,Joshi,user9046@example.com,9876509046,,2013-09-23,Bangalore,83299
10048,Sameer,Gupta,user9047@example.com,9876509047,Other,2009-04-22,Chennai,78314
10049,Rakesh,Gupta,user9048@example.com,9876509048,Female,2016-11-07,Hyderabad,61931
10050,Amit,Singh,user9049@example.com,9876509049,,2002-01-09,Hyderabad,59199
10051,Amit,Verma,user9050@example.com,,,2016-07-17,Ahmedabad,62788
10052,Sameer,Patel,user9051@example.com,9876509051,Other,1971-01-06,Mumbai,96235
10053,Neha,Patel,user9052@example.com,9876509052,,1988-07-12,Delhi,56887
10054,Anjali,Gupta,user9053@example.com,9876509053,Female,1995-01-09,Chennai,41080
10055,Amit,Gupta,user9054@example.com,9876509054,Other,2017-12-03,Pune,49364
10056,Sneha,Joshi,user9055@example.com,9876509055,,1996-05-31,Bangalore,84787
10057,Kavya,Mehta,user9056@example.com,9876509056,Male,1976-08-19,Bangalore,45784
10058,Vijay,Reddy,user9057@example.com,9876509057,Female,invalid,Delhi,88971
10059,Amit,Verma,user9058@example.com,9876509058,Other,2006-11-03,Chennai,60969
10060,Sneha,Sharma,user9059@example.com,9876509059,,2009-04-07,Chennai,29128
10061,Priya,Reddy,invalid@,9876509060,,1996-02-06,Ahmedabad,799736
10062,Priya,Joshi,user9061@example.com,9876509061,Other,2007-01-28,Kolkata,59572
10063,Vijay,Reddy,user9062@example.com,9876509062,,2012-05-21,Delhi,72431
10064,Neha,Reddy,user9063@example.com,9876509063,Other,1996-08-02,Chennai,52535
10065,Rakesh,Joshi,user9064@example.com,9876509064,Female,1985-12-13,Ahmedabad,89618
10066,Vijay,Gupta,user9065@example.com,9876509065,,1988-07-05,Chennai,73913
10067,Arjun,Gupta,user9066@example.com,9876509066,Female,1997-10-17,Bangalore,108327
10068,Neha,Singh,user9067@example.com,9876509067,,1994-05-17,Ahmedabad,79210
10069,Amit,Reddy,user9068@example.com,9876509068,,1971-07-28,Chennai,60344
10070,Vijay,Sharma,user9069@example.com,9876509069,,2016-03-31,Kolkata,47709
10071,Anjali,Joshi,user9070@example.com,9876509070,,1976-02-01,Kolkata,36655
10072,Priya,Sharma,user9071@example.com,9876509071,,2018-05-27,Ahmedabad,62424
10073,Sneha,Kumar,user9072@example.com,9876509072,Other,1972-02-27,Kolkata,63203
10074,Vijay,Patel,user9073@example.com,9876509073,,1982-10-12,Ahmedabad,96819
10075,Anjali,Singh,user9074@example.com,9876509074,,2001-02-04,Kolkata,56775
10076,Neha,Patel,user9075@example.com,123,Female,2005-01-18,Chennai,-1000
10077,Arjun,Singh,user9076@example.com,9876509076,Other,1986-08-16,Ahmedabad,62865
10078,Sneha,Verma,user9077@example.com,9876509077,Male,2014-10-05,Kolkata,102836
10079,Kavya,Joshi,user9078@example.com,9876509078,Male,1974-09-06,Mumbai,33680
10080,Arjun,Patel,user9079@example.com,9876509079,Other,2014-07-10,Kolkata,92040
10081,Amit,Sharma,,9876509080,Male,2003-04-25,Mumbai,55019
10082,Anjali,Joshi,user9081@example.com,9876509081,Other,2004-06-13,Chennai,82831
10083,Vijay,Sharma,user9082@example.com,9876509082,Female,2012-09-07,Mumbai,96435
10084,Vijay,Reddy,user9083@example.com,9876509083,Female,1974-02-19,Mumbai,57975
10085,Sameer,Patel,user9084@example.com,9876509084,,2002-02-20,Delhi,43074
10086,Priya,Reddy,user9085@example.com,9876509085,Male,2009-05-10,Kolkata,41137
10087,Amit,Gupta,user9086@example.com,9876509086,Other,1979-08-08,Pune,47920
10088,Anjali,Kumar,user9087@example.com,9876509087,Female,1979-12-13,Chennai,16417
10089,Vijay,Verma,user9088@example.com,9876509088,,2018-11-10,Ahmedabad,60448
10090,Kavya,Verma,user9089@example.com,9876509089,Male,1987-05-24,Delhi,77995
10091,Sneha,Patel,user9090@example.com,9876509090,Male,1975-12-12,Chennai,699197
10092,Amit,Rao,user9091@example.com,9876509091,Male,2006-04-24,Mumbai,57439
10093,Neha,Kumar,user9092@example.com,9876509092,Female,1993-07-13,Ahmedabad,47262
10094,Kavya,Mehta,user9093@example.com,9876509093,Female,1993-03-16,Pune,53581
10095,Sneha,Singh,user9094@example.com,9876509094,Male,1993-02-01,Chennai,70674
10096,Rakesh,Verma,user9095@example.com,9876509095,Female,1982-10-01,Ahmedabad,81505
10097,Priya,Joshi,user9096@example.com,9876509096,Male,1998-06-10,Kolkata,35093
10098,Amit,Gupta,user9097@example.com,9876509097,,1994-05-07,Kolkata,68147
10099,Anjali,Reddy,user9098@example.com,9876509098,Female,invalid,Bangalore,70301
10100,Arjun,Mehta,user9099@example.com,9876509099,Other,1981-12-09,Bangalore,46130
10101,Sneha,Joshi,invalid@,,Female,1976-12-23,Chennai,75938
10102,Neha,Patel,user9101@example.com,9876509101,Male,1989-04-17,Delhi,83669
10103,Vijay,Kumar,user9102@example.com,9876509102,Other,1976-01-16,Pune,53598
10104,Arjun,Verma,user9103@example.com,9876509103,,1984-03-07,Delhi,47668
10105,Kavya,Singh,user9104@example.com,9876509104,Other,2012-12-02,Ahmedabad,108110
10106,Priya,Mehta,user9105@example.com,9876509105,Other,2019-04-08,Pune,-1000
10107,Anjali,Verma,user9106@example.com,9876509106,Female,2016-02-17,Chennai,68595
10108,Arjun,Rao,user9107@example.com,9876509107,Other,1984-12-28,Delhi,51514
10109,Neha,Rao,user9108@example.com,9876509108,Other,1996-07-04,Ahmedabad,49544
10110,Sneha,Rao,user9109@example.com,9876509109,Male,1989-01-26,Mumbai,76462
10111,Anjali,Gupta,user9110@example.com,9876509110,Female,1972-03-09,Ahmedabad,48549
10112,Rakesh,Reddy,user9111@example.com,9876509111,Male,1979-03-10,Kolkata,47684
10113,Vijay,Patel,user9112@example.com,9876509112,Female,2004-05-11,Delhi,62301
10114,Priya,Joshi,user9113@example.com,9876509113,,1972-05-09,Chennai,77765
10115,Arjun,Verma,user9114@example.com,9876509114,Other,2009-03-31,Chennai,100279
10116,Priya,Joshi,user9115@example.com,9876509115,Female,2009-03-15,Pune,69808
10117,Priya,Joshi,user9116@example.com,9876509116,Other,1991-01-19,Hyderabad,48568
10118,Priya,Verma,user9117@example.com,9876509117,Other,1998-04-21,Pune,59645
10119,Sneha,Reddy,user9118@example.com,9876509118,,2000-03-07,Hyderabad,91082
10120,Priya,Gupta,user9119@example.com,9876509119,Male,invalid,Hyderabad,89063
10121,Rakesh,Gupta,,9876509120,Female,1983-10-02,Mumbai,899414
10122,Kavya,Kumar,user9121@example.com,9876509121,,1990-10-07,Hyderabad,85273
10123,Neha,Patel,user9122@example.com,9876509122,,1987-07-13,Delhi,103282
10124,Anjali,Kumar,user9123@example.com,9876509123,Male,2010-08-31,Kolkata,69148
10125,Rakesh,Reddy,user9124@example.com,9876509124,,2009-01-30,Chennai,80033
10126,Anjali,Joshi,user9125@example.com,123,,2013-09-22,Chennai,48868
10127,Neha,Patel,user9126@example.com,9876509126,Other,1992-11-03,Mumbai,69659
10128,Kavya,Kumar,user9127@example.com,9876509127,Male,2007-10-06,Bangalore,70452
10129,Amit,Kumar,user9128@example.com,9876509128,,1990-05-01,Chennai,80773
10130,Anjali,Rao,user9129@example.com,9876509129,Female,2001-03-31,Ahmedabad,52499
10131,Anjali,Gupta,user9130@example.com,9876509130,Female,1978-04-10,Bangalore,33696
10132,Kavya,Sharma,user9131@example.com,9876509131,,1981-08-08,Bangalore,53384
10133,Arjun,Kumar,user9132@example.com,9876509132,Other,1987-07-05,Mumbai,86236
10134,Rakesh,Mehta,user9133@example.com,9876509133,Other,2011-11-15,Hyderabad,60755
10135,Arjun,Rao,user9134@example.com,9876509134,,2006-02-15,Mumbai,74388
10136,Arjun,Joshi,user9135@example.com,9876509135,Male,2011-01-05,Ahmedabad,-1000
10137,Arjun,Singh,user9136@example.com,9876509136,,2016-12-09,Hyderabad,85813
10138,Priya,Gupta,user9137@example.com,9876509137,Female,1982-03-10,Mumbai,62884
10139,Vijay,Reddy,user9138@example.com,9876509138,,1982-09-02,Mumbai,62603
10140,Anjali,Verma,user9139@example.com,9876509139,Male,1977-07-02,Mumbai,91550
10141,Arjun,Reddy,invalid@,9876509140,,1997-12-14,Chennai,96530
10142,Rakesh,Rao,user9141@example.com,9876509141,Male,1988-08-05,Mumbai,91946
10143,Vijay,Mehta,user9142@example.com,9876509142,Female,1988-10-20,Mumbai,58441
10144,Vijay,Reddy,user9143@example.com,9876509143,Female,1994-12-09,Kolkata,53103
10145,Arjun,Mehta,user9144@example.com,9876509144,Male,1980-10-18,Bangalore,46765
10146,Sneha,Verma,user9145@example.com,9876509145,Other,2012-07-02,Bangalore,35222
10147,Arjun,Singh,user9146@example.com,9876509146,Male,1979-06-23,Ahmedabad,46342
10148,Sneha,Gupta,user9147@example.com,9876509147,Female,1974-02-01,Pune,48026
10149,Arjun,Gupta,user9148@example.com,9876509148,,1979-12-01,Ahmedabad,39763
10150,Rakesh,Sharma,user9149@example.com,9876509149,,1994-06-02,Chennai,34656
10151,Sneha,Mehta,user9150@example.com,,,2007-11-25,Chennai,389271
10152,Priya,Verma,user9151@example.com,9876509151,Female,2005-09-27,Chennai,63979
10153,Vijay,Kumar,user9152@example.com,9876509152,,1995-01-01,Delhi,73813
10154,Arjun,Kumar,user9153@example.com,9876509153,Other,2015-02-05,Ahmedabad,72045
10155,Vijay,Joshi,user9154@example.com,9876509154,Other,2016-05-25,Kolkata,54566
10156,Arjun,Mehta,user9155@example.com,9876509155,Male,1973-06-22,Ahmedabad,58025
10157,Anjali,Patel,user9156@example.com,9876509156,,1996-07-05,Mumbai,72345
10158,Anjali,Reddy,user9157@example.com,9876509157,,1985-03-24,Mumbai,68849
10159,Sameer,Joshi,user9158@example.com,9876509158,Female,2000-11-10,Mumbai,76235
10160,Arjun,Joshi,user9159@example.com,9876509159,Male,1982-09-29,Pune,45752
10161,Sameer,Joshi,,9876509160,Male,1990-07-27,Kolkata,99678
10162,Kavya,Verma,user9161@example.com,9876509161,,1977-09-01,Kolkata,77628
10163,Kavya,Gupta,user9162@example.com,9876509162,,1995-11-15,Chennai,79855
10164,Vijay,Joshi,user9163@example.com,9876509163,,2004-12-12,Mumbai,43781
10165,Sneha,Gupta,user9164@example.com,9876509164,,1999-01-20,Delhi,43318
10166,Arjun,Gupta,user9165@example.com,9876509165,,1973-02-17,Kolkata,-1000
10167,Neha,Mehta,user9166@example.com,9876509166,Other,1988-05-09,Bangalore,79739
10168,Arjun,Verma,user9167@example.com,9876509167,Male,2001-02-04,Delhi,41857
10169,Arjun,Gupta,user9168@example.com,9876509168,Other,1999-08-03,Kolkata,73930
10170,Neha,Joshi,user9169@example.com,9876509169,,2016-11-26,Kolkata,94172
10171,Kavya,Verma,user9170@example.com,9876509170,Female,1989-06-04,Pune,50859
10172,Sameer,Joshi,user9171@example.com,9876509171,,2014-03-29,Mumbai,46270
10173,Vijay,Rao,user9172@example.com,9876509172,Male,2014-05-29,Ahmedabad,50378
10174,Kavya,Reddy,user9173@example.com,9876509173,Female,2007-09-07,Kolkata,61717
10175,Neha,Rao,user9174@example.com,9876509174,,1979-07-21,Bangalore,84004
10176,Arjun,Rao,user9175@example.com,123,Male,2003-06-14,Hyderabad,85231
10177,Kavya,Mehta,user9176@example.com,9876509176,,1995-07-26,Chennai,80974
10178,Rakesh,Patel,user9177@example.com,9876509177,Female,1975-10-06,Hyderabad,26124
10179,Anjali,Reddy,user9178@example.com,9876509178,Female,1984-01-07,Pune,61251
10180,Arjun,Mehta,user9179@example.com,9876509179,,2006-12-28,Delhi,47355
10181,Amit,Joshi,invalid@,9876509180,Other,1974-12-14,Kolkata,730861
10182,Neha,Mehta,user9181@example.com,9876509181,,1971-02-14,Mumbai,83000
10183,Priya,Joshi,user9182@example.com,9876509182,,1971-10-08,Pune,55017
10184,Sneha,Patel,user9183@example.com,9876509183,,2019-02-08,Pune,103426
10185,Priya,Gupta,user9184@example.com,9876509184,Other,2008-02-17,Ahmedabad,46877
10186,Kavya,Mehta,user9185@example.com,9876509185,,1973-01-18,Hyderabad,75639
10187,Arjun,Sharma,user9186@example.com,9876509186,Female,2015-01-10,Chennai,107889
10188,Sneha,Gupta,user9187@example.com,9876509187,Male,1982-07-29,Ahmedabad,83361
10189,Sneha,Singh,user9188@example.com,9876509188,Female,2009-05-27,Ahmedabad,76889
10190,Vijay,Mehta,user9189@example.com,9876509189,Female,2013-05-04,Chennai,61591
10191,Priya,Joshi,user9190@example.com,9876509190,,1996-04-18,Delhi,77229
10192,Arjun,Reddy,user9191@example.com,9876509191,Female,1997-03-05,Ahmedabad,53958
10193,Vijay,Mehta,user9192@example.com,9876509192,Female,invalid,Chennai,87559
10194,Sameer,Joshi,user9193@example.com,9876509193,Other,1980-08-05,Pune,50516
10195,Priya,Patel,user9194@example.com,9876509194,Other,1984-03-28,Kolkata,60031
10196,Anjali,Rao,user9195@example.com,9876509195,Other,1999-04-02,Pune,-1000
10197,Anjali,Mehta,user9196@example.com,9876509196,Other,1975-08-02,Chennai,58130
10198,Vijay,Kumar,user9197@example.com,9876509197,Other,2005-10-23,Pune,55840
10199,Sameer,Singh,user9198@example.com,9876509198,Male,1973-07-31,Kolkata,24672
10200,Rakesh,Kumar,user9199@example.com,9876509199,,1988-03-01,Bangalore,65667
10201,Rakesh,Gupta,,,,1974-09-21,Bangalore,55317
10202,Anjali,Gupta,user9201@example.com,9876509201,Other,1982-11-04,Chennai,38809
10203,Amit,Rao,user9202@example.com,9876509202,,1976-09-21,Chennai,51309
10204,Neha,Rao,user9203@example.com,9876509203,,2010-02-22,Delhi,72232
10205,Neha,Gupta,user9204@example.com,9876509204,Female,2017-06-08,Kolkata,29521
10206,Amit,Mehta,user9205@example.com,9876509205,Female,1989-06-02,Chennai,61786
10207,Vijay,Verma,user9206@example.com,9876509206,,1991-01-19,Ahmedabad,87911
10208,Neha,Mehta,user9207@example.com,9876509207,Male,1997-05-24,Pune,56351
10209,Neha,Singh,user9208@example.com,9876509208,Male,1978-05-20,Hyderabad,94248
10210,Priya,Gupta,user9209@example.com,9876509209,,1998-12-26,Ahmedabad,86516
10211,Priya,Kumar,user9210@example.com,9876509210,Male,1995-12-12,Chennai,722806
10212,Amit,Rao,user9211@example.com,9876509211,Male,1980-04-21,Pune,64517
10213,Arjun,Kumar,user9212@example.com,9876509212,Female,2004-01-24,Bangalore,65134
10214,Sameer,Gupta,user9213@example.com,9876509213,Male,1977-11-28,Hyderabad,74798
10215,Vijay,Patel,user9214@example.com,9876509214,Male,1997-02-22,Pune,104979
10216,Priya,Gupta,user9215@example.com,9876509215,,1980-12-20,Hyderabad,75017
10217,Priya,Sharma,user9216@example.com,9876509216,Male,2017-10-31,Delhi,94769
10218,Rakesh,Singh,user9217@example.com,9876509217,Other,1987-10-18,Mumbai,41818
10219,Sameer,Sharma,user9218@example.com,9876509218,Other,1973-07-28,Hyderabad,54194
10220,Rakesh,Reddy,user9219@example.com,9876509219,,2000-12-13,Kolkata,65332
10221,Arjun,Kumar,invalid@,9876509220,Other,2017-08-20,Pune,91870
10222,Sameer,Patel,user9221@example.com,9876509221,Female,2004-05-26,Chennai,29169
10223,Neha,Singh,user9222@example.com,9876509222,,2002-11-06,Delhi,125355
10224,Rakesh,Joshi,user9223@example.com,9876509223,Male,1995-07-07,Bangalore,64994
10225,Anjali,Reddy,user9224@example.com,9876509224,Other,1998-03-29,Hyderabad,88559
10226,Vijay,Verma,user9225@example.com,123,Female,1993-09-21,Hyderabad,-1000
10227,Neha,Sharma,user9226@example.com,9876509226,,1984-01-08,Bangalore,48686
10228,Sameer,Singh,user9227@example.com,9876509227,,2015-12-30,Mumbai,99266
10229,Anjali,Singh,user9228@example.com,9876509228,Male,2008-04-16,Chennai,61133
10230,Arjun,Sharma,user9229@example.com,9876509229,,1981-04-05,Ahmedabad,50500
10231,Anjali,Reddy,user9230@example.com,9876509230,Other,2019-01-21,Ahmedabad,72692
10232,Priya,Patel,user9231@example.com,9876509231,Female,1974-01-02,Pune,76921
10233,Amit,Patel,user9232@example.com,9876509232,,invalid,Bangalore,71696
10234,Anjali,Rao,user9233@example.com,9876509233,Other,1975-02-09,Delhi,73325
10235,Sneha,Mehta,user9234@example.com,9876509234,Female,1980-12-23,Mumbai,72614
10236,Arjun,Reddy,user9235@example.com,9876509235,Female,2000-12-31,Ahmedabad,89662
10237,Neha,Kumar,user9236@example.com,9876509236,,2009-10-21,Pune,66132
10238,Rakesh,Kumar,user9237@example.com,9876509237,Other,invalid,Hyderabad,52036
10239,Kavya,Reddy,user9238@example.com,9876509238,Female,1978-09-13,Pune,79448
10240,Arjun,Sharma,user9239@example.com,9876509239,,1978-10-03,Bangalore,15710
10241,Sneha,Kumar,,9876509240,Other,1976-09-27,Delhi,770402
10242,Priya,Kumar,user9241@example.com,9876509241,Other,2008-04-17,Delhi,95150
10243,Rakesh,Mehta,user9242@example.com,9876509242,,1979-10-22,Hyderabad,80242
10244,Vijay,Singh,user9243@example.com,9876509243,Other,1993-10-19,Ahmedabad,33225
10245,Kavya,Singh,user9244@example.com,9876509244,,1991-11-21,Hyderabad,93848
10246,Anjali,Reddy,user9245@example.com,9876509245,Female,2050-01-01,Pune,53954
10247,Sneha,Gupta,user9246@example.com,9876509246,Female,1974-11-11,Bangalore,68987
10248,Anjali,Singh,user9247@example.com,9876509247,Other,1971-08-30,Hyderabad,90810
10249,Vijay,Sharma,user9248@example.com,9876509248,,1990-03-12,Delhi,52642
10250,Arjun,Joshi,user9249@example.com,9876509249,Male,1972-03-30,Pune,67778
10251,Amit,Gupta,user9250@example.com,,Other,2001-05-14,Delhi,38915
10252,Sneha,Mehta,user9251@example.com,9876509251,Male,1972-02-23,Mumbai,61275
10253,Sameer,Sharma,user9252@example.com,9876509252,Other,2050-01-01,Delhi,41664
10254,Neha,Patel,user9253@example.com,9876509253,Male,1971-01-27,Delhi,74666
10255,Sameer,Mehta,user9254@example.com,9876509254,Other,1973-02-06,Pune,35994
10256,Amit,Rao,user9255@example.com,9876509255,,1999-04-28,Delhi,-1000
10257,Vijay,Kumar,user9256@example.com,9876509256,Male,1982-03-04,Delhi,53658
10258,Sameer,Verma,user9257@example.com,9876509257,,2005-10-06,Mumbai,50685
10259,Priya,Patel,user9258@example.com,9876509258,,2008-06-03,Delhi,87018
10260,Sneha,Gupta,user9259@example.com,9876509259,Other,1998-06-11,Delhi,43518
10261,Priya,Sharma,invalid@,9876509260,Male,2009-12-13,Pune,54143
10262,Kavya,Patel,user9261@example.com,9876509261,Female,1984-07-24,Bangalore,68840
10263,Amit,Rao,user9262@example.com,9876509262,,2016-09-16,Hyderabad,77849
10264,Kavya,Sharma,user9263@example.com,9876509263,Male,1987-02-12,Mumbai,28876
10265,Kavya,Verma,user9264@example.com,9876509264,,2016-06-26,Hyderabad,61430
10266,Kavya,Gupta,user9265@example.com,9876509265,Male,2001-01-21,Delhi,80133
10267,Arjun,Mehta,user9266@example.com,9876509266,Female,1979-02-07,Bangalore,98276
10268,Arjun,Reddy,user9267@example.com,9876509267,,1978-01-13,Hyderabad,65637
10269,Amit,Patel,user9268@example.com,9876509268,Female,1983-10-13,Pune,36988
10270,Rakesh,Verma,user9269@example.com,9876509269,Other,1988-07-08,Mumbai,64742
10271,Sameer,Rao,user9270@example.com,9876509270,,1986-08-31,Chennai,553676
10272,Arjun,Patel,user9271@example.com,9876509271,,1981-11-12,Hyderabad,71802
10273,Anjali,Joshi,user9272@example.com,9876509272,,2000-08-08,Pune,101814
10274,Priya,Joshi,user9273@example.com,9876509273,Male,2017-02-26,Bangalore,41553
10275,Arjun,Gupta,user9274@example.com,9876509274,Other,1982-11-01,Mumbai,86937
10276,Vijay,Mehta,user9275@example.com,123,Other,1977-11-27,Delhi,83061
10277,Kavya,Gupta,user9276@example.com,9876509276,,1978-05-02,Hyderabad,78087
10278,Arjun,Gupta,user9277@example.com,9876509277,Other,2018-09-15,Bangalore,70236
10279,Amit,Kumar,user9278@example.com,9876509278,,1986-09-29,Hyderabad,106491
10280,Priya,Mehta,user9279@example.com,9876509279,Male,2014-11-15,Pune,90805
10281,Priya,Kumar,,9876509280,Male,1993-01-11,Mumbai,53321
10282,Rakesh,Sharma,user9281@example.com,9876509281,,1992-06-17,Bangalore,65982
10283,Neha,Verma,user9282@example.com,9876509282,Female,1977-10-13,Kolkata,43295
10284,Neha,Verma,user9283@example.com,9876509283,Female,1985-01-26,Chennai,92751
10285,Sameer,Mehta,user9284@example.com,9876509284,Male,1993-09-06,Hyderabad,65944
10286,Anjali,Mehta,user9285@example.com,9876509285,,2012-12-01,Bangalore,-1000
10287,Sneha,Sharma,user9286@example.com,9876509286,Female,1989-12-10,Pune,15855
10288,Amit,Verma,user9287@example.com,9876509287,,2008-09-27,Pune,53837
10289,Vijay,Sharma,user9288@example.com,9876509288,Male,1975-05-28,Delhi,48151
10290,Arjun,Reddy,user9289@example.com,9876509289,Other,2010-08-12,Delhi,56136
10291,Amit,Rao,user9290@example.com,9876509290,Other,1990-09-27,Bangalore,60861
10292,Anjali,Joshi,user9291@example.com,9876509291,Female,1992-04-18,Pune,90926
10293,Neha,Reddy,user9292@example.com,9876509292,,1980-06-25,Kolkata,93495
10294,Amit,Gupta,user9293@example.com,9876509293,Female,2013-03-06,Hyderabad,109657
10295,Arjun,Patel,user9294@example.com,9876509294,,1982-12-21,Bangalore,99166
10296,Rakesh,Kumar,user9295@example.com,9876509295,Female,2015-07-07,Kolkata,77591
10297,Sameer,Singh,user9296@example.com,9876509296,Other,1978-01-31,Hyderabad,36966
10298,Rakesh,Patel,user9297@example.com,9876509297,,2001-11-04,Ahmedabad,81041
10299,Neha,Mehta,user9298@example.com,9876509298,Other,2017-03-14,Chennai,33445
10300,Kavya,Rao,user9299@example.com,9876509299,,1978-11-13,Pune,71633
10301,Neha,Reddy,invalid@,,,1971-07-08,Kolkata,352358
10302,Sameer,Singh,user9301@example.com,9876509301,Male,2000-02-18,Ahmedabad,103847
10303,Arjun,Singh,user9302@example.com,9876509302,Other,1997-08-04,Kolkata,72683
10304,Anjali,Mehta,user9303@example.com,9876509303,Other,2007-04-09,Ahmedabad,60879
10305,Sneha,Reddy,user9304@example.com,9876509304,Male,2000-06-29,Pune,55975
10306,Rakesh,Singh,user9305@example.com,9876509305,,1992-12-17,Delhi,64294
10307,Neha,Reddy,user9306@example.com,9876509306,,1990-02-03,Bangalore,50457
10308,Anjali,Kumar,user9307@example.com,9876509307,,2002-07-11,Mumbai,58437
10309,Rakesh,Kumar,user9308@example.com,9876509308,,1996-05-01,Mumbai,24916
10310,Neha,Singh,user9309@example.com,9876509309,,2012-02-28,Chennai,46582
10311,Sameer,Singh,user9310@example.com,9876509310,Female,1977-05-17,Kolkata,41753
10312,Rakesh,Mehta,user9311@example.com,9876509311,Other,1975-05-26,Hyderabad,75419
10313,Neha,Reddy,user9312@example.com,9876509312,,2009-10-25,Pune,65669
10314,Arjun,Verma,user9313@example.com,9876509313,Female,1993-10-18,Kolkata,82332
10315,Sameer,Sharma,user9314@example.com,9876509314,,2006-11-02,Delhi,56582
10316,Anjali,Sharma,user9315@example.com,9876509315,Male,1980-05-01,Delhi,-1000
10317,Anjali,Patel,user9316@example.com,9876509316,Other,1991-08-28,Delhi,24332
10318,Sneha,Patel,user9317@example.com,9876509317,,1977-11-06,Mumbai,83218
10319,Amit,Singh,user9318@example.com,9876509318,,invalid,Ahmedabad,90332
10320,Kavya,Joshi,user9319@example.com,9876509319,Male,1975-08-30,Chennai,78018
10321,Arjun,Kumar,,9876509320,Male,2016-01-31,Kolkata,47389
10322,Sameer,Gupta,user9321@example.com,9876509321,,1997-04-07,Hyderabad,76078
10323,Rakesh,Reddy,user9322@example.com,9876509322,Male,1995-07-05,Mumbai,68509
10324,Anjali,Rao,user9323@example.com,9876509323,Other,2015-08-30,Delhi,25794
10325,Arjun,Rao,user9324@example.com,9876509324,,1976-12-21,Mumbai,89823
10326,Sameer,Kumar,user9325@example.com,123,Male,1992-08-20,Mumbai,43651
10327,Sameer,Patel,user9326@example.com,9876509326,Other,1989-04-15,Chennai,76501
10328,Rakesh,Mehta,user9327@example.com,9876509327,,1980-05-03,Bangalore,65568
10329,Sameer,Rao,user9328@example.com,9876509328,,2001-03-07,Pune,91952
10330,Vijay,Singh,user9329@example.com,9876509329,,1998-02-09,Kolkata,47726
10331,Arjun,Joshi,user9330@example.com,9876509330,,2010-07-31,Ahmedabad,548877
10332,Neha,Rao,user9331@example.com,9876509331,Male,1979-09-05,Kolkata,78783
10333,Anjali,Sharma,user9332@example.com,9876509332,Male,1975-08-16,Bangalore,53050
10334,Anjali,Joshi,user9333@example.com,9876509333,,1989-06-22,Pune,93463
10335,Neha,Joshi,user9334@example.com,9876509334,Other,1997-03-09,Delhi,49855
10336,Arjun,Rao,user9335@example.com,9876509335,Other,1997-09-18,Chennai,76765
10337,Kavya,Mehta,user9336@example.com,9876509336,Other,1988-09-15,Chennai,64918
10338,Arjun,Mehta,user9337@example.com,9876509337,Female,1993-06-10,Bangalore,51855
10339,Priya,Patel,user9338@example.com,9876509338,Other,1980-03-28,Kolkata,91349
10340,Sameer,Kumar,user9339@example.com,9876509339,Male,1970-12-06,Pune,43940
10341,Amit,Singh,invalid@,9876509340,Female,1977-11-02,Chennai,75628
10342,Rakesh,Gupta,user9341@example.com,9876509341,Other,2016-07-15,Hyderabad,15061
10343,Vijay,Verma,user9342@example.com,9876509342,Male,2017-11-17,Hyderabad,71456
10344,Amit,Gupta,user9343@example.com,9876509343,Female,1994-08-07,Bangalore,89445
10345,Neha,Sharma,user9344@example.com,9876509344,Male,1992-08-11,Chennai,62023
10346,Rakesh,Mehta,user9345@example.com,9876509345,,2004-03-25,Mumbai,-1000
10347,Rakesh,Patel,user9346@example.com,9876509346,Male,1982-05-09,Mumbai,99119
10348,Rakesh,Sharma,user9347@example.com,9876509347,Female,1990-01-08,Bangalore,86147
10349,Anjali,Gupta,user9348@example.com,9876509348,Other,2005-02-25,Kolkata,20481
10350,Vijay,Joshi,user9349@example.com,9876509349,Female,invalid,Bangalore,54110
10351,Anjali,Kumar,user9350@example.com,,Other,1993-11-27,Kolkata,59267
10352,Sameer,Joshi,user9351@example.com,9876509351,Other,1984-08-31,Ahmedabad,71247
10353,Priya,Gupta,user9352@example.com,9876509352,,2050-01-01,Delhi,63723
10354,Sneha,Rao,user9353@example.com,9876509353,,1998-06-13,Hyderabad,54526
10355,Vijay,Kumar,user9354@example.com,9876509354,,1989-10-12,Mumbai,53218
10356,Amit,Patel,user9355@example.com,9876509355,Female,1978-05-10,Chennai,36216
10357,Sameer,Reddy,user9356@example.com,9876509356,,2008-07-05,Bangalore,44821
10358,Arjun,Joshi,user9357@example.com,9876509357,Other,1998-11-29,Pune,81812
10359,Neha,Rao,user9358@example.com,9876509358,Female,1993-02-02,Chennai,44035
10360,Priya,Sharma,user9359@example.com,9876509359,,1993-09-13,Delhi,48954
10361,Sameer,Reddy,,9876509360,Male,1998-08-04,Pune,358402
10362,Arjun,Sharma,user9361@example.com,9876509361,,2007-08-31,Chennai,72682
10363,Priya,Mehta,user9362@example.com,9876509362,Male,1991-05-18,Delhi,84202
10364,Arjun,Reddy,user9363@example.com,9876509363,Female,1989-12-29,Pune,88259
10365,Vijay,Kumar,user9364@example.com,9876509364,,1983-05-14,Hyderabad,57214
10366,Arjun,Mehta,user9365@example.com,9876509365,Other,1997-08-24,Mumbai,63708
10367,Priya,Kumar,user9366@example.com,9876509366,,1980-06-06,Bangalore,65575
10368,Arjun,Singh,user9367@example.com,9876509367,Female,1993-12-29,Kolkata,56628
10369,Amit,Rao,user9368@example.com,9876509368,Female,2010-05-11,Chennai,71596
10370,Sameer,Gupta,user9369@example.com,9876509369,Female,1979-12-21,Bangalore,87629
10371,Priya,Sharma,user9370@example.com,9876509370,Female,1971-10-19,Ahmedabad,84914
10372,Amit,Gupta,user9371@example.com,9876509371,,2012-09-26,Chennai,61646
10373,Arjun,Reddy,user9372@example.com,9876509372,Male,invalid,Bangalore,54308
10374,Arjun,Joshi,user9373@example.com,9876509373,Other,2000-09-14,Kolkata,41954
10375,Rakesh,Joshi,user9374@example.com,9876509374,Other,1989-09-25,Chennai,30256
10376,Priya,Sharma,user9375@example.com,123,,2013-06-13,Hyderabad,-1000
10377,Vijay,Mehta,user9376@example.com,9876509376,Female,1970-11-03,Mumbai,64983
10378,Arjun,Sharma,user9377@example.com,9876509377,Female,1994-05-11,Delhi,65168
10379,Neha,Singh,user9378@example.com,9876509378,Female,1994-04-14,Delhi,113922
10380,Anjali,Singh,user9379@example.com,9876509379,Male,2000-05-27,Bangalore,96745
10381,Sneha,Gupta,invalid@,9876509380,Female,2003-05-13,Pune,65861
10382,Anjali,Reddy,user9381@example.com,9876509381,,1993-01-02,Bangalore,69173
10383,Vijay,Singh,user9382@example.com,9876509382,,1973-10-28,Chennai,42816
10384,Sameer,Rao,user9383@example.com,9876509383,Male,1979-06-23,Delhi,77911
10385,Kavya,Mehta,user9384@example.com,9876509384,Female,1981-12-02,Kolkata,69580
10386,Neha,Mehta,user9385@example.com,9876509385,,2004-07-22,Hyderabad,47347
10387,Kavya,Singh,user9386@example.com,9876509386,,1998-09-03,Chennai,69991
10388,Arjun,Verma,user9387@example.com,9876509387,Other,1991-01-07,Ahmedabad,85845
10389,Sameer,Joshi,user9388@example.com,9876509388,Male,1982-06-11,Hyderabad,106353
10390,Amit,Verma,user9389@example.com,9876509389,,1978-08-15,Delhi,34745
10391,Arjun,Reddy,user9390@example.com,9876509390,Other,2003-08-08,Pune,421101
10392,Kavya,Reddy,user9391@example.com,9876509391,,1972-04-07,Pune,63003
10393,Arjun,Kumar,user9392@example.com,9876509392,Other,1977-04-09,Ahmedabad,69605
10394,Sneha,Reddy,user9393@example.com,9876509393,Female,1998-04-21,Chennai,98621
10395,Rakesh,Kumar,user9394@example.com,9876509394,Female,2004-11-27,Hyderabad,89568
10396,Sneha,Mehta,user9395@example.com,9876509395,,1993-10-18,Chennai,23526
10397,Sameer,Rao,user9396@example.com,9876509396,Male,1999-10-06,Chennai,56543
10398,Amit,Patel,user9397@example.com,9876509397,Female,1995-05-03,Hyderabad,34625
10399,Sneha,Joshi,user9398@example.com,9876509398,Female,1990-08-09,Kolkata,38896
10400,Priya,Kumar,user9399@example.com,9876509399,Other,2007-02-09,Pune,76673
10401,Amit,Gupta,,,Other,1979-07-29,Bangalore,67801
10402,Kavya,Rao,user9401@example.com,9876509401,Other,1981-07-24,Bangalore,98195
10403,Sneha,Sharma,user9402@example.com,9876509402,,1999-05-05,Kolkata,36843
10404,Rakesh,Gupta,user9403@example.com,9876509403,,1981-06-12,Kolkata,64493
10405,Amit,Rao,user9404@example.com,9876509404,Male,1973-10-14,Hyderabad,54183
10406,Arjun,Gupta,user9405@example.com,9876509405,Other,2009-04-28,Kolkata,-1000
10407,Rakesh,Singh,user9406@example.com,9876509406,Male,1981-05-30,Delhi,47041
10408,Arjun,Gupta,user9407@example.com,9876509407,Other,1985-03-08,Hyderabad,69326
10409,Sneha,Kumar,user9408@example.com,9876509408,Female,2012-08-29,Mumbai,37174
10410,Neha,Rao,user9409@example.com,9876509409,Male,2013-09-05,Bangalore,93954
10411,Neha,Sharma,user9410@example.com,9876509410,,1995-10-24,Hyderabad,101743
10412,Kavya,Reddy,user9411@example.com,9876509411,Other,1999-08-19,Bangalore,51055
10413,Rakesh,Gupta,user9412@example.com,9876509412,,1980-11-27,Chennai,48653
10414,Arjun,Sharma,user9413@example.com,9876509413,Female,2018-09-15,Kolkata,70276
10415,Vijay,Rao,user9414@example.com,9876509414,Other,1986-12-23,Hyderabad,48644
10416,Rakesh,Sharma,user9415@example.com,9876509415,Male,2010-06-01,Chennai,87930
10417,Priya,Patel,user9416@example.com,9876509416,Other,2006-06-20,Kolkata,74124
10418,Kavya,Patel,user9417@example.com,9876509417,Female,2012-09-07,Ahmedabad,90341
10419,Anjali,Gupta,user9418@example.com,9876509418,,2006-12-15,Bangalore,43382
10420,Anjali,Gupta,user9419@example.com,9876509419,,1975-12-25,Kolkata,37485
10421,Arjun,Gupta,invalid@,9876509420,,1989-03-05,Delhi,723073
10422,Neha,Joshi,user9421@example.com,9876509421,Female,1993-01-10,Kolkata,98794
10423,Amit,Singh,user9422@example.com,9876509422,Other,1990-05-06,Hyderabad,46284
10424,Priya,Sharma,user9423@example.com,9876509423,Female,invalid,Hyderabad,74221
10425,Anjali,Verma,user9424@example.com,9876509424,Female,2008-01-20,Chennai,51748
10426,Arjun,Mehta,user9425@example.com,123,Other,1987-06-08,Hyderabad,86173
10427,Arjun,Gupta,user9426@example.com,9876509426,,1995-09-05,Ahmedabad,47316
10428,Sneha,Kumar,user9427@example.com,9876509427,,1974-09-30,Bangalore,70500
10429,Neha,Patel,user9428@example.com,9876509428,Male,2005-07-24,Delhi,87412
10430,Rakesh,Patel,user9429@example.com,9876509429,Male,2015-01-21,Hyderabad,38113
10431,Amit,Reddy,user9430@example.com,9876509430,Other,1986-10-01,Ahmedabad,77045
10432,Sneha,Mehta,user9431@example.com,9876509431,Male,1983-10-22,Mumbai,57848
10433,Anjali,Sharma,user9432@example.com,9876509432,,1992-01-27,Chennai,81947
10434,Amit,Rao,user9433@example.com,9876509433,Female,2016-08-01,Delhi,72379
10435,Kavya,Mehta,user9434@example.com,9876509434,,2000-03-18,Hyderabad,56646
10436,Neha,Singh,user9435@example.com,9876509435,Male,1972-05-27,Bangalore,-1000
10437,Anjali,Gupta,user9436@example.com,9876509436,Male,1996-05-26,Ahmedabad,28251
10438,Arjun,Kumar,user9437@example.com,9876509437,Other,1976-12-15,Mumbai,82400
10439,Anjali,Sharma,user9438@example.com,9876509438,Other,1970-03-23,Delhi,102996
10440,Vijay,Sharma,user9439@example.com,9876509439,Female,2018-07-03,Mumbai,54130
10441,Sameer,Gupta,,9876509440,,1997-02-22,Delhi,64243
10442,Sameer,Singh,user9441@example.com,9876509441,Male,1991-10-13,Bangalore,96448
10443,Anjali,Gupta,user9442@example.com,9876509442,Female,2013-08-06,Delhi,29111
10444,Vijay,Gupta,user9443@example.com,9876509443,,2010-08-15,Bangalore,75073
10445,Anjali,Mehta,user9444@example.com,9876509444,Female,2050-01-01,Hyderabad,98474
10446,Sameer,Kumar,user9445@example.com,9876509445,Male,1996-01-16,Delhi,52403
10447,Sneha,Sharma,user9446@example.com,9876509446,Other,1971-08-03,Hyderabad,54160
10448,Kavya,Reddy,user9447@example.com,9876509447,Other,2004-06-18,Kolkata,91569
10449,Sameer,Gupta,user9448@example.com,9876509448,Other,1971-10-08,Ahmedabad,43175
10450,Kavya,Joshi,user9449@example.com,9876509449,,2012-12-28,Hyderabad,82238
10451,Arjun,Rao,user9450@example.com,,Female,1987-02-24,Delhi,725101
10452,Kavya,Gupta,user9451@example.com,9876509451,Male,2013-08-11,Delhi,87706
10453,Sneha,Gupta,user9452@example.com,9876509452,Female,1999-08-20,Pune,62450
10454,Vijay,Sharma,user9453@example.com,9876509453,Other,1993-04-09,Pune,95715
10455,Kavya,Patel,user9454@example.com,9876509454,Female,1970-08-22,Hyderabad,57300
10456,Amit,Verma,user9455@example.com,9876509455,,2017-09-09,Delhi,35529
10457,Rakesh,Rao,user9456@example.com,9876509456,Female,invalid,Pune,34181
10458,Sameer,Patel,user9457@example.com,9876509457,,2011-09-29,Hyderabad,43166
10459,Vijay,Mehta,user9458@example.com,9876509458,,1986-06-23,Bangalore,78525
10460,Priya,Joshi,user9459@example.com,9876509459,Other,1984-01-09,Hyderabad,49978
10461,Arjun,Verma,invalid@,9876509460,Male,2011-05-02,Pune,64622
10462,Rakesh,Rao,user9461@example.com,9876509461,,1974-10-02,Delhi,66816
10463,Amit,Patel,user9462@example.com,9876509462,Male,1981-09-17,Chennai,49505
10464,Neha,Kumar,user9463@example.com,9876509463,Male,1972-07-30,Mumbai,68126
10465,Sneha,Kumar,user9464@example.com,9876509464,,1970-12-16,Chennai,83819
10466,Anjali,Singh,user9465@example.com,9876509465,,1973-11-06,Chennai,-1000
10467,Rakesh,Gupta,user9466@example.com,9876509466,Other,1990-06-09,Chennai,83369
10468,Vijay,Joshi,user9467@example.com,9876509467,Female,2006-12-26,Chennai,57456
10469,Vijay,Verma,user9468@example.com,9876509468,,2002-05-12,Hyderabad,70311
10470,Vijay,Rao,user9469@example.com,9876509469,Other,1974-03-26,Mumbai,66942
10471,Arjun,Kumar,user9470@example.com,9876509470,,1991-08-15,Delhi,86475
10472,Kavya,Joshi,user9471@example.com,9876509471,,2018-07-26,Hyderabad,73493
10473,Sameer,Verma,user9472@example.com,9876509472,Male,2002-05-17,Delhi,52159
10474,Neha,Singh,user9473@example.com,9876509473,,1990-01-26,Mumbai,74757
10475,Anjali,Kumar,user9474@example.com,9876509474,Female,1981-09-28,Kolkata,45874
10476,Vijay,Sharma,user9475@example.com,123,,2003-07-03,Kolkata,73077
10477,Anjali,Kumar,user9476@example.com,9876509476,Male,1988-09-18,Ahmedabad,64388
10478,Priya,Reddy,user9477@example.com,9876509477,,1977-01-29,Hyderabad,67998
10479,Arjun,Sharma,user9478@example.com,9876509478,Other,2050-01-01,Pune,64199
10480,Vijay,Joshi,user9479@example.com,9876509479,Female,2008-02-25,Ahmedabad,52822
10481,Priya,Singh,,9876509480,,2015-03-17,Bangalore,503441
10482,Neha,Patel,user9481@example.com,9876509481,Other,1984-02-22,Chennai,86612
10483,Neha,Mehta,user9482@example.com,9876509482,Male,1999-04-06,Kolkata,102643
10484,Sameer,Gupta,user9483@example.com,9876509483,,2016-06-15,Chennai,70416
10485,Amit,Gupta,user9484@example.com,9876509484,,1974-01-06,Mumbai,65635
10486,Sameer,Kumar,user9485@example.com,9876509485,Other,1993-10-21,Mumbai,40441
10487,Kavya,Rao,user9486@example.com,9876509486,Other,invalid,Ahmedabad,29813
10488,Anjali,Sharma,user9487@example.com,9876509487,,1973-03-01,Bangalore,32842
10489,Sneha,Reddy,user9488@example.com,9876509488,,1991-10-18,Ahmedabad,75612
10490,Neha,Kumar,user9489@example.com,9876509489,,2017-06-02,Bangalore,29491
10491,Sneha,Singh,user9490@example.com,9876509490,Male,1999-07-11,Hyderabad,78167
10492,Arjun,Mehta,user9491@example.com,9876509491,,2015-10-31,Delhi,43053
10493,Rakesh,Patel,user9492@example.com,9876509492,,1984-02-13,Chennai,68192
10494,Vijay,Mehta,user9493@example.com,9876509493,,1996-05-21,Delhi,56846
10495,Arjun,Reddy,user9494@example.com,9876509494,Male,1999-09-17,Mumbai,43787
10496,Neha,Mehta,user9495@example.com,9876509495,Other,1984-09-08,Delhi,-1000
10497,Priya,Mehta,user9496@example.com,9876509496,,2001-05-30,Ahmedabad,30536
10498,Anjali,Joshi,user9497@example.com,9876509497,,1980-11-18,Bangalore,43359
10499,Sneha,Singh,user9498@example.com,9876509498,,1989-12-31,Mumbai,109478
10500,Sameer,Singh,user9499@example.com,9876509499,Female,1973-04-25,Delhi,91081
10501,Rakesh,Verma,invalid@,,Male,1994-02-25,Mumbai,68637
10502,Amit,Kumar,user9501@example.com,9876509501,Other,1999-11-14,Mumbai,57671
10503,Arjun,Rao,user9502@example.com,9876509502,Female,1988-09-07,Bangalore,53267
10504,Amit,Verma,user9503@example.com,9876509503,,1986-12-21,Ahmedabad,67194
10505,Sneha,Singh,user9504@example.com,9876509504,,1973-01-12,Chennai,53583
10506,Sneha,Gupta,user9505@example.com,9876509505,Male,2000-11-08,Ahmedabad,53448
10507,Vijay,Kumar,user9506@example.com,9876509506,,1983-08-27,Pune,74733
10508,Priya,Reddy,user9507@example.com,9876509507,,1979-05-28,Ahmedabad,44811
10509,Priya,Joshi,user9508@example.com,9876509508,,1991-12-20,Hyderabad,15390
10510,Kavya,Patel,user9509@example.com,9876509509,,2000-10-16,Delhi,53301
10511,Sameer,Gupta,user9510@example.com,9876509510,Male,1989-05-02,Hyderabad,940394
10512,Neha,Singh,user9511@example.com,9876509511,Female,1988-08-21,Pune,32434
10513,Neha,Kumar,user9512@example.com,9876509512,,1989-02-03,Pune,40232
10514,Sneha,Singh,user9513@example.com,9876509513,Female,1970-06-19,Pune,52268
10515,Arjun,Sharma,user9514@example.com,9876509514,Male,2005-06-15,Pune,33042
10516,Anjali,Verma,user9515@example.com,9876509515,,2009-10-28,Ahmedabad,95071
10517,Neha,Patel,user9516@example.com,9876509516,Other,2006-02-20,Kolkata,66956
10518,Neha,Patel,user9517@example.com,9876509517,Female,2009-08-20,Pune,29429
10519,Arjun,Rao,user9518@example.com,9876509518,Male,1994-02-27,Delhi,62439
10520,Sameer,Sharma,user9519@example.com,9876509519,Male,1994-08-19,Delhi,64215
10521,Rakesh,Mehta,,9876509520,Male,2010-12-29,Mumbai,60173
10522,Priya,Sharma,user9521@example.com,9876509521,,2008-06-05,Kolkata,61689
10523,Vijay,Patel,user9522@example.com,9876509522,,1978-04-23,Kolkata,62414
10524,Vijay,Gupta,user9523@example.com,9876509523,Other,2006-06-29,Hyderabad,71196
10525,Vijay,Rao,user9524@example.com,9876509524,,2000-11-18,Delhi,72468
10526,Arjun,Reddy,user9525@example.com,123,,1983-08-29,Chennai,-1000
10527,Vijay,Gupta,user9526@example.com,9876509526,Female,1989-07-10,Mumbai,66203
10528,Sneha,Kumar,user9527@example.com,9876509527,Other,2011-05-10,Hyderabad,68628
10529,Kavya,Mehta,user9528@example.com,9876509528,Male,1980-08-05,Delhi,52794
10530,Arjun,Verma,user9529@example.com,9876509529,,1972-03-02,Pune,99119
10531,Arjun,Reddy,user9530@example.com,9876509530,Other,2003-10-08,Bangalore,63336
10532,Priya,Gupta,user9531@example.com,9876509531,Female,1999-06-01,Hyderabad,75079
10533,Vijay,Kumar,user9532@example.com,9876509532,,1980-07-08,Pune,56019
10534,Amit,Singh,user9533@example.com,9876509533,Other,1979-03-11,Ahmedabad,58917
10535,Rakesh,Joshi,user9534@example.com,9876509534,Male,1990-08-06,Mumbai,71851
10536,Kavya,Mehta,user9535@example.com,9876509535,,1983-06-27,Bangalore,37309
10537,Arjun,Verma,user9536@example.com,9876509536,,1999-06-22,Kolkata,79900
10538,Kavya,Rao,user9537@example.com,9876509537,Female,2003-02-13,Hyderabad,40376
10539,Arjun,Sharma,user9538@example.com,9876509538,Male,1988-05-06,Delhi,82625
10540,Sameer,Joshi,user9539@example.com,9876509539,,1975-09-26,Pune,59632
10541,Priya,Mehta,invalid@,9876509540,Female,2005-02-01,Kolkata,1062143
10542,Sneha,Reddy,user9541@example.com,9876509541,Male,2014-07-02,Mumbai,84657
10543,Sameer,Singh,user9542@example.com,9876509542,,1987-02-11,Mumbai,84758
10544,Anjali,Rao,user9543@example.com,9876509543,Female,2012-01-23,Kolkata,67898
10545,Vijay,Patel,user9544@example.com,9876509544,,1994-02-11,Hyderabad,85191
10546,Anjali,Gupta,user9545@example.com,9876509545,Male,2006-04-15,Delhi,80201
10547,Rakesh,Gupta,user9546@example.com,9876509546,Other,2003-05-13,Mumbai,26264
10548,Amit,Rao,user9547@example.com,9876509547,Male,1989-03-05,Hyderabad,47582
10549,Sneha,Patel,user9548@example.com,9876509548,,2014-03-13,Delhi,46394
10550,Sameer,Gupta,user9549@example.com,9876509549,,1976-04-20,Kolkata,49444
10551,Kavya,Mehta,user9550@example.com,,Other,1998-07-15,Hyderabad,59862
10552,Kavya,Rao,user9551@example.com,9876509551,,1984-06-05,Delhi,75330
10553,Rakesh,Rao,user9552@example.com,9876509552,Male,1996-09-25,Pune,88496
10554,Arjun,Reddy,user9553@example.com,9876509553,Female,2050-01-01,Mumbai,77119
10555,Kavya,Patel,user9554@example.com,9876509554,Male,2016-03-28,Kolkata,89817
10556,Vijay,Reddy,user9555@example.com,9876509555,,2010-05-19,Ahmedabad,-1000
10557,Amit,Patel,user9556@example.com,9876509556,Other,2015-12-18,Ahmedabad,54925
10558,Priya,Reddy,user9557@example.com,9876509557,Other,1996-11-11,Pune,59792
10559,Vijay,Rao,user9558@example.com,9876509558,,1977-12-16,Kolkata,51652
10560,Amit,Sharma,user9559@example.com,9876509559,Other,2002-05-01,Pune,42548
10561,Rakesh,Sharma,,9876509560,Other,1974-04-19,Delhi,72803
10562,Vijay,Sharma,user9561@example.com,9876509561,,2002-08-09,Kolkata,50935
10563,Priya,Rao,user9562@example.com,9876509562,Female,1970-05-20,Ahmedabad,81136
10564,Priya,Gupta,user9563@example.com,9876509563,Female,1982-10-28,Mumbai,40551
10565,Neha,Singh,user9564@example.com,9876509564,,1988-06-05,Ahmedabad,82272
10566,Arjun,Verma,user9565@example.com,9876509565,Other,2000-07-18,Hyderabad,69297
10567,Rakesh,Singh,user9566@example.com,9876509566,Male,1983-11-11,Pune,69302
10568,Vijay,Sharma,user9567@example.com,9876509567,Female,1975-12-13,Pune,69877
10569,Sneha,Gupta,user9568@example.com,9876509568,,2050-01-01,Kolkata,63375
10570,Sneha,Rao,user9569@example.com,9876509569,Male,1987-03-10,Kolkata,63724
10571,Rakesh,Kumar,user9570@example.com,9876509570,Other,1973-06-03,Kolkata,595968
10572,Vijay,Gupta,user9571@example.com,9876509571,,2014-01-01,Kolkata,70980
10573,Sameer,Kumar,user9572@example.com,9876509572,Female,1977-05-21,Delhi,76033
10574,Sameer,Rao,user9573@example.com,9876509573,Male,1977-07-16,Mumbai,55949
10575,Arjun,Mehta,user9574@example.com,9876509574,Male,2010-10-21,Pune,92764
10576,Vijay,Patel,user9575@example.com,123,Female,2004-07-27,Hyderabad,57676
10577,Priya,Verma,user9576@example.com,9876509576,Male,1980-08-20,Chennai,50954
10578,Kavya,Singh,user9577@example.com,9876509577,Female,1989-11-11,Mumbai,61972
10579,Sneha,Reddy,user9578@example.com,9876509578,,1970-04-05,Ahmedabad,49684
10580,Vijay,Reddy,user9579@example.com,9876509579,,1981-10-01,Delhi,74325
10581,Vijay,Patel,invalid@,9876509580,Other,2011-01-17,Kolkata,62173
10582,Kavya,Gupta,user9581@example.com,9876509581,,2005-01-26,Ahmedabad,79672
10583,Kavya,Reddy,user9582@example.com,9876509582,Other,2005-09-14,Kolkata,63783
10584,Amit,Joshi,user9583@example.com,9876509583,Other,1985-10-29,Chennai,63127
10585,Neha,Reddy,user9584@example.com,9876509584,Female,2012-01-02,Pune,56838
10586,Arjun,Rao,user9585@example.com,9876509585,,1992-06-18,Hyderabad,-1000
10587,Sneha,Patel,user9586@example.com,9876509586,Other,1976-04-20,Pune,60134
10588,Kavya,Verma,user9587@example.com,9876509587,Other,1987-01-16,Hyderabad,70290
10589,Sameer,Patel,user9588@example.com,9876509588,,1971-01-08,Mumbai,85921
10590,Rakesh,Verma,user9589@example.com,9876509589,,1982-04-17,Kolkata,63242
10591,Sameer,Joshi,user9590@example.com,9876509590,,2008-11-18,Hyderabad,63003
10592,Amit,Reddy,user9591@example.com,9876509591,Other,1986-01-08,Pune,60393
10593,Amit,Patel,user9592@example.com,9876509592,,1986-07-04,Hyderabad,68800
10594,Kavya,Kumar,user9593@example.com,9876509593,,2017-02-03,Chennai,81138
10595,Amit,Sharma,user9594@example.com,9876509594,Female,2000-06-23,Mumbai,80545
10596,Priya,Joshi,user9595@example.com,9876509595,Other,1973-08-25,Chennai,74825
10597,Anjali,Gupta,user9596@example.com,9876509596,Male,2010-05-09,Bangalore,89198
10598,Vijay,Kumar,user9597@example.com,9876509597,Other,2001-04-26,Pune,66653
10599,Vijay,Verma,user9598@example.com,9876509598,Other,2013-11-22,Ahmedabad,93092
10600,Kavya,Patel,user9599@example.com,9876509599,Female,2010-02-21,Ahmedabad,85997
10601,Amit,Verma,,,Male,1972-01-26,Mumbai,519260
10602,Rakesh,Verma,user9601@example.com,9876509601,Male,1979-08-27,Chennai,80748
10603,Priya,Joshi,user9602@example.com,9876509602,Male,1974-12-02,Chennai,27869
10604,Arjun,Kumar,user9603@example.com,9876509603,Female,2007-08-29,Chennai,89044
10605,Amit,Patel,user9604@example.com,9876509604,,2003-04-19,Chennai,63574
10606,Priya,Reddy,user9605@example.com,9876509605,Male,1975-12-18,Bangalore,49459
10607,Neha,Mehta,user9606@example.com,9876509606,,1975-08-13,Hyderabad,30049
10608,Arjun,Singh,user9607@example.com,9876509607,,2012-06-01,Pune,62296
10609,Vijay,Singh,user9608@example.com,9876509608,Female,1985-11-27,Chennai,89307
10610,Neha,Joshi,user9609@example.com,9876509609,,1998-02-06,Delhi,69854
10611,Kavya,Gupta,user9610@example.com,9876509610,Male,1986-05-13,Delhi,57077
10612,Sneha,Rao,user9611@example.com,9876509611,Male,2009-04-04,Kolkata,61200
10613,Kavya,Mehta,user9612@example.com,9876509612,,2003-05-03,Kolkata,91598
10614,Rakesh,Patel,user9613@example.com,9876509613,,1974-08-21,Ahmedabad,78976
10615,Priya,Singh,user9614@example.com,9876509614,,2005-11-08,Pune,64167
10616,Sneha,Gupta,user9615@example.com,9876509615,Female,2010-08-17,Delhi,-1000
10617,Arjun,Rao,user9616@example.com,9876509616,Other,1977-12-30,Mumbai,80868
10618,Arjun,Kumar,user9617@example.com,9876509617,,1981-05-30,Pune,47219
10619,Neha,Patel,user9618@example.com,9876509618,,1994-11-08,Ahmedabad,58076
10620,Rakesh,Verma,user9619@example.com,9876509619,,1986-10-23,Kolkata,93387
10621,Vijay,Gupta,invalid@,9876509620,Male,1973-12-29,Bangalore,78523
10622,Amit,Patel,user9621@example.com,9876509621,,2001-01-25,Mumbai,100449
10623,Amit,Mehta,user9622@example.com,9876509622,Female,1979-05-04,Mumbai,76982
10624,Sneha,Verma,user9623@example.com,9876509623,Male,1971-07-17,Hyderabad,50800
10625,Rakesh,Mehta,user9624@example.com,9876509624,,2012-02-07,Chennai,64581
10626,Rakesh,Sharma,user9625@example.com,123,Female,1989-02-22,Pune,80747
10627,Arjun,Singh,user9626@example.com,9876509626,Male,2003-06-15,Hyderabad,64823
10628,Vijay,Rao,user9627@example.com,9876509627,Other,1991-05-07,Kolkata,66212
10629,Priya,Gupta,user9628@example.com,9876509628,,1985-06-30,Bangalore,105700
10630,Vijay,Verma,user9629@example.com,9876509629,Male,2015-10-20,Mumbai,60257
10631,Sameer,Singh,user9630@example.com,9876509630,Male,1977-06-09,Bangalore,714386
10632,Rakesh,Joshi,user9631@example.com,9876509631,,1997-01-03,Hyderabad,70208
10633,Kavya,Mehta,user9632@example.com,9876509632,Other,1985-07-01,Ahmedabad,83262
10634,Anjali,Sharma,user9633@example.com,9876509633,,1989-10-20,Mumbai,70213
10635,Rakesh,Mehta,user9634@example.com,9876509634,Other,2000-12-28,Kolkata,67589
10636,Sneha,Patel,user9635@example.com,9876509635,,2017-12-03,Delhi,105309
10637,Kavya,Kumar,user9636@example.com,9876509636,,1997-08-31,Kolkata,62952
10638,Sneha,Sharma,user9637@example.com,9876509637,Male,1976-03-12,Ahmedabad,79664
10639,Neha,Sharma,user9638@example.com,9876509638,Other,2016-11-21,Ahmedabad,39258
10640,Anjali,Rao,user9639@example.com,9876509639,Other,1999-02-22,Chennai,65044
10641,Anjali,Gupta,,9876509640,,2012-10-28,Hyderabad,63074
10642,Arjun,Joshi,user9641@example.com,9876509641,Male,2000-01-04,Mumbai,63558
10643,Rakesh,Joshi,user9642@example.com,9876509642,Other,1990-01-26,Delhi,30586
10644,Arjun,Rao,user9643@example.com,9876509643,,2012-04-18,Hyderabad,57910
10645,Amit,Mehta,user9644@example.com,9876509644,Other,1972-02-22,Bangalore,47629
10646,Sneha,Reddy,user9645@example.com,9876509645,Male,1970-04-07,Delhi,-1000
10647,Sameer,Singh,user9646@example.com,9876509646,Male,1994-01-13,Hyderabad,47699
10648,Sameer,Reddy,user9647@example.com,9876509647,Female,2006-08-14,Ahmedabad,77562
10649,Amit,Patel,user9648@example.com,9876509648,,2005-02-14,Mumbai,78508
10650,Neha,Joshi,user9649@example.com,9876509649,,2014-08-31,Delhi,53086
10651,Sameer,Gupta,user9650@example.com,,Other,1999-07-06,Kolkata,47992
10652,Sneha,Kumar,user9651@example.com,9876509651,Male,2003-11-16,Delhi,59352
10653,Sameer,Mehta,user9652@example.com,9876509652,Other,2007-05-13,Ahmedabad,57038
10654,Amit,Gupta,user9653@example.com,9876509653,Other,1976-10-24,Hyderabad,45333
10655,Kavya,Gupta,user9654@example.com,9876509654,,1991-05-28,Bangalore,59083
10656,Arjun,Verma,user9655@example.com,9876509655,Male,2014-11-09,Hyderabad,71239
10657,Priya,Sharma,user9656@example.com,9876509656,Female,1990-04-02,Delhi,41181
10658,Sneha,Singh,user9657@example.com,9876509657,,1992-01-30,Chennai,61095
10659,Arjun,Sharma,user9658@example.com,9876509658,Other,1983-01-22,Hyderabad,54498
10660,Anjali,Gupta,user9659@example.com,9876509659,,2008-04-17,Hyderabad,66867
10661,Vijay,Rao,invalid@,9876509660,,1994-06-05,Hyderabad,1026920
10662,Sameer,Reddy,user9661@example.com,9876509661,,1970-11-13,Delhi,34693
10663,Sameer,Verma,user9662@example.com,9876509662,,1970-03-17,Pune,62877
10664,Neha,Sharma,user9663@example.com,9876509663,Male,2000-10-08,Ahmedabad,70590
10665,Arjun,Patel,user9664@example.com,9876509664,Other,1970-07-23,Pune,54802
10666,Vijay,Kumar,user9665@example.com,9876509665,Other,1991-08-14,Ahmedabad,72358
10667,Sameer,Kumar,user9666@example.com,9876509666,,1987-12-25,Ahmedabad,35812
10668,Anjali,Singh,user9667@example.com,9876509667,Female,2008-06-16,Pune,57998
10669,Neha,Patel,user9668@example.com,9876509668,Other,2050-01-01,Kolkata,11637
10670,Arjun,Sharma,user9669@example.com,9876509669,,1990-06-05,Bangalore,60143
10671,Neha,Sharma,user9670@example.com,9876509670,,1981-12-04,Bangalore,40354
10672,Arjun,Gupta,user9671@example.com,9876509671,Other,1977-04-17,Ahmedabad,71263
10673,Rakesh,Sharma,user9672@example.com,9876509672,Male,1993-08-11,Kolkata,93281
10674,Rakesh,Patel,user9673@example.com,9876509673,,1992-12-20,Kolkata,70514
10675,Amit,Kumar,user9674@example.com,9876509674,,1970-02-08,Pune,63514
10676,Sneha,Gupta,user9675@example.com,123,Male,2011-03-11,Delhi,-1000
10677,Neha,Mehta,user9676@example.com,9876509676,,1998-04-02,Ahmedabad,59401
10678,Amit,Patel,user9677@example.com,9876509677,,1994-06-04,Chennai,59700
10679,Neha,Rao,user9678@example.com,9876509678,Other,1986-12-09,Ahmedabad,65322
10680,Sameer,Sharma,user9679@example.com,9876509679,Male,2004-01-02,Mumbai,74539
10681,Priya,Kumar,,9876509680,,2009-01-13,Bangalore,49639
10682,Neha,Reddy,user9681@example.com,9876509681,,1981-04-27,Pune,87948
10683,Sameer,Sharma,user9682@example.com,9876509682,Male,1980-04-29,Delhi,60703
10684,Vijay,Rao,user9683@example.com,9876509683,Other,2011-12-03,Chennai,65286
10685,Rakesh,Kumar,user9684@example.com,9876509684,Female,1985-03-01,Kolkata,90720
10686,Amit,Singh,user9685@example.com,9876509685,,2014-04-21,Delhi,22428
10687,Priya,Sharma,user9686@example.com,9876509686,Female,1978-12-02,Chennai,14089
10688,Anjali,Gupta,user9687@example.com,9876509687,,1987-09-10,Ahmedabad,72789
10689,Rakesh,Verma,user9688@example.com,9876509688,Other,2007-09-19,Hyderabad,65169
10690,Amit,Patel,user9689@example.com,9876509689,Other,2007-08-18,Hyderabad,94716
10691,Priya,Rao,user9690@example.com,9876509690,Other,2001-03-17,Delhi,424978
10692,Anjali,Sharma,user9691@example.com,9876509691,Other,2013-12-05,Delhi,74712
10693,Kavya,Mehta,user9692@example.com,9876509692,Male,2010-06-12,Ahmedabad,57804
10694,Sameer,Reddy,user9693@example.com,9876509693,Male,1991-08-19,Bangalore,83962
10695,Kavya,Kumar,user9694@example.com,9876509694,,1999-07-18,Mumbai,21293
10696,Sameer,Rao,user9695@example.com,9876509695,Male,2001-07-02,Bangalore,59707
10697,Arjun,Patel,user9696@example.com,9876509696,,2018-04-07,Bangalore,79562
10698,Sneha,Sharma,user9697@example.com,9876509697,Male,2003-08-15,Mumbai,49111
10699,Priya,Mehta,user9698@example.com,9876509698,Male,1971-10-20,Hyderabad,63908
10700,Kavya,Kumar,user9699@example.com,9876509699,Male,2000-07-19,Ahmedabad,65996
10701,Sneha,Patel,invalid@,,,2009-10-08,Bangalore,71726
10702,Priya,Kumar,user9701@example.com,9876509701,Other,2004-07-17,Pune,43214
10703,Amit,Patel,user9702@example.com,9876509702,,1986-04-30,Pune,55305
10704,Arjun,Sharma,user9703@example.com,9876509703,Male,2008-04-28,Mumbai,74893
10705,Amit,Verma,user9704@example.com,9876509704,Male,1982-06-02,Pune,79884
10706,Sameer,Joshi,user9705@example.com,9876509705,,2050-01-01,Hyderabad,-1000
10707,Sneha,Gupta,user9706@example.com,9876509706,,2012-11-20,Ahmedabad,58135
10708,Priya,Verma,user9707@example.com,9876509707,Other,2002-05-11,Delhi,66877
10709,Neha,Joshi,user9708@example.com,9876509708,,1975-05-31,Hyderabad,81853
10710,Sneha,Sharma,user9709@example.com,9876509709,Other,1980-01-18,Ahmedabad,69031
10711,Vijay,Sharma,user9710@example.com,9876509710,Female,2009-02-12,Mumbai,41389
10712,Anjali,Sharma,user9711@example.com,9876509711,Other,1972-07-26,Delhi,42520
10713,Kavya,Joshi,user9712@example.com,9876509712,,2018-05-22,Pune,65732
10714,Priya,Mehta,user9713@example.com,9876509713,Other,1982-10-15,Bangalore,31820
10715,Rakesh,Rao,user9714@example.com,9876509714,Female,1990-04-27,Kolkata,80847
10716,Rakesh,Joshi,user9715@example.com,9876509715,Female,2013-04-19,Hyderabad,46442
10717,Anjali,Reddy,user9716@example.com,9876509716,Male,2005-06-19,Pune,41876
10718,Sameer,Rao,user9717@example.com,9876509717,Female,1974-02-25,Ahmedabad,98758
10719,Sneha,Reddy,user9718@example.com,9876509718,,2007-02-28,Ahmedabad,54774
10720,Sneha,Patel,user9719@example.com,9876509719,,1998-02-17,Kolkata,70667
10721,Rakesh,Gupta,,9876509720,,1973-11-05,Hyderabad,769742
10722,Sneha,Gupta,user9721@example.com,9876509721,,1986-11-23,Mumbai,94034
10723,Anjali,Gupta,user9722@example.com,9876509722,,1976-06-11,Bangalore,53142
10724,Sneha,Singh,user9723@example.com,9876509723,,2002-11-08,Bangalore,68543
10725,Sameer,Joshi,user9724@example.com,9876509724,,1999-12-13,Delhi,62613
10726,Kavya,Mehta,user9725@example.com,123,,1971-08-04,Hyderabad,112966
10727,Vijay,Patel,user9726@example.com,9876509726,Female,1992-09-15,Delhi,24554
10728,Kavya,Sharma,user9727@example.com,9876509727,,1982-06-17,Ahmedabad,61790
10729,Vijay,Joshi,user9728@example.com,9876509728,,2050-01-01,Mumbai,64651
10730,Neha,Reddy,user9729@example.com,9876509729,,1970-10-26,Kolkata,62781
10731,Kavya,Reddy,user9730@example.com,9876509730,,1981-04-09,Ahmedabad,36105
10732,Anjali,Rao,user9731@example.com,9876509731,Female,2014-12-24,Chennai,27912
10733,Arjun,Sharma,user9732@example.com,9876509732,,1990-12-09,Hyderabad,34181
10734,Neha,Singh,user9733@example.com,9876509733,Other,1976-12-18,Bangalore,82249
10735,Vijay,Reddy,user9734@example.com,9876509734,,1983-01-31,Bangalore,64661
10736,Vijay,Gupta,user9735@example.com,9876509735,Male,2009-11-10,Ahmedabad,-1000
10737,Neha,Rao,user9736@example.com,9876509736,Other,2012-02-13,Kolkata,93636
10738,Vijay,Verma,user9737@example.com,9876509737,,2015-08-24,Bangalore,104265
10739,Priya,Kumar,user9738@example.com,9876509738,,1971-06-01,Hyderabad,71023
10740,Arjun,Rao,user9739@example.com,9876509739,,1976-01-11,Kolkata,73541
10741,Anjali,Rao,invalid@,9876509740,Female,1988-01-04,Hyderabad,66777
10742,Priya,Reddy,user9741@example.com,9876509741,Female,2004-07-30,Delhi,52457
10743,Vijay,Joshi,user9742@example.com,9876509742,,1992-03-08,Bangalore,28393
10744,Kavya,Sharma,user9743@example.com,9876509743,,1980-01-07,Delhi,43348
10745,Priya,Verma,user9744@example.com,9876509744,,1988-12-14,Pune,63914
10746,Kavya,Gupta,user9745@example.com,9876509745,,1981-09-26,Kolkata,76509
10747,Neha,Joshi,user9746@example.com,9876509746,,1980-10-11,Mumbai,60360
10748,Sneha,Patel,user9747@example.com,9876509747,,invalid,Mumbai,63101
10749,Amit,Reddy,user9748@example.com,9876509748,Male,1991-02-21,Bangalore,65881
10750,Vijay,Sharma,user9749@example.com,9876509749,Female,1992-06-03,Hyderabad,67120
10751,Amit,Mehta,user9750@example.com,,Other,1977-06-02,Mumbai,532626
10752,Arjun,Gupta,user9751@example.com,9876509751,Other,2007-02-22,Chennai,73259
10753,Kavya,Joshi,user9752@example.com,9876509752,Female,1975-12-19,Pune,42754
10754,Priya,Gupta,user9753@example.com,9876509753,Male,1972-04-18,Hyderabad,71130
10755,Amit,Sharma,user9754@example.com,9876509754,Female,2007-06-24,Bangalore,34633
10756,Sameer,Patel,user9755@example.com,9876509755,Male,1996-09-08,Delhi,41121
10757,Vijay,Patel,user9756@example.com,9876509756,Male,1996-05-09,Pune,50650
10758,Amit,Gupta,user9757@example.com,9876509757,,1992-03-10,Kolkata,68890
10759,Priya,Patel,user9758@example.com,9876509758,Female,2011-01-04,Chennai,69716
10760,Priya,Joshi,user9759@example.com,9876509759,Other,1990-02-03,Pune,47986
10761,Arjun,Gupta,,9876509760,,1973-03-14,Mumbai,36626
10762,Rakesh,Joshi,user9761@example.com,9876509761,,2011-08-01,Chennai,89120
10763,Anjali,Patel,user9762@example.com,9876509762,Female,1972-08-05,Hyderabad,66334
10764,Sameer,Singh,user9763@example.com,9876509763,,1970-06-10,Delhi,62255
10765,Amit,Kumar,user9764@example.com,9876509764,Male,2001-01-01,Ahmedabad,72281
10766,Anjali,Mehta,user9765@example.com,9876509765,,invalid,Pune,-1000
10767,Sameer,Reddy,user9766@example.com,9876509766,Male,1977-03-12,Mumbai,86418
10768,Rakesh,Sharma,user9767@example.com,9876509767,Male,2014-06-11,Kolkata,76520
10769,Amit,Mehta,user9768@example.com,9876509768,Other,2015-04-19,Kolkata,59332
10770,Sameer,Joshi,user9769@example.com,9876509769,,2050-01-01,Pune,63755
10771,Anjali,Kumar,user9770@example.com,9876509770,Other,2002-09-06,Hyderabad,60205
10772,Kavya,Kumar,user9771@example.com,9876509771,,2003-05-26,Delhi,91664
10773,Priya,Singh,user9772@example.com,9876509772,Male,1992-12-07,Hyderabad,73625
10774,Sneha,Verma,user9773@example.com,9876509773,,1975-03-12,Kolkata,75847
10775,Neha,Verma,user9774@example.com,9876509774,Other,2001-06-14,Hyderabad,66383
10776,Vijay,Joshi,user9775@example.com,123,,1976-08-01,Delhi,64995
10777,Sneha,Kumar,user9776@example.com,9876509776,Other,2016-11-11,Bangalore,102582
10778,Amit,Singh,user9777@example.com,9876509777,,1996-11-13,Hyderabad,57746
10779,Amit,Reddy,user9778@example.com,9876509778,Female,1971-08-01,Ahmedabad,69386
10780,Sameer,Reddy,user9779@example.com,9876509779,Other,1993-06-18,Ahmedabad,106227
10781,Priya,Mehta,invalid@,9876509780,,2018-06-10,Mumbai,915402
10782,Rakesh,Gupta,user9781@example.com,9876509781,,2003-11-28,Ahmedabad,72585
10783,Arjun,Sharma,user9782@example.com,9876509782,,1972-04-21,Delhi,34804
10784,Sameer,Singh,user9783@example.com,9876509783,,1987-02-14,Ahmedabad,108375
10785,Arjun,Gupta,user9784@example.com,9876509784,Other,2003-10-15,Mumbai,60190
10786,Neha,Patel,user9785@example.com,9876509785,Other,1999-08-24,Pune,66678
10787,Anjali,Reddy,user9786@example.com,9876509786,,1983-03-15,Ahmedabad,85636
10788,Sameer,Joshi,user9787@example.com,9876509787,Other,2018-09-23,Ahmedabad,60879
10789,Neha,Singh,user9788@example.com,9876509788,,1970-02-14,Hyderabad,69253
10790,Vijay,Kumar,user9789@example.com,9876509789,Male,1984-05-03,Kolkata,66289
10791,Sameer,Rao,user9790@example.com,9876509790,,1988-02-21,Delhi,57728
10792,Priya,Rao,user9791@example.com,9876509791,,1991-12-06,Delhi,72026
10793,Priya,Reddy,user9792@example.com,9876509792,,1980-12-28,Kolkata,52318
10794,Amit,Singh,user9793@example.com,9876509793,Male,1985-10-29,Pune,42271
10795,Vijay,Gupta,user9794@example.com,9876509794,,1982-08-01,Kolkata,75816
10796,Amit,Gupta,user9795@example.com,9876509795,,1992-08-18,Chennai,-1000
10797,Arjun,Singh,user9796@example.com,9876509796,Other,1987-03-25,Chennai,50149
10798,Sneha,Sharma,user9797@example.com,9876509797,,2050-01-01,Bangalore,54466
10799,Rakesh,Reddy,user9798@example.com,9876509798,,2001-01-02,Ahmedabad,65096
10800,Vijay,Patel,user9799@example.com,9876509799,Male,2002-11-03,Delhi,65118
10801,Anjali,Mehta,,,Female,2016-02-25,Bangalore,25556
10802,Rakesh,Singh,user9801@example.com,9876509801,Other,1976-01-27,Ahmedabad,56520
10803,Rakesh,Sharma,user9802@example.com,9876509802,,1998-02-14,Ahmedabad,100904
10804,Kavya,Rao,user9803@example.com,9876509803,Male,2015-01-01,Hyderabad,92948
10805,Sameer,Gupta,user9804@example.com,9876509804,,1978-03-07,Bangalore,99085
10806,Anjali,Joshi,user9805@example.com,9876509805,,1992-10-22,Delhi,77352
10807,Vijay,Reddy,user9806@example.com,9876509806,,1972-04-07,Pune,54361
10808,Amit,Gupta,user9807@example.com,9876509807,Male,1998-02-18,Chennai,70128
10809,Arjun,Patel,user9808@example.com,9876509808,Male,2012-01-12,Ahmedabad,76968
10810,Sameer,Sharma,user9809@example.com,9876509809,Other,2014-09-02,Kolkata,58415
10811,Kavya,Rao,user9810@example.com,9876509810,Female,2018-04-11,Mumbai,305103
10812,Arjun,Patel,user9811@example.com,9876509811,,1983-03-29,Mumbai,83109
10813,Vijay,Mehta,user9812@example.com,9876509812,Other,2006-02-18,Mumbai,56028
10814,Sneha,Verma,user9813@example.com,9876509813,Other,1992-12-08,Kolkata,77527
10815,Rakesh,Joshi,user9814@example.com,9876509814,,1979-06-05,Pune,33378
10816,Kavya,Mehta,user9815@example.com,9876509815,,1990-04-08,Chennai,52167
10817,Arjun,Reddy,user9816@example.com,9876509816,,1978-09-29,Ahmedabad,72758
10818,Amit,Gupta,user9817@example.com,9876509817,,1983-06-30,Delhi,77620
10819,Kavya,Kumar,user9818@example.com,9876509818,Male,1996-04-18,Delhi,79971
10820,Arjun,Kumar,user9819@example.com,9876509819,Female,2011-10-14,Hyderabad,63622
10821,Kavya,Rao,invalid@,9876509820,,2007-09-21,Kolkata,68856
10822,Amit,Singh,user9821@example.com,9876509821,Female,1990-10-19,Chennai,72793
10823,Amit,Gupta,user9822@example.com,9876509822,Other,1982-06-04,Pune,71393
10824,Anjali,Kumar,user9823@example.com,9876509823,Other,2008-02-23,Chennai,76423
10825,Priya,Sharma,user9824@example.com,9876509824,,1985-06-16,Ahmedabad,41975
10826,Rakesh,Verma,user9825@example.com,123,,1981-09-01,Hyderabad,-1000
10827,Sameer,Rao,user9826@example.com,9876509826,,1975-04-20,Bangalore,61315
10828,Sameer,Joshi,user9827@example.com,9876509827,,1982-06-05,Bangalore,63102
10829,Vijay,Mehta,user9828@example.com,9876509828,Female,1982-02-13,Ahmedabad,59179
10830,Neha,Mehta,user9829@example.com,9876509829,Other,1973-09-20,Ahmedabad,69635
10831,Vijay,Kumar,user9830@example.com,9876509830,Female,2006-10-02,Delhi,36152
10832,Neha,Rao,user9831@example.com,9876509831,,1974-11-05,Pune,55254
10833,Kavya,Kumar,user9832@example.com,9876509832,Female,2007-07-31,Hyderabad,26837
10834,Neha,Mehta,user9833@example.com,9876509833,Female,2018-02-14,Pune,55641
10835,Priya,Reddy,user9834@example.com,9876509834,,1977-09-17,Hyderabad,68156
10836,Priya,Patel,user9835@example.com,9876509835,Female,1987-02-28,Chennai,76389
10837,Rakesh,Gupta,user9836@example.com,9876509836,Female,1983-04-19,Hyderabad,63815
10838,Arjun,Rao,user9837@example.com,9876509837,Female,2012-03-20,Hyderabad,70719
10839,Sameer,Sharma,user9838@example.com,9876509838,Male,2017-09-17,Kolkata,31281
10840,Rakesh,Kumar,user9839@example.com,9876509839,Other,1993-01-17,Kolkata,68118
10841,Priya,Kumar,,9876509840,Other,invalid,Delhi,901412
10842,Arjun,Singh,user9841@example.com,9876509841,Female,1988-06-30,Mumbai,74276
10843,Vijay,Verma,user9842@example.com,9876509842,,1980-11-21,Bangalore,50071
10844,Sameer,Joshi,user9843@example.com,9876509843,,2002-12-02,Ahmedabad,68380
10845,Anjali,Kumar,user9844@example.com,9876509844,,1975-02-27,Chennai,92297
10846,Sameer,Sharma,user9845@example.com,9876509845,Other,2050-01-01,Bangalore,76390
10847,Kavya,Joshi,user9846@example.com,9876509846,,1994-03-13,Bangalore,76935
10848,Sneha,Verma,user9847@example.com,9876509847,Female,1982-12-10,Chennai,49275
10849,Sameer,Singh,user9848@example.com,9876509848,Other,2014-08-04,Pune,57752
10850,Priya,Kumar,user9849@example.com,9876509849,,1994-10-08,Delhi,63627
10851,Kavya,Joshi,user9850@example.com,,Other,1988-03-01,Mumbai,101138
10852,Amit,Joshi,user9851@example.com,9876509851,Other,1971-02-09,Mumbai,46748
10853,Neha,Reddy,user9852@example.com,9876509852,Other,1991-05-22,Hyderabad,70192
10854,Vijay,Joshi,user9853@example.com,9876509853,,1989-03-20,Chennai,78464
10855,Anjali,Mehta,user9854@example.com,9876509854,,2000-06-24,Chennai,79835
10856,Vijay,Verma,user9855@example.com,9876509855,Male,1973-11-08,Hyderabad,-1000
10857,Amit,Sharma,user9856@example.com,9876509856,Female,1994-09-04,Delhi,58477
10858,Sneha,Singh,user9857@example.com,9876509857,Female,1989-04-01,Bangalore,103551
10859,Sameer,Verma,user9858@example.com,9876509858,Other,2002-06-28,Delhi,59637
10860,Rakesh,Patel,user9859@example.com,9876509859,,1991-09-16,Kolkata,56634
10861,Kavya,Mehta,invalid@,9876509860,,2002-12-06,Delhi,83583
10862,Anjali,Singh,user9861@example.com,9876509861,Male,1986-12-29,Kolkata,67567
10863,Amit,Patel,user9862@example.com,9876509862,Male,1978-11-07,Ahmedabad,38984
10864,Sneha,Joshi,user9863@example.com,9876509863,Other,2012-10-04,Hyderabad,84590
10865,Vijay,Verma,user9864@example.com,9876509864,Other,2019-02-08,Ahmedabad,57045
10866,Amit,Sharma,user9865@example.com,9876509865,,1970-12-24,Bangalore,56829
10867,Anjali,Singh,user9866@example.com,9876509866,,2001-11-12,Pune,118204
10868,Anjali,Gupta,user9867@example.com,9876509867,,2019-03-23,Mumbai,60307
10869,Sneha,Patel,user9868@example.com,9876509868,Other,1995-04-05,Ahmedabad,66346
10870,Vijay,Reddy,user9869@example.com,9876509869,,2015-10-24,Bangalore,83263
10871,Priya,Mehta,user9870@example.com,9876509870,Other,2013-02-27,Chennai,463584
10872,Anjali,Mehta,user9871@example.com,9876509871,Other,1974-07-17,Delhi,76166
10873,Kavya,Reddy,user9872@example.com,9876509872,Male,2006-06-16,Kolkata,83480
10874,Kavya,Mehta,user9873@example.com,9876509873,,1986-02-07,Ahmedabad,91530
10875,Neha,Rao,user9874@example.com,9876509874,Female,1988-03-22,Delhi,78188
10876,Vijay,Rao,user9875@example.com,123,,1994-12-23,Delhi,42900
10877,Amit,Singh,user9876@example.com,9876509876,,1986-07-19,Ahmedabad,73725
10878,Kavya,Gupta,user9877@example.com,9876509877,,2016-03-07,Kolkata,38099
10879,Sneha,Sharma,user9878@example.com,9876509878,,1980-09-17,Bangalore,89600
10880,Amit,Joshi,user9879@example.com,9876509879,,1970-12-24,Chennai,86483
10881,Vijay,Rao,,9876509880,Other,2004-09-11,Kolkata,69494
10882,Sneha,Patel,user9881@example.com,9876509881,Female,1994-09-18,Mumbai,68680
10883,Sameer,Reddy,user9882@example.com,9876509882,Other,1973-04-05,Bangalore,64848
10884,Arjun,Verma,user9883@example.com,9876509883,Male,1982-07-01,Pune,64469
10885,Kavya,Gupta,user9884@example.com,9876509884,Male,1993-10-11,Kolkata,84356
10886,Kavya,Sharma,user9885@example.com,9876509885,,1979-05-03,Kolkata,-1000
10887,Neha,Patel,user9886@example.com,9876509886,,2000-12-28,Kolkata,108836
10888,Priya,Gupta,user9887@example.com,9876509887,Female,1992-07-27,Pune,68461
10889,Neha,Reddy,user9888@example.com,9876509888,,1975-03-24,Mumbai,89830
10890,Vijay,Patel,user9889@example.com,9876509889,Male,1979-12-26,Kolkata,31901
10891,Neha,Reddy,user9890@example.com,9876509890,Female,2007-11-15,Chennai,53455
10892,Priya,Sharma,user9891@example.com,9876509891,Male,2001-09-21,Kolkata,83327
10893,Priya,Mehta,user9892@example.com,9876509892,,1984-10-18,Hyderabad,71453
10894,Anjali,Joshi,user9893@example.com,9876509893,,1974-06-14,Pune,65568
10895,Anjali,Joshi,user9894@example.com,9876509894,Female,1984-11-01,Delhi,86192
10896,Arjun,Kumar,user9895@example.com,9876509895,Other,1982-01-04,Pune,107406
10897,Sneha,Rao,user9896@example.com,9876509896,,1987-05-26,Hyderabad,41885
10898,Sameer,Singh,user9897@example.com,9876509897,Female,1973-10-21,Hyderabad,85017
10899,Priya,Verma,user9898@example.com,9876509898,,2018-12-06,Ahmedabad,56153
10900,Sameer,Reddy,user9899@example.com,9876509899,Male,2010-02-17,Hyderabad,82096
10901,Kavya,Kumar,invalid@,,Other,1994-12-09,Kolkata,559190
10902,Rakesh,Kumar,user9901@example.com,9876509901,,1998-04-17,Delhi,75587
10903,Arjun,Kumar,user9902@example.com,9876509902,,2016-10-20,Kolkata,77405
10904,Vijay,Reddy,user9903@example.com,9876509903,,1976-01-26,Bangalore,51069
10905,Amit,Sharma,user9904@example.com,9876509904,Male,2018-06-22,Chennai,55496
10906,Sameer,Reddy,user9905@example.com,9876509905,Female,2014-08-22,Mumbai,61220
10907,Neha,Joshi,user9906@example.com,9876509906,,2009-07-08,Ahmedabad,32494
10908,Priya,Reddy,user9907@example.com,9876509907,Male,1982-03-04,Hyderabad,74074
10909,Sameer,Sharma,user9908@example.com,9876509908,,1983-03-25,Ahmedabad,94455
10910,Amit,Gupta,user9909@example.com,9876509909,,1999-08-15,Mumbai,39815
10911,Priya,Joshi,user9910@example.com,9876509910,,1989-02-14,Pune,78163
10912,Vijay,Mehta,user9911@example.com,9876509911,Other,1993-07-11,Mumbai,71861
10913,Rakesh,Patel,user9912@example.com,9876509912,Other,invalid,Mumbai,51215
10914,Neha,Mehta,user9913@example.com,9876509913,,2007-09-06,Pune,105818
10915,Sameer,Singh,user9914@example.com,9876509914,Female,1985-04-26,Kolkata,88010
10916,Anjali,Mehta,user9915@example.com,9876509915,Other,2007-08-05,Bangalore,-1000
10917,Arjun,Joshi,user9916@example.com,9876509916,,1989-08-20,Chennai,65810
10918,Sameer,Mehta,user9917@example.com,9876509917,Other,2018-09-28,Mumbai,34751
10919,Sameer,Rao,user9918@example.com,9876509918,,2006-06-03,Pune,68424
10920,Amit,Mehta,user9919@example.com,9876509919,Other,1997-12-15,Hyderabad,62496
10921,Amit,Verma,,9876509920,,1996-12-07,Ahmedabad,85437
10922,Arjun,Singh,user9921@example.com,9876509921,,1979-07-20,Mumbai,53172
10923,Sameer,Patel,user9922@example.com,9876509922,Female,1994-08-28,Hyderabad,91687
10924,Sneha,Sharma,user9923@example.com,9876509923,Other,2012-12-31,Hyderabad,52576
10925,Vijay,Verma,user9924@example.com,9876509924,Other,1978-09-05,Hyderabad,79115
10926,Amit,Verma,user9925@example.com,123,,1972-10-20,Chennai,50062
10927,Amit,Verma,user9926@example.com,9876509926,,1996-07-24,Kolkata,64236
10928,Sneha,Sharma,user9927@example.com,9876509927,,2010-02-26,Hyderabad,38345
10929,Priya,Rao,user9928@example.com,9876509928,,2018-09-03,Kolkata,66455
10930,Sameer,Rao,user9929@example.com,9876509929,Other,2013-04-06,Mumbai,44845
10931,Arjun,Sharma,user9930@example.com,9876509930,Other,1984-05-06,Kolkata,760992
10932,Amit,Gupta,user9931@example.com,9876509931,Other,2014-05-22,Bangalore,78929
10933,Arjun,Reddy,user9932@example.com,9876509932,Other,1972-05-05,Bangalore,64772
10934,Arjun,Reddy,user9933@example.com,9876509933,Male,1995-08-16,Ahmedabad,51929
10935,Vijay,Rao,user9934@example.com,9876509934,Other,1981-01-21,Bangalore,73101
10936,Anjali,Joshi,user9935@example.com,9876509935,Other,1997-10-30,Kolkata,84010
10937,Amit,Sharma,user9936@example.com,9876509936,,2017-11-30,Chennai,61602
10938,Neha,Rao,user9937@example.com,9876509937,Other,2001-08-26,Ahmedabad,56410
10939,Priya,Joshi,user9938@example.com,9876509938,Other,1972-01-04,Kolkata,39796
10940,Arjun,Reddy,user9939@example.com,9876509939,,1977-12-31,Mumbai,69356
10941,Amit,Mehta,invalid@,9876509940,Other,2001-07-18,Pune,86199
10942,Priya,Rao,user9941@example.com,9876509941,Other,2005-01-26,Bangalore,93599
10943,Neha,Singh,user9942@example.com,9876509942,,1997-02-06,Ahmedabad,69746
10944,Amit,Mehta,user9943@example.com,9876509943,Male,2007-06-22,Bangalore,36977
10945,Sameer,Mehta,user9944@example.com,9876509944,,1979-07-31,Bangalore,55599
10946,Arjun,Rao,user9945@example.com,9876509945,,1995-07-05,Hyderabad,-1000
10947,Neha,Joshi,user9946@example.com,9876509946,Female,1982-12-01,Delhi,81442
10948,Sameer,Singh,user9947@example.com,9876509947,Female,1983-04-17,Mumbai,44325
10949,Arjun,Joshi,user9948@example.com,9876509948,Male,1975-02-02,Bangalore,104533
10950,Kavya,Verma,user9949@example.com,9876509949,Female,1998-09-14,Hyderabad,43353
10951,Rakesh,Joshi,user9950@example.com,,Male,2009-04-24,Pune,57212
10952,Sneha,Joshi,user9951@example.com,9876509951,Female,1976-11-18,Chennai,75061
10953,Arjun,Gupta,user9952@example.com,9876509952,Female,2012-09-01,Delhi,63411
10954,Neha,Kumar,user9953@example.com,9876509953,,1983-08-01,Hyderabad,58499
10955,Neha,Patel,user9954@example.com,9876509954,Female,1979-08-17,Hyderabad,65270
10956,Rakesh,Kumar,user9955@example.com,9876509955,Male,1999-06-30,Ahmedabad,85508
10957,Amit,Singh,user9956@example.com,9876509956,Other,2010-02-09,Ahmedabad,103460
10958,Sneha,Singh,user9957@example.com,9876509957,Other,1975-12-08,Pune,71070
10959,Priya,Sharma,user9958@example.com,9876509958,Other,1981-08-02,Pune,52427
10960,Arjun,Joshi,user9959@example.com,9876509959,Male,1990-08-05,Chennai,67102
10961,Amit,Mehta,,9876509960,Male,2001-01-27,Mumbai,1044890
10962,Sameer,Kumar,user9961@example.com,9876509961,Other,2050-01-01,Pune,81243
10963,Priya,Sharma,user9962@example.com,9876509962,Female,1992-08-21,Ahmedabad,91790
10964,Sneha,Verma,user9963@example.com,9876509963,Other,1990-11-03,Mumbai,81612
10965,Amit,Patel,user9964@example.com,9876509964,,1998-06-10,Pune,83813
10966,Anjali,Joshi,user9965@example.com,9876509965,Male,2016-06-05,Pune,65936
10967,Priya,Sharma,user9966@example.com,9876509966,,1974-03-29,Kolkata,93816
10968,Vijay,Kumar,user9967@example.com,9876509967,,2008-04-19,Ahmedabad,8371
10969,Vijay,Verma,user9968@example.com,9876509968,Male,2009-09-10,Mumbai,76380
10970,Arjun,Gupta,user9969@example.com,9876509969,Other,1986-07-21,Delhi,74573
10971,Arjun,Reddy,user9970@example.com,9876509970,,1991-06-19,Delhi,47636
10972,Arjun,Patel,user9971@example.com,9876509971,,1985-07-30,Chennai,71894
10973,Sneha,Singh,user9972@example.com,9876509972,Other,1997-05-11,Mumbai,76893
10974,Anjali,Gupta,user9973@example.com,9876509973,,1984-10-30,Pune,30367
10975,Amit,Joshi,user9974@example.com,9876509974,,1998-02-18,Hyderabad,72294
10976,Sameer,Reddy,user9975@example.com,123,Other,1984-09-27,Pune,-1000
10977,Kavya,Reddy,user9976@example.com,9876509976,,1973-11-06,Mumbai,98658
10978,Neha,Patel,user9977@example.com,9876509977,Other,2009-07-24,Hyderabad,77568
10979,Sameer,Mehta,user9978@example.com,9876509978,Female,1999-09-10,Delhi,63370
10980,Amit,Gupta,user9979@example.com,9876509979,Female,2050-01-01,Hyderabad,84545
10981,Anjali,Mehta,invalid@,9876509980,Male,1982-06-05,Hyderabad,48265
10982,Sneha,Rao,user9981@example.com,9876509981,,2018-02-08,Chennai,80925
10983,Priya,Gupta,user9982@example.com,9876509982,,1975-11-10,Kolkata,64314
10984,Sameer,Verma,user9983@example.com,9876509983,,1977-05-02,Kolkata,88839
10985,Priya,Joshi,user9984@example.com,9876509984,Other,1980-05-22,Bangalore,55728
10986,Kavya,Gupta,user9985@example.com,9876509985,,2009-07-11,Ahmedabad,99603
10987,Amit,Gupta,user9986@example.com,9876509986,,1982-08-08,Mumbai,89512
10988,Anjali,Rao,user9987@example.com,9876509987,,1998-07-11,Chennai,72588
10989,Amit,Patel,user9988@example.com,9876509988,,2003-06-12,Bangalore,70949
10990,Neha,Patel,user9989@example.com,9876509989,Female,1982-03-09,Ahmedabad,99339
10991,Sneha,Verma,user9990@example.com,9876509990,,2001-08-26,Hyderabad,1083570
10992,Neha,Patel,user9991@example.com,9876509991,,2007-11-29,Bangalore,58453
10993,Amit,Reddy,user9992@example.com,9876509992,Male,1986-08-14,Bangalore,59277
10994,Neha,Kumar,user9993@example.com,9876509993,,1993-10-06,Ahmedabad,91444
10995,Rakesh,Rao,user9994@example.com,9876509994,Other,2006-05-25,Bangalore,18256
10996,Amit,Kumar,user9995@example.com,9876509995,Female,1970-10-06,Delhi,14329
10997,Anjali,Kumar,user9996@example.com,9876509996,Male,1977-02-04,Chennai,50546
10998,Sameer,Rao,user9997@example.com,9876509997,Female,1970-12-21,Mumbai,71957
10999,Anjali,Kumar,user9998@example.com,9876509998,Other,2012-12-04,Kolkata,43710
11000,Rakesh,Kumar,user9999@example.com,9876509999,Male,1983-06-01,Chennai,40859
