issue_type,issue_detail,columns_involved,EMP_ID,EMP_NAME,EMAIL,PHONE,SALARY,DEPT_ID,JOIN_DATE
null_blank,Null values detected in column EMP_NAME,EMP_NAME,1,,employee1@example.com,9386730183,95968,13,2020-10-21
null_blank,Null values detected in column EMP_NAME,EMP_NAME,2,,employee2@example.com,9911077779,30638,11,2024-05-16
null_blank,Null values detected in column EMP_NAME,EMP_NAME,3,,employee3@example.com,9911081431,87254,10,2021-06-01
null_blank,Null values detected in column EMP_NAME,EMP_NAME,4,,employee4@example.com,9198628151,43474,12,2025-02-19
null_blank,Null values detected in column EMP_NAME,EMP_NAME,5,,employee5@example.com,9830871348,31048,5,2020-10-03
null_blank,Null values detected in column EMP_NAME,EMP_NAME,6,,employee6@example.com,9464877094,115348,7,2020-01-21
null_blank,Null values detected in column EMP_NAME,EMP_NAME,7,,employee7@example.com,9850199508,95446,11,2021-04-17
null_blank,Null values detected in column EMP_NAME,EMP_NAME,8,,employee8@example.com,9228627108,42095,12,2024-05-22
null_blank,Null values detected in column EMP_NAME,EMP_NAME,9,,employee9@example.com,9681748855,120822,20,2023-11-30
null_blank,Null values detected in column EMP_NAME,EMP_NAME,10,,employee10@example.com,9401692801,100033,1,2023-02-09
null_blank,Null values detected in column EMP_NAME,EMP_NAME,11,,employee11@example.com,9362027625,54597,5,2023-08-09
null_blank,Null values detected in column EMP_NAME,EMP_NAME,12,,employee12@example.com,9177979528,121733,15,2023-07-03
null_blank,Null values detected in column EMP_NAME,EMP_NAME,13,,employee13@example.com,9505129493,130524,2,2022-08-13
null_blank,Null values detected in column EMP_NAME,EMP_NAME,14,,employee14@example.com,9136424617,108859,18,2020-10-15
null_blank,Null values detected in column EMP_NAME,EMP_NAME,15,,employee15@example.com,9440314033,56328,5,2021-06-28
null_blank,Null values detected in column EMP_NAME,EMP_NAME,16,,employee16@example.com,9515368379,77860,20,2020-10-26
null_blank,Null values detected in column EMP_NAME,EMP_NAME,17,,employee17@example.com,9311478658,98892,1,2023-05-25
null_blank,Null values detected in column EMP_NAME,EMP_NAME,18,,employee18@example.com,9843741055,132380,9,2020-06-02
null_blank,Null values detected in column EMP_NAME,EMP_NAME,19,,employee19@example.com,9517596506,104984,20,2022-11-14
null_blank,Null values detected in column EMP_NAME,EMP_NAME,20,,employee20@example.com,9839071420,62467,7,2022-05-31
null_blank,Null values detected in column EMP_NAME,EMP_NAME,21,,employee21@example.com,9168292309,67881,14,2024-12-17
null_blank,Null values detected in column EMP_NAME,EMP_NAME,22,,employee22@example.com,9413782424,105462,18,2022-05-29
null_blank,Null values detected in column EMP_NAME,EMP_NAME,23,,employee23@example.com,9819816776,148852,12,2022-03-06
null_blank,Null values detected in column EMP_NAME,EMP_NAME,24,,employee24@example.com,9186915366,99467,20,2020-12-19
null_blank,Null values detected in column EMP_NAME,EMP_NAME,25,,employee25@example.com,9463741267,84927,16,2020-10-25
null_blank,Null values detected in column EMP_NAME,EMP_NAME,26,,employee26@example.com,9256721051,58314,19,2024-10-02
null_blank,Null values detected in column EMP_NAME,EMP_NAME,27,,employee27@example.com,9793766345,95408,4,2021-08-01
null_blank,Null values detected in column EMP_NAME,EMP_NAME,28,,employee28@example.com,9661248380,93617,6,2021-01-23
null_blank,Null values detected in column EMP_NAME,EMP_NAME,29,,employee29@example.com,9478695588,70592,4,2022-08-09
null_blank,Null values detected in column EMP_NAME,EMP_NAME,30,,employee30@example.com,9149509402,133635,6,2025-03-28
null_blank,Null values detected in column EMP_NAME,EMP_NAME,31,,employee31@example.com,9301386845,31246,5,2023-02-24
null_blank,Null values detected in column EMP_NAME,EMP_NAME,32,,employee32@example.com,9461273960,38098,11,2025-02-06
null_blank,Null values detected in column EMP_NAME,EMP_NAME,33,,employee33@example.com,9602000620,88900,7,2024-06-10
null_blank,Null values detected in column EMP_NAME,EMP_NAME,34,,employee34@example.com,9112875319,84377,8,2024-02-28
null_blank,Null values detected in column EMP_NAME,EMP_NAME,35,,employee35@example.com,9703476648,137363,8,2025-06-01
null_blank,Null values detected in column EMP_NAME,EMP_NAME,36,,employee36@example.com,9742735439,86105,9,2020-05-18
null_blank,Null values detected in column EMP_NAME,EMP_NAME,37,,employee37@example.com,9707673149,139580,14,2025-04-23
null_blank,Null values detected in column EMP_NAME,EMP_NAME,38,,employee38@example.com,9721474064,38423,2,2022-01-02
null_blank,Null values detected in column EMP_NAME,EMP_NAME,39,,employee39@example.com,9666599574,111799,5,2023-12-17
null_blank,Null values detected in column EMP_NAME,EMP_NAME,40,,employee40@example.com,9421384169,73000,16,2023-07-17
null_blank,Null values detected in column EMP_NAME,EMP_NAME,41,,employee41@example.com,9931107343,138867,6,2025-05-08
null_blank,Null values detected in column EMP_NAME,EMP_NAME,42,,employee42@example.com,9889381161,148988,18,2025-01-30
null_blank,Null values detected in column EMP_NAME,EMP_NAME,43,,employee43@example.com,9845421199,37220,9,2023-07-04
null_blank,Null values detected in column EMP_NAME,EMP_NAME,44,,employee44@example.com,9837602432,73360,16,2023-05-31
null_blank,Null values detected in column EMP_NAME,EMP_NAME,45,,employee45@example.com,9835789657,53765,5,2025-06-22
null_blank,Null values detected in column EMP_NAME,EMP_NAME,46,,employee46@example.com,9950579532,92586,6,2024-03-29
null_blank,Null values detected in column EMP_NAME,EMP_NAME,47,,employee47@example.com,9755676093,88935,14,2022-12-23
null_blank,Null values detected in column EMP_NAME,EMP_NAME,48,,employee48@example.com,9336175480,122171,19,2022-04-04
null_blank,Null values detected in column EMP_NAME,EMP_NAME,49,,employee49@example.com,9766898532,51673,12,2023-09-04
null_blank,Null values detected in column EMP_NAME,EMP_NAME,50,,employee50@example.com,9838037797,45636,5,2020-02-23
null_blank,Null values detected in column EMP_NAME,EMP_NAME,51,,employee51@example.com,9536208387,120526,3,2024-08-24
null_blank,Null values detected in column EMP_NAME,EMP_NAME,52,,employee52@example.com,9145013377,45753,11,2025-02-18
null_blank,Null values detected in column EMP_NAME,EMP_NAME,53,,employee53@example.com,9720990637,74409,9,2020-11-18
null_blank,Null values detected in column EMP_NAME,EMP_NAME,54,,employee54@example.com,9181148411,59978,3,2020-01-17
null_blank,Null values detected in column EMP_NAME,EMP_NAME,55,,employee55@example.com,9497723493,57049,18,2020-09-04
null_blank,Null values detected in column EMP_NAME,EMP_NAME,56,,employee56@example.com,9417382596,133017,2,2022-10-31
null_blank,Null values detected in column EMP_NAME,EMP_NAME,57,,employee57@example.com,9392825320,41906,18,2021-01-27
null_blank,Null values detected in column EMP_NAME,EMP_NAME,58,,employee58@example.com,9135111265,103752,5,2024-12-12
null_blank,Null values detected in column EMP_NAME,EMP_NAME,59,,employee59@example.com,9699058998,74573,15,2024-11-21
null_blank,Null values detected in column EMP_NAME,EMP_NAME,60,,employee60@example.com,9228589718,49911,6,2022-06-22
null_blank,Null values detected in column EMP_NAME,EMP_NAME,61,,employee61@example.com,9301812144,74534,18,2025-03-11
null_blank,Null values detected in column EMP_NAME,EMP_NAME,62,,employee62@example.com,9187975261,47757,6,2025-01-19
null_blank,Null values detected in column EMP_NAME,EMP_NAME,63,,employee63@example.com,9549960629,50553,10,2025-01-07
null_blank,Null values detected in column EMP_NAME,EMP_NAME,64,,employee64@example.com,9213748560,30647,12,2024-07-17
null_blank,Null values detected in column EMP_NAME,EMP_NAME,65,,employee65@example.com,9274564791,95655,17,2020-09-01
null_blank,Null values detected in column EMP_NAME,EMP_NAME,66,,employee66@example.com,9269627089,92490,3,2020-08-12
null_blank,Null values detected in column EMP_NAME,EMP_NAME,67,,employee67@example.com,9333550614,37693,9,2020-12-10
null_blank,Null values detected in column EMP_NAME,EMP_NAME,68,,employee68@example.com,9943419106,105204,8,2021-01-17
null_blank,Null values detected in column EMP_NAME,EMP_NAME,69,,employee69@example.com,9317323827,61724,15,2025-03-28
null_blank,Null values detected in column EMP_NAME,EMP_NAME,70,,employee70@example.com,9345108654,104075,3,2024-09-30
null_blank,Null values detected in column EMP_NAME,EMP_NAME,71,,employee71@example.com,9424370874,64589,16,2020-08-19
null_blank,Null values detected in column EMP_NAME,EMP_NAME,72,,employee72@example.com,9777255682,73989,4,2021-03-22
null_blank,Null values detected in column EMP_NAME,EMP_NAME,73,,employee73@example.com,9572412385,112020,5,2024-07-14
null_blank,Null values detected in column EMP_NAME,EMP_NAME,74,,employee74@example.com,9517911241,95606,15,2020-09-07
null_blank,Null values detected in column EMP_NAME,EMP_NAME,75,,employee75@example.com,9228984728,121378,5,2020-08-03
null_blank,Null values detected in column EMP_NAME,EMP_NAME,76,,employee76@example.com,9684171786,124681,9,2023-06-18
null_blank,Null values detected in column EMP_NAME,EMP_NAME,77,,employee77@example.com,9533323225,146280,1,2020-10-23
null_blank,Null values detected in column EMP_NAME,EMP_NAME,78,,employee78@example.com,9586393357,112002,20,2022-04-11
null_blank,Null values detected in column EMP_NAME,EMP_NAME,79,,employee79@example.com,9481744860,41479,6,2021-04-03
null_blank,Null values detected in column EMP_NAME,EMP_NAME,80,,employee80@example.com,9391101264,118038,3,2022-01-04
null_blank,Null values detected in column EMP_NAME,EMP_NAME,81,,employee81@example.com,9365348606,45934,2,2022-08-09
null_blank,Null values detected in column EMP_NAME,EMP_NAME,82,,employee82@example.com,9752772423,49878,16,2024-06-16
null_blank,Null values detected in column EMP_NAME,EMP_NAME,83,,employee83@example.com,9429832491,64696,9,2024-06-08
null_blank,Null values detected in column EMP_NAME,EMP_NAME,84,,employee84@example.com,9432818428,95133,18,2021-12-14
null_blank,Null values detected in column EMP_NAME,EMP_NAME,85,,employee85@example.com,9653957928,105368,6,2024-07-28
null_blank,Null values detected in column EMP_NAME,EMP_NAME,86,,employee86@example.com,9312910241,81085,16,2020-05-27
null_blank,Null values detected in column EMP_NAME,EMP_NAME,87,,employee87@example.com,9311220352,38350,14,2021-05-07
null_blank,Null values detected in column EMP_NAME,EMP_NAME,88,,employee88@example.com,9529335915,77911,20,2025-03-20
null_blank,Null values detected in column EMP_NAME,EMP_NAME,89,,employee89@example.com,9593011923,63774,15,2021-10-28
null_blank,Null values detected in column EMP_NAME,EMP_NAME,90,,employee90@example.com,9683714916,144517,19,2021-10-29
null_blank,Null values detected in column EMP_NAME,EMP_NAME,91,,employee91@example.com,9239767804,85154,12,2023-12-13
null_blank,Null values detected in column EMP_NAME,EMP_NAME,92,,employee92@example.com,9324456602,103413,10,2024-07-04
null_blank,Null values detected in column EMP_NAME,EMP_NAME,93,,employee93@example.com,9940573866,137255,13,2024-07-18
null_blank,Null values detected in column EMP_NAME,EMP_NAME,94,,employee94@example.com,9732483745,86611,19,2024-09-29
null_blank,Null values detected in column EMP_NAME,EMP_NAME,95,,employee95@example.com,9625574051,144376,13,2020-01-14
null_blank,Null values detected in column EMP_NAME,EMP_NAME,96,,employee96@example.com,9242832246,44688,3,2020-12-03
null_blank,Null values detected in column EMP_NAME,EMP_NAME,97,,employee97@example.com,9805261364,34654,1,2020-11-26
null_blank,Null values detected in column EMP_NAME,EMP_NAME,98,,employee98@example.com,9945245515,61622,20,2021-06-19
null_blank,Null values detected in column EMP_NAME,EMP_NAME,99,,employee99@example.com,9181667485,133666,11,2020-06-20
null_blank,Null values detected in column EMP_NAME,EMP_NAME,100,,employee100@example.com,9177369538,136183,10,2021-03-19
null_blank,Null values detected in column EMP_NAME,EMP_NAME,101,,employee101@example.com,9488570329,98100,18,2022-09-19
null_blank,Null values detected in column EMP_NAME,EMP_NAME,102,,employee102@example.com,9476076232,122895,13,2020-11-03
null_blank,Null values detected in column EMP_NAME,EMP_NAME,103,,employee103@example.com,9323163054,46295,11,2023-03-23
null_blank,Null values detected in column EMP_NAME,EMP_NAME,104,,employee104@example.com,9826049654,130622,11,2021-02-25
null_blank,Null values detected in column EMP_NAME,EMP_NAME,105,,employee105@example.com,9984773445,109493,14,2020-04-24
null_blank,Null values detected in column EMP_NAME,EMP_NAME,106,,employee106@example.com,9502275005,60085,19,2022-12-17
null_blank,Null values detected in column EMP_NAME,EMP_NAME,107,,employee107@example.com,9419628833,83801,15,2021-03-31
null_blank,Null values detected in column EMP_NAME,EMP_NAME,108,,employee108@example.com,9973442262,47906,1,2020-11-02
null_blank,Null values detected in column EMP_NAME,EMP_NAME,109,,employee109@example.com,9119127492,54882,12,2024-05-14
null_blank,Null values detected in column EMP_NAME,EMP_NAME,110,,employee110@example.com,9682541733,57337,9,2023-09-20
null_blank,Null values detected in column EMP_NAME,EMP_NAME,111,,employee111@example.com,9354244336,119777,6,2024-10-26
null_blank,Null values detected in column EMP_NAME,EMP_NAME,112,,employee112@example.com,9801429486,129764,6,2023-09-07
null_blank,Null values detected in column EMP_NAME,EMP_NAME,113,,employee113@example.com,9318242356,141431,11,2022-08-30
null_blank,Null values detected in column EMP_NAME,EMP_NAME,114,,employee114@example.com,9155825108,98264,9,2025-05-28
null_blank,Null values detected in column EMP_NAME,EMP_NAME,115,,employee115@example.com,9596237463,46936,12,2024-08-30
null_blank,Null values detected in column EMP_NAME,EMP_NAME,116,,employee116@example.com,9719918432,56420,18,2022-04-05
null_blank,Null values detected in column EMP_NAME,EMP_NAME,117,,employee117@example.com,9199973350,106645,1,2024-07-30
null_blank,Null values detected in column EMP_NAME,EMP_NAME,118,,employee118@example.com,9826274357,123218,17,2024-10-20
null_blank,Null values detected in column EMP_NAME,EMP_NAME,119,,employee119@example.com,9524910797,145863,19,2024-06-24
null_blank,Null values detected in column EMP_NAME,EMP_NAME,120,,employee120@example.com,9189375403,30656,19,2024-07-26
null_blank,Null values detected in column EMP_NAME,EMP_NAME,121,,employee121@example.com,9807215999,146774,2,2024-03-05
null_blank,Null values detected in column EMP_NAME,EMP_NAME,122,,employee122@example.com,9294722013,34223,6,2023-01-10
null_blank,Null values detected in column EMP_NAME,EMP_NAME,123,,employee123@example.com,9564552486,110910,7,2022-03-29
null_blank,Null values detected in column EMP_NAME,EMP_NAME,124,,employee124@example.com,9256410185,123298,18,2021-07-30
null_blank,Null values detected in column EMP_NAME,EMP_NAME,125,,employee125@example.com,9928143895,71406,17,2021-09-06
null_blank,Null values detected in column EMP_NAME,EMP_NAME,126,,employee126@example.com,9135258284,31339,6,2022-09-16
null_blank,Null values detected in column EMP_NAME,EMP_NAME,127,,employee127@example.com,9595792001,144757,11,2022-04-06
null_blank,Null values detected in column EMP_NAME,EMP_NAME,128,,employee128@example.com,9952007046,62449,18,2024-06-01
null_blank,Null values detected in column EMP_NAME,EMP_NAME,129,,employee129@example.com,9700934562,81852,1,2024-02-28
null_blank,Null values detected in column EMP_NAME,EMP_NAME,130,,employee130@example.com,9570228737,87780,1,2020-02-05
null_blank,Null values detected in column EMP_NAME,EMP_NAME,131,,employee131@example.com,9646049399,89327,14,2024-05-12
null_blank,Null values detected in column EMP_NAME,EMP_NAME,132,,employee132@example.com,9452922379,146465,4,2020-09-14
null_blank,Null values detected in column EMP_NAME,EMP_NAME,133,,employee133@example.com,9215229717,84651,10,2020-03-05
null_blank,Null values detected in column EMP_NAME,EMP_NAME,134,,employee134@example.com,9536212226,74086,6,2025-05-08
null_blank,Null values detected in column EMP_NAME,EMP_NAME,135,,employee135@example.com,9561602499,52490,7,2025-03-23
null_blank,Null values detected in column EMP_NAME,EMP_NAME,136,,employee136@example.com,9647741495,90872,7,2024-11-28
null_blank,Null values detected in column EMP_NAME,EMP_NAME,137,,employee137@example.com,9694417493,110997,6,2021-11-17
null_blank,Null values detected in column EMP_NAME,EMP_NAME,138,,employee138@example.com,9256870492,56870,12,2023-06-06
null_blank,Null values detected in column EMP_NAME,EMP_NAME,139,,employee139@example.com,9423704630,79202,2,2020-04-12
null_blank,Null values detected in column EMP_NAME,EMP_NAME,140,,employee140@example.com,9322705941,109049,18,2022-06-28
null_blank,Null values detected in column EMP_NAME,EMP_NAME,141,,employee141@example.com,9456666440,30791,15,2024-11-06
null_blank,Null values detected in column EMP_NAME,EMP_NAME,142,,employee142@example.com,9969626755,81923,20,2024-07-16
null_blank,Null values detected in column EMP_NAME,EMP_NAME,143,,employee143@example.com,9482058820,65728,19,2022-03-23
null_blank,Null values detected in column EMP_NAME,EMP_NAME,144,,employee144@example.com,9564698860,65499,18,2021-08-13
null_blank,Null values detected in column EMP_NAME,EMP_NAME,145,,employee145@example.com,9376441989,43304,5,2025-06-23
null_blank,Null values detected in column EMP_NAME,EMP_NAME,146,,employee146@example.com,9725639691,62909,5,2023-05-27
null_blank,Null values detected in column EMP_NAME,EMP_NAME,147,,employee147@example.com,9268770923,147868,18,2022-02-27
null_blank,Null values detected in column EMP_NAME,EMP_NAME,148,,employee148@example.com,9650210779,90671,12,2021-01-11
null_blank,Null values detected in column EMP_NAME,EMP_NAME,149,,employee149@example.com,9873366934,111026,11,2021-03-28
null_blank,Null values detected in column EMP_NAME,EMP_NAME,150,,employee150@example.com,9174600762,104962,14,2024-08-13
null_blank,Null values detected in column EMP_NAME,EMP_NAME,151,,employee151@example.com,9875216481,90643,9,2022-06-14
null_blank,Null values detected in column EMP_NAME,EMP_NAME,152,,employee152@example.com,9743359236,124530,2,2021-02-11
null_blank,Null values detected in column EMP_NAME,EMP_NAME,153,,employee153@example.com,9890942177,50490,1,2022-10-14
null_blank,Null values detected in column EMP_NAME,EMP_NAME,154,,employee154@example.com,9272729682,84698,12,2022-04-30
null_blank,Null values detected in column EMP_NAME,EMP_NAME,155,,employee155@example.com,9935024853,89386,3,2023-02-12
null_blank,Null values detected in column EMP_NAME,EMP_NAME,156,,employee156@example.com,9448581402,134689,11,2025-04-11
null_blank,Null values detected in column EMP_NAME,EMP_NAME,157,,employee157@example.com,9688360399,139438,4,2020-08-28
null_blank,Null values detected in column EMP_NAME,EMP_NAME,158,,employee158@example.com,9983549961,147003,7,2024-03-05
null_blank,Null values detected in column EMP_NAME,EMP_NAME,159,,employee159@example.com,9372654675,100318,8,2020-03-18
null_blank,Null values detected in column EMP_NAME,EMP_NAME,160,,employee160@example.com,9938068226,92559,13,2020-05-16
null_blank,Null values detected in column EMP_NAME,EMP_NAME,161,,employee161@example.com,9672490620,38094,19,2022-04-30
null_blank,Null values detected in column EMP_NAME,EMP_NAME,162,,employee162@example.com,9476957103,137190,2,2023-01-18
null_blank,Null values detected in column EMP_NAME,EMP_NAME,163,,employee163@example.com,9244285559,139605,12,2024-10-31
null_blank,Null values detected in column EMP_NAME,EMP_NAME,164,,employee164@example.com,9971297445,61978,14,2023-04-02
null_blank,Null values detected in column EMP_NAME,EMP_NAME,165,,employee165@example.com,9897839555,82666,6,2021-02-23
null_blank,Null values detected in column EMP_NAME,EMP_NAME,166,,employee166@example.com,9741085498,134198,16,2022-06-09
null_blank,Null values detected in column EMP_NAME,EMP_NAME,167,,employee167@example.com,9432140385,37871,14,2020-11-05
null_blank,Null values detected in column EMP_NAME,EMP_NAME,168,,employee168@example.com,9907728428,50063,1,2022-08-13
null_blank,Null values detected in column EMP_NAME,EMP_NAME,169,,employee169@example.com,9264588575,47256,4,2021-07-13
null_blank,Null values detected in column EMP_NAME,EMP_NAME,170,,employee170@example.com,9361336672,103245,18,2023-04-16
null_blank,Null values detected in column EMP_NAME,EMP_NAME,171,,employee171@example.com,9811775168,125998,17,2023-12-02
null_blank,Null values detected in column EMP_NAME,EMP_NAME,172,,employee172@example.com,9561740817,72498,4,2022-05-24
null_blank,Null values detected in column EMP_NAME,EMP_NAME,173,,employee173@example.com,9637282421,111299,17,2022-03-29
null_blank,Null values detected in column EMP_NAME,EMP_NAME,174,,employee174@example.com,9262033302,60636,4,2020-08-08
null_blank,Null values detected in column EMP_NAME,EMP_NAME,175,,employee175@example.com,9967063707,140430,1,2021-06-21
null_blank,Null values detected in column EMP_NAME,EMP_NAME,176,,employee176@example.com,9404585062,126102,1,2020-05-27
null_blank,Null values detected in column EMP_NAME,EMP_NAME,177,,employee177@example.com,9275642019,115593,14,2022-04-28
null_blank,Null values detected in column EMP_NAME,EMP_NAME,178,,employee178@example.com,9559074688,87438,11,2024-05-03
null_blank,Null values detected in column EMP_NAME,EMP_NAME,179,,employee179@example.com,9633638162,70427,9,2021-04-28
null_blank,Null values detected in column EMP_NAME,EMP_NAME,180,,employee180@example.com,9861522871,80142,13,2021-08-29
null_blank,Null values detected in column EMP_NAME,EMP_NAME,181,,employee181@example.com,9651531217,44484,3,2021-02-17
null_blank,Null values detected in column EMP_NAME,EMP_NAME,182,,employee182@example.com,9551588964,55472,11,2024-01-19
null_blank,Null values detected in column EMP_NAME,EMP_NAME,183,,employee183@example.com,9714338507,103098,10,2020-02-09
null_blank,Null values detected in column EMP_NAME,EMP_NAME,184,,employee184@example.com,9844754229,68520,11,2022-06-25
null_blank,Null values detected in column EMP_NAME,EMP_NAME,185,,employee185@example.com,9168097258,116143,7,2023-02-14
null_blank,Null values detected in column EMP_NAME,EMP_NAME,186,,employee186@example.com,9695485676,101671,17,2024-07-03
null_blank,Null values detected in column EMP_NAME,EMP_NAME,187,,employee187@example.com,9333084469,85784,1,2024-08-06
null_blank,Null values detected in column EMP_NAME,EMP_NAME,188,,employee188@example.com,9106674420,142525,3,2024-03-15
null_blank,Null values detected in column EMP_NAME,EMP_NAME,189,,employee189@example.com,9733383896,70917,17,2022-06-12
null_blank,Null values detected in column EMP_NAME,EMP_NAME,190,,employee190@example.com,9632292170,123624,6,2024-12-04
null_blank,Null values detected in column EMP_NAME,EMP_NAME,191,,employee191@example.com,9301952589,104024,6,2021-04-13
null_blank,Null values detected in column EMP_NAME,EMP_NAME,192,,employee192@example.com,9288127078,53042,9,2022-06-12
null_blank,Null values detected in column EMP_NAME,EMP_NAME,193,,employee193@example.com,9367470009,98593,19,2020-08-20
null_blank,Null values detected in column EMP_NAME,EMP_NAME,194,,employee194@example.com,9728715171,146737,19,2020-03-09
null_blank,Null values detected in column EMP_NAME,EMP_NAME,195,,employee195@example.com,9851461113,65203,8,2022-12-25
null_blank,Null values detected in column EMP_NAME,EMP_NAME,196,,employee196@example.com,9699257677,145484,6,2023-03-14
null_blank,Null values detected in column EMP_NAME,EMP_NAME,197,,employee197@example.com,9575464352,77147,7,2021-12-14
null_blank,Null values detected in column EMP_NAME,EMP_NAME,198,,employee198@example.com,9593735338,62264,6,2023-02-28
null_blank,Null values detected in column EMP_NAME,EMP_NAME,199,,employee199@example.com,9355352942,133566,15,2025-01-20
null_blank,Null values detected in column EMP_NAME,EMP_NAME,200,,employee200@example.com,9679902006,66609,2,2023-09-18
null_blank,Null values detected in column EMAIL,EMAIL,201,Employee_201,,9934516070,41504,9,2023-03-11
null_blank,Null values detected in column EMAIL,EMAIL,202,Employee_202,,9399155228,97014,2,2021-08-11
null_blank,Null values detected in column EMAIL,EMAIL,203,Employee_203,,9263810121,34113,4,2024-04-09
null_blank,Null values detected in column EMAIL,EMAIL,204,Employee_204,,9803129306,69067,18,2022-07-23
null_blank,Null values detected in column EMAIL,EMAIL,205,Employee_205,,9257646644,111925,20,2021-11-04
null_blank,Null values detected in column EMAIL,EMAIL,206,Employee_206,,9962650313,96846,12,2023-05-27
null_blank,Null values detected in column EMAIL,EMAIL,207,Employee_207,,9542849404,119586,12,2024-10-13
null_blank,Null values detected in column EMAIL,EMAIL,208,Employee_208,,9344314810,116207,12,2023-05-17
null_blank,Null values detected in column EMAIL,EMAIL,209,Employee_209,,9357709336,83780,14,2020-08-08
null_blank,Null values detected in column EMAIL,EMAIL,210,Employee_210,,9276719813,67499,18,2023-12-01
null_blank,Null values detected in column EMAIL,EMAIL,211,Employee_211,,9598413316,41462,18,2022-01-09
null_blank,Null values detected in column EMAIL,EMAIL,212,Employee_212,,9910769709,89798,13,2023-12-24
null_blank,Null values detected in column EMAIL,EMAIL,213,Employee_213,,9347272293,134460,20,2023-12-07
null_blank,Null values detected in column EMAIL,EMAIL,214,Employee_214,,9951786486,33607,4,2020-01-10
null_blank,Null values detected in column EMAIL,EMAIL,215,Employee_215,,9950470693,130847,2,2023-01-28
null_blank,Null values detected in column EMAIL,EMAIL,216,Employee_216,,9286405560,110456,18,2023-07-08
null_blank,Null values detected in column EMAIL,EMAIL,217,Employee_217,,9984012865,78861,5,2023-05-29
null_blank,Null values detected in column EMAIL,EMAIL,218,Employee_218,,9101582433,115711,4,2022-08-21
null_blank,Null values detected in column EMAIL,EMAIL,219,Employee_219,,9765184827,55664,8,2020-03-02
null_blank,Null values detected in column EMAIL,EMAIL,220,Employee_220,,9229205145,49473,12,2020-07-12
null_blank,Null values detected in column EMAIL,EMAIL,221,Employee_221,,9333123296,128330,14,2022-08-20
null_blank,Null values detected in column EMAIL,EMAIL,222,Employee_222,,9997065317,77240,10,2024-12-10
null_blank,Null values detected in column EMAIL,EMAIL,223,Employee_223,,9139740572,119495,9,2024-02-23
null_blank,Null values detected in column EMAIL,EMAIL,224,Employee_224,,9650097066,93413,18,2025-04-29
null_blank,Null values detected in column EMAIL,EMAIL,225,Employee_225,,9363327729,106704,6,2024-05-10
null_blank,Null values detected in column EMAIL,EMAIL,226,Employee_226,,9674294560,55447,11,2024-05-02
null_blank,Null values detected in column EMAIL,EMAIL,227,Employee_227,,9806659458,66105,6,2023-09-18
null_blank,Null values detected in column EMAIL,EMAIL,228,Employee_228,,9637149019,77954,19,2020-10-12
null_blank,Null values detected in column EMAIL,EMAIL,229,Employee_229,,9806042870,149717,3,2022-02-07
null_blank,Null values detected in column EMAIL,EMAIL,230,Employee_230,,9842427484,142396,8,2022-01-22
null_blank,Null values detected in column EMAIL,EMAIL,231,Employee_231,,9237992625,127542,20,2020-07-11
null_blank,Null values detected in column EMAIL,EMAIL,232,Employee_232,,9675562571,55449,19,2023-04-07
null_blank,Null values detected in column EMAIL,EMAIL,233,Employee_233,,9998630395,149623,14,2021-08-20
null_blank,Null values detected in column EMAIL,EMAIL,234,Employee_234,,9664384230,30274,9,2024-04-23
null_blank,Null values detected in column EMAIL,EMAIL,235,Employee_235,,9930078850,45794,7,2025-02-12
null_blank,Null values detected in column EMAIL,EMAIL,236,Employee_236,,9675903741,146290,2,2024-03-13
null_blank,Null values detected in column EMAIL,EMAIL,237,Employee_237,,9937266639,115709,17,2022-09-29
null_blank,Null values detected in column EMAIL,EMAIL,238,Employee_238,,9866947918,36466,20,2022-11-15
null_blank,Null values detected in column EMAIL,EMAIL,239,Employee_239,,9831066970,143257,18,2020-01-02
null_blank,Null values detected in column EMAIL,EMAIL,240,Employee_240,,9861040445,64824,16,2023-01-20
null_blank,Null values detected in column EMAIL,EMAIL,241,Employee_241,,9710107053,74677,14,2023-08-14
null_blank,Null values detected in column EMAIL,EMAIL,242,Employee_242,,9436145778,105370,2,2021-07-25
null_blank,Null values detected in column EMAIL,EMAIL,243,Employee_243,,9571465251,96342,18,2022-09-22
null_blank,Null values detected in column EMAIL,EMAIL,244,Employee_244,,9763484290,139450,11,2023-12-13
null_blank,Null values detected in column EMAIL,EMAIL,245,Employee_245,,9733053136,56707,13,2023-09-02
null_blank,Null values detected in column EMAIL,EMAIL,246,Employee_246,,9301771715,62972,13,2022-05-19
null_blank,Null values detected in column EMAIL,EMAIL,247,Employee_247,,9848841302,77187,13,2021-09-05
null_blank,Null values detected in column EMAIL,EMAIL,248,Employee_248,,9751325680,41424,3,2023-09-02
null_blank,Null values detected in column EMAIL,EMAIL,249,Employee_249,,9568096900,124715,20,2020-01-24
null_blank,Null values detected in column EMAIL,EMAIL,250,Employee_250,,9536215413,144723,2,2021-05-08
null_blank,Null values detected in column EMAIL,EMAIL,251,Employee_251,,9807855979,121825,10,2022-11-10
null_blank,Null values detected in column EMAIL,EMAIL,252,Employee_252,,9735584004,89920,19,2022-01-17
null_blank,Null values detected in column EMAIL,EMAIL,253,Employee_253,,9375614884,89421,20,2020-03-19
null_blank,Null values detected in column EMAIL,EMAIL,254,Employee_254,,9254533657,121942,14,2022-06-30
null_blank,Null values detected in column EMAIL,EMAIL,255,Employee_255,,9960669417,136337,10,2022-08-16
null_blank,Null values detected in column EMAIL,EMAIL,256,Employee_256,,9969310338,95225,20,2020-04-12
null_blank,Null values detected in column EMAIL,EMAIL,257,Employee_257,,9267522285,143145,10,2025-01-11
null_blank,Null values detected in column EMAIL,EMAIL,258,Employee_258,,9747082958,94489,1,2021-08-16
null_blank,Null values detected in column EMAIL,EMAIL,259,Employee_259,,9352672002,59087,2,2020-07-09
null_blank,Null values detected in column EMAIL,EMAIL,260,Employee_260,,9695307523,123005,12,2024-02-05
null_blank,Null values detected in column EMAIL,EMAIL,261,Employee_261,,9838774435,71527,14,2024-05-02
null_blank,Null values detected in column EMAIL,EMAIL,262,Employee_262,,9990190200,103406,7,2023-01-15
null_blank,Null values detected in column EMAIL,EMAIL,263,Employee_263,,9238721242,97615,17,2022-11-26
null_blank,Null values detected in column EMAIL,EMAIL,264,Employee_264,,9343767313,70014,4,2023-09-01
null_blank,Null values detected in column EMAIL,EMAIL,265,Employee_265,,9378308431,147216,5,2022-08-25
null_blank,Null values detected in column EMAIL,EMAIL,266,Employee_266,,9604604639,101636,2,2025-06-05
null_blank,Null values detected in column EMAIL,EMAIL,267,Employee_267,,9963533337,32913,19,2022-09-24
null_blank,Null values detected in column EMAIL,EMAIL,268,Employee_268,,9564502861,47448,14,2021-11-14
null_blank,Null values detected in column EMAIL,EMAIL,269,Employee_269,,9822926510,78177,10,2022-10-20
null_blank,Null values detected in column EMAIL,EMAIL,270,Employee_270,,9258442456,91942,20,2020-04-14
null_blank,Null values detected in column EMAIL,EMAIL,271,Employee_271,,9789700691,37951,1,2021-11-07
null_blank,Null values detected in column EMAIL,EMAIL,272,Employee_272,,9611324015,50798,19,2020-03-05
null_blank,Null values detected in column EMAIL,EMAIL,273,Employee_273,,9315253889,82487,20,2021-02-16
null_blank,Null values detected in column EMAIL,EMAIL,274,Employee_274,,9370343087,102591,10,2021-03-02
null_blank,Null values detected in column EMAIL,EMAIL,275,Employee_275,,9553215401,100082,14,2020-08-27
null_blank,Null values detected in column EMAIL,EMAIL,276,Employee_276,,9457884407,33532,2,2020-01-16
null_blank,Null values detected in column EMAIL,EMAIL,277,Employee_277,,9968770270,97499,14,2021-07-31
null_blank,Null values detected in column EMAIL,EMAIL,278,Employee_278,,9842487995,125390,5,2024-11-09
null_blank,Null values detected in column EMAIL,EMAIL,279,Employee_279,,9518562089,105078,2,2020-12-25
null_blank,Null values detected in column EMAIL,EMAIL,280,Employee_280,,9208083011,106813,9,2024-04-29
null_blank,Null values detected in column EMAIL,EMAIL,281,Employee_281,,9785063777,38979,3,2021-10-30
null_blank,Null values detected in column EMAIL,EMAIL,282,Employee_282,,9813450911,147906,17,2022-05-06
null_blank,Null values detected in column EMAIL,EMAIL,283,Employee_283,,9226992948,71472,20,2020-11-22
null_blank,Null values detected in column EMAIL,EMAIL,284,Employee_284,,9684389634,118122,20,2020-06-17
null_blank,Null values detected in column EMAIL,EMAIL,285,Employee_285,,9406238633,118962,20,2021-11-12
null_blank,Null values detected in column EMAIL,EMAIL,286,Employee_286,,9351689126,56425,9,2021-08-25
null_blank,Null values detected in column EMAIL,EMAIL,287,Employee_287,,9401549283,58832,5,2021-04-28
null_blank,Null values detected in column EMAIL,EMAIL,288,Employee_288,,9173918441,83542,13,2024-10-15
null_blank,Null values detected in column EMAIL,EMAIL,289,Employee_289,,9368193863,37020,1,2022-07-10
null_blank,Null values detected in column EMAIL,EMAIL,290,Employee_290,,9912146801,96359,1,2022-09-07
null_blank,Null values detected in column EMAIL,EMAIL,291,Employee_291,,9551046014,108576,16,2021-01-06
null_blank,Null values detected in column EMAIL,EMAIL,292,Employee_292,,9675544358,102184,17,2022-02-18
null_blank,Null values detected in column EMAIL,EMAIL,293,Employee_293,,9896514444,125232,7,2023-01-26
null_blank,Null values detected in column EMAIL,EMAIL,294,Employee_294,,9475863117,112211,2,2024-04-26
null_blank,Null values detected in column EMAIL,EMAIL,295,Employee_295,,9754662574,108046,15,2024-07-15
null_blank,Null values detected in column EMAIL,EMAIL,296,Employee_296,,9757072653,111555,12,2020-03-18
null_blank,Null values detected in column EMAIL,EMAIL,297,Employee_297,,9755347949,78692,1,2021-05-04
null_blank,Null values detected in column EMAIL,EMAIL,298,Employee_298,,9252166801,100898,16,2022-04-21
null_blank,Null values detected in column EMAIL,EMAIL,299,Employee_299,,9187602574,56913,20,2025-01-18
null_blank,Null values detected in column EMAIL,EMAIL,300,Employee_300,,9552197478,40019,15,2023-12-27
null_blank,Null values detected in column EMAIL,EMAIL,301,Employee_301,,9874319680,115213,7,2021-11-26
null_blank,Null values detected in column EMAIL,EMAIL,302,Employee_302,,9578043938,89316,10,2021-12-17
null_blank,Null values detected in column EMAIL,EMAIL,303,Employee_303,,9761897263,128169,12,2024-02-27
null_blank,Null values detected in column EMAIL,EMAIL,304,Employee_304,,9979218162,104385,4,2021-05-24
null_blank,Null values detected in column EMAIL,EMAIL,305,Employee_305,,9423905844,64788,17,2025-04-09
null_blank,Null values detected in column EMAIL,EMAIL,306,Employee_306,,9222276405,135905,14,2021-04-23
null_blank,Null values detected in column EMAIL,EMAIL,307,Employee_307,,9445495304,79195,19,2024-12-03
null_blank,Null values detected in column EMAIL,EMAIL,308,Employee_308,,9395491608,105904,19,2024-06-20
null_blank,Null values detected in column EMAIL,EMAIL,309,Employee_309,,9178698685,141710,3,2024-02-15
null_blank,Null values detected in column EMAIL,EMAIL,310,Employee_310,,9598014623,36918,10,2023-09-24
null_blank,Null values detected in column EMAIL,EMAIL,311,Employee_311,,9146704045,98517,8,2024-05-18
null_blank,Null values detected in column EMAIL,EMAIL,312,Employee_312,,9697780668,54626,2,2023-03-23
null_blank,Null values detected in column EMAIL,EMAIL,313,Employee_313,,9866168538,77716,17,2022-02-01
null_blank,Null values detected in column EMAIL,EMAIL,314,Employee_314,,9560819424,91898,20,2023-04-12
null_blank,Null values detected in column EMAIL,EMAIL,315,Employee_315,,9355740236,123410,15,2020-12-31
null_blank,Null values detected in column EMAIL,EMAIL,316,Employee_316,,9268536235,92330,9,2024-02-06
null_blank,Null values detected in column EMAIL,EMAIL,317,Employee_317,,9127230315,44257,17,2025-06-20
null_blank,Null values detected in column EMAIL,EMAIL,318,Employee_318,,9630691888,79542,20,2024-03-06
null_blank,Null values detected in column EMAIL,EMAIL,319,Employee_319,,9345456150,127570,14,2025-02-03
null_blank,Null values detected in column EMAIL,EMAIL,320,Employee_320,,9700079475,54549,12,2022-01-01
null_blank,Null values detected in column EMAIL,EMAIL,321,Employee_321,,9194011565,100649,10,2020-08-08
null_blank,Null values detected in column EMAIL,EMAIL,322,Employee_322,,9626116105,127185,10,2024-09-10
null_blank,Null values detected in column EMAIL,EMAIL,323,Employee_323,,9507264018,84759,16,2021-09-17
null_blank,Null values detected in column EMAIL,EMAIL,324,Employee_324,,9379930806,42399,2,2021-04-07
null_blank,Null values detected in column EMAIL,EMAIL,325,Employee_325,,9137690269,55858,6,2021-11-03
null_blank,Null values detected in column EMAIL,EMAIL,326,Employee_326,,9762628844,83963,8,2025-03-09
null_blank,Null values detected in column EMAIL,EMAIL,327,Employee_327,,9923638115,47337,18,2021-07-04
null_blank,Null values detected in column EMAIL,EMAIL,328,Employee_328,,9795843449,139744,15,2025-05-26
null_blank,Null values detected in column EMAIL,EMAIL,329,Employee_329,,9749213265,35375,18,2023-10-16
null_blank,Null values detected in column EMAIL,EMAIL,330,Employee_330,,9549573892,118024,20,2024-03-04
null_blank,Null values detected in column EMAIL,EMAIL,331,Employee_331,,9736392741,114437,17,2022-11-28
null_blank,Null values detected in column EMAIL,EMAIL,332,Employee_332,,9144260554,52763,16,2022-06-26
null_blank,Null values detected in column EMAIL,EMAIL,333,Employee_333,,9637304372,147060,8,2022-01-05
null_blank,Null values detected in column EMAIL,EMAIL,334,Employee_334,,9377269971,118678,9,2021-04-03
null_blank,Null values detected in column EMAIL,EMAIL,335,Employee_335,,9770281925,77069,11,2024-06-03
null_blank,Null values detected in column EMAIL,EMAIL,336,Employee_336,,9596426377,131433,10,2024-03-19
null_blank,Null values detected in column EMAIL,EMAIL,337,Employee_337,,9326099263,131729,2,2022-12-02
null_blank,Null values detected in column EMAIL,EMAIL,338,Employee_338,,9564097432,123446,7,2020-07-24
null_blank,Null values detected in column EMAIL,EMAIL,339,Employee_339,,9140825900,71682,5,2022-01-23
null_blank,Null values detected in column EMAIL,EMAIL,340,Employee_340,,9490329989,98972,14,2022-02-19
null_blank,Null values detected in column EMAIL,EMAIL,341,Employee_341,,9350428571,67299,19,2021-06-12
null_blank,Null values detected in column EMAIL,EMAIL,342,Employee_342,,9569461498,105911,18,2020-08-24
null_blank,Null values detected in column EMAIL,EMAIL,343,Employee_343,,9777650379,56483,4,2022-03-07
null_blank,Null values detected in column EMAIL,EMAIL,344,Employee_344,,9163351332,64482,3,2023-06-20
null_blank,Null values detected in column EMAIL,EMAIL,345,Employee_345,,9516969116,71008,20,2024-12-12
null_blank,Null values detected in column EMAIL,EMAIL,346,Employee_346,,9190245132,61151,19,2025-05-14
null_blank,Null values detected in column EMAIL,EMAIL,347,Employee_347,,9740581187,129862,18,2022-09-11
null_blank,Null values detected in column EMAIL,EMAIL,348,Employee_348,,9757661516,69174,14,2020-10-26
null_blank,Null values detected in column EMAIL,EMAIL,349,Employee_349,,9392476889,32624,18,2021-03-28
null_blank,Null values detected in column EMAIL,EMAIL,350,Employee_350,,9556711316,71344,16,2025-05-29
outliers,"Outliers detected in numeric column PHONE using IQR method (IQR multiplier=1.5, lower=8628831066.25, upper=10462283618.25)",PHONE,751,Employee_751,employee751@example.com,12345,132591,3,2024-02-19
outliers,"Outliers detected in numeric column PHONE using IQR method (IQR multiplier=1.5, lower=8628831066.25, upper=10462283618.25)",PHONE,752,Employee_752,employee752@example.com,12345,43313,17,2023-08-02
outliers,"Outliers detected in numeric column PHONE using IQR method (IQR multiplier=1.5, lower=8628831066.25, upper=10462283618.25)",PHONE,753,Employee_753,employee753@example.com,12345,104047,10,2021-08-08
outliers,"Outliers detected in numeric column PHONE using IQR method (IQR multiplier=1.5, lower=8628831066.25, upper=10462283618.25)",PHONE,754,Employee_754,employee754@example.com,12345,85565,4,2024-02-15
outliers,"Outliers detected in numeric column PHONE using IQR method (IQR multiplier=1.5, lower=8628831066.25, upper=10462283618.25)",PHONE,755,Employee_755,employee755@example.com,12345,71341,4,2022-12-08
outliers,"Outliers detected in numeric column PHONE using IQR method (IQR multiplier=1.5, lower=8628831066.25, upper=10462283618.25)",PHONE,756,Employee_756,employee756@example.com,12345,62337,10,2024-06-08
outliers,"Outliers detected in numeric column PHONE using IQR method (IQR multiplier=1.5, lower=8628831066.25, upper=10462283618.25)",PHONE,757,Employee_757,employee757@example.com,12345,141894,2,2023-05-26
outliers,"Outliers detected in numeric column PHONE using IQR method (IQR multiplier=1.5, lower=8628831066.25, upper=10462283618.25)",PHONE,758,Employee_758,employee758@example.com,12345,34913,17,2022-02-12
outliers,"Outliers detected in numeric column PHONE using IQR method (IQR multiplier=1.5, lower=8628831066.25, upper=10462283618.25)",PHONE,759,Employee_759,employee759@example.com,12345,144459,12,2020-07-31
outliers,"Outliers detected in numeric column PHONE using IQR method (IQR multiplier=1.5, lower=8628831066.25, upper=10462283618.25)",PHONE,760,Employee_760,employee760@example.com,12345,43006,9,2025-03-13
outliers,"Outliers detected in numeric column PHONE using IQR method (IQR multiplier=1.5, lower=8628831066.25, upper=10462283618.25)",PHONE,761,Employee_761,employee761@example.com,12345,102990,20,2021-12-09
outliers,"Outliers detected in numeric column PHONE using IQR method (IQR multiplier=1.5, lower=8628831066.25, upper=10462283618.25)",PHONE,762,Employee_762,employee762@example.com,12345,143815,1,2021-04-13
outliers,"Outliers detected in numeric column PHONE using IQR method (IQR multiplier=1.5, lower=8628831066.25, upper=10462283618.25)",PHONE,763,Employee_763,employee763@example.com,12345,60754,14,2021-02-14
outliers,"Outliers detected in numeric column PHONE using IQR method (IQR multiplier=1.5, lower=8628831066.25, upper=10462283618.25)",PHONE,764,Employee_764,employee764@example.com,12345,113019,14,2024-11-24
outliers,"Outliers detected in numeric column PHONE using IQR method (IQR multiplier=1.5, lower=8628831066.25, upper=10462283618.25)",PHONE,765,Employee_765,employee765@example.com,12345,50250,1,2023-08-07
outliers,"Outliers detected in numeric column PHONE using IQR method (IQR multiplier=1.5, lower=8628831066.25, upper=10462283618.25)",PHONE,766,Employee_766,employee766@example.com,12345,107460,4,2023-02-19
outliers,"Outliers detected in numeric column PHONE using IQR method (IQR multiplier=1.5, lower=8628831066.25, upper=10462283618.25)",PHONE,767,Employee_767,employee767@example.com,12345,113186,14,2020-03-24
outliers,"Outliers detected in numeric column PHONE using IQR method (IQR multiplier=1.5, lower=8628831066.25, upper=10462283618.25)",PHONE,768,Employee_768,employee768@example.com,12345,93865,10,2021-12-17
outliers,"Outliers detected in numeric column PHONE using IQR method (IQR multiplier=1.5, lower=8628831066.25, upper=10462283618.25)",PHONE,769,Employee_769,employee769@example.com,12345,126639,12,2020-12-03
outliers,"Outliers detected in numeric column PHONE using IQR method (IQR multiplier=1.5, lower=8628831066.25, upper=10462283618.25)",PHONE,770,Employee_770,employee770@example.com,12345,57023,2,2020-06-08
outliers,"Outliers detected in numeric column PHONE using IQR method (IQR multiplier=1.5, lower=8628831066.25, upper=10462283618.25)",PHONE,771,Employee_771,employee771@example.com,12345,45872,11,2022-09-18
outliers,"Outliers detected in numeric column PHONE using IQR method (IQR multiplier=1.5, lower=8628831066.25, upper=10462283618.25)",PHONE,772,Employee_772,employee772@example.com,12345,109217,7,2023-10-10
outliers,"Outliers detected in numeric column PHONE using IQR method (IQR multiplier=1.5, lower=8628831066.25, upper=10462283618.25)",PHONE,773,Employee_773,employee773@example.com,12345,85420,1,2025-03-22
outliers,"Outliers detected in numeric column PHONE using IQR method (IQR multiplier=1.5, lower=8628831066.25, upper=10462283618.25)",PHONE,774,Employee_774,employee774@example.com,12345,67614,6,2024-03-30
outliers,"Outliers detected in numeric column PHONE using IQR method (IQR multiplier=1.5, lower=8628831066.25, upper=10462283618.25)",PHONE,775,Employee_775,employee775@example.com,12345,50403,4,2020-03-01
outliers,"Outliers detected in numeric column PHONE using IQR method (IQR multiplier=1.5, lower=8628831066.25, upper=10462283618.25)",PHONE,776,Employee_776,employee776@example.com,12345,83326,14,2021-05-09
outliers,"Outliers detected in numeric column PHONE using IQR method (IQR multiplier=1.5, lower=8628831066.25, upper=10462283618.25)",PHONE,777,Employee_777,employee777@example.com,12345,97687,7,2025-02-18
outliers,"Outliers detected in numeric column PHONE using IQR method (IQR multiplier=1.5, lower=8628831066.25, upper=10462283618.25)",PHONE,778,Employee_778,employee778@example.com,12345,94724,3,2022-11-19
outliers,"Outliers detected in numeric column PHONE using IQR method (IQR multiplier=1.5, lower=8628831066.25, upper=10462283618.25)",PHONE,779,Employee_779,employee779@example.com,12345,84321,9,2024-10-22
outliers,"Outliers detected in numeric column PHONE using IQR method (IQR multiplier=1.5, lower=8628831066.25, upper=10462283618.25)",PHONE,780,Employee_780,employee780@example.com,12345,49081,16,2023-05-29
outliers,"Outliers detected in numeric column PHONE using IQR method (IQR multiplier=1.5, lower=8628831066.25, upper=10462283618.25)",PHONE,781,Employee_781,employee781@example.com,12345,73520,17,2022-06-30
outliers,"Outliers detected in numeric column PHONE using IQR method (IQR multiplier=1.5, lower=8628831066.25, upper=10462283618.25)",PHONE,782,Employee_782,employee782@example.com,12345,47285,8,2021-11-30
outliers,"Outliers detected in numeric column PHONE using IQR method (IQR multiplier=1.5, lower=8628831066.25, upper=10462283618.25)",PHONE,783,Employee_783,employee783@example.com,12345,60403,15,2020-02-21
outliers,"Outliers detected in numeric column PHONE using IQR method (IQR multiplier=1.5, lower=8628831066.25, upper=10462283618.25)",PHONE,784,Employee_784,employee784@example.com,12345,113007,18,2025-05-21
outliers,"Outliers detected in numeric column PHONE using IQR method (IQR multiplier=1.5, lower=8628831066.25, upper=10462283618.25)",PHONE,785,Employee_785,employee785@example.com,12345,118699,1,2024-06-05
outliers,"Outliers detected in numeric column PHONE using IQR method (IQR multiplier=1.5, lower=8628831066.25, upper=10462283618.25)",PHONE,786,Employee_786,employee786@example.com,12345,144468,19,2020-02-06
outliers,"Outliers detected in numeric column PHONE using IQR method (IQR multiplier=1.5, lower=8628831066.25, upper=10462283618.25)",PHONE,787,Employee_787,employee787@example.com,12345,135904,8,2024-01-07
outliers,"Outliers detected in numeric column PHONE using IQR method (IQR multiplier=1.5, lower=8628831066.25, upper=10462283618.25)",PHONE,788,Employee_788,employee788@example.com,12345,49563,1,2024-07-09
outliers,"Outliers detected in numeric column PHONE using IQR method (IQR multiplier=1.5, lower=8628831066.25, upper=10462283618.25)",PHONE,789,Employee_789,employee789@example.com,12345,53933,8,2020-09-09
outliers,"Outliers detected in numeric column PHONE using IQR method (IQR multiplier=1.5, lower=8628831066.25, upper=10462283618.25)",PHONE,790,Employee_790,employee790@example.com,12345,95561,9,2020-12-03
outliers,"Outliers detected in numeric column PHONE using IQR method (IQR multiplier=1.5, lower=8628831066.25, upper=10462283618.25)",PHONE,791,Employee_791,employee791@example.com,12345,111208,6,2023-07-14
outliers,"Outliers detected in numeric column PHONE using IQR method (IQR multiplier=1.5, lower=8628831066.25, upper=10462283618.25)",PHONE,792,Employee_792,employee792@example.com,12345,65928,5,2024-12-17
outliers,"Outliers detected in numeric column PHONE using IQR method (IQR multiplier=1.5, lower=8628831066.25, upper=10462283618.25)",PHONE,793,Employee_793,employee793@example.com,12345,128900,1,2022-08-12
outliers,"Outliers detected in numeric column PHONE using IQR method (IQR multiplier=1.5, lower=8628831066.25, upper=10462283618.25)",PHONE,794,Employee_794,employee794@example.com,12345,42826,16,2024-06-20
outliers,"Outliers detected in numeric column PHONE using IQR method (IQR multiplier=1.5, lower=8628831066.25, upper=10462283618.25)",PHONE,795,Employee_795,employee795@example.com,12345,55163,7,2023-12-26
outliers,"Outliers detected in numeric column PHONE using IQR method (IQR multiplier=1.5, lower=8628831066.25, upper=10462283618.25)",PHONE,796,Employee_796,employee796@example.com,12345,75125,14,2021-11-23
outliers,"Outliers detected in numeric column PHONE using IQR method (IQR multiplier=1.5, lower=8628831066.25, upper=10462283618.25)",PHONE,797,Employee_797,employee797@example.com,12345,71021,19,2023-01-21
outliers,"Outliers detected in numeric column PHONE using IQR method (IQR multiplier=1.5, lower=8628831066.25, upper=10462283618.25)",PHONE,798,Employee_798,employee798@example.com,12345,106878,18,2024-04-30
outliers,"Outliers detected in numeric column PHONE using IQR method (IQR multiplier=1.5, lower=8628831066.25, upper=10462283618.25)",PHONE,799,Employee_799,employee799@example.com,12345,72230,7,2022-09-05
outliers,"Outliers detected in numeric column PHONE using IQR method (IQR multiplier=1.5, lower=8628831066.25, upper=10462283618.25)",PHONE,800,Employee_800,employee800@example.com,12345,138114,10,2021-07-06
outliers,"Outliers detected in numeric column PHONE using IQR method (IQR multiplier=1.5, lower=8628831066.25, upper=10462283618.25)",PHONE,801,Employee_801,employee801@example.com,12345,56653,3,2020-06-09
outliers,"Outliers detected in numeric column PHONE using IQR method (IQR multiplier=1.5, lower=8628831066.25, upper=10462283618.25)",PHONE,802,Employee_802,employee802@example.com,12345,141284,8,2021-04-15
outliers,"Outliers detected in numeric column PHONE using IQR method (IQR multiplier=1.5, lower=8628831066.25, upper=10462283618.25)",PHONE,803,Employee_803,employee803@example.com,12345,144515,12,2024-08-03
outliers,"Outliers detected in numeric column PHONE using IQR method (IQR multiplier=1.5, lower=8628831066.25, upper=10462283618.25)",PHONE,804,Employee_804,employee804@example.com,12345,30882,7,2021-11-29
outliers,"Outliers detected in numeric column PHONE using IQR method (IQR multiplier=1.5, lower=8628831066.25, upper=10462283618.25)",PHONE,805,Employee_805,employee805@example.com,12345,30136,12,2021-10-23
outliers,"Outliers detected in numeric column PHONE using IQR method (IQR multiplier=1.5, lower=8628831066.25, upper=10462283618.25)",PHONE,806,Employee_806,employee806@example.com,12345,126996,1,2024-07-27
outliers,"Outliers detected in numeric column PHONE using IQR method (IQR multiplier=1.5, lower=8628831066.25, upper=10462283618.25)",PHONE,807,Employee_807,employee807@example.com,12345,32345,17,2025-02-27
outliers,"Outliers detected in numeric column PHONE using IQR method (IQR multiplier=1.5, lower=8628831066.25, upper=10462283618.25)",PHONE,808,Employee_808,employee808@example.com,12345,112318,9,2024-10-16
outliers,"Outliers detected in numeric column PHONE using IQR method (IQR multiplier=1.5, lower=8628831066.25, upper=10462283618.25)",PHONE,809,Employee_809,employee809@example.com,12345,147704,3,2022-10-24
outliers,"Outliers detected in numeric column PHONE using IQR method (IQR multiplier=1.5, lower=8628831066.25, upper=10462283618.25)",PHONE,810,Employee_810,employee810@example.com,12345,113292,14,2020-04-09
outliers,"Outliers detected in numeric column PHONE using IQR method (IQR multiplier=1.5, lower=8628831066.25, upper=10462283618.25)",PHONE,811,Employee_811,employee811@example.com,12345,106531,8,2021-01-19
outliers,"Outliers detected in numeric column PHONE using IQR method (IQR multiplier=1.5, lower=8628831066.25, upper=10462283618.25)",PHONE,812,Employee_812,employee812@example.com,12345,97419,7,2023-11-12
outliers,"Outliers detected in numeric column PHONE using IQR method (IQR multiplier=1.5, lower=8628831066.25, upper=10462283618.25)",PHONE,813,Employee_813,employee813@example.com,12345,136233,4,2022-05-08
outliers,"Outliers detected in numeric column PHONE using IQR method (IQR multiplier=1.5, lower=8628831066.25, upper=10462283618.25)",PHONE,814,Employee_814,employee814@example.com,12345,96670,4,2022-04-19
outliers,"Outliers detected in numeric column PHONE using IQR method (IQR multiplier=1.5, lower=8628831066.25, upper=10462283618.25)",PHONE,815,Employee_815,employee815@example.com,12345,61635,17,2024-05-01
outliers,"Outliers detected in numeric column PHONE using IQR method (IQR multiplier=1.5, lower=8628831066.25, upper=10462283618.25)",PHONE,816,Employee_816,employee816@example.com,12345,105374,8,2023-05-19
outliers,"Outliers detected in numeric column PHONE using IQR method (IQR multiplier=1.5, lower=8628831066.25, upper=10462283618.25)",PHONE,817,Employee_817,employee817@example.com,12345,105337,10,2025-06-06
outliers,"Outliers detected in numeric column PHONE using IQR method (IQR multiplier=1.5, lower=8628831066.25, upper=10462283618.25)",PHONE,818,Employee_818,employee818@example.com,12345,51764,13,2025-03-12
outliers,"Outliers detected in numeric column PHONE using IQR method (IQR multiplier=1.5, lower=8628831066.25, upper=10462283618.25)",PHONE,819,Employee_819,employee819@example.com,12345,48289,15,2022-03-23
outliers,"Outliers detected in numeric column PHONE using IQR method (IQR multiplier=1.5, lower=8628831066.25, upper=10462283618.25)",PHONE,820,Employee_820,employee820@example.com,12345,116165,3,2025-04-15
outliers,"Outliers detected in numeric column PHONE using IQR method (IQR multiplier=1.5, lower=8628831066.25, upper=10462283618.25)",PHONE,821,Employee_821,employee821@example.com,12345,50261,6,2024-05-03
outliers,"Outliers detected in numeric column PHONE using IQR method (IQR multiplier=1.5, lower=8628831066.25, upper=10462283618.25)",PHONE,822,Employee_822,employee822@example.com,12345,101202,20,2023-05-26
outliers,"Outliers detected in numeric column PHONE using IQR method (IQR multiplier=1.5, lower=8628831066.25, upper=10462283618.25)",PHONE,823,Employee_823,employee823@example.com,12345,41412,19,2023-05-13
outliers,"Outliers detected in numeric column PHONE using IQR method (IQR multiplier=1.5, lower=8628831066.25, upper=10462283618.25)",PHONE,824,Employee_824,employee824@example.com,12345,69477,17,2023-10-03
outliers,"Outliers detected in numeric column PHONE using IQR method (IQR multiplier=1.5, lower=8628831066.25, upper=10462283618.25)",PHONE,825,Employee_825,employee825@example.com,12345,90365,3,2024-10-04
outliers,"Outliers detected in numeric column PHONE using IQR method (IQR multiplier=1.5, lower=8628831066.25, upper=10462283618.25)",PHONE,826,Employee_826,employee826@example.com,12345,51490,18,2023-03-09
outliers,"Outliers detected in numeric column PHONE using IQR method (IQR multiplier=1.5, lower=8628831066.25, upper=10462283618.25)",PHONE,827,Employee_827,employee827@example.com,12345,73372,4,2023-04-02
outliers,"Outliers detected in numeric column PHONE using IQR method (IQR multiplier=1.5, lower=8628831066.25, upper=10462283618.25)",PHONE,828,Employee_828,employee828@example.com,12345,91348,15,2021-10-31
outliers,"Outliers detected in numeric column PHONE using IQR method (IQR multiplier=1.5, lower=8628831066.25, upper=10462283618.25)",PHONE,829,Employee_829,employee829@example.com,12345,91779,17,2022-09-26
outliers,"Outliers detected in numeric column PHONE using IQR method (IQR multiplier=1.5, lower=8628831066.25, upper=10462283618.25)",PHONE,830,Employee_830,employee830@example.com,12345,114589,11,2024-11-17
outliers,"Outliers detected in numeric column PHONE using IQR method (IQR multiplier=1.5, lower=8628831066.25, upper=10462283618.25)",PHONE,831,Employee_831,employee831@example.com,12345,78309,2,2021-10-08
outliers,"Outliers detected in numeric column PHONE using IQR method (IQR multiplier=1.5, lower=8628831066.25, upper=10462283618.25)",PHONE,832,Employee_832,employee832@example.com,12345,84484,20,2022-06-30
outliers,"Outliers detected in numeric column PHONE using IQR method (IQR multiplier=1.5, lower=8628831066.25, upper=10462283618.25)",PHONE,833,Employee_833,employee833@example.com,12345,41605,12,2021-06-06
outliers,"Outliers detected in numeric column PHONE using IQR method (IQR multiplier=1.5, lower=8628831066.25, upper=10462283618.25)",PHONE,834,Employee_834,employee834@example.com,12345,128473,20,2022-09-21
outliers,"Outliers detected in numeric column PHONE using IQR method (IQR multiplier=1.5, lower=8628831066.25, upper=10462283618.25)",PHONE,835,Employee_835,employee835@example.com,12345,81366,14,2025-06-16
outliers,"Outliers detected in numeric column PHONE using IQR method (IQR multiplier=1.5, lower=8628831066.25, upper=10462283618.25)",PHONE,836,Employee_836,employee836@example.com,12345,147462,14,2023-07-17
outliers,"Outliers detected in numeric column PHONE using IQR method (IQR multiplier=1.5, lower=8628831066.25, upper=10462283618.25)",PHONE,837,Employee_837,employee837@example.com,12345,82394,7,2023-05-07
outliers,"Outliers detected in numeric column PHONE using IQR method (IQR multiplier=1.5, lower=8628831066.25, upper=10462283618.25)",PHONE,838,Employee_838,employee838@example.com,12345,144953,13,2024-10-05
outliers,"Outliers detected in numeric column PHONE using IQR method (IQR multiplier=1.5, lower=8628831066.25, upper=10462283618.25)",PHONE,839,Employee_839,employee839@example.com,12345,90296,2,2025-01-07
outliers,"Outliers detected in numeric column PHONE using IQR method (IQR multiplier=1.5, lower=8628831066.25, upper=10462283618.25)",PHONE,840,Employee_840,employee840@example.com,12345,117772,1,2020-09-02
outliers,"Outliers detected in numeric column PHONE using IQR method (IQR multiplier=1.5, lower=8628831066.25, upper=10462283618.25)",PHONE,841,Employee_841,employee841@example.com,12345,103489,14,2021-12-09
outliers,"Outliers detected in numeric column PHONE using IQR method (IQR multiplier=1.5, lower=8628831066.25, upper=10462283618.25)",PHONE,842,Employee_842,employee842@example.com,12345,36833,12,2020-02-22
outliers,"Outliers detected in numeric column PHONE using IQR method (IQR multiplier=1.5, lower=8628831066.25, upper=10462283618.25)",PHONE,843,Employee_843,employee843@example.com,12345,81000,16,2020-09-11
outliers,"Outliers detected in numeric column PHONE using IQR method (IQR multiplier=1.5, lower=8628831066.25, upper=10462283618.25)",PHONE,844,Employee_844,employee844@example.com,12345,37614,12,2021-04-14
outliers,"Outliers detected in numeric column PHONE using IQR method (IQR multiplier=1.5, lower=8628831066.25, upper=10462283618.25)",PHONE,845,Employee_845,employee845@example.com,12345,120207,14,2022-04-29
outliers,"Outliers detected in numeric column PHONE using IQR method (IQR multiplier=1.5, lower=8628831066.25, upper=10462283618.25)",PHONE,846,Employee_846,employee846@example.com,12345,36219,6,2023-04-19
outliers,"Outliers detected in numeric column PHONE using IQR method (IQR multiplier=1.5, lower=8628831066.25, upper=10462283618.25)",PHONE,847,Employee_847,employee847@example.com,12345,97279,18,2021-04-04
outliers,"Outliers detected in numeric column PHONE using IQR method (IQR multiplier=1.5, lower=8628831066.25, upper=10462283618.25)",PHONE,848,Employee_848,employee848@example.com,12345,55374,3,2020-02-24
outliers,"Outliers detected in numeric column PHONE using IQR method (IQR multiplier=1.5, lower=8628831066.25, upper=10462283618.25)",PHONE,849,Employee_849,employee849@example.com,12345,97542,17,2024-05-31
outliers,"Outliers detected in numeric column PHONE using IQR method (IQR multiplier=1.5, lower=8628831066.25, upper=10462283618.25)",PHONE,850,Employee_850,employee850@example.com,12345,99584,1,2021-09-21
outliers,"Outliers detected in numeric column PHONE using IQR method (IQR multiplier=1.5, lower=8628831066.25, upper=10462283618.25)",PHONE,851,Employee_851,employee851@example.com,12345,146272,2,2024-04-10
outliers,"Outliers detected in numeric column PHONE using IQR method (IQR multiplier=1.5, lower=8628831066.25, upper=10462283618.25)",PHONE,852,Employee_852,employee852@example.com,12345,72370,17,2025-04-27
outliers,"Outliers detected in numeric column PHONE using IQR method (IQR multiplier=1.5, lower=8628831066.25, upper=10462283618.25)",PHONE,853,Employee_853,employee853@example.com,12345,126085,7,2024-09-13
outliers,"Outliers detected in numeric column PHONE using IQR method (IQR multiplier=1.5, lower=8628831066.25, upper=10462283618.25)",PHONE,854,Employee_854,employee854@example.com,12345,136238,3,2023-08-02
outliers,"Outliers detected in numeric column PHONE using IQR method (IQR multiplier=1.5, lower=8628831066.25, upper=10462283618.25)",PHONE,855,Employee_855,employee855@example.com,12345,101128,4,2022-06-24
outliers,"Outliers detected in numeric column PHONE using IQR method (IQR multiplier=1.5, lower=8628831066.25, upper=10462283618.25)",PHONE,856,Employee_856,employee856@example.com,12345,121966,6,2022-01-24
outliers,"Outliers detected in numeric column PHONE using IQR method (IQR multiplier=1.5, lower=8628831066.25, upper=10462283618.25)",PHONE,857,Employee_857,employee857@example.com,12345,149583,3,2022-09-01
outliers,"Outliers detected in numeric column PHONE using IQR method (IQR multiplier=1.5, lower=8628831066.25, upper=10462283618.25)",PHONE,858,Employee_858,employee858@example.com,12345,90105,16,2025-06-14
outliers,"Outliers detected in numeric column PHONE using IQR method (IQR multiplier=1.5, lower=8628831066.25, upper=10462283618.25)",PHONE,859,Employee_859,employee859@example.com,12345,146502,9,2020-07-03
outliers,"Outliers detected in numeric column PHONE using IQR method (IQR multiplier=1.5, lower=8628831066.25, upper=10462283618.25)",PHONE,860,Employee_860,employee860@example.com,12345,47070,17,2024-06-06
outliers,"Outliers detected in numeric column PHONE using IQR method (IQR multiplier=1.5, lower=8628831066.25, upper=10462283618.25)",PHONE,861,Employee_861,employee861@example.com,12345,67992,8,2025-05-06
outliers,"Outliers detected in numeric column PHONE using IQR method (IQR multiplier=1.5, lower=8628831066.25, upper=10462283618.25)",PHONE,862,Employee_862,employee862@example.com,12345,97185,8,2020-06-01
outliers,"Outliers detected in numeric column PHONE using IQR method (IQR multiplier=1.5, lower=8628831066.25, upper=10462283618.25)",PHONE,863,Employee_863,employee863@example.com,12345,88218,7,2023-01-27
outliers,"Outliers detected in numeric column PHONE using IQR method (IQR multiplier=1.5, lower=8628831066.25, upper=10462283618.25)",PHONE,864,Employee_864,employee864@example.com,12345,138141,17,2025-02-24
outliers,"Outliers detected in numeric column PHONE using IQR method (IQR multiplier=1.5, lower=8628831066.25, upper=10462283618.25)",PHONE,865,Employee_865,employee865@example.com,12345,94290,3,2022-12-09
outliers,"Outliers detected in numeric column PHONE using IQR method (IQR multiplier=1.5, lower=8628831066.25, upper=10462283618.25)",PHONE,866,Employee_866,employee866@example.com,12345,83968,10,2025-01-14
outliers,"Outliers detected in numeric column PHONE using IQR method (IQR multiplier=1.5, lower=8628831066.25, upper=10462283618.25)",PHONE,867,Employee_867,employee867@example.com,12345,82975,1,2021-09-01
outliers,"Outliers detected in numeric column PHONE using IQR method (IQR multiplier=1.5, lower=8628831066.25, upper=10462283618.25)",PHONE,868,Employee_868,employee868@example.com,12345,41941,1,2024-01-14
outliers,"Outliers detected in numeric column PHONE using IQR method (IQR multiplier=1.5, lower=8628831066.25, upper=10462283618.25)",PHONE,869,Employee_869,employee869@example.com,12345,74067,10,2021-09-23
outliers,"Outliers detected in numeric column PHONE using IQR method (IQR multiplier=1.5, lower=8628831066.25, upper=10462283618.25)",PHONE,870,Employee_870,employee870@example.com,12345,137298,13,2025-02-19
outliers,"Outliers detected in numeric column PHONE using IQR method (IQR multiplier=1.5, lower=8628831066.25, upper=10462283618.25)",PHONE,871,Employee_871,employee871@example.com,12345,107352,9,2023-07-15
outliers,"Outliers detected in numeric column PHONE using IQR method (IQR multiplier=1.5, lower=8628831066.25, upper=10462283618.25)",PHONE,872,Employee_872,employee872@example.com,12345,95295,12,2021-08-13
outliers,"Outliers detected in numeric column PHONE using IQR method (IQR multiplier=1.5, lower=8628831066.25, upper=10462283618.25)",PHONE,873,Employee_873,employee873@example.com,12345,142278,1,2025-06-06
outliers,"Outliers detected in numeric column PHONE using IQR method (IQR multiplier=1.5, lower=8628831066.25, upper=10462283618.25)",PHONE,874,Employee_874,employee874@example.com,12345,48336,11,2021-06-22
outliers,"Outliers detected in numeric column PHONE using IQR method (IQR multiplier=1.5, lower=8628831066.25, upper=10462283618.25)",PHONE,875,Employee_875,employee875@example.com,12345,110160,7,2023-07-22
outliers,"Outliers detected in numeric column PHONE using IQR method (IQR multiplier=1.5, lower=8628831066.25, upper=10462283618.25)",PHONE,876,Employee_876,employee876@example.com,12345,101579,9,2021-05-20
outliers,"Outliers detected in numeric column PHONE using IQR method (IQR multiplier=1.5, lower=8628831066.25, upper=10462283618.25)",PHONE,877,Employee_877,employee877@example.com,12345,120485,11,2024-12-31
outliers,"Outliers detected in numeric column PHONE using IQR method (IQR multiplier=1.5, lower=8628831066.25, upper=10462283618.25)",PHONE,878,Employee_878,employee878@example.com,12345,42361,9,2023-10-30
outliers,"Outliers detected in numeric column PHONE using IQR method (IQR multiplier=1.5, lower=8628831066.25, upper=10462283618.25)",PHONE,879,Employee_879,employee879@example.com,12345,146109,12,2020-12-10
outliers,"Outliers detected in numeric column PHONE using IQR method (IQR multiplier=1.5, lower=8628831066.25, upper=10462283618.25)",PHONE,880,Employee_880,employee880@example.com,12345,73727,12,2023-09-21
outliers,"Outliers detected in numeric column PHONE using IQR method (IQR multiplier=1.5, lower=8628831066.25, upper=10462283618.25)",PHONE,881,Employee_881,employee881@example.com,12345,112304,20,2021-12-07
outliers,"Outliers detected in numeric column PHONE using IQR method (IQR multiplier=1.5, lower=8628831066.25, upper=10462283618.25)",PHONE,882,Employee_882,employee882@example.com,12345,132355,6,2020-07-05
outliers,"Outliers detected in numeric column PHONE using IQR method (IQR multiplier=1.5, lower=8628831066.25, upper=10462283618.25)",PHONE,883,Employee_883,employee883@example.com,12345,93914,18,2022-01-18
outliers,"Outliers detected in numeric column PHONE using IQR method (IQR multiplier=1.5, lower=8628831066.25, upper=10462283618.25)",PHONE,884,Employee_884,employee884@example.com,12345,50287,11,2020-09-01
outliers,"Outliers detected in numeric column PHONE using IQR method (IQR multiplier=1.5, lower=8628831066.25, upper=10462283618.25)",PHONE,885,Employee_885,employee885@example.com,12345,119662,4,2024-12-21
outliers,"Outliers detected in numeric column PHONE using IQR method (IQR multiplier=1.5, lower=8628831066.25, upper=10462283618.25)",PHONE,886,Employee_886,employee886@example.com,12345,124758,20,2025-05-26
outliers,"Outliers detected in numeric column PHONE using IQR method (IQR multiplier=1.5, lower=8628831066.25, upper=10462283618.25)",PHONE,887,Employee_887,employee887@example.com,12345,145634,3,2024-12-22
outliers,"Outliers detected in numeric column PHONE using IQR method (IQR multiplier=1.5, lower=8628831066.25, upper=10462283618.25)",PHONE,888,Employee_888,employee888@example.com,12345,146470,10,2020-10-12
outliers,"Outliers detected in numeric column PHONE using IQR method (IQR multiplier=1.5, lower=8628831066.25, upper=10462283618.25)",PHONE,889,Employee_889,employee889@example.com,12345,53806,6,2024-12-19
outliers,"Outliers detected in numeric column PHONE using IQR method (IQR multiplier=1.5, lower=8628831066.25, upper=10462283618.25)",PHONE,890,Employee_890,employee890@example.com,12345,145065,13,2023-01-28
outliers,"Outliers detected in numeric column PHONE using IQR method (IQR multiplier=1.5, lower=8628831066.25, upper=10462283618.25)",PHONE,891,Employee_891,employee891@example.com,12345,41912,9,2023-09-18
outliers,"Outliers detected in numeric column PHONE using IQR method (IQR multiplier=1.5, lower=8628831066.25, upper=10462283618.25)",PHONE,892,Employee_892,employee892@example.com,12345,36548,18,2021-12-10
outliers,"Outliers detected in numeric column PHONE using IQR method (IQR multiplier=1.5, lower=8628831066.25, upper=10462283618.25)",PHONE,893,Employee_893,employee893@example.com,12345,102796,13,2022-02-21
outliers,"Outliers detected in numeric column PHONE using IQR method (IQR multiplier=1.5, lower=8628831066.25, upper=10462283618.25)",PHONE,894,Employee_894,employee894@example.com,12345,82151,15,2023-02-17
outliers,"Outliers detected in numeric column PHONE using IQR method (IQR multiplier=1.5, lower=8628831066.25, upper=10462283618.25)",PHONE,895,Employee_895,employee895@example.com,12345,134959,6,2022-05-22
outliers,"Outliers detected in numeric column PHONE using IQR method (IQR multiplier=1.5, lower=8628831066.25, upper=10462283618.25)",PHONE,896,Employee_896,employee896@example.com,12345,105832,3,2025-04-03
outliers,"Outliers detected in numeric column PHONE using IQR method (IQR multiplier=1.5, lower=8628831066.25, upper=10462283618.25)",PHONE,897,Employee_897,employee897@example.com,12345,75762,20,2025-02-27
outliers,"Outliers detected in numeric column PHONE using IQR method (IQR multiplier=1.5, lower=8628831066.25, upper=10462283618.25)",PHONE,898,Employee_898,employee898@example.com,12345,79193,20,2023-02-25
outliers,"Outliers detected in numeric column PHONE using IQR method (IQR multiplier=1.5, lower=8628831066.25, upper=10462283618.25)",PHONE,899,Employee_899,employee899@example.com,12345,148526,18,2023-05-22
outliers,"Outliers detected in numeric column PHONE using IQR method (IQR multiplier=1.5, lower=8628831066.25, upper=10462283618.25)",PHONE,900,Employee_900,employee900@example.com,12345,32547,5,2024-09-03
outliers,"Outliers detected in numeric column PHONE using IQR method (IQR multiplier=1.5, lower=8628831066.25, upper=10462283618.25)",PHONE,901,Employee_901,employee901@example.com,12345,134179,4,2022-03-27
outliers,"Outliers detected in numeric column PHONE using IQR method (IQR multiplier=1.5, lower=8628831066.25, upper=10462283618.25)",PHONE,902,Employee_902,employee902@example.com,12345,107995,4,2024-07-15
outliers,"Outliers detected in numeric column PHONE using IQR method (IQR multiplier=1.5, lower=8628831066.25, upper=10462283618.25)",PHONE,903,Employee_903,employee903@example.com,12345,132709,10,2021-05-23
outliers,"Outliers detected in numeric column PHONE using IQR method (IQR multiplier=1.5, lower=8628831066.25, upper=10462283618.25)",PHONE,904,Employee_904,employee904@example.com,12345,60292,12,2022-11-08
outliers,"Outliers detected in numeric column PHONE using IQR method (IQR multiplier=1.5, lower=8628831066.25, upper=10462283618.25)",PHONE,905,Employee_905,employee905@example.com,12345,123214,6,2022-02-13
outliers,"Outliers detected in numeric column PHONE using IQR method (IQR multiplier=1.5, lower=8628831066.25, upper=10462283618.25)",PHONE,906,Employee_906,employee906@example.com,12345,105140,11,2022-10-15
outliers,"Outliers detected in numeric column PHONE using IQR method (IQR multiplier=1.5, lower=8628831066.25, upper=10462283618.25)",PHONE,907,Employee_907,employee907@example.com,12345,60607,14,2021-11-24
outliers,"Outliers detected in numeric column PHONE using IQR method (IQR multiplier=1.5, lower=8628831066.25, upper=10462283618.25)",PHONE,908,Employee_908,employee908@example.com,12345,138750,10,2022-10-28
outliers,"Outliers detected in numeric column PHONE using IQR method (IQR multiplier=1.5, lower=8628831066.25, upper=10462283618.25)",PHONE,909,Employee_909,employee909@example.com,12345,147533,13,2021-08-06
outliers,"Outliers detected in numeric column PHONE using IQR method (IQR multiplier=1.5, lower=8628831066.25, upper=10462283618.25)",PHONE,910,Employee_910,employee910@example.com,12345,85029,15,2022-01-28
outliers,"Outliers detected in numeric column PHONE using IQR method (IQR multiplier=1.5, lower=8628831066.25, upper=10462283618.25)",PHONE,911,Employee_911,employee911@example.com,12345,43871,14,2020-03-27
outliers,"Outliers detected in numeric column PHONE using IQR method (IQR multiplier=1.5, lower=8628831066.25, upper=10462283618.25)",PHONE,912,Employee_912,employee912@example.com,12345,75462,1,2024-05-08
outliers,"Outliers detected in numeric column PHONE using IQR method (IQR multiplier=1.5, lower=8628831066.25, upper=10462283618.25)",PHONE,913,Employee_913,employee913@example.com,12345,41770,13,2022-09-08
outliers,"Outliers detected in numeric column PHONE using IQR method (IQR multiplier=1.5, lower=8628831066.25, upper=10462283618.25)",PHONE,914,Employee_914,employee914@example.com,12345,114706,3,2023-02-03
outliers,"Outliers detected in numeric column PHONE using IQR method (IQR multiplier=1.5, lower=8628831066.25, upper=10462283618.25)",PHONE,915,Employee_915,employee915@example.com,12345,80950,12,2024-01-17
outliers,"Outliers detected in numeric column PHONE using IQR method (IQR multiplier=1.5, lower=8628831066.25, upper=10462283618.25)",PHONE,916,Employee_916,employee916@example.com,12345,147413,8,2024-02-01
outliers,"Outliers detected in numeric column PHONE using IQR method (IQR multiplier=1.5, lower=8628831066.25, upper=10462283618.25)",PHONE,917,Employee_917,employee917@example.com,12345,76540,17,2022-11-29
outliers,"Outliers detected in numeric column PHONE using IQR method (IQR multiplier=1.5, lower=8628831066.25, upper=10462283618.25)",PHONE,918,Employee_918,employee918@example.com,12345,32412,5,2020-11-10
outliers,"Outliers detected in numeric column PHONE using IQR method (IQR multiplier=1.5, lower=8628831066.25, upper=10462283618.25)",PHONE,919,Employee_919,employee919@example.com,12345,84084,15,2021-09-19
outliers,"Outliers detected in numeric column PHONE using IQR method (IQR multiplier=1.5, lower=8628831066.25, upper=10462283618.25)",PHONE,920,Employee_920,employee920@example.com,12345,73118,5,2022-12-13
outliers,"Outliers detected in numeric column PHONE using IQR method (IQR multiplier=1.5, lower=8628831066.25, upper=10462283618.25)",PHONE,921,Employee_921,employee921@example.com,12345,56993,18,2022-12-15
outliers,"Outliers detected in numeric column PHONE using IQR method (IQR multiplier=1.5, lower=8628831066.25, upper=10462283618.25)",PHONE,922,Employee_922,employee922@example.com,12345,63719,4,2025-01-30
outliers,"Outliers detected in numeric column PHONE using IQR method (IQR multiplier=1.5, lower=8628831066.25, upper=10462283618.25)",PHONE,923,Employee_923,employee923@example.com,12345,46959,4,2023-03-08
outliers,"Outliers detected in numeric column PHONE using IQR method (IQR multiplier=1.5, lower=8628831066.25, upper=10462283618.25)",PHONE,924,Employee_924,employee924@example.com,12345,93935,20,2024-09-05
outliers,"Outliers detected in numeric column PHONE using IQR method (IQR multiplier=1.5, lower=8628831066.25, upper=10462283618.25)",PHONE,925,Employee_925,employee925@example.com,12345,44653,14,2021-08-07
outliers,"Outliers detected in numeric column PHONE using IQR method (IQR multiplier=1.5, lower=8628831066.25, upper=10462283618.25)",PHONE,926,Employee_926,employee926@example.com,12345,42112,20,2020-03-23
outliers,"Outliers detected in numeric column PHONE using IQR method (IQR multiplier=1.5, lower=8628831066.25, upper=10462283618.25)",PHONE,927,Employee_927,employee927@example.com,12345,81769,15,2024-06-02
outliers,"Outliers detected in numeric column PHONE using IQR method (IQR multiplier=1.5, lower=8628831066.25, upper=10462283618.25)",PHONE,928,Employee_928,employee928@example.com,12345,52384,7,2025-01-14
outliers,"Outliers detected in numeric column PHONE using IQR method (IQR multiplier=1.5, lower=8628831066.25, upper=10462283618.25)",PHONE,929,Employee_929,employee929@example.com,12345,78920,20,2023-03-14
outliers,"Outliers detected in numeric column PHONE using IQR method (IQR multiplier=1.5, lower=8628831066.25, upper=10462283618.25)",PHONE,930,Employee_930,employee930@example.com,12345,81424,4,2022-01-15
outliers,"Outliers detected in numeric column PHONE using IQR method (IQR multiplier=1.5, lower=8628831066.25, upper=10462283618.25)",PHONE,931,Employee_931,employee931@example.com,12345,130734,11,2022-06-09
outliers,"Outliers detected in numeric column PHONE using IQR method (IQR multiplier=1.5, lower=8628831066.25, upper=10462283618.25)",PHONE,932,Employee_932,employee932@example.com,12345,134954,7,2020-04-26
outliers,"Outliers detected in numeric column PHONE using IQR method (IQR multiplier=1.5, lower=8628831066.25, upper=10462283618.25)",PHONE,933,Employee_933,employee933@example.com,12345,70308,13,2024-09-02
outliers,"Outliers detected in numeric column PHONE using IQR method (IQR multiplier=1.5, lower=8628831066.25, upper=10462283618.25)",PHONE,934,Employee_934,employee934@example.com,12345,114506,12,2020-04-23
outliers,"Outliers detected in numeric column PHONE using IQR method (IQR multiplier=1.5, lower=8628831066.25, upper=10462283618.25)",PHONE,935,Employee_935,employee935@example.com,12345,138152,17,2020-12-29
outliers,"Outliers detected in numeric column PHONE using IQR method (IQR multiplier=1.5, lower=8628831066.25, upper=10462283618.25)",PHONE,936,Employee_936,employee936@example.com,12345,99978,14,2022-01-17
outliers,"Outliers detected in numeric column PHONE using IQR method (IQR multiplier=1.5, lower=8628831066.25, upper=10462283618.25)",PHONE,937,Employee_937,employee937@example.com,12345,74131,6,2021-03-05
outliers,"Outliers detected in numeric column PHONE using IQR method (IQR multiplier=1.5, lower=8628831066.25, upper=10462283618.25)",PHONE,938,Employee_938,employee938@example.com,12345,43253,5,2022-09-01
outliers,"Outliers detected in numeric column PHONE using IQR method (IQR multiplier=1.5, lower=8628831066.25, upper=10462283618.25)",PHONE,939,Employee_939,employee939@example.com,12345,79068,3,2021-12-28
outliers,"Outliers detected in numeric column PHONE using IQR method (IQR multiplier=1.5, lower=8628831066.25, upper=10462283618.25)",PHONE,940,Employee_940,employee940@example.com,12345,101349,13,2020-11-12
outliers,"Outliers detected in numeric column PHONE using IQR method (IQR multiplier=1.5, lower=8628831066.25, upper=10462283618.25)",PHONE,941,Employee_941,employee941@example.com,12345,34477,13,2022-11-20
outliers,"Outliers detected in numeric column PHONE using IQR method (IQR multiplier=1.5, lower=8628831066.25, upper=10462283618.25)",PHONE,942,Employee_942,employee942@example.com,12345,109297,11,2024-06-20
outliers,"Outliers detected in numeric column PHONE using IQR method (IQR multiplier=1.5, lower=8628831066.25, upper=10462283618.25)",PHONE,943,Employee_943,employee943@example.com,12345,117717,6,2021-02-12
outliers,"Outliers detected in numeric column PHONE using IQR method (IQR multiplier=1.5, lower=8628831066.25, upper=10462283618.25)",PHONE,944,Employee_944,employee944@example.com,12345,129254,11,2024-02-21
outliers,"Outliers detected in numeric column PHONE using IQR method (IQR multiplier=1.5, lower=8628831066.25, upper=10462283618.25)",PHONE,945,Employee_945,employee945@example.com,12345,101458,19,2024-03-04
outliers,"Outliers detected in numeric column PHONE using IQR method (IQR multiplier=1.5, lower=8628831066.25, upper=10462283618.25)",PHONE,946,Employee_946,employee946@example.com,12345,62597,10,2022-01-06
outliers,"Outliers detected in numeric column PHONE using IQR method (IQR multiplier=1.5, lower=8628831066.25, upper=10462283618.25)",PHONE,947,Employee_947,employee947@example.com,12345,49264,19,2022-04-04
outliers,"Outliers detected in numeric column PHONE using IQR method (IQR multiplier=1.5, lower=8628831066.25, upper=10462283618.25)",PHONE,948,Employee_948,employee948@example.com,12345,44849,2,2021-01-22
outliers,"Outliers detected in numeric column PHONE using IQR method (IQR multiplier=1.5, lower=8628831066.25, upper=10462283618.25)",PHONE,949,Employee_949,employee949@example.com,12345,87241,5,2023-04-05
outliers,"Outliers detected in numeric column PHONE using IQR method (IQR multiplier=1.5, lower=8628831066.25, upper=10462283618.25)",PHONE,950,Employee_950,employee950@example.com,12345,34405,1,2025-05-05
outliers,"Outliers detected in numeric column PHONE using IQR method (IQR multiplier=1.5, lower=8628831066.25, upper=10462283618.25)",PHONE,951,Employee_951,employee951@example.com,12345,64033,16,2021-08-08
outliers,"Outliers detected in numeric column PHONE using IQR method (IQR multiplier=1.5, lower=8628831066.25, upper=10462283618.25)",PHONE,952,Employee_952,employee952@example.com,12345,137022,7,2024-07-29
outliers,"Outliers detected in numeric column PHONE using IQR method (IQR multiplier=1.5, lower=8628831066.25, upper=10462283618.25)",PHONE,953,Employee_953,employee953@example.com,12345,98317,5,2020-12-21
outliers,"Outliers detected in numeric column PHONE using IQR method (IQR multiplier=1.5, lower=8628831066.25, upper=10462283618.25)",PHONE,954,Employee_954,employee954@example.com,12345,119659,16,2022-04-25
outliers,"Outliers detected in numeric column PHONE using IQR method (IQR multiplier=1.5, lower=8628831066.25, upper=10462283618.25)",PHONE,955,Employee_955,employee955@example.com,12345,117992,2,2021-07-29
outliers,"Outliers detected in numeric column PHONE using IQR method (IQR multiplier=1.5, lower=8628831066.25, upper=10462283618.25)",PHONE,956,Employee_956,employee956@example.com,12345,82489,20,2021-10-30
outliers,"Outliers detected in numeric column PHONE using IQR method (IQR multiplier=1.5, lower=8628831066.25, upper=10462283618.25)",PHONE,957,Employee_957,employee957@example.com,12345,134419,11,2025-01-17
outliers,"Outliers detected in numeric column PHONE using IQR method (IQR multiplier=1.5, lower=8628831066.25, upper=10462283618.25)",PHONE,958,Employee_958,employee958@example.com,12345,89067,11,2021-12-27
outliers,"Outliers detected in numeric column PHONE using IQR method (IQR multiplier=1.5, lower=8628831066.25, upper=10462283618.25)",PHONE,959,Employee_959,employee959@example.com,12345,109652,19,2023-10-13
outliers,"Outliers detected in numeric column PHONE using IQR method (IQR multiplier=1.5, lower=8628831066.25, upper=10462283618.25)",PHONE,960,Employee_960,employee960@example.com,12345,132504,16,2021-11-20
outliers,"Outliers detected in numeric column PHONE using IQR method (IQR multiplier=1.5, lower=8628831066.25, upper=10462283618.25)",PHONE,961,Employee_961,employee961@example.com,12345,32924,10,2023-07-31
outliers,"Outliers detected in numeric column PHONE using IQR method (IQR multiplier=1.5, lower=8628831066.25, upper=10462283618.25)",PHONE,962,Employee_962,employee962@example.com,12345,32227,5,2025-06-15
outliers,"Outliers detected in numeric column PHONE using IQR method (IQR multiplier=1.5, lower=8628831066.25, upper=10462283618.25)",PHONE,963,Employee_963,employee963@example.com,12345,95664,5,2023-10-25
outliers,"Outliers detected in numeric column PHONE using IQR method (IQR multiplier=1.5, lower=8628831066.25, upper=10462283618.25)",PHONE,964,Employee_964,employee964@example.com,12345,64007,15,2020-06-21
outliers,"Outliers detected in numeric column PHONE using IQR method (IQR multiplier=1.5, lower=8628831066.25, upper=10462283618.25)",PHONE,965,Employee_965,employee965@example.com,12345,60008,10,2022-04-30
outliers,"Outliers detected in numeric column PHONE using IQR method (IQR multiplier=1.5, lower=8628831066.25, upper=10462283618.25)",PHONE,966,Employee_966,employee966@example.com,12345,102281,13,2025-06-04
outliers,"Outliers detected in numeric column PHONE using IQR method (IQR multiplier=1.5, lower=8628831066.25, upper=10462283618.25)",PHONE,967,Employee_967,employee967@example.com,12345,85940,9,2021-06-29
outliers,"Outliers detected in numeric column PHONE using IQR method (IQR multiplier=1.5, lower=8628831066.25, upper=10462283618.25)",PHONE,968,Employee_968,employee968@example.com,12345,50609,3,2023-03-21
outliers,"Outliers detected in numeric column PHONE using IQR method (IQR multiplier=1.5, lower=8628831066.25, upper=10462283618.25)",PHONE,969,Employee_969,employee969@example.com,12345,109421,11,2020-03-08
outliers,"Outliers detected in numeric column PHONE using IQR method (IQR multiplier=1.5, lower=8628831066.25, upper=10462283618.25)",PHONE,970,Employee_970,employee970@example.com,12345,63141,3,2022-03-07
outliers,"Outliers detected in numeric column PHONE using IQR method (IQR multiplier=1.5, lower=8628831066.25, upper=10462283618.25)",PHONE,971,Employee_971,employee971@example.com,12345,90585,5,2025-01-16
outliers,"Outliers detected in numeric column PHONE using IQR method (IQR multiplier=1.5, lower=8628831066.25, upper=10462283618.25)",PHONE,972,Employee_972,employee972@example.com,12345,98019,1,2022-09-05
outliers,"Outliers detected in numeric column PHONE using IQR method (IQR multiplier=1.5, lower=8628831066.25, upper=10462283618.25)",PHONE,973,Employee_973,employee973@example.com,12345,121076,18,2020-10-20
outliers,"Outliers detected in numeric column PHONE using IQR method (IQR multiplier=1.5, lower=8628831066.25, upper=10462283618.25)",PHONE,974,Employee_974,employee974@example.com,12345,136177,16,2020-06-22
outliers,"Outliers detected in numeric column PHONE using IQR method (IQR multiplier=1.5, lower=8628831066.25, upper=10462283618.25)",PHONE,975,Employee_975,employee975@example.com,12345,92982,2,2021-06-17
outliers,"Outliers detected in numeric column PHONE using IQR method (IQR multiplier=1.5, lower=8628831066.25, upper=10462283618.25)",PHONE,976,Employee_976,employee976@example.com,12345,142034,18,2025-05-13
outliers,"Outliers detected in numeric column PHONE using IQR method (IQR multiplier=1.5, lower=8628831066.25, upper=10462283618.25)",PHONE,977,Employee_977,employee977@example.com,12345,114821,19,2021-09-09
outliers,"Outliers detected in numeric column PHONE using IQR method (IQR multiplier=1.5, lower=8628831066.25, upper=10462283618.25)",PHONE,978,Employee_978,employee978@example.com,12345,78418,19,2022-02-24
outliers,"Outliers detected in numeric column PHONE using IQR method (IQR multiplier=1.5, lower=8628831066.25, upper=10462283618.25)",PHONE,979,Employee_979,employee979@example.com,12345,95201,4,2022-06-21
outliers,"Outliers detected in numeric column PHONE using IQR method (IQR multiplier=1.5, lower=8628831066.25, upper=10462283618.25)",PHONE,980,Employee_980,employee980@example.com,12345,52953,4,2021-07-11
outliers,"Outliers detected in numeric column PHONE using IQR method (IQR multiplier=1.5, lower=8628831066.25, upper=10462283618.25)",PHONE,981,Employee_981,employee981@example.com,12345,91049,20,2025-01-06
outliers,"Outliers detected in numeric column PHONE using IQR method (IQR multiplier=1.5, lower=8628831066.25, upper=10462283618.25)",PHONE,982,Employee_982,employee982@example.com,12345,36974,17,2021-12-18
outliers,"Outliers detected in numeric column PHONE using IQR method (IQR multiplier=1.5, lower=8628831066.25, upper=10462283618.25)",PHONE,983,Employee_983,employee983@example.com,12345,36359,13,2024-04-23
outliers,"Outliers detected in numeric column PHONE using IQR method (IQR multiplier=1.5, lower=8628831066.25, upper=10462283618.25)",PHONE,984,Employee_984,employee984@example.com,12345,96878,12,2025-05-28
outliers,"Outliers detected in numeric column PHONE using IQR method (IQR multiplier=1.5, lower=8628831066.25, upper=10462283618.25)",PHONE,985,Employee_985,employee985@example.com,12345,71607,2,2022-10-11
outliers,"Outliers detected in numeric column PHONE using IQR method (IQR multiplier=1.5, lower=8628831066.25, upper=10462283618.25)",PHONE,986,Employee_986,employee986@example.com,12345,34350,2,2025-03-14
outliers,"Outliers detected in numeric column PHONE using IQR method (IQR multiplier=1.5, lower=8628831066.25, upper=10462283618.25)",PHONE,987,Employee_987,employee987@example.com,12345,77802,10,2021-09-19
outliers,"Outliers detected in numeric column PHONE using IQR method (IQR multiplier=1.5, lower=8628831066.25, upper=10462283618.25)",PHONE,988,Employee_988,employee988@example.com,12345,97977,3,2024-01-22
outliers,"Outliers detected in numeric column PHONE using IQR method (IQR multiplier=1.5, lower=8628831066.25, upper=10462283618.25)",PHONE,989,Employee_989,employee989@example.com,12345,57537,15,2023-06-30
outliers,"Outliers detected in numeric column PHONE using IQR method (IQR multiplier=1.5, lower=8628831066.25, upper=10462283618.25)",PHONE,990,Employee_990,employee990@example.com,12345,37216,8,2025-02-18
outliers,"Outliers detected in numeric column PHONE using IQR method (IQR multiplier=1.5, lower=8628831066.25, upper=10462283618.25)",PHONE,991,Employee_991,employee991@example.com,12345,60774,19,2023-01-10
outliers,"Outliers detected in numeric column PHONE using IQR method (IQR multiplier=1.5, lower=8628831066.25, upper=10462283618.25)",PHONE,992,Employee_992,employee992@example.com,12345,46235,15,2022-08-05
outliers,"Outliers detected in numeric column PHONE using IQR method (IQR multiplier=1.5, lower=8628831066.25, upper=10462283618.25)",PHONE,993,Employee_993,employee993@example.com,12345,81919,17,2025-03-30
outliers,"Outliers detected in numeric column PHONE using IQR method (IQR multiplier=1.5, lower=8628831066.25, upper=10462283618.25)",PHONE,994,Employee_994,employee994@example.com,12345,147054,14,2022-06-09
outliers,"Outliers detected in numeric column PHONE using IQR method (IQR multiplier=1.5, lower=8628831066.25, upper=10462283618.25)",PHONE,995,Employee_995,employee995@example.com,12345,134393,7,2022-10-21
outliers,"Outliers detected in numeric column PHONE using IQR method (IQR multiplier=1.5, lower=8628831066.25, upper=10462283618.25)",PHONE,996,Employee_996,employee996@example.com,12345,36249,9,2021-07-04
outliers,"Outliers detected in numeric column PHONE using IQR method (IQR multiplier=1.5, lower=8628831066.25, upper=10462283618.25)",PHONE,997,Employee_997,employee997@example.com,12345,116889,8,2021-07-05
outliers,"Outliers detected in numeric column PHONE using IQR method (IQR multiplier=1.5, lower=8628831066.25, upper=10462283618.25)",PHONE,998,Employee_998,employee998@example.com,12345,53280,8,2025-03-03
outliers,"Outliers detected in numeric column PHONE using IQR method (IQR multiplier=1.5, lower=8628831066.25, upper=10462283618.25)",PHONE,999,Employee_999,employee999@example.com,12345,84046,8,2020-03-29
outliers,"Outliers detected in numeric column PHONE using IQR method (IQR multiplier=1.5, lower=8628831066.25, upper=10462283618.25)",PHONE,1000,Employee_1000,employee1000@example.com,12345,90489,17,2020-07-20
invalid_emails,Malformed email syntax detected in column EMAIL,EMAIL,351,Employee_351,invalid_email,9207583467,135199,16,2023-06-09
invalid_emails,Malformed email syntax detected in column EMAIL,EMAIL,352,Employee_352,invalid_email,9855226758,94450,18,2022-02-15
invalid_emails,Malformed email syntax detected in column EMAIL,EMAIL,353,Employee_353,invalid_email,9653769034,106220,9,2023-06-25
invalid_emails,Malformed email syntax detected in column EMAIL,EMAIL,354,Employee_354,invalid_email,9681846393,76512,1,2023-12-31
invalid_emails,Malformed email syntax detected in column EMAIL,EMAIL,355,Employee_355,invalid_email,9780876038,135821,4,2020-09-22
invalid_emails,Malformed email syntax detected in column EMAIL,EMAIL,356,Employee_356,invalid_email,9627322234,60925,5,2022-12-23
invalid_emails,Malformed email syntax detected in column EMAIL,EMAIL,357,Employee_357,invalid_email,9410070147,71841,2,2022-10-04
invalid_emails,Malformed email syntax detected in column EMAIL,EMAIL,358,Employee_358,invalid_email,9579141290,106717,16,2021-11-06
invalid_emails,Malformed email syntax detected in column EMAIL,EMAIL,359,Employee_359,invalid_email,9141367754,82524,16,2021-01-06
invalid_emails,Malformed email syntax detected in column EMAIL,EMAIL,360,Employee_360,invalid_email,9474025472,87602,15,2021-04-28
invalid_emails,Malformed email syntax detected in column EMAIL,EMAIL,361,Employee_361,invalid_email,9983976497,51447,11,2024-02-18
invalid_emails,Malformed email syntax detected in column EMAIL,EMAIL,362,Employee_362,invalid_email,9128282508,51811,2,2021-11-17
invalid_emails,Malformed email syntax detected in column EMAIL,EMAIL,363,Employee_363,invalid_email,9873284410,66417,11,2022-11-13
invalid_emails,Malformed email syntax detected in column EMAIL,EMAIL,364,Employee_364,invalid_email,9137912769,143034,13,2023-07-27
invalid_emails,Malformed email syntax detected in column EMAIL,EMAIL,365,Employee_365,invalid_email,9610343516,142390,18,2022-05-11
invalid_emails,Malformed email syntax detected in column EMAIL,EMAIL,366,Employee_366,invalid_email,9549975218,82022,3,2025-01-01
invalid_emails,Malformed email syntax detected in column EMAIL,EMAIL,367,Employee_367,invalid_email,9718647626,114705,8,2025-02-07
invalid_emails,Malformed email syntax detected in column EMAIL,EMAIL,368,Employee_368,invalid_email,9351471755,96879,13,2021-06-21
invalid_emails,Malformed email syntax detected in column EMAIL,EMAIL,369,Employee_369,invalid_email,9922224633,93191,14,2020-03-22
invalid_emails,Malformed email syntax detected in column EMAIL,EMAIL,370,Employee_370,invalid_email,9246773703,61614,10,2020-09-10
invalid_emails,Malformed email syntax detected in column EMAIL,EMAIL,371,Employee_371,invalid_email,9189004302,80937,10,2024-09-25
invalid_emails,Malformed email syntax detected in column EMAIL,EMAIL,372,Employee_372,invalid_email,9161447750,76734,13,2020-05-24
invalid_emails,Malformed email syntax detected in column EMAIL,EMAIL,373,Employee_373,invalid_email,9153910021,100977,5,2022-10-24
invalid_emails,Malformed email syntax detected in column EMAIL,EMAIL,374,Employee_374,invalid_email,9880847418,34516,16,2020-07-14
invalid_emails,Malformed email syntax detected in column EMAIL,EMAIL,375,Employee_375,invalid_email,9128283999,91084,3,2020-07-27
invalid_emails,Malformed email syntax detected in column EMAIL,EMAIL,376,Employee_376,invalid_email,9513892914,137093,11,2024-10-29
invalid_emails,Malformed email syntax detected in column EMAIL,EMAIL,377,Employee_377,invalid_email,9984091058,97723,19,2024-02-10
invalid_emails,Malformed email syntax detected in column EMAIL,EMAIL,378,Employee_378,invalid_email,9133741860,68746,11,2020-07-07
invalid_emails,Malformed email syntax detected in column EMAIL,EMAIL,379,Employee_379,invalid_email,9737710663,95897,11,2023-04-16
invalid_emails,Malformed email syntax detected in column EMAIL,EMAIL,380,Employee_380,invalid_email,9917658798,115038,14,2024-10-08
invalid_emails,Malformed email syntax detected in column EMAIL,EMAIL,381,Employee_381,invalid_email,9661245224,42944,1,2022-12-14
invalid_emails,Malformed email syntax detected in column EMAIL,EMAIL,382,Employee_382,invalid_email,9262393315,132670,18,2022-10-27
invalid_emails,Malformed email syntax detected in column EMAIL,EMAIL,383,Employee_383,invalid_email,9798571552,91492,3,2022-07-14
invalid_emails,Malformed email syntax detected in column EMAIL,EMAIL,384,Employee_384,invalid_email,9443613010,100974,11,2025-05-07
invalid_emails,Malformed email syntax detected in column EMAIL,EMAIL,385,Employee_385,invalid_email,9631843509,67366,12,2024-08-22
invalid_emails,Malformed email syntax detected in column EMAIL,EMAIL,386,Employee_386,invalid_email,9274877057,84914,1,2023-01-07
invalid_emails,Malformed email syntax detected in column EMAIL,EMAIL,387,Employee_387,invalid_email,9420593063,113769,20,2023-12-02
invalid_emails,Malformed email syntax detected in column EMAIL,EMAIL,388,Employee_388,invalid_email,9148883757,92315,19,2021-11-08
invalid_emails,Malformed email syntax detected in column EMAIL,EMAIL,389,Employee_389,invalid_email,9688935824,83066,4,2023-12-17
invalid_emails,Malformed email syntax detected in column EMAIL,EMAIL,390,Employee_390,invalid_email,9317013439,44740,7,2023-12-28
invalid_emails,Malformed email syntax detected in column EMAIL,EMAIL,391,Employee_391,invalid_email,9740345946,108446,15,2022-12-19
invalid_emails,Malformed email syntax detected in column EMAIL,EMAIL,392,Employee_392,invalid_email,9229519245,65868,18,2024-03-03
invalid_emails,Malformed email syntax detected in column EMAIL,EMAIL,393,Employee_393,invalid_email,9709262479,53149,6,2024-05-09
invalid_emails,Malformed email syntax detected in column EMAIL,EMAIL,394,Employee_394,invalid_email,9748109111,42247,9,2023-09-26
invalid_emails,Malformed email syntax detected in column EMAIL,EMAIL,395,Employee_395,invalid_email,9536238101,120543,12,2022-12-26
invalid_emails,Malformed email syntax detected in column EMAIL,EMAIL,396,Employee_396,invalid_email,9437594003,70356,10,2024-04-03
invalid_emails,Malformed email syntax detected in column EMAIL,EMAIL,397,Employee_397,invalid_email,9985373337,35622,12,2020-04-05
invalid_emails,Malformed email syntax detected in column EMAIL,EMAIL,398,Employee_398,invalid_email,9292574681,123558,16,2022-04-24
invalid_emails,Malformed email syntax detected in column EMAIL,EMAIL,399,Employee_399,invalid_email,9719601442,104922,13,2020-03-17
invalid_emails,Malformed email syntax detected in column EMAIL,EMAIL,400,Employee_400,invalid_email,9497768508,121723,6,2023-11-03
invalid_emails,Malformed email syntax detected in column EMAIL,EMAIL,401,Employee_401,invalid_email,9603119066,31617,12,2020-09-18
invalid_emails,Malformed email syntax detected in column EMAIL,EMAIL,402,Employee_402,invalid_email,9318733563,145038,19,2020-10-01
invalid_emails,Malformed email syntax detected in column EMAIL,EMAIL,403,Employee_403,invalid_email,9170435633,60568,17,2025-02-17
invalid_emails,Malformed email syntax detected in column EMAIL,EMAIL,404,Employee_404,invalid_email,9859249334,142947,12,2020-04-18
invalid_emails,Malformed email syntax detected in column EMAIL,EMAIL,405,Employee_405,invalid_email,9615919118,109008,1,2022-07-05
invalid_emails,Malformed email syntax detected in column EMAIL,EMAIL,406,Employee_406,invalid_email,9396551032,42412,8,2021-06-20
invalid_emails,Malformed email syntax detected in column EMAIL,EMAIL,407,Employee_407,invalid_email,9559686232,105709,6,2025-01-16
invalid_emails,Malformed email syntax detected in column EMAIL,EMAIL,408,Employee_408,invalid_email,9466758059,99691,6,2022-12-03
invalid_emails,Malformed email syntax detected in column EMAIL,EMAIL,409,Employee_409,invalid_email,9408991427,93463,19,2024-07-21
invalid_emails,Malformed email syntax detected in column EMAIL,EMAIL,410,Employee_410,invalid_email,9981922712,39341,9,2024-03-02
invalid_emails,Malformed email syntax detected in column EMAIL,EMAIL,411,Employee_411,invalid_email,9688426566,45858,13,2024-10-21
invalid_emails,Malformed email syntax detected in column EMAIL,EMAIL,412,Employee_412,invalid_email,9297285646,101095,5,2021-05-22
invalid_emails,Malformed email syntax detected in column EMAIL,EMAIL,413,Employee_413,invalid_email,9437249026,47166,9,2020-07-03
invalid_emails,Malformed email syntax detected in column EMAIL,EMAIL,414,Employee_414,invalid_email,9969401728,41736,9,2023-12-20
invalid_emails,Malformed email syntax detected in column EMAIL,EMAIL,415,Employee_415,invalid_email,9181432861,146881,20,2025-01-09
invalid_emails,Malformed email syntax detected in column EMAIL,EMAIL,416,Employee_416,invalid_email,9884895248,64986,9,2023-09-20
invalid_emails,Malformed email syntax detected in column EMAIL,EMAIL,417,Employee_417,invalid_email,9610052247,77190,16,2021-11-13
invalid_emails,Malformed email syntax detected in column EMAIL,EMAIL,418,Employee_418,invalid_email,9425009003,43482,20,2021-12-30
invalid_emails,Malformed email syntax detected in column EMAIL,EMAIL,419,Employee_419,invalid_email,9914479853,111041,8,2020-10-27
invalid_emails,Malformed email syntax detected in column EMAIL,EMAIL,420,Employee_420,invalid_email,9424505684,99876,16,2020-04-03
invalid_emails,Malformed email syntax detected in column EMAIL,EMAIL,421,Employee_421,invalid_email,9176176034,45198,18,2021-04-30
invalid_emails,Malformed email syntax detected in column EMAIL,EMAIL,422,Employee_422,invalid_email,9879648026,66605,8,2023-09-01
invalid_emails,Malformed email syntax detected in column EMAIL,EMAIL,423,Employee_423,invalid_email,9837205436,44560,5,2020-07-14
invalid_emails,Malformed email syntax detected in column EMAIL,EMAIL,424,Employee_424,invalid_email,9539824404,92770,18,2022-06-22
invalid_emails,Malformed email syntax detected in column EMAIL,EMAIL,425,Employee_425,invalid_email,9112484938,59708,15,2022-03-11
invalid_emails,Malformed email syntax detected in column EMAIL,EMAIL,426,Employee_426,invalid_email,9138971763,59867,17,2024-02-06
invalid_emails,Malformed email syntax detected in column EMAIL,EMAIL,427,Employee_427,invalid_email,9977211763,53418,14,2021-07-27
invalid_emails,Malformed email syntax detected in column EMAIL,EMAIL,428,Employee_428,invalid_email,9320890585,132053,19,2024-12-21
invalid_emails,Malformed email syntax detected in column EMAIL,EMAIL,429,Employee_429,invalid_email,9473867975,110382,16,2020-11-11
invalid_emails,Malformed email syntax detected in column EMAIL,EMAIL,430,Employee_430,invalid_email,9984027929,36411,2,2020-05-28
invalid_emails,Malformed email syntax detected in column EMAIL,EMAIL,431,Employee_431,invalid_email,9375347491,33860,2,2023-10-20
invalid_emails,Malformed email syntax detected in column EMAIL,EMAIL,432,Employee_432,invalid_email,9310163954,117061,6,2025-03-28
invalid_emails,Malformed email syntax detected in column EMAIL,EMAIL,433,Employee_433,invalid_email,9706371622,62684,4,2020-01-26
invalid_emails,Malformed email syntax detected in column EMAIL,EMAIL,434,Employee_434,invalid_email,9976698383,141679,17,2020-07-10
invalid_emails,Malformed email syntax detected in column EMAIL,EMAIL,435,Employee_435,invalid_email,9405788949,67315,14,2022-08-23
invalid_emails,Malformed email syntax detected in column EMAIL,EMAIL,436,Employee_436,invalid_email,9514003102,101997,6,2021-06-07
invalid_emails,Malformed email syntax detected in column EMAIL,EMAIL,437,Employee_437,invalid_email,9904173230,137993,5,2021-02-04
invalid_emails,Malformed email syntax detected in column EMAIL,EMAIL,438,Employee_438,invalid_email,9357152133,114680,4,2025-01-31
invalid_emails,Malformed email syntax detected in column EMAIL,EMAIL,439,Employee_439,invalid_email,9324155684,129695,7,2023-07-21
invalid_emails,Malformed email syntax detected in column EMAIL,EMAIL,440,Employee_440,invalid_email,9308058015,101949,11,2023-03-28
invalid_emails,Malformed email syntax detected in column EMAIL,EMAIL,441,Employee_441,invalid_email,9796739332,82144,2,2025-05-11
invalid_emails,Malformed email syntax detected in column EMAIL,EMAIL,442,Employee_442,invalid_email,9222313766,110916,9,2024-01-17
invalid_emails,Malformed email syntax detected in column EMAIL,EMAIL,443,Employee_443,invalid_email,9663545229,99636,16,2024-09-14
invalid_emails,Malformed email syntax detected in column EMAIL,EMAIL,444,Employee_444,invalid_email,9203965345,48403,1,2023-12-30
invalid_emails,Malformed email syntax detected in column EMAIL,EMAIL,445,Employee_445,invalid_email,9886626067,78140,8,2020-11-13
invalid_emails,Malformed email syntax detected in column EMAIL,EMAIL,446,Employee_446,invalid_email,9695142466,71004,12,2024-08-15
invalid_emails,Malformed email syntax detected in column EMAIL,EMAIL,447,Employee_447,invalid_email,9142994810,143312,2,2021-07-02
invalid_emails,Malformed email syntax detected in column EMAIL,EMAIL,448,Employee_448,invalid_email,9930862139,49667,15,2020-04-07
invalid_emails,Malformed email syntax detected in column EMAIL,EMAIL,449,Employee_449,invalid_email,9765887817,65511,11,2021-04-02
invalid_emails,Malformed email syntax detected in column EMAIL,EMAIL,450,Employee_450,invalid_email,9391454320,63683,1,2024-10-25
invalid_emails,Malformed email syntax detected in column EMAIL,EMAIL,451,Employee_451,invalid_email,9772471099,88010,17,2021-08-26
invalid_emails,Malformed email syntax detected in column EMAIL,EMAIL,452,Employee_452,invalid_email,9147046011,111801,4,2023-03-22
invalid_emails,Malformed email syntax detected in column EMAIL,EMAIL,453,Employee_453,invalid_email,9884395036,110125,13,2020-06-14
invalid_emails,Malformed email syntax detected in column EMAIL,EMAIL,454,Employee_454,invalid_email,9401554193,90760,1,2022-07-28
invalid_emails,Malformed email syntax detected in column EMAIL,EMAIL,455,Employee_455,invalid_email,9811998776,52508,11,2022-11-06
invalid_emails,Malformed email syntax detected in column EMAIL,EMAIL,456,Employee_456,invalid_email,9525638015,123191,9,2022-10-24
invalid_emails,Malformed email syntax detected in column EMAIL,EMAIL,457,Employee_457,invalid_email,9595450961,108977,8,2021-11-23
invalid_emails,Malformed email syntax detected in column EMAIL,EMAIL,458,Employee_458,invalid_email,9242304890,143968,17,2021-01-29
invalid_emails,Malformed email syntax detected in column EMAIL,EMAIL,459,Employee_459,invalid_email,9422209044,71803,17,2021-09-28
invalid_emails,Malformed email syntax detected in column EMAIL,EMAIL,460,Employee_460,invalid_email,9644467166,123481,11,2022-03-11
invalid_emails,Malformed email syntax detected in column EMAIL,EMAIL,461,Employee_461,invalid_email,9797182996,119441,16,2025-04-17
invalid_emails,Malformed email syntax detected in column EMAIL,EMAIL,462,Employee_462,invalid_email,9405737828,99532,5,2021-12-15
invalid_emails,Malformed email syntax detected in column EMAIL,EMAIL,463,Employee_463,invalid_email,9985519187,122598,12,2021-10-06
invalid_emails,Malformed email syntax detected in column EMAIL,EMAIL,464,Employee_464,invalid_email,9439938784,140822,6,2021-02-27
invalid_emails,Malformed email syntax detected in column EMAIL,EMAIL,465,Employee_465,invalid_email,9550971269,39054,6,2022-02-04
invalid_emails,Malformed email syntax detected in column EMAIL,EMAIL,466,Employee_466,invalid_email,9500656755,115852,9,2021-10-30
invalid_emails,Malformed email syntax detected in column EMAIL,EMAIL,467,Employee_467,invalid_email,9765765141,86255,15,2021-11-25
invalid_emails,Malformed email syntax detected in column EMAIL,EMAIL,468,Employee_468,invalid_email,9562716611,54544,7,2023-07-07
invalid_emails,Malformed email syntax detected in column EMAIL,EMAIL,469,Employee_469,invalid_email,9356020407,80594,8,2023-06-05
invalid_emails,Malformed email syntax detected in column EMAIL,EMAIL,470,Employee_470,invalid_email,9194793003,62214,6,2024-07-26
invalid_emails,Malformed email syntax detected in column EMAIL,EMAIL,471,Employee_471,invalid_email,9174377627,132369,3,2023-04-11
invalid_emails,Malformed email syntax detected in column EMAIL,EMAIL,472,Employee_472,invalid_email,9617779238,105997,16,2022-07-25
invalid_emails,Malformed email syntax detected in column EMAIL,EMAIL,473,Employee_473,invalid_email,9180458366,44925,9,2025-03-17
invalid_emails,Malformed email syntax detected in column EMAIL,EMAIL,474,Employee_474,invalid_email,9626731464,146517,16,2024-04-09
invalid_emails,Malformed email syntax detected in column EMAIL,EMAIL,475,Employee_475,invalid_email,9823043288,46740,17,2022-01-13
invalid_emails,Malformed email syntax detected in column EMAIL,EMAIL,476,Employee_476,invalid_email,9425162401,55403,10,2024-02-13
invalid_emails,Malformed email syntax detected in column EMAIL,EMAIL,477,Employee_477,invalid_email,9567552092,103914,12,2020-07-10
invalid_emails,Malformed email syntax detected in column EMAIL,EMAIL,478,Employee_478,invalid_email,9876739609,92786,18,2023-04-07
invalid_emails,Malformed email syntax detected in column EMAIL,EMAIL,479,Employee_479,invalid_email,9135232915,120103,16,2020-01-21
invalid_emails,Malformed email syntax detected in column EMAIL,EMAIL,480,Employee_480,invalid_email,9538929471,133931,17,2024-05-25
invalid_emails,Malformed email syntax detected in column EMAIL,EMAIL,481,Employee_481,invalid_email,9731086161,105012,12,2022-06-04
invalid_emails,Malformed email syntax detected in column EMAIL,EMAIL,482,Employee_482,invalid_email,9591339642,121475,6,2020-03-24
invalid_emails,Malformed email syntax detected in column EMAIL,EMAIL,483,Employee_483,invalid_email,9253546603,104266,12,2021-10-15
invalid_emails,Malformed email syntax detected in column EMAIL,EMAIL,484,Employee_484,invalid_email,9791387914,107136,9,2022-05-03
invalid_emails,Malformed email syntax detected in column EMAIL,EMAIL,485,Employee_485,invalid_email,9348059220,143699,12,2021-11-04
invalid_emails,Malformed email syntax detected in column EMAIL,EMAIL,486,Employee_486,invalid_email,9151807762,39233,11,2022-05-10
invalid_emails,Malformed email syntax detected in column EMAIL,EMAIL,487,Employee_487,invalid_email,9838648781,100052,2,2024-11-25
invalid_emails,Malformed email syntax detected in column EMAIL,EMAIL,488,Employee_488,invalid_email,9310436684,66518,11,2021-09-08
invalid_emails,Malformed email syntax detected in column EMAIL,EMAIL,489,Employee_489,invalid_email,9233892977,61296,9,2024-04-05
invalid_emails,Malformed email syntax detected in column EMAIL,EMAIL,490,Employee_490,invalid_email,9601650161,125339,18,2023-12-15
invalid_emails,Malformed email syntax detected in column EMAIL,EMAIL,491,Employee_491,invalid_email,9684566150,52032,8,2022-09-04
invalid_emails,Malformed email syntax detected in column EMAIL,EMAIL,492,Employee_492,invalid_email,9649304631,72882,19,2021-10-18
invalid_emails,Malformed email syntax detected in column EMAIL,EMAIL,493,Employee_493,invalid_email,9397313920,139954,6,2021-05-24
invalid_emails,Malformed email syntax detected in column EMAIL,EMAIL,494,Employee_494,invalid_email,9461436213,140025,3,2021-04-27
invalid_emails,Malformed email syntax detected in column EMAIL,EMAIL,495,Employee_495,invalid_email,9492921730,144205,3,2024-12-07
invalid_emails,Malformed email syntax detected in column EMAIL,EMAIL,496,Employee_496,invalid_email,9821868908,79478,3,2022-01-03
invalid_emails,Malformed email syntax detected in column EMAIL,EMAIL,497,Employee_497,invalid_email,9920342841,117356,1,2022-05-30
invalid_emails,Malformed email syntax detected in column EMAIL,EMAIL,498,Employee_498,invalid_email,9815248576,116473,9,2023-12-12
invalid_emails,Malformed email syntax detected in column EMAIL,EMAIL,499,Employee_499,invalid_email,9970265880,33555,6,2025-05-24
invalid_emails,Malformed email syntax detected in column EMAIL,EMAIL,500,Employee_500,invalid_email,9822866769,110206,15,2024-03-22
invalid_emails,Malformed email syntax detected in column EMAIL,EMAIL,501,Employee_501,invalid_email,9278433213,111158,6,2021-03-11
invalid_emails,Malformed email syntax detected in column EMAIL,EMAIL,502,Employee_502,invalid_email,9430531871,141397,5,2023-04-08
invalid_emails,Malformed email syntax detected in column EMAIL,EMAIL,503,Employee_503,invalid_email,9100260768,112850,5,2021-03-31
invalid_emails,Malformed email syntax detected in column EMAIL,EMAIL,504,Employee_504,invalid_email,9576334370,33879,18,2024-02-19
invalid_emails,Malformed email syntax detected in column EMAIL,EMAIL,505,Employee_505,invalid_email,9651628035,140459,12,2024-10-08
invalid_emails,Malformed email syntax detected in column EMAIL,EMAIL,506,Employee_506,invalid_email,9682690890,57073,17,2022-09-04
invalid_emails,Malformed email syntax detected in column EMAIL,EMAIL,507,Employee_507,invalid_email,9513783225,34090,3,2021-07-25
invalid_emails,Malformed email syntax detected in column EMAIL,EMAIL,508,Employee_508,invalid_email,9651237972,87609,19,2025-04-10
invalid_emails,Malformed email syntax detected in column EMAIL,EMAIL,509,Employee_509,invalid_email,9421831922,62568,10,2020-06-02
invalid_emails,Malformed email syntax detected in column EMAIL,EMAIL,510,Employee_510,invalid_email,9565316730,122274,3,2021-11-25
invalid_emails,Malformed email syntax detected in column EMAIL,EMAIL,511,Employee_511,invalid_email,9367020498,75905,8,2024-09-07
invalid_emails,Malformed email syntax detected in column EMAIL,EMAIL,512,Employee_512,invalid_email,9488471681,144887,5,2023-03-22
invalid_emails,Malformed email syntax detected in column EMAIL,EMAIL,513,Employee_513,invalid_email,9145662964,72374,14,2020-10-29
invalid_emails,Malformed email syntax detected in column EMAIL,EMAIL,514,Employee_514,invalid_email,9132474023,70323,9,2021-01-02
invalid_emails,Malformed email syntax detected in column EMAIL,EMAIL,515,Employee_515,invalid_email,9124946287,67096,20,2021-03-04
invalid_emails,Malformed email syntax detected in column EMAIL,EMAIL,516,Employee_516,invalid_email,9167596456,105660,17,2022-11-26
invalid_emails,Malformed email syntax detected in column EMAIL,EMAIL,517,Employee_517,invalid_email,9378777523,65429,11,2020-05-31
invalid_emails,Malformed email syntax detected in column EMAIL,EMAIL,518,Employee_518,invalid_email,9768509540,86318,14,2022-12-26
invalid_emails,Malformed email syntax detected in column EMAIL,EMAIL,519,Employee_519,invalid_email,9187065885,73527,11,2020-11-27
invalid_emails,Malformed email syntax detected in column EMAIL,EMAIL,520,Employee_520,invalid_email,9602404317,108286,6,2020-05-30
invalid_emails,Malformed email syntax detected in column EMAIL,EMAIL,521,Employee_521,invalid_email,9401397355,138125,19,2023-10-04
invalid_emails,Malformed email syntax detected in column EMAIL,EMAIL,522,Employee_522,invalid_email,9569986163,30683,15,2024-03-25
invalid_emails,Malformed email syntax detected in column EMAIL,EMAIL,523,Employee_523,invalid_email,9784697911,102462,18,2024-06-17
invalid_emails,Malformed email syntax detected in column EMAIL,EMAIL,524,Employee_524,invalid_email,9951527702,144777,13,2023-05-01
invalid_emails,Malformed email syntax detected in column EMAIL,EMAIL,525,Employee_525,invalid_email,9483501797,134259,20,2024-12-11
invalid_emails,Malformed email syntax detected in column EMAIL,EMAIL,526,Employee_526,invalid_email,9370087012,43964,8,2022-01-08
invalid_emails,Malformed email syntax detected in column EMAIL,EMAIL,527,Employee_527,invalid_email,9721159872,119513,6,2022-03-11
invalid_emails,Malformed email syntax detected in column EMAIL,EMAIL,528,Employee_528,invalid_email,9572575950,111612,17,2020-01-17
invalid_emails,Malformed email syntax detected in column EMAIL,EMAIL,529,Employee_529,invalid_email,9762505569,108985,2,2023-10-10
invalid_emails,Malformed email syntax detected in column EMAIL,EMAIL,530,Employee_530,invalid_email,9652438163,43895,5,2023-05-25
invalid_emails,Malformed email syntax detected in column EMAIL,EMAIL,531,Employee_531,invalid_email,9569454456,70958,11,2024-08-20
invalid_emails,Malformed email syntax detected in column EMAIL,EMAIL,532,Employee_532,invalid_email,9761653785,47352,17,2020-09-16
invalid_emails,Malformed email syntax detected in column EMAIL,EMAIL,533,Employee_533,invalid_email,9606190088,41216,3,2024-01-10
invalid_emails,Malformed email syntax detected in column EMAIL,EMAIL,534,Employee_534,invalid_email,9717250392,54725,8,2021-09-13
invalid_emails,Malformed email syntax detected in column EMAIL,EMAIL,535,Employee_535,invalid_email,9571411275,30413,4,2024-10-09
invalid_emails,Malformed email syntax detected in column EMAIL,EMAIL,536,Employee_536,invalid_email,9589153308,149486,16,2024-08-07
invalid_emails,Malformed email syntax detected in column EMAIL,EMAIL,537,Employee_537,invalid_email,9706530842,53894,13,2020-07-14
invalid_emails,Malformed email syntax detected in column EMAIL,EMAIL,538,Employee_538,invalid_email,9850157922,56496,9,2023-06-03
invalid_emails,Malformed email syntax detected in column EMAIL,EMAIL,539,Employee_539,invalid_email,9844046593,42794,11,2021-08-21
invalid_emails,Malformed email syntax detected in column EMAIL,EMAIL,540,Employee_540,invalid_email,9291571245,116032,3,2020-07-18
invalid_emails,Malformed email syntax detected in column EMAIL,EMAIL,541,Employee_541,invalid_email,9677870179,44781,20,2023-11-23
invalid_emails,Malformed email syntax detected in column EMAIL,EMAIL,542,Employee_542,invalid_email,9621745587,60471,12,2025-05-28
invalid_emails,Malformed email syntax detected in column EMAIL,EMAIL,543,Employee_543,invalid_email,9405509509,74781,7,2022-12-02
invalid_emails,Malformed email syntax detected in column EMAIL,EMAIL,544,Employee_544,invalid_email,9585770740,73917,10,2023-10-14
invalid_emails,Malformed email syntax detected in column EMAIL,EMAIL,545,Employee_545,invalid_email,9785048543,126041,1,2024-12-12
invalid_emails,Malformed email syntax detected in column EMAIL,EMAIL,546,Employee_546,invalid_email,9652633952,115972,8,2024-12-28
invalid_emails,Malformed email syntax detected in column EMAIL,EMAIL,547,Employee_547,invalid_email,9786512165,135220,6,2021-12-09
invalid_emails,Malformed email syntax detected in column EMAIL,EMAIL,548,Employee_548,invalid_email,9584420901,96787,3,2021-02-03
invalid_emails,Malformed email syntax detected in column EMAIL,EMAIL,549,Employee_549,invalid_email,9778381380,92358,5,2024-03-05
invalid_emails,Malformed email syntax detected in column EMAIL,EMAIL,550,Employee_550,invalid_email,9168351186,48364,19,2024-04-15
invalid_emails,Malformed email syntax detected in column EMAIL,EMAIL,551,Employee_551,invalid_email,9673008243,97116,4,2021-07-18
invalid_emails,Malformed email syntax detected in column EMAIL,EMAIL,552,Employee_552,invalid_email,9459186702,63723,4,2021-05-27
invalid_emails,Malformed email syntax detected in column EMAIL,EMAIL,553,Employee_553,invalid_email,9794366761,38925,20,2021-07-15
invalid_emails,Malformed email syntax detected in column EMAIL,EMAIL,554,Employee_554,invalid_email,9382671227,73255,12,2025-01-31
invalid_emails,Malformed email syntax detected in column EMAIL,EMAIL,555,Employee_555,invalid_email,9602822687,91279,3,2020-11-09
invalid_emails,Malformed email syntax detected in column EMAIL,EMAIL,556,Employee_556,invalid_email,9329395612,75491,16,2022-01-15
invalid_emails,Malformed email syntax detected in column EMAIL,EMAIL,557,Employee_557,invalid_email,9747535298,100621,16,2025-01-24
invalid_emails,Malformed email syntax detected in column EMAIL,EMAIL,558,Employee_558,invalid_email,9613559662,122806,15,2020-09-03
invalid_emails,Malformed email syntax detected in column EMAIL,EMAIL,559,Employee_559,invalid_email,9786272173,49163,12,2025-01-27
invalid_emails,Malformed email syntax detected in column EMAIL,EMAIL,560,Employee_560,invalid_email,9141892889,126805,15,2023-08-20
invalid_emails,Malformed email syntax detected in column EMAIL,EMAIL,561,Employee_561,invalid_email,9899626020,116851,14,2021-06-07
invalid_emails,Malformed email syntax detected in column EMAIL,EMAIL,562,Employee_562,invalid_email,9384176706,58352,6,2022-01-07
invalid_emails,Malformed email syntax detected in column EMAIL,EMAIL,563,Employee_563,invalid_email,9864749011,59351,18,2025-05-09
invalid_emails,Malformed email syntax detected in column EMAIL,EMAIL,564,Employee_564,invalid_email,9835070674,83871,16,2023-06-23
invalid_emails,Malformed email syntax detected in column EMAIL,EMAIL,565,Employee_565,invalid_email,9854605923,54252,20,2024-09-22
invalid_emails,Malformed email syntax detected in column EMAIL,EMAIL,566,Employee_566,invalid_email,9248260823,146684,14,2022-10-02
invalid_emails,Malformed email syntax detected in column EMAIL,EMAIL,567,Employee_567,invalid_email,9991993594,76713,11,2025-01-09
invalid_emails,Malformed email syntax detected in column EMAIL,EMAIL,568,Employee_568,invalid_email,9847466068,46022,14,2020-07-26
invalid_emails,Malformed email syntax detected in column EMAIL,EMAIL,569,Employee_569,invalid_email,9416506821,55390,8,2023-07-21
invalid_emails,Malformed email syntax detected in column EMAIL,EMAIL,570,Employee_570,invalid_email,9476093023,41348,19,2025-04-02
invalid_emails,Malformed email syntax detected in column EMAIL,EMAIL,571,Employee_571,invalid_email,9609781138,64534,15,2021-04-05
invalid_emails,Malformed email syntax detected in column EMAIL,EMAIL,572,Employee_572,invalid_email,9511341932,144521,2,2021-02-11
invalid_emails,Malformed email syntax detected in column EMAIL,EMAIL,573,Employee_573,invalid_email,9166997739,118073,1,2023-03-08
invalid_emails,Malformed email syntax detected in column EMAIL,EMAIL,574,Employee_574,invalid_email,9703287779,87862,18,2023-07-06
invalid_emails,Malformed email syntax detected in column EMAIL,EMAIL,575,Employee_575,invalid_email,9188465732,32138,12,2022-11-17
invalid_emails,Malformed email syntax detected in column EMAIL,EMAIL,576,Employee_576,invalid_email,9354466141,55537,19,2022-09-10
invalid_emails,Malformed email syntax detected in column EMAIL,EMAIL,577,Employee_577,invalid_email,9101149959,94119,4,2022-06-17
invalid_emails,Malformed email syntax detected in column EMAIL,EMAIL,578,Employee_578,invalid_email,9195854421,98223,6,2023-11-07
invalid_emails,Malformed email syntax detected in column EMAIL,EMAIL,579,Employee_579,invalid_email,9459678779,132201,6,2022-10-03
invalid_emails,Malformed email syntax detected in column EMAIL,EMAIL,580,Employee_580,invalid_email,9937296064,63436,8,2024-11-27
invalid_emails,Malformed email syntax detected in column EMAIL,EMAIL,581,Employee_581,invalid_email,9885356481,99009,11,2024-07-06
invalid_emails,Malformed email syntax detected in column EMAIL,EMAIL,582,Employee_582,invalid_email,9924864069,51190,5,2023-08-16
invalid_emails,Malformed email syntax detected in column EMAIL,EMAIL,583,Employee_583,invalid_email,9220903347,123741,2,2020-02-22
invalid_emails,Malformed email syntax detected in column EMAIL,EMAIL,584,Employee_584,invalid_email,9260999120,108830,18,2023-07-01
invalid_emails,Malformed email syntax detected in column EMAIL,EMAIL,585,Employee_585,invalid_email,9460290179,74738,16,2023-11-24
invalid_emails,Malformed email syntax detected in column EMAIL,EMAIL,586,Employee_586,invalid_email,9392004341,95719,6,2021-01-16
invalid_emails,Malformed email syntax detected in column EMAIL,EMAIL,587,Employee_587,invalid_email,9878503966,132655,11,2023-07-14
invalid_emails,Malformed email syntax detected in column EMAIL,EMAIL,588,Employee_588,invalid_email,9569510602,51471,16,2022-05-25
invalid_emails,Malformed email syntax detected in column EMAIL,EMAIL,589,Employee_589,invalid_email,9834210764,137397,16,2022-04-01
invalid_emails,Malformed email syntax detected in column EMAIL,EMAIL,590,Employee_590,invalid_email,9665407794,120148,9,2020-09-10
invalid_emails,Malformed email syntax detected in column EMAIL,EMAIL,591,Employee_591,invalid_email,9546810804,57570,10,2021-04-02
invalid_emails,Malformed email syntax detected in column EMAIL,EMAIL,592,Employee_592,invalid_email,9644149364,121926,6,2021-07-20
invalid_emails,Malformed email syntax detected in column EMAIL,EMAIL,593,Employee_593,invalid_email,9475305695,131393,13,2020-04-13
invalid_emails,Malformed email syntax detected in column EMAIL,EMAIL,594,Employee_594,invalid_email,9583635733,120478,14,2024-10-14
invalid_emails,Malformed email syntax detected in column EMAIL,EMAIL,595,Employee_595,invalid_email,9277311134,97204,5,2025-06-01
invalid_emails,Malformed email syntax detected in column EMAIL,EMAIL,596,Employee_596,invalid_email,9714377461,80498,8,2024-05-18
invalid_emails,Malformed email syntax detected in column EMAIL,EMAIL,597,Employee_597,invalid_email,9758258013,42540,6,2021-12-01
invalid_emails,Malformed email syntax detected in column EMAIL,EMAIL,598,Employee_598,invalid_email,9535110781,82788,17,2024-02-23
invalid_emails,Malformed email syntax detected in column EMAIL,EMAIL,599,Employee_599,invalid_email,9462644960,77789,19,2020-07-26
invalid_emails,Malformed email syntax detected in column EMAIL,EMAIL,600,Employee_600,invalid_email,9479659960,116979,3,2023-03-08
invalid_emails,Malformed email syntax detected in column EMAIL,EMAIL,601,Employee_601,invalid_email,9796050706,126664,20,2020-06-07
invalid_emails,Malformed email syntax detected in column EMAIL,EMAIL,602,Employee_602,invalid_email,9370642543,41952,12,2024-11-02
invalid_emails,Malformed email syntax detected in column EMAIL,EMAIL,603,Employee_603,invalid_email,9250684702,78083,20,2023-02-27
invalid_emails,Malformed email syntax detected in column EMAIL,EMAIL,604,Employee_604,invalid_email,9776307398,54816,18,2023-07-06
invalid_emails,Malformed email syntax detected in column EMAIL,EMAIL,605,Employee_605,invalid_email,9395217090,58897,18,2022-03-24
invalid_emails,Malformed email syntax detected in column EMAIL,EMAIL,606,Employee_606,invalid_email,9675163552,149224,14,2024-08-23
invalid_emails,Malformed email syntax detected in column EMAIL,EMAIL,607,Employee_607,invalid_email,9646937089,146519,8,2021-06-25
invalid_emails,Malformed email syntax detected in column EMAIL,EMAIL,608,Employee_608,invalid_email,9124051240,51488,8,2022-06-22
invalid_emails,Malformed email syntax detected in column EMAIL,EMAIL,609,Employee_609,invalid_email,9871363775,74179,2,2022-06-11
invalid_emails,Malformed email syntax detected in column EMAIL,EMAIL,610,Employee_610,invalid_email,9721779275,113503,1,2022-09-25
invalid_emails,Malformed email syntax detected in column EMAIL,EMAIL,611,Employee_611,invalid_email,9769736523,136042,17,2024-02-21
invalid_emails,Malformed email syntax detected in column EMAIL,EMAIL,612,Employee_612,invalid_email,9104445688,134022,10,2023-01-18
invalid_emails,Malformed email syntax detected in column EMAIL,EMAIL,613,Employee_613,invalid_email,9353673816,70979,7,2021-10-12
invalid_emails,Malformed email syntax detected in column EMAIL,EMAIL,614,Employee_614,invalid_email,9803210026,54716,16,2021-08-04
invalid_emails,Malformed email syntax detected in column EMAIL,EMAIL,615,Employee_615,invalid_email,9240011136,109450,16,2024-04-11
invalid_emails,Malformed email syntax detected in column EMAIL,EMAIL,616,Employee_616,invalid_email,9913191318,34228,8,2021-08-29
invalid_emails,Malformed email syntax detected in column EMAIL,EMAIL,617,Employee_617,invalid_email,9708474976,58882,10,2020-01-07
invalid_emails,Malformed email syntax detected in column EMAIL,EMAIL,618,Employee_618,invalid_email,9305447929,60055,10,2023-01-19
invalid_emails,Malformed email syntax detected in column EMAIL,EMAIL,619,Employee_619,invalid_email,9669698845,83641,9,2021-01-30
invalid_emails,Malformed email syntax detected in column EMAIL,EMAIL,620,Employee_620,invalid_email,9849478523,105876,7,2025-05-12
invalid_emails,Malformed email syntax detected in column EMAIL,EMAIL,621,Employee_621,invalid_email,9831300544,107287,1,2025-02-07
invalid_emails,Malformed email syntax detected in column EMAIL,EMAIL,622,Employee_622,invalid_email,9647402846,109915,8,2022-05-11
invalid_emails,Malformed email syntax detected in column EMAIL,EMAIL,623,Employee_623,invalid_email,9173160380,64776,7,2024-03-05
invalid_emails,Malformed email syntax detected in column EMAIL,EMAIL,624,Employee_624,invalid_email,9567987867,118259,20,2021-02-09
invalid_emails,Malformed email syntax detected in column EMAIL,EMAIL,625,Employee_625,invalid_email,9280651170,121499,20,2023-01-29
invalid_emails,Malformed email syntax detected in column EMAIL,EMAIL,626,Employee_626,invalid_email,9536887776,59931,14,2021-06-01
invalid_emails,Malformed email syntax detected in column EMAIL,EMAIL,627,Employee_627,invalid_email,9640933303,75473,3,2024-01-24
invalid_emails,Malformed email syntax detected in column EMAIL,EMAIL,628,Employee_628,invalid_email,9764589457,39280,13,2022-12-25
invalid_emails,Malformed email syntax detected in column EMAIL,EMAIL,629,Employee_629,invalid_email,9247192786,120680,4,2023-12-06
invalid_emails,Malformed email syntax detected in column EMAIL,EMAIL,630,Employee_630,invalid_email,9350924941,124159,4,2021-05-01
invalid_emails,Malformed email syntax detected in column EMAIL,EMAIL,631,Employee_631,invalid_email,9771673250,65048,8,2021-12-30
invalid_emails,Malformed email syntax detected in column EMAIL,EMAIL,632,Employee_632,invalid_email,9585249797,108650,1,2020-10-29
invalid_emails,Malformed email syntax detected in column EMAIL,EMAIL,633,Employee_633,invalid_email,9227723400,149308,13,2023-12-17
invalid_emails,Malformed email syntax detected in column EMAIL,EMAIL,634,Employee_634,invalid_email,9679503252,64000,3,2020-06-13
invalid_emails,Malformed email syntax detected in column EMAIL,EMAIL,635,Employee_635,invalid_email,9197362398,82627,16,2021-02-21
invalid_emails,Malformed email syntax detected in column EMAIL,EMAIL,636,Employee_636,invalid_email,9157559478,96191,8,2022-11-18
invalid_emails,Malformed email syntax detected in column EMAIL,EMAIL,637,Employee_637,invalid_email,9521109381,95686,2,2024-03-06
invalid_emails,Malformed email syntax detected in column EMAIL,EMAIL,638,Employee_638,invalid_email,9491023841,87777,13,2021-03-22
invalid_emails,Malformed email syntax detected in column EMAIL,EMAIL,639,Employee_639,invalid_email,9347257059,95795,9,2022-10-09
invalid_emails,Malformed email syntax detected in column EMAIL,EMAIL,640,Employee_640,invalid_email,9220697187,87424,5,2022-07-28
invalid_emails,Malformed email syntax detected in column EMAIL,EMAIL,641,Employee_641,invalid_email,9715669282,57817,18,2024-12-28
invalid_emails,Malformed email syntax detected in column EMAIL,EMAIL,642,Employee_642,invalid_email,9752755404,84753,2,2022-04-17
invalid_emails,Malformed email syntax detected in column EMAIL,EMAIL,643,Employee_643,invalid_email,9988788341,102688,2,2023-03-22
invalid_emails,Malformed email syntax detected in column EMAIL,EMAIL,644,Employee_644,invalid_email,9887009757,124027,18,2020-07-31
invalid_emails,Malformed email syntax detected in column EMAIL,EMAIL,645,Employee_645,invalid_email,9953629482,57916,9,2022-03-04
invalid_emails,Malformed email syntax detected in column EMAIL,EMAIL,646,Employee_646,invalid_email,9873717691,58833,10,2023-10-07
invalid_emails,Malformed email syntax detected in column EMAIL,EMAIL,647,Employee_647,invalid_email,9930493750,96041,15,2023-12-16
invalid_emails,Malformed email syntax detected in column EMAIL,EMAIL,648,Employee_648,invalid_email,9291369122,100281,19,2025-05-14
invalid_emails,Malformed email syntax detected in column EMAIL,EMAIL,649,Employee_649,invalid_email,9545929832,125942,1,2020-10-11
invalid_emails,Malformed email syntax detected in column EMAIL,EMAIL,650,Employee_650,invalid_email,9782200463,100050,9,2024-12-10
negative_values,Negative values detected in business-sensitive column SALARY,SALARY,1001,Employee_1001,employee1001@example.com,9544453185,-100,17,2024-12-26
negative_values,Negative values detected in business-sensitive column SALARY,SALARY,1002,Employee_1002,employee1002@example.com,9772011986,-100,11,2020-05-28
negative_values,Negative values detected in business-sensitive column SALARY,SALARY,1003,Employee_1003,employee1003@example.com,9688200062,-100,13,2024-01-23
negative_values,Negative values detected in business-sensitive column SALARY,SALARY,1004,Employee_1004,employee1004@example.com,9409165448,-100,15,2023-04-26
negative_values,Negative values detected in business-sensitive column SALARY,SALARY,1005,Employee_1005,employee1005@example.com,9382747863,-100,8,2020-06-25
negative_values,Negative values detected in business-sensitive column SALARY,SALARY,1006,Employee_1006,employee1006@example.com,9344165213,-100,11,2025-05-21
negative_values,Negative values detected in business-sensitive column SALARY,SALARY,1007,Employee_1007,employee1007@example.com,9471857603,-100,12,2021-09-01
negative_values,Negative values detected in business-sensitive column SALARY,SALARY,1008,Employee_1008,employee1008@example.com,9806862092,-100,7,2023-11-11
negative_values,Negative values detected in business-sensitive column SALARY,SALARY,1009,Employee_1009,employee1009@example.com,9785206834,-100,5,2024-02-01
negative_values,Negative values detected in business-sensitive column SALARY,SALARY,1010,Employee_1010,employee1010@example.com,9103719889,-100,5,2020-10-01
negative_values,Negative values detected in business-sensitive column SALARY,SALARY,1011,Employee_1011,employee1011@example.com,9100980494,-100,16,2021-02-11
negative_values,Negative values detected in business-sensitive column SALARY,SALARY,1012,Employee_1012,employee1012@example.com,9813982897,-100,6,2024-07-29
negative_values,Negative values detected in business-sensitive column SALARY,SALARY,1013,Employee_1013,employee1013@example.com,9817985406,-100,20,2020-10-05
negative_values,Negative values detected in business-sensitive column SALARY,SALARY,1014,Employee_1014,employee1014@example.com,9801711280,-100,9,2021-10-04
negative_values,Negative values detected in business-sensitive column SALARY,SALARY,1015,Employee_1015,employee1015@example.com,9724031883,-100,4,2023-11-04
negative_values,Negative values detected in business-sensitive column SALARY,SALARY,1016,Employee_1016,employee1016@example.com,9325025794,-100,18,2025-04-11
negative_values,Negative values detected in business-sensitive column SALARY,SALARY,1017,Employee_1017,employee1017@example.com,9174858092,-100,15,2020-05-30
negative_values,Negative values detected in business-sensitive column SALARY,SALARY,1018,Employee_1018,employee1018@example.com,9229986123,-100,16,2021-09-14
negative_values,Negative values detected in business-sensitive column SALARY,SALARY,1019,Employee_1019,employee1019@example.com,9462451586,-100,13,2023-05-16
negative_values,Negative values detected in business-sensitive column SALARY,SALARY,1020,Employee_1020,employee1020@example.com,9679027853,-100,12,2021-04-30
negative_values,Negative values detected in business-sensitive column SALARY,SALARY,1021,Employee_1021,employee1021@example.com,9211934749,-100,2,2021-05-03
negative_values,Negative values detected in business-sensitive column SALARY,SALARY,1022,Employee_1022,employee1022@example.com,9667911871,-100,6,2020-11-07
negative_values,Negative values detected in business-sensitive column SALARY,SALARY,1023,Employee_1023,employee1023@example.com,9170989823,-100,4,2023-08-28
negative_values,Negative values detected in business-sensitive column SALARY,SALARY,1024,Employee_1024,employee1024@example.com,9436853005,-100,17,2021-06-19
negative_values,Negative values detected in business-sensitive column SALARY,SALARY,1025,Employee_1025,employee1025@example.com,9549557081,-100,19,2020-09-21
negative_values,Negative values detected in business-sensitive column SALARY,SALARY,1026,Employee_1026,employee1026@example.com,9624119112,-100,5,2024-01-29
negative_values,Negative values detected in business-sensitive column SALARY,SALARY,1027,Employee_1027,employee1027@example.com,9304919519,-100,10,2025-03-05
negative_values,Negative values detected in business-sensitive column SALARY,SALARY,1028,Employee_1028,employee1028@example.com,9651330693,-100,15,2023-01-23
negative_values,Negative values detected in business-sensitive column SALARY,SALARY,1029,Employee_1029,employee1029@example.com,9637003366,-100,7,2021-03-10
negative_values,Negative values detected in business-sensitive column SALARY,SALARY,1030,Employee_1030,employee1030@example.com,9237676084,-100,14,2020-01-01
negative_values,Negative values detected in business-sensitive column SALARY,SALARY,1031,Employee_1031,employee1031@example.com,9880529496,-100,3,2022-02-20
negative_values,Negative values detected in business-sensitive column SALARY,SALARY,1032,Employee_1032,employee1032@example.com,9167519379,-100,8,2024-08-13
negative_values,Negative values detected in business-sensitive column SALARY,SALARY,1033,Employee_1033,employee1033@example.com,9600518723,-100,11,2022-06-19
negative_values,Negative values detected in business-sensitive column SALARY,SALARY,1034,Employee_1034,employee1034@example.com,9791646413,-100,15,2024-05-10
negative_values,Negative values detected in business-sensitive column SALARY,SALARY,1035,Employee_1035,employee1035@example.com,9695282203,-100,12,2022-12-16
negative_values,Negative values detected in business-sensitive column SALARY,SALARY,1036,Employee_1036,employee1036@example.com,9400301915,-100,13,2024-09-23
negative_values,Negative values detected in business-sensitive column SALARY,SALARY,1037,Employee_1037,employee1037@example.com,9292097380,-100,1,2023-05-30
negative_values,Negative values detected in business-sensitive column SALARY,SALARY,1038,Employee_1038,employee1038@example.com,9403521021,-100,12,2022-07-14
negative_values,Negative values detected in business-sensitive column SALARY,SALARY,1039,Employee_1039,employee1039@example.com,9683990408,-100,9,2022-02-22
negative_values,Negative values detected in business-sensitive column SALARY,SALARY,1040,Employee_1040,employee1040@example.com,9212235871,-100,2,2023-05-12
negative_values,Negative values detected in business-sensitive column SALARY,SALARY,1041,Employee_1041,employee1041@example.com,9476013635,-100,13,2022-12-16
negative_values,Negative values detected in business-sensitive column SALARY,SALARY,1042,Employee_1042,employee1042@example.com,9801963606,-100,7,2021-10-23
negative_values,Negative values detected in business-sensitive column SALARY,SALARY,1043,Employee_1043,employee1043@example.com,9500874181,-100,20,2021-03-29
negative_values,Negative values detected in business-sensitive column SALARY,SALARY,1044,Employee_1044,employee1044@example.com,9983523367,-100,10,2023-12-13
negative_values,Negative values detected in business-sensitive column SALARY,SALARY,1045,Employee_1045,employee1045@example.com,9448348384,-100,7,2022-07-30
negative_values,Negative values detected in business-sensitive column SALARY,SALARY,1046,Employee_1046,employee1046@example.com,9145455157,-100,15,2020-02-07
negative_values,Negative values detected in business-sensitive column SALARY,SALARY,1047,Employee_1047,employee1047@example.com,9470484441,-100,17,2021-09-14
negative_values,Negative values detected in business-sensitive column SALARY,SALARY,1048,Employee_1048,employee1048@example.com,9709450345,-100,1,2020-01-15
negative_values,Negative values detected in business-sensitive column SALARY,SALARY,1049,Employee_1049,employee1049@example.com,9123828482,-100,20,2024-10-13
negative_values,Negative values detected in business-sensitive column SALARY,SALARY,1050,Employee_1050,employee1050@example.com,9298585947,-100,4,2025-05-10
negative_values,Negative values detected in business-sensitive column SALARY,SALARY,1051,Employee_1051,employee1051@example.com,9636963580,-100,9,2022-04-08
negative_values,Negative values detected in business-sensitive column SALARY,SALARY,1052,Employee_1052,employee1052@example.com,9693648828,-100,9,2024-01-31
negative_values,Negative values detected in business-sensitive column SALARY,SALARY,1053,Employee_1053,employee1053@example.com,9287673450,-100,10,2023-07-11
negative_values,Negative values detected in business-sensitive column SALARY,SALARY,1054,Employee_1054,employee1054@example.com,9868645442,-100,17,2022-04-30
negative_values,Negative values detected in business-sensitive column SALARY,SALARY,1055,Employee_1055,employee1055@example.com,9261808921,-100,1,2021-01-31
negative_values,Negative values detected in business-sensitive column SALARY,SALARY,1056,Employee_1056,employee1056@example.com,9451329792,-100,10,2022-07-07
negative_values,Negative values detected in business-sensitive column SALARY,SALARY,1057,Employee_1057,employee1057@example.com,9973727603,-100,14,2021-04-29
negative_values,Negative values detected in business-sensitive column SALARY,SALARY,1058,Employee_1058,employee1058@example.com,9914872215,-100,10,2024-05-18
negative_values,Negative values detected in business-sensitive column SALARY,SALARY,1059,Employee_1059,employee1059@example.com,9710663172,-100,10,2023-05-15
negative_values,Negative values detected in business-sensitive column SALARY,SALARY,1060,Employee_1060,employee1060@example.com,9247470709,-100,18,2023-05-14
negative_values,Negative values detected in business-sensitive column SALARY,SALARY,1061,Employee_1061,employee1061@example.com,9628185143,-100,9,2022-07-12
negative_values,Negative values detected in business-sensitive column SALARY,SALARY,1062,Employee_1062,employee1062@example.com,9992475874,-100,5,2024-08-23
negative_values,Negative values detected in business-sensitive column SALARY,SALARY,1063,Employee_1063,employee1063@example.com,9324570458,-100,11,2020-11-04
negative_values,Negative values detected in business-sensitive column SALARY,SALARY,1064,Employee_1064,employee1064@example.com,9584255952,-100,7,2024-06-05
negative_values,Negative values detected in business-sensitive column SALARY,SALARY,1065,Employee_1065,employee1065@example.com,9485595745,-100,16,2021-04-27
negative_values,Negative values detected in business-sensitive column SALARY,SALARY,1066,Employee_1066,employee1066@example.com,9867076064,-100,20,2024-10-26
negative_values,Negative values detected in business-sensitive column SALARY,SALARY,1067,Employee_1067,employee1067@example.com,9397587807,-100,13,2022-02-10
negative_values,Negative values detected in business-sensitive column SALARY,SALARY,1068,Employee_1068,employee1068@example.com,9426947648,-100,13,2024-06-15
negative_values,Negative values detected in business-sensitive column SALARY,SALARY,1069,Employee_1069,employee1069@example.com,9625266017,-100,18,2023-02-21
negative_values,Negative values detected in business-sensitive column SALARY,SALARY,1070,Employee_1070,employee1070@example.com,9281456387,-100,1,2022-10-25
negative_values,Negative values detected in business-sensitive column SALARY,SALARY,1071,Employee_1071,employee1071@example.com,9929299372,-100,5,2021-08-05
negative_values,Negative values detected in business-sensitive column SALARY,SALARY,1072,Employee_1072,employee1072@example.com,9793146440,-100,7,2021-07-19
negative_values,Negative values detected in business-sensitive column SALARY,SALARY,1073,Employee_1073,employee1073@example.com,9353031653,-100,15,2025-02-20
negative_values,Negative values detected in business-sensitive column SALARY,SALARY,1074,Employee_1074,employee1074@example.com,9716385844,-100,8,2022-07-28
negative_values,Negative values detected in business-sensitive column SALARY,SALARY,1075,Employee_1075,employee1075@example.com,9524685880,-100,4,2020-10-15
negative_values,Negative values detected in business-sensitive column SALARY,SALARY,1076,Employee_1076,employee1076@example.com,9287535909,-100,10,2021-09-30
negative_values,Negative values detected in business-sensitive column SALARY,SALARY,1077,Employee_1077,employee1077@example.com,9992404841,-100,15,2020-12-01
negative_values,Negative values detected in business-sensitive column SALARY,SALARY,1078,Employee_1078,employee1078@example.com,9767797322,-100,5,2023-06-26
negative_values,Negative values detected in business-sensitive column SALARY,SALARY,1079,Employee_1079,employee1079@example.com,9819777974,-100,16,2021-10-05
negative_values,Negative values detected in business-sensitive column SALARY,SALARY,1080,Employee_1080,employee1080@example.com,9261359111,-100,10,2024-09-02
negative_values,Negative values detected in business-sensitive column SALARY,SALARY,1081,Employee_1081,employee1081@example.com,9402571495,-100,3,2025-04-04
negative_values,Negative values detected in business-sensitive column SALARY,SALARY,1082,Employee_1082,employee1082@example.com,9907492104,-100,10,2022-04-05
negative_values,Negative values detected in business-sensitive column SALARY,SALARY,1083,Employee_1083,employee1083@example.com,9250487434,-100,6,2020-01-29
negative_values,Negative values detected in business-sensitive column SALARY,SALARY,1084,Employee_1084,employee1084@example.com,9218297797,-100,13,2024-06-23
negative_values,Negative values detected in business-sensitive column SALARY,SALARY,1085,Employee_1085,employee1085@example.com,9991617266,-100,2,2023-05-08
negative_values,Negative values detected in business-sensitive column SALARY,SALARY,1086,Employee_1086,employee1086@example.com,9815949327,-100,1,2025-01-02
negative_values,Negative values detected in business-sensitive column SALARY,SALARY,1087,Employee_1087,employee1087@example.com,9373782517,-100,15,2022-01-18
negative_values,Negative values detected in business-sensitive column SALARY,SALARY,1088,Employee_1088,employee1088@example.com,9814477890,-100,20,2021-10-10
negative_values,Negative values detected in business-sensitive column SALARY,SALARY,1089,Employee_1089,employee1089@example.com,9884210714,-100,8,2021-05-23
negative_values,Negative values detected in business-sensitive column SALARY,SALARY,1090,Employee_1090,employee1090@example.com,9971443335,-100,1,2025-01-21
negative_values,Negative values detected in business-sensitive column SALARY,SALARY,1091,Employee_1091,employee1091@example.com,9778217034,-100,18,2020-08-19
negative_values,Negative values detected in business-sensitive column SALARY,SALARY,1092,Employee_1092,employee1092@example.com,9912539255,-100,10,2020-01-21
negative_values,Negative values detected in business-sensitive column SALARY,SALARY,1093,Employee_1093,employee1093@example.com,9273800023,-100,1,2021-08-09
negative_values,Negative values detected in business-sensitive column SALARY,SALARY,1094,Employee_1094,employee1094@example.com,9500955254,-100,11,2022-09-02
negative_values,Negative values detected in business-sensitive column SALARY,SALARY,1095,Employee_1095,employee1095@example.com,9332639701,-100,18,2023-03-13
negative_values,Negative values detected in business-sensitive column SALARY,SALARY,1096,Employee_1096,employee1096@example.com,9908990479,-100,8,2025-04-20
negative_values,Negative values detected in business-sensitive column SALARY,SALARY,1097,Employee_1097,employee1097@example.com,9203591757,-100,19,2024-12-11
negative_values,Negative values detected in business-sensitive column SALARY,SALARY,1098,Employee_1098,employee1098@example.com,9108023257,-100,9,2020-12-17
negative_values,Negative values detected in business-sensitive column SALARY,SALARY,1099,Employee_1099,employee1099@example.com,9373894847,-100,7,2021-01-26
negative_values,Negative values detected in business-sensitive column SALARY,SALARY,1100,Employee_1100,employee1100@example.com,9718538465,-100,18,2022-03-02
range_violations,Range validation failed for column SALARY,SALARY,1001,Employee_1001,employee1001@example.com,9544453185,-100,17,2024-12-26
range_violations,Range validation failed for column SALARY,SALARY,1002,Employee_1002,employee1002@example.com,9772011986,-100,11,2020-05-28
range_violations,Range validation failed for column SALARY,SALARY,1003,Employee_1003,employee1003@example.com,9688200062,-100,13,2024-01-23
range_violations,Range validation failed for column SALARY,SALARY,1004,Employee_1004,employee1004@example.com,9409165448,-100,15,2023-04-26
range_violations,Range validation failed for column SALARY,SALARY,1005,Employee_1005,employee1005@example.com,9382747863,-100,8,2020-06-25
range_violations,Range validation failed for column SALARY,SALARY,1006,Employee_1006,employee1006@example.com,9344165213,-100,11,2025-05-21
range_violations,Range validation failed for column SALARY,SALARY,1007,Employee_1007,employee1007@example.com,9471857603,-100,12,2021-09-01
range_violations,Range validation failed for column SALARY,SALARY,1008,Employee_1008,employee1008@example.com,9806862092,-100,7,2023-11-11
range_violations,Range validation failed for column SALARY,SALARY,1009,Employee_1009,employee1009@example.com,9785206834,-100,5,2024-02-01
range_violations,Range validation failed for column SALARY,SALARY,1010,Employee_1010,employee1010@example.com,9103719889,-100,5,2020-10-01
range_violations,Range validation failed for column SALARY,SALARY,1011,Employee_1011,employee1011@example.com,9100980494,-100,16,2021-02-11
range_violations,Range validation failed for column SALARY,SALARY,1012,Employee_1012,employee1012@example.com,9813982897,-100,6,2024-07-29
range_violations,Range validation failed for column SALARY,SALARY,1013,Employee_1013,employee1013@example.com,9817985406,-100,20,2020-10-05
range_violations,Range validation failed for column SALARY,SALARY,1014,Employee_1014,employee1014@example.com,9801711280,-100,9,2021-10-04
range_violations,Range validation failed for column SALARY,SALARY,1015,Employee_1015,employee1015@example.com,9724031883,-100,4,2023-11-04
range_violations,Range validation failed for column SALARY,SALARY,1016,Employee_1016,employee1016@example.com,9325025794,-100,18,2025-04-11
range_violations,Range validation failed for column SALARY,SALARY,1017,Employee_1017,employee1017@example.com,9174858092,-100,15,2020-05-30
range_violations,Range validation failed for column SALARY,SALARY,1018,Employee_1018,employee1018@example.com,9229986123,-100,16,2021-09-14
range_violations,Range validation failed for column SALARY,SALARY,1019,Employee_1019,employee1019@example.com,9462451586,-100,13,2023-05-16
range_violations,Range validation failed for column SALARY,SALARY,1020,Employee_1020,employee1020@example.com,9679027853,-100,12,2021-04-30
range_violations,Range validation failed for column SALARY,SALARY,1021,Employee_1021,employee1021@example.com,9211934749,-100,2,2021-05-03
range_violations,Range validation failed for column SALARY,SALARY,1022,Employee_1022,employee1022@example.com,9667911871,-100,6,2020-11-07
range_violations,Range validation failed for column SALARY,SALARY,1023,Employee_1023,employee1023@example.com,9170989823,-100,4,2023-08-28
range_violations,Range validation failed for column SALARY,SALARY,1024,Employee_1024,employee1024@example.com,9436853005,-100,17,2021-06-19
range_violations,Range validation failed for column SALARY,SALARY,1025,Employee_1025,employee1025@example.com,9549557081,-100,19,2020-09-21
range_violations,Range validation failed for column SALARY,SALARY,1026,Employee_1026,employee1026@example.com,9624119112,-100,5,2024-01-29
range_violations,Range validation failed for column SALARY,SALARY,1027,Employee_1027,employee1027@example.com,9304919519,-100,10,2025-03-05
range_violations,Range validation failed for column SALARY,SALARY,1028,Employee_1028,employee1028@example.com,9651330693,-100,15,2023-01-23
range_violations,Range validation failed for column SALARY,SALARY,1029,Employee_1029,employee1029@example.com,9637003366,-100,7,2021-03-10
range_violations,Range validation failed for column SALARY,SALARY,1030,Employee_1030,employee1030@example.com,9237676084,-100,14,2020-01-01
range_violations,Range validation failed for column SALARY,SALARY,1031,Employee_1031,employee1031@example.com,9880529496,-100,3,2022-02-20
range_violations,Range validation failed for column SALARY,SALARY,1032,Employee_1032,employee1032@example.com,9167519379,-100,8,2024-08-13
range_violations,Range validation failed for column SALARY,SALARY,1033,Employee_1033,employee1033@example.com,9600518723,-100,11,2022-06-19
range_violations,Range validation failed for column SALARY,SALARY,1034,Employee_1034,employee1034@example.com,9791646413,-100,15,2024-05-10
range_violations,Range validation failed for column SALARY,SALARY,1035,Employee_1035,employee1035@example.com,9695282203,-100,12,2022-12-16
range_violations,Range validation failed for column SALARY,SALARY,1036,Employee_1036,employee1036@example.com,9400301915,-100,13,2024-09-23
range_violations,Range validation failed for column SALARY,SALARY,1037,Employee_1037,employee1037@example.com,9292097380,-100,1,2023-05-30
range_violations,Range validation failed for column SALARY,SALARY,1038,Employee_1038,employee1038@example.com,9403521021,-100,12,2022-07-14
range_violations,Range validation failed for column SALARY,SALARY,1039,Employee_1039,employee1039@example.com,9683990408,-100,9,2022-02-22
range_violations,Range validation failed for column SALARY,SALARY,1040,Employee_1040,employee1040@example.com,9212235871,-100,2,2023-05-12
range_violations,Range validation failed for column SALARY,SALARY,1041,Employee_1041,employee1041@example.com,9476013635,-100,13,2022-12-16
range_violations,Range validation failed for column SALARY,SALARY,1042,Employee_1042,employee1042@example.com,9801963606,-100,7,2021-10-23
range_violations,Range validation failed for column SALARY,SALARY,1043,Employee_1043,employee1043@example.com,9500874181,-100,20,2021-03-29
range_violations,Range validation failed for column SALARY,SALARY,1044,Employee_1044,employee1044@example.com,9983523367,-100,10,2023-12-13
range_violations,Range validation failed for column SALARY,SALARY,1045,Employee_1045,employee1045@example.com,9448348384,-100,7,2022-07-30
range_violations,Range validation failed for column SALARY,SALARY,1046,Employee_1046,employee1046@example.com,9145455157,-100,15,2020-02-07
range_violations,Range validation failed for column SALARY,SALARY,1047,Employee_1047,employee1047@example.com,9470484441,-100,17,2021-09-14
range_violations,Range validation failed for column SALARY,SALARY,1048,Employee_1048,employee1048@example.com,9709450345,-100,1,2020-01-15
range_violations,Range validation failed for column SALARY,SALARY,1049,Employee_1049,employee1049@example.com,9123828482,-100,20,2024-10-13
range_violations,Range validation failed for column SALARY,SALARY,1050,Employee_1050,employee1050@example.com,9298585947,-100,4,2025-05-10
range_violations,Range validation failed for column SALARY,SALARY,1051,Employee_1051,employee1051@example.com,9636963580,-100,9,2022-04-08
range_violations,Range validation failed for column SALARY,SALARY,1052,Employee_1052,employee1052@example.com,9693648828,-100,9,2024-01-31
range_violations,Range validation failed for column SALARY,SALARY,1053,Employee_1053,employee1053@example.com,9287673450,-100,10,2023-07-11
range_violations,Range validation failed for column SALARY,SALARY,1054,Employee_1054,employee1054@example.com,9868645442,-100,17,2022-04-30
range_violations,Range validation failed for column SALARY,SALARY,1055,Employee_1055,employee1055@example.com,9261808921,-100,1,2021-01-31
range_violations,Range validation failed for column SALARY,SALARY,1056,Employee_1056,employee1056@example.com,9451329792,-100,10,2022-07-07
range_violations,Range validation failed for column SALARY,SALARY,1057,Employee_1057,employee1057@example.com,9973727603,-100,14,2021-04-29
range_violations,Range validation failed for column SALARY,SALARY,1058,Employee_1058,employee1058@example.com,9914872215,-100,10,2024-05-18
range_violations,Range validation failed for column SALARY,SALARY,1059,Employee_1059,employee1059@example.com,9710663172,-100,10,2023-05-15
range_violations,Range validation failed for column SALARY,SALARY,1060,Employee_1060,employee1060@example.com,9247470709,-100,18,2023-05-14
range_violations,Range validation failed for column SALARY,SALARY,1061,Employee_1061,employee1061@example.com,9628185143,-100,9,2022-07-12
range_violations,Range validation failed for column SALARY,SALARY,1062,Employee_1062,employee1062@example.com,9992475874,-100,5,2024-08-23
range_violations,Range validation failed for column SALARY,SALARY,1063,Employee_1063,employee1063@example.com,9324570458,-100,11,2020-11-04
range_violations,Range validation failed for column SALARY,SALARY,1064,Employee_1064,employee1064@example.com,9584255952,-100,7,2024-06-05
range_violations,Range validation failed for column SALARY,SALARY,1065,Employee_1065,employee1065@example.com,9485595745,-100,16,2021-04-27
range_violations,Range validation failed for column SALARY,SALARY,1066,Employee_1066,employee1066@example.com,9867076064,-100,20,2024-10-26
range_violations,Range validation failed for column SALARY,SALARY,1067,Employee_1067,employee1067@example.com,9397587807,-100,13,2022-02-10
range_violations,Range validation failed for column SALARY,SALARY,1068,Employee_1068,employee1068@example.com,9426947648,-100,13,2024-06-15
range_violations,Range validation failed for column SALARY,SALARY,1069,Employee_1069,employee1069@example.com,9625266017,-100,18,2023-02-21
range_violations,Range validation failed for column SALARY,SALARY,1070,Employee_1070,employee1070@example.com,9281456387,-100,1,2022-10-25
range_violations,Range validation failed for column SALARY,SALARY,1071,Employee_1071,employee1071@example.com,9929299372,-100,5,2021-08-05
range_violations,Range validation failed for column SALARY,SALARY,1072,Employee_1072,employee1072@example.com,9793146440,-100,7,2021-07-19
range_violations,Range validation failed for column SALARY,SALARY,1073,Employee_1073,employee1073@example.com,9353031653,-100,15,2025-02-20
range_violations,Range validation failed for column SALARY,SALARY,1074,Employee_1074,employee1074@example.com,9716385844,-100,8,2022-07-28
range_violations,Range validation failed for column SALARY,SALARY,1075,Employee_1075,employee1075@example.com,9524685880,-100,4,2020-10-15
range_violations,Range validation failed for column SALARY,SALARY,1076,Employee_1076,employee1076@example.com,9287535909,-100,10,2021-09-30
range_violations,Range validation failed for column SALARY,SALARY,1077,Employee_1077,employee1077@example.com,9992404841,-100,15,2020-12-01
range_violations,Range validation failed for column SALARY,SALARY,1078,Employee_1078,employee1078@example.com,9767797322,-100,5,2023-06-26
range_violations,Range validation failed for column SALARY,SALARY,1079,Employee_1079,employee1079@example.com,9819777974,-100,16,2021-10-05
range_violations,Range validation failed for column SALARY,SALARY,1080,Employee_1080,employee1080@example.com,9261359111,-100,10,2024-09-02
range_violations,Range validation failed for column SALARY,SALARY,1081,Employee_1081,employee1081@example.com,9402571495,-100,3,2025-04-04
range_violations,Range validation failed for column SALARY,SALARY,1082,Employee_1082,employee1082@example.com,9907492104,-100,10,2022-04-05
range_violations,Range validation failed for column SALARY,SALARY,1083,Employee_1083,employee1083@example.com,9250487434,-100,6,2020-01-29
range_violations,Range validation failed for column SALARY,SALARY,1084,Employee_1084,employee1084@example.com,9218297797,-100,13,2024-06-23
range_violations,Range validation failed for column SALARY,SALARY,1085,Employee_1085,employee1085@example.com,9991617266,-100,2,2023-05-08
range_violations,Range validation failed for column SALARY,SALARY,1086,Employee_1086,employee1086@example.com,9815949327,-100,1,2025-01-02
range_violations,Range validation failed for column SALARY,SALARY,1087,Employee_1087,employee1087@example.com,9373782517,-100,15,2022-01-18
range_violations,Range validation failed for column SALARY,SALARY,1088,Employee_1088,employee1088@example.com,9814477890,-100,20,2021-10-10
range_violations,Range validation failed for column SALARY,SALARY,1089,Employee_1089,employee1089@example.com,9884210714,-100,8,2021-05-23
range_violations,Range validation failed for column SALARY,SALARY,1090,Employee_1090,employee1090@example.com,9971443335,-100,1,2025-01-21
range_violations,Range validation failed for column SALARY,SALARY,1091,Employee_1091,employee1091@example.com,9778217034,-100,18,2020-08-19
range_violations,Range validation failed for column SALARY,SALARY,1092,Employee_1092,employee1092@example.com,9912539255,-100,10,2020-01-21
range_violations,Range validation failed for column SALARY,SALARY,1093,Employee_1093,employee1093@example.com,9273800023,-100,1,2021-08-09
range_violations,Range validation failed for column SALARY,SALARY,1094,Employee_1094,employee1094@example.com,9500955254,-100,11,2022-09-02
range_violations,Range validation failed for column SALARY,SALARY,1095,Employee_1095,employee1095@example.com,9332639701,-100,18,2023-03-13
range_violations,Range validation failed for column SALARY,SALARY,1096,Employee_1096,employee1096@example.com,9908990479,-100,8,2025-04-20
range_violations,Range validation failed for column SALARY,SALARY,1097,Employee_1097,employee1097@example.com,9203591757,-100,19,2024-12-11
range_violations,Range validation failed for column SALARY,SALARY,1098,Employee_1098,employee1098@example.com,9108023257,-100,9,2020-12-17
range_violations,Range validation failed for column SALARY,SALARY,1099,Employee_1099,employee1099@example.com,9373894847,-100,7,2021-01-26
range_violations,Range validation failed for column SALARY,SALARY,1100,Employee_1100,employee1100@example.com,9718538465,-100,18,2022-03-02
pattern_violations,Regex pattern validation failed for column EMAIL,EMAIL,351,Employee_351,invalid_email,9207583467,135199,16,2023-06-09
pattern_violations,Regex pattern validation failed for column EMAIL,EMAIL,352,Employee_352,invalid_email,9855226758,94450,18,2022-02-15
pattern_violations,Regex pattern validation failed for column EMAIL,EMAIL,353,Employee_353,invalid_email,9653769034,106220,9,2023-06-25
pattern_violations,Regex pattern validation failed for column EMAIL,EMAIL,354,Employee_354,invalid_email,9681846393,76512,1,2023-12-31
pattern_violations,Regex pattern validation failed for column EMAIL,EMAIL,355,Employee_355,invalid_email,9780876038,135821,4,2020-09-22
pattern_violations,Regex pattern validation failed for column EMAIL,EMAIL,356,Employee_356,invalid_email,9627322234,60925,5,2022-12-23
pattern_violations,Regex pattern validation failed for column EMAIL,EMAIL,357,Employee_357,invalid_email,9410070147,71841,2,2022-10-04
pattern_violations,Regex pattern validation failed for column EMAIL,EMAIL,358,Employee_358,invalid_email,9579141290,106717,16,2021-11-06
pattern_violations,Regex pattern validation failed for column EMAIL,EMAIL,359,Employee_359,invalid_email,9141367754,82524,16,2021-01-06
pattern_violations,Regex pattern validation failed for column EMAIL,EMAIL,360,Employee_360,invalid_email,9474025472,87602,15,2021-04-28
pattern_violations,Regex pattern validation failed for column EMAIL,EMAIL,361,Employee_361,invalid_email,9983976497,51447,11,2024-02-18
pattern_violations,Regex pattern validation failed for column EMAIL,EMAIL,362,Employee_362,invalid_email,9128282508,51811,2,2021-11-17
pattern_violations,Regex pattern validation failed for column EMAIL,EMAIL,363,Employee_363,invalid_email,9873284410,66417,11,2022-11-13
pattern_violations,Regex pattern validation failed for column EMAIL,EMAIL,364,Employee_364,invalid_email,9137912769,143034,13,2023-07-27
pattern_violations,Regex pattern validation failed for column EMAIL,EMAIL,365,Employee_365,invalid_email,9610343516,142390,18,2022-05-11
pattern_violations,Regex pattern validation failed for column EMAIL,EMAIL,366,Employee_366,invalid_email,9549975218,82022,3,2025-01-01
pattern_violations,Regex pattern validation failed for column EMAIL,EMAIL,367,Employee_367,invalid_email,9718647626,114705,8,2025-02-07
pattern_violations,Regex pattern validation failed for column EMAIL,EMAIL,368,Employee_368,invalid_email,9351471755,96879,13,2021-06-21
pattern_violations,Regex pattern validation failed for column EMAIL,EMAIL,369,Employee_369,invalid_email,9922224633,93191,14,2020-03-22
pattern_violations,Regex pattern validation failed for column EMAIL,EMAIL,370,Employee_370,invalid_email,9246773703,61614,10,2020-09-10
pattern_violations,Regex pattern validation failed for column EMAIL,EMAIL,371,Employee_371,invalid_email,9189004302,80937,10,2024-09-25
pattern_violations,Regex pattern validation failed for column EMAIL,EMAIL,372,Employee_372,invalid_email,9161447750,76734,13,2020-05-24
pattern_violations,Regex pattern validation failed for column EMAIL,EMAIL,373,Employee_373,invalid_email,9153910021,100977,5,2022-10-24
pattern_violations,Regex pattern validation failed for column EMAIL,EMAIL,374,Employee_374,invalid_email,9880847418,34516,16,2020-07-14
pattern_violations,Regex pattern validation failed for column EMAIL,EMAIL,375,Employee_375,invalid_email,9128283999,91084,3,2020-07-27
pattern_violations,Regex pattern validation failed for column EMAIL,EMAIL,376,Employee_376,invalid_email,9513892914,137093,11,2024-10-29
pattern_violations,Regex pattern validation failed for column EMAIL,EMAIL,377,Employee_377,invalid_email,9984091058,97723,19,2024-02-10
pattern_violations,Regex pattern validation failed for column EMAIL,EMAIL,378,Employee_378,invalid_email,9133741860,68746,11,2020-07-07
pattern_violations,Regex pattern validation failed for column EMAIL,EMAIL,379,Employee_379,invalid_email,9737710663,95897,11,2023-04-16
pattern_violations,Regex pattern validation failed for column EMAIL,EMAIL,380,Employee_380,invalid_email,9917658798,115038,14,2024-10-08
pattern_violations,Regex pattern validation failed for column EMAIL,EMAIL,381,Employee_381,invalid_email,9661245224,42944,1,2022-12-14
pattern_violations,Regex pattern validation failed for column EMAIL,EMAIL,382,Employee_382,invalid_email,9262393315,132670,18,2022-10-27
pattern_violations,Regex pattern validation failed for column EMAIL,EMAIL,383,Employee_383,invalid_email,9798571552,91492,3,2022-07-14
pattern_violations,Regex pattern validation failed for column EMAIL,EMAIL,384,Employee_384,invalid_email,9443613010,100974,11,2025-05-07
pattern_violations,Regex pattern validation failed for column EMAIL,EMAIL,385,Employee_385,invalid_email,9631843509,67366,12,2024-08-22
pattern_violations,Regex pattern validation failed for column EMAIL,EMAIL,386,Employee_386,invalid_email,9274877057,84914,1,2023-01-07
pattern_violations,Regex pattern validation failed for column EMAIL,EMAIL,387,Employee_387,invalid_email,9420593063,113769,20,2023-12-02
pattern_violations,Regex pattern validation failed for column EMAIL,EMAIL,388,Employee_388,invalid_email,9148883757,92315,19,2021-11-08
pattern_violations,Regex pattern validation failed for column EMAIL,EMAIL,389,Employee_389,invalid_email,9688935824,83066,4,2023-12-17
pattern_violations,Regex pattern validation failed for column EMAIL,EMAIL,390,Employee_390,invalid_email,9317013439,44740,7,2023-12-28
pattern_violations,Regex pattern validation failed for column EMAIL,EMAIL,391,Employee_391,invalid_email,9740345946,108446,15,2022-12-19
pattern_violations,Regex pattern validation failed for column EMAIL,EMAIL,392,Employee_392,invalid_email,9229519245,65868,18,2024-03-03
pattern_violations,Regex pattern validation failed for column EMAIL,EMAIL,393,Employee_393,invalid_email,9709262479,53149,6,2024-05-09
pattern_violations,Regex pattern validation failed for column EMAIL,EMAIL,394,Employee_394,invalid_email,9748109111,42247,9,2023-09-26
pattern_violations,Regex pattern validation failed for column EMAIL,EMAIL,395,Employee_395,invalid_email,9536238101,120543,12,2022-12-26
pattern_violations,Regex pattern validation failed for column EMAIL,EMAIL,396,Employee_396,invalid_email,9437594003,70356,10,2024-04-03
pattern_violations,Regex pattern validation failed for column EMAIL,EMAIL,397,Employee_397,invalid_email,9985373337,35622,12,2020-04-05
pattern_violations,Regex pattern validation failed for column EMAIL,EMAIL,398,Employee_398,invalid_email,9292574681,123558,16,2022-04-24
pattern_violations,Regex pattern validation failed for column EMAIL,EMAIL,399,Employee_399,invalid_email,9719601442,104922,13,2020-03-17
pattern_violations,Regex pattern validation failed for column EMAIL,EMAIL,400,Employee_400,invalid_email,9497768508,121723,6,2023-11-03
pattern_violations,Regex pattern validation failed for column EMAIL,EMAIL,401,Employee_401,invalid_email,9603119066,31617,12,2020-09-18
pattern_violations,Regex pattern validation failed for column EMAIL,EMAIL,402,Employee_402,invalid_email,9318733563,145038,19,2020-10-01
pattern_violations,Regex pattern validation failed for column EMAIL,EMAIL,403,Employee_403,invalid_email,9170435633,60568,17,2025-02-17
pattern_violations,Regex pattern validation failed for column EMAIL,EMAIL,404,Employee_404,invalid_email,9859249334,142947,12,2020-04-18
pattern_violations,Regex pattern validation failed for column EMAIL,EMAIL,405,Employee_405,invalid_email,9615919118,109008,1,2022-07-05
pattern_violations,Regex pattern validation failed for column EMAIL,EMAIL,406,Employee_406,invalid_email,9396551032,42412,8,2021-06-20
pattern_violations,Regex pattern validation failed for column EMAIL,EMAIL,407,Employee_407,invalid_email,9559686232,105709,6,2025-01-16
pattern_violations,Regex pattern validation failed for column EMAIL,EMAIL,408,Employee_408,invalid_email,9466758059,99691,6,2022-12-03
pattern_violations,Regex pattern validation failed for column EMAIL,EMAIL,409,Employee_409,invalid_email,9408991427,93463,19,2024-07-21
pattern_violations,Regex pattern validation failed for column EMAIL,EMAIL,410,Employee_410,invalid_email,9981922712,39341,9,2024-03-02
pattern_violations,Regex pattern validation failed for column EMAIL,EMAIL,411,Employee_411,invalid_email,9688426566,45858,13,2024-10-21
pattern_violations,Regex pattern validation failed for column EMAIL,EMAIL,412,Employee_412,invalid_email,9297285646,101095,5,2021-05-22
pattern_violations,Regex pattern validation failed for column EMAIL,EMAIL,413,Employee_413,invalid_email,9437249026,47166,9,2020-07-03
pattern_violations,Regex pattern validation failed for column EMAIL,EMAIL,414,Employee_414,invalid_email,9969401728,41736,9,2023-12-20
pattern_violations,Regex pattern validation failed for column EMAIL,EMAIL,415,Employee_415,invalid_email,9181432861,146881,20,2025-01-09
pattern_violations,Regex pattern validation failed for column EMAIL,EMAIL,416,Employee_416,invalid_email,9884895248,64986,9,2023-09-20
pattern_violations,Regex pattern validation failed for column EMAIL,EMAIL,417,Employee_417,invalid_email,9610052247,77190,16,2021-11-13
pattern_violations,Regex pattern validation failed for column EMAIL,EMAIL,418,Employee_418,invalid_email,9425009003,43482,20,2021-12-30
pattern_violations,Regex pattern validation failed for column EMAIL,EMAIL,419,Employee_419,invalid_email,9914479853,111041,8,2020-10-27
pattern_violations,Regex pattern validation failed for column EMAIL,EMAIL,420,Employee_420,invalid_email,9424505684,99876,16,2020-04-03
pattern_violations,Regex pattern validation failed for column EMAIL,EMAIL,421,Employee_421,invalid_email,9176176034,45198,18,2021-04-30
pattern_violations,Regex pattern validation failed for column EMAIL,EMAIL,422,Employee_422,invalid_email,9879648026,66605,8,2023-09-01
pattern_violations,Regex pattern validation failed for column EMAIL,EMAIL,423,Employee_423,invalid_email,9837205436,44560,5,2020-07-14
pattern_violations,Regex pattern validation failed for column EMAIL,EMAIL,424,Employee_424,invalid_email,9539824404,92770,18,2022-06-22
pattern_violations,Regex pattern validation failed for column EMAIL,EMAIL,425,Employee_425,invalid_email,9112484938,59708,15,2022-03-11
pattern_violations,Regex pattern validation failed for column EMAIL,EMAIL,426,Employee_426,invalid_email,9138971763,59867,17,2024-02-06
pattern_violations,Regex pattern validation failed for column EMAIL,EMAIL,427,Employee_427,invalid_email,9977211763,53418,14,2021-07-27
pattern_violations,Regex pattern validation failed for column EMAIL,EMAIL,428,Employee_428,invalid_email,9320890585,132053,19,2024-12-21
pattern_violations,Regex pattern validation failed for column EMAIL,EMAIL,429,Employee_429,invalid_email,9473867975,110382,16,2020-11-11
pattern_violations,Regex pattern validation failed for column EMAIL,EMAIL,430,Employee_430,invalid_email,9984027929,36411,2,2020-05-28
pattern_violations,Regex pattern validation failed for column EMAIL,EMAIL,431,Employee_431,invalid_email,9375347491,33860,2,2023-10-20
pattern_violations,Regex pattern validation failed for column EMAIL,EMAIL,432,Employee_432,invalid_email,9310163954,117061,6,2025-03-28
pattern_violations,Regex pattern validation failed for column EMAIL,EMAIL,433,Employee_433,invalid_email,9706371622,62684,4,2020-01-26
pattern_violations,Regex pattern validation failed for column EMAIL,EMAIL,434,Employee_434,invalid_email,9976698383,141679,17,2020-07-10
pattern_violations,Regex pattern validation failed for column EMAIL,EMAIL,435,Employee_435,invalid_email,9405788949,67315,14,2022-08-23
pattern_violations,Regex pattern validation failed for column EMAIL,EMAIL,436,Employee_436,invalid_email,9514003102,101997,6,2021-06-07
pattern_violations,Regex pattern validation failed for column EMAIL,EMAIL,437,Employee_437,invalid_email,9904173230,137993,5,2021-02-04
pattern_violations,Regex pattern validation failed for column EMAIL,EMAIL,438,Employee_438,invalid_email,9357152133,114680,4,2025-01-31
pattern_violations,Regex pattern validation failed for column EMAIL,EMAIL,439,Employee_439,invalid_email,9324155684,129695,7,2023-07-21
pattern_violations,Regex pattern validation failed for column EMAIL,EMAIL,440,Employee_440,invalid_email,9308058015,101949,11,2023-03-28
pattern_violations,Regex pattern validation failed for column EMAIL,EMAIL,441,Employee_441,invalid_email,9796739332,82144,2,2025-05-11
pattern_violations,Regex pattern validation failed for column EMAIL,EMAIL,442,Employee_442,invalid_email,9222313766,110916,9,2024-01-17
pattern_violations,Regex pattern validation failed for column EMAIL,EMAIL,443,Employee_443,invalid_email,9663545229,99636,16,2024-09-14
pattern_violations,Regex pattern validation failed for column EMAIL,EMAIL,444,Employee_444,invalid_email,9203965345,48403,1,2023-12-30
pattern_violations,Regex pattern validation failed for column EMAIL,EMAIL,445,Employee_445,invalid_email,9886626067,78140,8,2020-11-13
pattern_violations,Regex pattern validation failed for column EMAIL,EMAIL,446,Employee_446,invalid_email,9695142466,71004,12,2024-08-15
pattern_violations,Regex pattern validation failed for column EMAIL,EMAIL,447,Employee_447,invalid_email,9142994810,143312,2,2021-07-02
pattern_violations,Regex pattern validation failed for column EMAIL,EMAIL,448,Employee_448,invalid_email,9930862139,49667,15,2020-04-07
pattern_violations,Regex pattern validation failed for column EMAIL,EMAIL,449,Employee_449,invalid_email,9765887817,65511,11,2021-04-02
pattern_violations,Regex pattern validation failed for column EMAIL,EMAIL,450,Employee_450,invalid_email,9391454320,63683,1,2024-10-25
pattern_violations,Regex pattern validation failed for column EMAIL,EMAIL,451,Employee_451,invalid_email,9772471099,88010,17,2021-08-26
pattern_violations,Regex pattern validation failed for column EMAIL,EMAIL,452,Employee_452,invalid_email,9147046011,111801,4,2023-03-22
pattern_violations,Regex pattern validation failed for column EMAIL,EMAIL,453,Employee_453,invalid_email,9884395036,110125,13,2020-06-14
pattern_violations,Regex pattern validation failed for column EMAIL,EMAIL,454,Employee_454,invalid_email,9401554193,90760,1,2022-07-28
pattern_violations,Regex pattern validation failed for column EMAIL,EMAIL,455,Employee_455,invalid_email,9811998776,52508,11,2022-11-06
pattern_violations,Regex pattern validation failed for column EMAIL,EMAIL,456,Employee_456,invalid_email,9525638015,123191,9,2022-10-24
pattern_violations,Regex pattern validation failed for column EMAIL,EMAIL,457,Employee_457,invalid_email,9595450961,108977,8,2021-11-23
pattern_violations,Regex pattern validation failed for column EMAIL,EMAIL,458,Employee_458,invalid_email,9242304890,143968,17,2021-01-29
pattern_violations,Regex pattern validation failed for column EMAIL,EMAIL,459,Employee_459,invalid_email,9422209044,71803,17,2021-09-28
pattern_violations,Regex pattern validation failed for column EMAIL,EMAIL,460,Employee_460,invalid_email,9644467166,123481,11,2022-03-11
pattern_violations,Regex pattern validation failed for column EMAIL,EMAIL,461,Employee_461,invalid_email,9797182996,119441,16,2025-04-17
pattern_violations,Regex pattern validation failed for column EMAIL,EMAIL,462,Employee_462,invalid_email,9405737828,99532,5,2021-12-15
pattern_violations,Regex pattern validation failed for column EMAIL,EMAIL,463,Employee_463,invalid_email,9985519187,122598,12,2021-10-06
pattern_violations,Regex pattern validation failed for column EMAIL,EMAIL,464,Employee_464,invalid_email,9439938784,140822,6,2021-02-27
pattern_violations,Regex pattern validation failed for column EMAIL,EMAIL,465,Employee_465,invalid_email,9550971269,39054,6,2022-02-04
pattern_violations,Regex pattern validation failed for column EMAIL,EMAIL,466,Employee_466,invalid_email,9500656755,115852,9,2021-10-30
pattern_violations,Regex pattern validation failed for column EMAIL,EMAIL,467,Employee_467,invalid_email,9765765141,86255,15,2021-11-25
pattern_violations,Regex pattern validation failed for column EMAIL,EMAIL,468,Employee_468,invalid_email,9562716611,54544,7,2023-07-07
pattern_violations,Regex pattern validation failed for column EMAIL,EMAIL,469,Employee_469,invalid_email,9356020407,80594,8,2023-06-05
pattern_violations,Regex pattern validation failed for column EMAIL,EMAIL,470,Employee_470,invalid_email,9194793003,62214,6,2024-07-26
pattern_violations,Regex pattern validation failed for column EMAIL,EMAIL,471,Employee_471,invalid_email,9174377627,132369,3,2023-04-11
pattern_violations,Regex pattern validation failed for column EMAIL,EMAIL,472,Employee_472,invalid_email,9617779238,105997,16,2022-07-25
pattern_violations,Regex pattern validation failed for column EMAIL,EMAIL,473,Employee_473,invalid_email,9180458366,44925,9,2025-03-17
pattern_violations,Regex pattern validation failed for column EMAIL,EMAIL,474,Employee_474,invalid_email,9626731464,146517,16,2024-04-09
pattern_violations,Regex pattern validation failed for column EMAIL,EMAIL,475,Employee_475,invalid_email,9823043288,46740,17,2022-01-13
pattern_violations,Regex pattern validation failed for column EMAIL,EMAIL,476,Employee_476,invalid_email,9425162401,55403,10,2024-02-13
pattern_violations,Regex pattern validation failed for column EMAIL,EMAIL,477,Employee_477,invalid_email,9567552092,103914,12,2020-07-10
pattern_violations,Regex pattern validation failed for column EMAIL,EMAIL,478,Employee_478,invalid_email,9876739609,92786,18,2023-04-07
pattern_violations,Regex pattern validation failed for column EMAIL,EMAIL,479,Employee_479,invalid_email,9135232915,120103,16,2020-01-21
pattern_violations,Regex pattern validation failed for column EMAIL,EMAIL,480,Employee_480,invalid_email,9538929471,133931,17,2024-05-25
pattern_violations,Regex pattern validation failed for column EMAIL,EMAIL,481,Employee_481,invalid_email,9731086161,105012,12,2022-06-04
pattern_violations,Regex pattern validation failed for column EMAIL,EMAIL,482,Employee_482,invalid_email,9591339642,121475,6,2020-03-24
pattern_violations,Regex pattern validation failed for column EMAIL,EMAIL,483,Employee_483,invalid_email,9253546603,104266,12,2021-10-15
pattern_violations,Regex pattern validation failed for column EMAIL,EMAIL,484,Employee_484,invalid_email,9791387914,107136,9,2022-05-03
pattern_violations,Regex pattern validation failed for column EMAIL,EMAIL,485,Employee_485,invalid_email,9348059220,143699,12,2021-11-04
pattern_violations,Regex pattern validation failed for column EMAIL,EMAIL,486,Employee_486,invalid_email,9151807762,39233,11,2022-05-10
pattern_violations,Regex pattern validation failed for column EMAIL,EMAIL,487,Employee_487,invalid_email,9838648781,100052,2,2024-11-25
pattern_violations,Regex pattern validation failed for column EMAIL,EMAIL,488,Employee_488,invalid_email,9310436684,66518,11,2021-09-08
pattern_violations,Regex pattern validation failed for column EMAIL,EMAIL,489,Employee_489,invalid_email,9233892977,61296,9,2024-04-05
pattern_violations,Regex pattern validation failed for column EMAIL,EMAIL,490,Employee_490,invalid_email,9601650161,125339,18,2023-12-15
pattern_violations,Regex pattern validation failed for column EMAIL,EMAIL,491,Employee_491,invalid_email,9684566150,52032,8,2022-09-04
pattern_violations,Regex pattern validation failed for column EMAIL,EMAIL,492,Employee_492,invalid_email,9649304631,72882,19,2021-10-18
pattern_violations,Regex pattern validation failed for column EMAIL,EMAIL,493,Employee_493,invalid_email,9397313920,139954,6,2021-05-24
pattern_violations,Regex pattern validation failed for column EMAIL,EMAIL,494,Employee_494,invalid_email,9461436213,140025,3,2021-04-27
pattern_violations,Regex pattern validation failed for column EMAIL,EMAIL,495,Employee_495,invalid_email,9492921730,144205,3,2024-12-07
pattern_violations,Regex pattern validation failed for column EMAIL,EMAIL,496,Employee_496,invalid_email,9821868908,79478,3,2022-01-03
pattern_violations,Regex pattern validation failed for column EMAIL,EMAIL,497,Employee_497,invalid_email,9920342841,117356,1,2022-05-30
pattern_violations,Regex pattern validation failed for column EMAIL,EMAIL,498,Employee_498,invalid_email,9815248576,116473,9,2023-12-12
pattern_violations,Regex pattern validation failed for column EMAIL,EMAIL,499,Employee_499,invalid_email,9970265880,33555,6,2025-05-24
pattern_violations,Regex pattern validation failed for column EMAIL,EMAIL,500,Employee_500,invalid_email,9822866769,110206,15,2024-03-22
pattern_violations,Regex pattern validation failed for column EMAIL,EMAIL,501,Employee_501,invalid_email,9278433213,111158,6,2021-03-11
pattern_violations,Regex pattern validation failed for column EMAIL,EMAIL,502,Employee_502,invalid_email,9430531871,141397,5,2023-04-08
pattern_violations,Regex pattern validation failed for column EMAIL,EMAIL,503,Employee_503,invalid_email,9100260768,112850,5,2021-03-31
pattern_violations,Regex pattern validation failed for column EMAIL,EMAIL,504,Employee_504,invalid_email,9576334370,33879,18,2024-02-19
pattern_violations,Regex pattern validation failed for column EMAIL,EMAIL,505,Employee_505,invalid_email,9651628035,140459,12,2024-10-08
pattern_violations,Regex pattern validation failed for column EMAIL,EMAIL,506,Employee_506,invalid_email,9682690890,57073,17,2022-09-04
pattern_violations,Regex pattern validation failed for column EMAIL,EMAIL,507,Employee_507,invalid_email,9513783225,34090,3,2021-07-25
pattern_violations,Regex pattern validation failed for column EMAIL,EMAIL,508,Employee_508,invalid_email,9651237972,87609,19,2025-04-10
pattern_violations,Regex pattern validation failed for column EMAIL,EMAIL,509,Employee_509,invalid_email,9421831922,62568,10,2020-06-02
pattern_violations,Regex pattern validation failed for column EMAIL,EMAIL,510,Employee_510,invalid_email,9565316730,122274,3,2021-11-25
pattern_violations,Regex pattern validation failed for column EMAIL,EMAIL,511,Employee_511,invalid_email,9367020498,75905,8,2024-09-07
pattern_violations,Regex pattern validation failed for column EMAIL,EMAIL,512,Employee_512,invalid_email,9488471681,144887,5,2023-03-22
pattern_violations,Regex pattern validation failed for column EMAIL,EMAIL,513,Employee_513,invalid_email,9145662964,72374,14,2020-10-29
pattern_violations,Regex pattern validation failed for column EMAIL,EMAIL,514,Employee_514,invalid_email,9132474023,70323,9,2021-01-02
pattern_violations,Regex pattern validation failed for column EMAIL,EMAIL,515,Employee_515,invalid_email,9124946287,67096,20,2021-03-04
pattern_violations,Regex pattern validation failed for column EMAIL,EMAIL,516,Employee_516,invalid_email,9167596456,105660,17,2022-11-26
pattern_violations,Regex pattern validation failed for column EMAIL,EMAIL,517,Employee_517,invalid_email,9378777523,65429,11,2020-05-31
pattern_violations,Regex pattern validation failed for column EMAIL,EMAIL,518,Employee_518,invalid_email,9768509540,86318,14,2022-12-26
pattern_violations,Regex pattern validation failed for column EMAIL,EMAIL,519,Employee_519,invalid_email,9187065885,73527,11,2020-11-27
pattern_violations,Regex pattern validation failed for column EMAIL,EMAIL,520,Employee_520,invalid_email,9602404317,108286,6,2020-05-30
pattern_violations,Regex pattern validation failed for column EMAIL,EMAIL,521,Employee_521,invalid_email,9401397355,138125,19,2023-10-04
pattern_violations,Regex pattern validation failed for column EMAIL,EMAIL,522,Employee_522,invalid_email,9569986163,30683,15,2024-03-25
pattern_violations,Regex pattern validation failed for column EMAIL,EMAIL,523,Employee_523,invalid_email,9784697911,102462,18,2024-06-17
pattern_violations,Regex pattern validation failed for column EMAIL,EMAIL,524,Employee_524,invalid_email,9951527702,144777,13,2023-05-01
pattern_violations,Regex pattern validation failed for column EMAIL,EMAIL,525,Employee_525,invalid_email,9483501797,134259,20,2024-12-11
pattern_violations,Regex pattern validation failed for column EMAIL,EMAIL,526,Employee_526,invalid_email,9370087012,43964,8,2022-01-08
pattern_violations,Regex pattern validation failed for column EMAIL,EMAIL,527,Employee_527,invalid_email,9721159872,119513,6,2022-03-11
pattern_violations,Regex pattern validation failed for column EMAIL,EMAIL,528,Employee_528,invalid_email,9572575950,111612,17,2020-01-17
pattern_violations,Regex pattern validation failed for column EMAIL,EMAIL,529,Employee_529,invalid_email,9762505569,108985,2,2023-10-10
pattern_violations,Regex pattern validation failed for column EMAIL,EMAIL,530,Employee_530,invalid_email,9652438163,43895,5,2023-05-25
pattern_violations,Regex pattern validation failed for column EMAIL,EMAIL,531,Employee_531,invalid_email,9569454456,70958,11,2024-08-20
pattern_violations,Regex pattern validation failed for column EMAIL,EMAIL,532,Employee_532,invalid_email,9761653785,47352,17,2020-09-16
pattern_violations,Regex pattern validation failed for column EMAIL,EMAIL,533,Employee_533,invalid_email,9606190088,41216,3,2024-01-10
pattern_violations,Regex pattern validation failed for column EMAIL,EMAIL,534,Employee_534,invalid_email,9717250392,54725,8,2021-09-13
pattern_violations,Regex pattern validation failed for column EMAIL,EMAIL,535,Employee_535,invalid_email,9571411275,30413,4,2024-10-09
pattern_violations,Regex pattern validation failed for column EMAIL,EMAIL,536,Employee_536,invalid_email,9589153308,149486,16,2024-08-07
pattern_violations,Regex pattern validation failed for column EMAIL,EMAIL,537,Employee_537,invalid_email,9706530842,53894,13,2020-07-14
pattern_violations,Regex pattern validation failed for column EMAIL,EMAIL,538,Employee_538,invalid_email,9850157922,56496,9,2023-06-03
pattern_violations,Regex pattern validation failed for column EMAIL,EMAIL,539,Employee_539,invalid_email,9844046593,42794,11,2021-08-21
pattern_violations,Regex pattern validation failed for column EMAIL,EMAIL,540,Employee_540,invalid_email,9291571245,116032,3,2020-07-18
pattern_violations,Regex pattern validation failed for column EMAIL,EMAIL,541,Employee_541,invalid_email,9677870179,44781,20,2023-11-23
pattern_violations,Regex pattern validation failed for column EMAIL,EMAIL,542,Employee_542,invalid_email,9621745587,60471,12,2025-05-28
pattern_violations,Regex pattern validation failed for column EMAIL,EMAIL,543,Employee_543,invalid_email,9405509509,74781,7,2022-12-02
pattern_violations,Regex pattern validation failed for column EMAIL,EMAIL,544,Employee_544,invalid_email,9585770740,73917,10,2023-10-14
pattern_violations,Regex pattern validation failed for column EMAIL,EMAIL,545,Employee_545,invalid_email,9785048543,126041,1,2024-12-12
pattern_violations,Regex pattern validation failed for column EMAIL,EMAIL,546,Employee_546,invalid_email,9652633952,115972,8,2024-12-28
pattern_violations,Regex pattern validation failed for column EMAIL,EMAIL,547,Employee_547,invalid_email,9786512165,135220,6,2021-12-09
pattern_violations,Regex pattern validation failed for column EMAIL,EMAIL,548,Employee_548,invalid_email,9584420901,96787,3,2021-02-03
pattern_violations,Regex pattern validation failed for column EMAIL,EMAIL,549,Employee_549,invalid_email,9778381380,92358,5,2024-03-05
pattern_violations,Regex pattern validation failed for column EMAIL,EMAIL,550,Employee_550,invalid_email,9168351186,48364,19,2024-04-15
pattern_violations,Regex pattern validation failed for column EMAIL,EMAIL,551,Employee_551,invalid_email,9673008243,97116,4,2021-07-18
pattern_violations,Regex pattern validation failed for column EMAIL,EMAIL,552,Employee_552,invalid_email,9459186702,63723,4,2021-05-27
pattern_violations,Regex pattern validation failed for column EMAIL,EMAIL,553,Employee_553,invalid_email,9794366761,38925,20,2021-07-15
pattern_violations,Regex pattern validation failed for column EMAIL,EMAIL,554,Employee_554,invalid_email,9382671227,73255,12,2025-01-31
pattern_violations,Regex pattern validation failed for column EMAIL,EMAIL,555,Employee_555,invalid_email,9602822687,91279,3,2020-11-09
pattern_violations,Regex pattern validation failed for column EMAIL,EMAIL,556,Employee_556,invalid_email,9329395612,75491,16,2022-01-15
pattern_violations,Regex pattern validation failed for column EMAIL,EMAIL,557,Employee_557,invalid_email,9747535298,100621,16,2025-01-24
pattern_violations,Regex pattern validation failed for column EMAIL,EMAIL,558,Employee_558,invalid_email,9613559662,122806,15,2020-09-03
pattern_violations,Regex pattern validation failed for column EMAIL,EMAIL,559,Employee_559,invalid_email,9786272173,49163,12,2025-01-27
pattern_violations,Regex pattern validation failed for column EMAIL,EMAIL,560,Employee_560,invalid_email,9141892889,126805,15,2023-08-20
pattern_violations,Regex pattern validation failed for column EMAIL,EMAIL,561,Employee_561,invalid_email,9899626020,116851,14,2021-06-07
pattern_violations,Regex pattern validation failed for column EMAIL,EMAIL,562,Employee_562,invalid_email,9384176706,58352,6,2022-01-07
pattern_violations,Regex pattern validation failed for column EMAIL,EMAIL,563,Employee_563,invalid_email,9864749011,59351,18,2025-05-09
pattern_violations,Regex pattern validation failed for column EMAIL,EMAIL,564,Employee_564,invalid_email,9835070674,83871,16,2023-06-23
pattern_violations,Regex pattern validation failed for column EMAIL,EMAIL,565,Employee_565,invalid_email,9854605923,54252,20,2024-09-22
pattern_violations,Regex pattern validation failed for column EMAIL,EMAIL,566,Employee_566,invalid_email,9248260823,146684,14,2022-10-02
pattern_violations,Regex pattern validation failed for column EMAIL,EMAIL,567,Employee_567,invalid_email,9991993594,76713,11,2025-01-09
pattern_violations,Regex pattern validation failed for column EMAIL,EMAIL,568,Employee_568,invalid_email,9847466068,46022,14,2020-07-26
pattern_violations,Regex pattern validation failed for column EMAIL,EMAIL,569,Employee_569,invalid_email,9416506821,55390,8,2023-07-21
pattern_violations,Regex pattern validation failed for column EMAIL,EMAIL,570,Employee_570,invalid_email,9476093023,41348,19,2025-04-02
pattern_violations,Regex pattern validation failed for column EMAIL,EMAIL,571,Employee_571,invalid_email,9609781138,64534,15,2021-04-05
pattern_violations,Regex pattern validation failed for column EMAIL,EMAIL,572,Employee_572,invalid_email,9511341932,144521,2,2021-02-11
pattern_violations,Regex pattern validation failed for column EMAIL,EMAIL,573,Employee_573,invalid_email,9166997739,118073,1,2023-03-08
pattern_violations,Regex pattern validation failed for column EMAIL,EMAIL,574,Employee_574,invalid_email,9703287779,87862,18,2023-07-06
pattern_violations,Regex pattern validation failed for column EMAIL,EMAIL,575,Employee_575,invalid_email,9188465732,32138,12,2022-11-17
pattern_violations,Regex pattern validation failed for column EMAIL,EMAIL,576,Employee_576,invalid_email,9354466141,55537,19,2022-09-10
pattern_violations,Regex pattern validation failed for column EMAIL,EMAIL,577,Employee_577,invalid_email,9101149959,94119,4,2022-06-17
pattern_violations,Regex pattern validation failed for column EMAIL,EMAIL,578,Employee_578,invalid_email,9195854421,98223,6,2023-11-07
pattern_violations,Regex pattern validation failed for column EMAIL,EMAIL,579,Employee_579,invalid_email,9459678779,132201,6,2022-10-03
pattern_violations,Regex pattern validation failed for column EMAIL,EMAIL,580,Employee_580,invalid_email,9937296064,63436,8,2024-11-27
pattern_violations,Regex pattern validation failed for column EMAIL,EMAIL,581,Employee_581,invalid_email,9885356481,99009,11,2024-07-06
pattern_violations,Regex pattern validation failed for column EMAIL,EMAIL,582,Employee_582,invalid_email,9924864069,51190,5,2023-08-16
pattern_violations,Regex pattern validation failed for column EMAIL,EMAIL,583,Employee_583,invalid_email,9220903347,123741,2,2020-02-22
pattern_violations,Regex pattern validation failed for column EMAIL,EMAIL,584,Employee_584,invalid_email,9260999120,108830,18,2023-07-01
pattern_violations,Regex pattern validation failed for column EMAIL,EMAIL,585,Employee_585,invalid_email,9460290179,74738,16,2023-11-24
pattern_violations,Regex pattern validation failed for column EMAIL,EMAIL,586,Employee_586,invalid_email,9392004341,95719,6,2021-01-16
pattern_violations,Regex pattern validation failed for column EMAIL,EMAIL,587,Employee_587,invalid_email,9878503966,132655,11,2023-07-14
pattern_violations,Regex pattern validation failed for column EMAIL,EMAIL,588,Employee_588,invalid_email,9569510602,51471,16,2022-05-25
pattern_violations,Regex pattern validation failed for column EMAIL,EMAIL,589,Employee_589,invalid_email,9834210764,137397,16,2022-04-01
pattern_violations,Regex pattern validation failed for column EMAIL,EMAIL,590,Employee_590,invalid_email,9665407794,120148,9,2020-09-10
pattern_violations,Regex pattern validation failed for column EMAIL,EMAIL,591,Employee_591,invalid_email,9546810804,57570,10,2021-04-02
pattern_violations,Regex pattern validation failed for column EMAIL,EMAIL,592,Employee_592,invalid_email,9644149364,121926,6,2021-07-20
pattern_violations,Regex pattern validation failed for column EMAIL,EMAIL,593,Employee_593,invalid_email,9475305695,131393,13,2020-04-13
pattern_violations,Regex pattern validation failed for column EMAIL,EMAIL,594,Employee_594,invalid_email,9583635733,120478,14,2024-10-14
pattern_violations,Regex pattern validation failed for column EMAIL,EMAIL,595,Employee_595,invalid_email,9277311134,97204,5,2025-06-01
pattern_violations,Regex pattern validation failed for column EMAIL,EMAIL,596,Employee_596,invalid_email,9714377461,80498,8,2024-05-18
pattern_violations,Regex pattern validation failed for column EMAIL,EMAIL,597,Employee_597,invalid_email,9758258013,42540,6,2021-12-01
pattern_violations,Regex pattern validation failed for column EMAIL,EMAIL,598,Employee_598,invalid_email,9535110781,82788,17,2024-02-23
pattern_violations,Regex pattern validation failed for column EMAIL,EMAIL,599,Employee_599,invalid_email,9462644960,77789,19,2020-07-26
pattern_violations,Regex pattern validation failed for column EMAIL,EMAIL,600,Employee_600,invalid_email,9479659960,116979,3,2023-03-08
pattern_violations,Regex pattern validation failed for column EMAIL,EMAIL,601,Employee_601,invalid_email,9796050706,126664,20,2020-06-07
pattern_violations,Regex pattern validation failed for column EMAIL,EMAIL,602,Employee_602,invalid_email,9370642543,41952,12,2024-11-02
pattern_violations,Regex pattern validation failed for column EMAIL,EMAIL,603,Employee_603,invalid_email,9250684702,78083,20,2023-02-27
pattern_violations,Regex pattern validation failed for column EMAIL,EMAIL,604,Employee_604,invalid_email,9776307398,54816,18,2023-07-06
pattern_violations,Regex pattern validation failed for column EMAIL,EMAIL,605,Employee_605,invalid_email,9395217090,58897,18,2022-03-24
pattern_violations,Regex pattern validation failed for column EMAIL,EMAIL,606,Employee_606,invalid_email,9675163552,149224,14,2024-08-23
pattern_violations,Regex pattern validation failed for column EMAIL,EMAIL,607,Employee_607,invalid_email,9646937089,146519,8,2021-06-25
pattern_violations,Regex pattern validation failed for column EMAIL,EMAIL,608,Employee_608,invalid_email,9124051240,51488,8,2022-06-22
pattern_violations,Regex pattern validation failed for column EMAIL,EMAIL,609,Employee_609,invalid_email,9871363775,74179,2,2022-06-11
pattern_violations,Regex pattern validation failed for column EMAIL,EMAIL,610,Employee_610,invalid_email,9721779275,113503,1,2022-09-25
pattern_violations,Regex pattern validation failed for column EMAIL,EMAIL,611,Employee_611,invalid_email,9769736523,136042,17,2024-02-21
pattern_violations,Regex pattern validation failed for column EMAIL,EMAIL,612,Employee_612,invalid_email,9104445688,134022,10,2023-01-18
pattern_violations,Regex pattern validation failed for column EMAIL,EMAIL,613,Employee_613,invalid_email,9353673816,70979,7,2021-10-12
pattern_violations,Regex pattern validation failed for column EMAIL,EMAIL,614,Employee_614,invalid_email,9803210026,54716,16,2021-08-04
pattern_violations,Regex pattern validation failed for column EMAIL,EMAIL,615,Employee_615,invalid_email,9240011136,109450,16,2024-04-11
pattern_violations,Regex pattern validation failed for column EMAIL,EMAIL,616,Employee_616,invalid_email,9913191318,34228,8,2021-08-29
pattern_violations,Regex pattern validation failed for column EMAIL,EMAIL,617,Employee_617,invalid_email,9708474976,58882,10,2020-01-07
pattern_violations,Regex pattern validation failed for column EMAIL,EMAIL,618,Employee_618,invalid_email,9305447929,60055,10,2023-01-19
pattern_violations,Regex pattern validation failed for column EMAIL,EMAIL,619,Employee_619,invalid_email,9669698845,83641,9,2021-01-30
pattern_violations,Regex pattern validation failed for column EMAIL,EMAIL,620,Employee_620,invalid_email,9849478523,105876,7,2025-05-12
pattern_violations,Regex pattern validation failed for column EMAIL,EMAIL,621,Employee_621,invalid_email,9831300544,107287,1,2025-02-07
pattern_violations,Regex pattern validation failed for column EMAIL,EMAIL,622,Employee_622,invalid_email,9647402846,109915,8,2022-05-11
pattern_violations,Regex pattern validation failed for column EMAIL,EMAIL,623,Employee_623,invalid_email,9173160380,64776,7,2024-03-05
pattern_violations,Regex pattern validation failed for column EMAIL,EMAIL,624,Employee_624,invalid_email,9567987867,118259,20,2021-02-09
pattern_violations,Regex pattern validation failed for column EMAIL,EMAIL,625,Employee_625,invalid_email,9280651170,121499,20,2023-01-29
pattern_violations,Regex pattern validation failed for column EMAIL,EMAIL,626,Employee_626,invalid_email,9536887776,59931,14,2021-06-01
pattern_violations,Regex pattern validation failed for column EMAIL,EMAIL,627,Employee_627,invalid_email,9640933303,75473,3,2024-01-24
pattern_violations,Regex pattern validation failed for column EMAIL,EMAIL,628,Employee_628,invalid_email,9764589457,39280,13,2022-12-25
pattern_violations,Regex pattern validation failed for column EMAIL,EMAIL,629,Employee_629,invalid_email,9247192786,120680,4,2023-12-06
pattern_violations,Regex pattern validation failed for column EMAIL,EMAIL,630,Employee_630,invalid_email,9350924941,124159,4,2021-05-01
pattern_violations,Regex pattern validation failed for column EMAIL,EMAIL,631,Employee_631,invalid_email,9771673250,65048,8,2021-12-30
pattern_violations,Regex pattern validation failed for column EMAIL,EMAIL,632,Employee_632,invalid_email,9585249797,108650,1,2020-10-29
pattern_violations,Regex pattern validation failed for column EMAIL,EMAIL,633,Employee_633,invalid_email,9227723400,149308,13,2023-12-17
pattern_violations,Regex pattern validation failed for column EMAIL,EMAIL,634,Employee_634,invalid_email,9679503252,64000,3,2020-06-13
pattern_violations,Regex pattern validation failed for column EMAIL,EMAIL,635,Employee_635,invalid_email,9197362398,82627,16,2021-02-21
pattern_violations,Regex pattern validation failed for column EMAIL,EMAIL,636,Employee_636,invalid_email,9157559478,96191,8,2022-11-18
pattern_violations,Regex pattern validation failed for column EMAIL,EMAIL,637,Employee_637,invalid_email,9521109381,95686,2,2024-03-06
pattern_violations,Regex pattern validation failed for column EMAIL,EMAIL,638,Employee_638,invalid_email,9491023841,87777,13,2021-03-22
pattern_violations,Regex pattern validation failed for column EMAIL,EMAIL,639,Employee_639,invalid_email,9347257059,95795,9,2022-10-09
pattern_violations,Regex pattern validation failed for column EMAIL,EMAIL,640,Employee_640,invalid_email,9220697187,87424,5,2022-07-28
pattern_violations,Regex pattern validation failed for column EMAIL,EMAIL,641,Employee_641,invalid_email,9715669282,57817,18,2024-12-28
pattern_violations,Regex pattern validation failed for column EMAIL,EMAIL,642,Employee_642,invalid_email,9752755404,84753,2,2022-04-17
pattern_violations,Regex pattern validation failed for column EMAIL,EMAIL,643,Employee_643,invalid_email,9988788341,102688,2,2023-03-22
pattern_violations,Regex pattern validation failed for column EMAIL,EMAIL,644,Employee_644,invalid_email,9887009757,124027,18,2020-07-31
pattern_violations,Regex pattern validation failed for column EMAIL,EMAIL,645,Employee_645,invalid_email,9953629482,57916,9,2022-03-04
pattern_violations,Regex pattern validation failed for column EMAIL,EMAIL,646,Employee_646,invalid_email,9873717691,58833,10,2023-10-07
pattern_violations,Regex pattern validation failed for column EMAIL,EMAIL,647,Employee_647,invalid_email,9930493750,96041,15,2023-12-16
pattern_violations,Regex pattern validation failed for column EMAIL,EMAIL,648,Employee_648,invalid_email,9291369122,100281,19,2025-05-14
pattern_violations,Regex pattern validation failed for column EMAIL,EMAIL,649,Employee_649,invalid_email,9545929832,125942,1,2020-10-11
pattern_violations,Regex pattern validation failed for column EMAIL,EMAIL,650,Employee_650,invalid_email,9782200463,100050,9,2024-12-10
