count,mean,std,min,25%,50%,75%,max,column_name
21.0,1010.047619047619,6.127611202387032,1001.0,1005.0,1010.0,1015.0,1020.0,CUSTOMER_ID
21.0,37.714285714285715,27.91261875414569,-5.0,29.0,33.0,38.0,150.0,AGE
20.0,139050.0,321032.45859832334,-10000.0,61500.0,70500.0,80500.0,1500000.0,SALARY
