count,mean,std,min,25%,50%,75%,max,column_name
12.0,6.5,3.605551275463989,1.0,3.75,6.5,9.25,12.0,CUSTOMER_ID
11.0,3636363634.0,3262794397.4099007,987654321.0,1172839500.5,2222222222.0,4999999999.5,9999999999.0,PHONE
12.0,84433.41583333333,288330.058264843,-100.0,687.5,1350.25,2000.0,999999.99,PURCHASE_AMOUNT
12.0,1.0,0.4264014327112209,0.0,1.0,1.0,1.0,2.0,IS_ACTIVE
