count,mean,std,min,25%,50%,75%,max,column_name
4.0,4002.5,1.2909944487358056,4001.0,4001.75,4002.5,4003.25,4004.0,CUSTOMER_ID
3.0,9123400002.333334,1.527525231652145,9123400001.0,9123400001.5,9123400002.0,9123400003.0,9123400004.0,PHONE
4.0,710337600000000.0,120425783753480.3,579139200000000.0,630979200000000.0,705931200000000.0,785289600000000.0,850348800000000.0,DOB
4.0,57000.0,9626.352718795768,45000.0,51750.0,58000.0,63250.0,67000.0,SALARY
