count,mean,std,min,25%,50%,75%,max,column_name
3.0,2.0,1.0,1.0,1.5,2.0,2.5,3.0,customer_id
3.0,1333.5,763.8172229008718,500.0,1000.25,1500.5,1750.25,2000.0,purchase_amount
3.0,4.833333333333333,5.530220007679019,-1.0,2.25,5.5,7.75,10.0,discount
3.0,0.6666666666666666,0.5773502691896258,0.0,0.5,1.0,1.0,1.0,is_active
