CUSTOMER_ID,FIRST_NAME,LAST_NAME,EMAIL,PHONE,GENDER,DOB,CITY,SALARY
1007,Sameer,Gupta,user6@example.com,9876500006,Other,1998-12-25,Pune,62380
1008,Amit,Gupta,user7@example.com,9876500007,Male,2018-08-16,Ahmedabad,46106
1010,Rakesh,Gupta,user9@example.com,9876500009,Male,2009-05-18,Chennai,34502
1011,Neha,Reddy,user10@example.com,9876500010,Other,2012-04-06,Mumbai,77548
1012,Sneha,Kumar,user11@example.com,9876500011,Female,1978-12-07,Delhi,79560
1013,Sneha,Verma,user12@example.com,9876500012,Female,1982-09-13,Chennai,71070
1014,Sameer,Patel,user13@example.com,9876500013,Female,1977-11-06,Pune,50681
1019,Priya,Kumar,user18@example.com,9876500018,Male,1990-04-14,Kolkata,41863
1020,Kavya,Sharma,user19@example.com,9876500019,Female,2015-09-01,Mumbai,94438
1022,Arjun,Kumar,user21@example.com,9876500021,Female,2050-01-01,Kolkata,37415
1023,Anjali,Verma,user22@example.com,9876500022,Female,1981-01-25,Kolkata,62076
1024,Priya,Rao,user23@example.com,9876500023,Female,1991-03-05,Delhi,96796
1030,Neha,Patel,user29@example.com,9876500029,Male,2002-10-13,Hyderabad,33985
1032,Sameer,Singh,user31@example.com,9876500031,Female,1976-03-11,Bangalore,57902
1033,Rakesh,Gupta,user32@example.com,9876500032,Other,2005-09-19,Mumbai,55248
1034,Sameer,Rao,user33@example.com,9876500033,Other,2018-09-30,Chennai,91840
1035,Amit,Joshi,user34@example.com,9876500034,Female,2009-09-21,Ahmedabad,37900
1037,Vijay,Rao,user36@example.com,9876500036,Female,1988-01-04,Mumbai,19358
1040,Neha,Reddy,user39@example.com,9876500039,Female,1978-04-27,Ahmedabad,38775
1044,Vijay,Sharma,user43@example.com,9876500043,Male,2050-01-01,Ahmedabad,51128
1045,Anjali,Joshi,user44@example.com,9876500044,Male,2005-04-06,Pune,76672
1047,Kavya,Rao,user46@example.com,9876500046,Male,2007-04-30,Chennai,56235
1049,Amit,Rao,user48@example.com,9876500048,Male,1990-11-15,Pune,72889
1054,Kavya,Patel,user53@example.com,9876500053,Other,2015-10-11,Chennai,69264
1055,Sneha,Kumar,user54@example.com,9876500054,Male,1993-01-16,Hyderabad,85296
1057,Kavya,Sharma,user56@example.com,9876500056,Female,1973-06-01,Kolkata,13566
1059,Priya,Kumar,user58@example.com,9876500058,Female,1989-06-21,Kolkata,47128
1060,Anjali,Kumar,user59@example.com,9876500059,Female,1975-03-02,Mumbai,100594
1062,Priya,Verma,user61@example.com,9876500061,Male,1999-06-18,Bangalore,32723
1063,Kavya,Reddy,user62@example.com,9876500062,Other,2019-04-02,Kolkata,64083
1064,Anjali,Reddy,user63@example.com,9876500063,Male,1979-09-17,Pune,77709
1066,Anjali,Patel,user65@example.com,9876500065,Other,2017-08-03,Delhi,48946
1068,Sneha,Reddy,user67@example.com,9876500067,Male,2017-06-30,Kolkata,80310
1069,Amit,Gupta,user68@example.com,9876500068,Other,1997-12-01,Hyderabad,67023
1071,Sneha,Patel,user70@example.com,9876500070,Female,1998-11-07,Hyderabad,66961
1074,Rakesh,Joshi,user73@example.com,9876500073,Female,2006-09-06,Chennai,53733
1075,Sneha,Sharma,user74@example.com,9876500074,Other,1971-07-31,Delhi,33952
1078,Vijay,Rao,user77@example.com,9876500077,Male,2001-10-29,Delhi,67988
1079,Arjun,Patel,user78@example.com,9876500078,Other,2013-05-10,Chennai,101602
1080,Vijay,Reddy,user79@example.com,9876500079,Male,1970-08-17,Pune,62413
1083,Sneha,Verma,user82@example.com,9876500082,Male,1972-09-11,Kolkata,73308
1084,Arjun,Patel,user83@example.com,9876500083,Male,2050-01-01,Pune,67395
1086,Sneha,Sharma,user85@example.com,9876500085,Male,1971-06-16,Hyderabad,62368
1087,Sameer,Kumar,user86@example.com,9876500086,Male,2007-07-17,Chennai,94007
1090,Sameer,Mehta,user89@example.com,9876500089,Female,2016-05-24,Bangalore,83171
1092,Arjun,Reddy,user91@example.com,9876500091,Male,1985-09-14,Pune,87333
1093,Rakesh,Rao,user92@example.com,9876500092,Other,1978-08-12,Kolkata,41405
1094,Anjali,Reddy,user93@example.com,9876500093,Female,1973-07-16,Pune,107632
1095,Amit,Patel,user94@example.com,9876500094,Female,1990-09-12,Pune,68446
1096,Anjali,Mehta,user95@example.com,9876500095,Other,1980-05-09,Mumbai,42175
1097,Vijay,Verma,user96@example.com,9876500096,Other,1976-07-19,Ahmedabad,79980
1099,Vijay,Mehta,user98@example.com,9876500098,Female,2006-02-25,Pune,44502
1102,Arjun,Gupta,user101@example.com,9876500101,Male,1997-01-05,Delhi,76291
1103,Amit,Patel,user102@example.com,9876500102,Female,2016-12-24,Hyderabad,56198
1105,Sneha,Gupta,user104@example.com,9876500104,Female,1990-09-06,Chennai,39990
1108,Sneha,Kumar,user107@example.com,9876500107,Female,2002-12-21,Hyderabad,58032
1109,Priya,Sharma,user108@example.com,9876500108,Other,1992-02-04,Mumbai,78552
1110,Sameer,Joshi,user109@example.com,9876500109,Male,2002-02-08,Hyderabad,59670
1114,Sameer,Singh,user113@example.com,9876500113,Male,1970-04-03,Chennai,88096
1115,Arjun,Singh,user114@example.com,9876500114,Other,1999-12-09,Chennai,72344
1116,Rakesh,Joshi,user115@example.com,9876500115,Other,1974-08-05,Kolkata,89548
1117,Anjali,Joshi,user116@example.com,9876500116,Other,1980-07-31,Pune,58267
1118,Amit,Joshi,user117@example.com,9876500117,Other,2018-09-11,Mumbai,96809
1122,Anjali,Gupta,user121@example.com,9876500121,Female,2017-04-25,Chennai,55616
1123,Sameer,Rao,user122@example.com,9876500122,Male,2011-05-19,Chennai,69550
1124,Amit,Singh,user123@example.com,9876500123,Female,1982-07-24,Mumbai,89954
1125,Arjun,Mehta,user124@example.com,9876500124,Male,2019-01-20,Pune,72533
1127,Neha,Joshi,user126@example.com,9876500126,Male,1974-12-04,Bangalore,89526
1128,Rakesh,Reddy,user127@example.com,9876500127,Other,2007-09-26,Hyderabad,75249
1132,Amit,Mehta,user131@example.com,9876500131,Male,1999-06-10,Mumbai,81861
1133,Sameer,Reddy,user132@example.com,9876500132,Other,1989-04-22,Kolkata,82612
1134,Priya,Rao,user133@example.com,9876500133,Female,1996-12-25,Mumbai,90306
1135,Kavya,Singh,user134@example.com,9876500134,Female,1998-12-29,Hyderabad,73604
1138,Rakesh,Reddy,user137@example.com,9876500137,Male,1971-08-22,Hyderabad,53753
1139,Priya,Rao,user138@example.com,9876500138,Male,2009-05-03,Hyderabad,68241
1140,Neha,Reddy,user139@example.com,9876500139,Female,2015-07-26,Hyderabad,93196
1142,Amit,Gupta,user141@example.com,9876500141,Female,1997-08-24,Kolkata,83106
1143,Vijay,Singh,user142@example.com,9876500142,Female,2006-02-28,Chennai,64547
1145,Arjun,Gupta,user144@example.com,9876500144,Male,1972-03-08,Mumbai,52185
1146,Arjun,Rao,user145@example.com,9876500145,Male,1999-04-14,Mumbai,35764
1147,Vijay,Joshi,user146@example.com,9876500146,Female,1985-08-23,Bangalore,70437
1148,Vijay,Gupta,user147@example.com,9876500147,Other,1990-01-07,Mumbai,57492
1149,Neha,Joshi,user148@example.com,9876500148,Female,1986-03-09,Hyderabad,100683
1153,Priya,Kumar,user152@example.com,9876500152,Other,1994-08-03,Kolkata,25508
1155,Vijay,Joshi,user154@example.com,9876500154,Female,2008-03-14,Kolkata,71277
1156,Rakesh,Kumar,user155@example.com,9876500155,Female,1989-06-12,Kolkata,45139
1157,Arjun,Kumar,user156@example.com,9876500156,Other,2050-01-01,Delhi,68302
1160,Sneha,Reddy,user159@example.com,9876500159,Other,2016-04-07,Kolkata,68724
1162,Sneha,Patel,user161@example.com,9876500161,Male,2011-05-18,Delhi,34382
1163,Vijay,Joshi,user162@example.com,9876500162,Other,1975-05-06,Kolkata,47638
1165,Arjun,Mehta,user164@example.com,9876500164,Female,1994-07-19,Bangalore,74809
1167,Anjali,Reddy,user166@example.com,9876500166,Male,1994-08-08,Kolkata,73503
1169,Amit,Gupta,user168@example.com,9876500168,Female,1986-05-10,Kolkata,26940
1170,Kavya,Sharma,user169@example.com,9876500169,Other,2018-09-20,Chennai,49801
1172,Arjun,Singh,user171@example.com,9876500171,Male,1973-02-11,Ahmedabad,52592
1177,Arjun,Joshi,user176@example.com,9876500176,Female,2011-06-26,Hyderabad,81360
1180,Priya,Verma,user179@example.com,9876500179,Female,1982-09-11,Bangalore,57541
1182,Rakesh,Reddy,user181@example.com,9876500181,Female,2018-03-30,Pune,57241
1183,Arjun,Kumar,user182@example.com,9876500182,Other,1999-12-13,Ahmedabad,103384
1184,Arjun,Reddy,user183@example.com,9876500183,Female,1981-07-10,Kolkata,79614
1186,Kavya,Kumar,user185@example.com,9876500185,Other,1976-06-04,Mumbai,93141
1187,Rakesh,Joshi,user186@example.com,9876500186,Other,2008-04-15,Ahmedabad,80504
1188,Anjali,Patel,user187@example.com,9876500187,Male,1972-11-08,Kolkata,55655
1190,Amit,Singh,user189@example.com,9876500189,Other,1992-06-13,Chennai,88959
1191,Neha,Gupta,user190@example.com,9876500190,Other,1980-03-20,Bangalore,99552
1193,Sneha,Kumar,user192@example.com,9876500192,Other,1989-12-29,Kolkata,82393
1197,Rakesh,Verma,user196@example.com,9876500196,Male,1996-02-17,Bangalore,28707
1200,Priya,Gupta,user199@example.com,9876500199,Female,2017-01-05,Mumbai,36928
1202,Arjun,Gupta,user201@example.com,9876500201,Other,1993-02-27,Ahmedabad,66627
1203,Vijay,Reddy,user202@example.com,9876500202,Other,1983-12-11,Pune,61891
1205,Sameer,Joshi,user204@example.com,9876500204,Female,1991-12-22,Hyderabad,76591
1206,Neha,Patel,user205@example.com,9876500205,Other,2007-10-31,Chennai,50097
1209,Anjali,Rao,user208@example.com,9876500208,Male,1987-08-31,Chennai,11788
1215,Vijay,Verma,user214@example.com,9876500214,Male,1988-06-24,Bangalore,66913
1216,Arjun,Joshi,user215@example.com,9876500215,Male,1989-03-07,Delhi,59810
1218,Amit,Kumar,user217@example.com,9876500217,Male,2005-04-07,Kolkata,41027
1219,Kavya,Reddy,user218@example.com,9876500218,Male,2003-07-23,Ahmedabad,64948
1220,Sneha,Reddy,user219@example.com,9876500219,Other,1997-11-11,Hyderabad,82426
1224,Kavya,Kumar,user223@example.com,9876500223,Male,2018-02-27,Mumbai,50378
1225,Amit,Mehta,user224@example.com,9876500224,Male,2005-09-18,Bangalore,79643
1227,Sameer,Reddy,user226@example.com,9876500226,Female,2000-07-28,Mumbai,37636
1228,Amit,Kumar,user227@example.com,9876500227,Female,1978-06-26,Mumbai,91057
1229,Anjali,Sharma,user228@example.com,9876500228,Female,1979-04-10,Mumbai,32028
1230,Vijay,Gupta,user229@example.com,9876500229,Other,1984-11-23,Pune,72474
1231,Neha,Patel,user230@example.com,9876500230,Male,2004-11-13,Pune,55623
1234,Arjun,Sharma,user233@example.com,9876500233,Female,1990-04-09,Hyderabad,100818
1235,Rakesh,Sharma,user234@example.com,9876500234,Other,1999-04-15,Pune,87734
1236,Rakesh,Patel,user235@example.com,9876500235,Other,1978-01-18,Hyderabad,67636
1237,Amit,Joshi,user236@example.com,9876500236,Female,2017-02-25,Kolkata,89100
1238,Vijay,Patel,user237@example.com,9876500237,Female,1978-08-05,Kolkata,62936
1239,Vijay,Reddy,user238@example.com,9876500238,Male,2015-05-04,Ahmedabad,43215
1240,Sameer,Rao,user239@example.com,9876500239,Other,1978-08-29,Kolkata,55851
1243,Neha,Verma,user242@example.com,9876500242,Male,1972-04-17,Mumbai,92673
1245,Priya,Rao,user244@example.com,9876500244,Other,2013-04-02,Delhi,84280
1246,Sneha,Gupta,user245@example.com,9876500245,Female,2009-05-22,Chennai,68210
1247,Arjun,Mehta,user246@example.com,9876500246,Female,1977-06-26,Delhi,34174
1248,Sneha,Gupta,user247@example.com,9876500247,Male,2002-11-11,Ahmedabad,66588
1249,Neha,Mehta,user248@example.com,9876500248,Male,2009-12-23,Delhi,62603
1250,Arjun,Singh,user249@example.com,9876500249,Other,1984-04-03,Ahmedabad,51286
1252,Neha,Singh,user251@example.com,9876500251,Male,1979-01-24,Delhi,65530
1253,Priya,Patel,user252@example.com,9876500252,Female,2050-01-01,Kolkata,15914
1254,Sneha,Patel,user253@example.com,9876500253,Other,1984-03-19,Delhi,72201
1255,Neha,Mehta,user254@example.com,9876500254,Female,2015-11-18,Ahmedabad,77079
1257,Vijay,Rao,user256@example.com,9876500256,Female,2005-01-21,Hyderabad,59371
1260,Kavya,Patel,user259@example.com,9876500259,Other,1990-11-25,Chennai,56642
1262,Kavya,Singh,user261@example.com,9876500261,Other,1985-02-23,Pune,37701
1265,Vijay,Mehta,user264@example.com,9876500264,Female,1985-05-25,Hyderabad,67485
1266,Neha,Sharma,user265@example.com,9876500265,Male,2050-01-01,Pune,63868
1270,Rakesh,Sharma,user269@example.com,9876500269,Female,1978-05-04,Chennai,64608
1272,Sneha,Singh,user271@example.com,9876500271,Other,2017-01-22,Bangalore,76535
1273,Sneha,Gupta,user272@example.com,9876500272,Male,1985-04-17,Mumbai,48634
1274,Amit,Patel,user273@example.com,9876500273,Other,1995-08-27,Ahmedabad,44913
1275,Sameer,Verma,user274@example.com,9876500274,Female,1976-01-27,Kolkata,65995
1277,Arjun,Sharma,user276@example.com,9876500276,Other,2004-10-27,Bangalore,64894
1278,Sameer,Mehta,user277@example.com,9876500277,Female,2011-05-21,Chennai,10724
1279,Priya,Sharma,user278@example.com,9876500278,Female,1971-10-13,Mumbai,71651
1283,Priya,Reddy,user282@example.com,9876500282,Male,1978-10-04,Mumbai,56892
1284,Sameer,Kumar,user283@example.com,9876500283,Female,2017-06-08,Chennai,61094
1290,Arjun,Mehta,user289@example.com,9876500289,Female,1993-04-15,Ahmedabad,62766
1291,Rakesh,Kumar,user290@example.com,9876500290,Male,1995-09-02,Pune,83961
1292,Sameer,Sharma,user291@example.com,9876500291,Male,2005-11-18,Delhi,51863
1294,Sameer,Sharma,user293@example.com,9876500293,Other,1988-01-30,Delhi,57706
1296,Arjun,Patel,user295@example.com,9876500295,Female,2006-11-08,Chennai,59883
1299,Sameer,Verma,user298@example.com,9876500298,Male,2008-12-21,Mumbai,67344
1303,Arjun,Mehta,user302@example.com,9876500302,Other,2017-12-02,Kolkata,54630
1304,Rakesh,Mehta,user303@example.com,9876500303,Female,1975-12-09,Pune,84142
1305,Sameer,Gupta,user304@example.com,9876500304,Female,2003-12-27,Mumbai,30777
1306,Arjun,Rao,user305@example.com,9876500305,Male,2010-10-02,Ahmedabad,62780
1307,Neha,Singh,user306@example.com,9876500306,Female,2005-07-09,Hyderabad,63686
1308,Rakesh,Reddy,user307@example.com,9876500307,Other,1990-12-30,Ahmedabad,75306
1310,Arjun,Singh,user309@example.com,9876500309,Male,2000-12-17,Mumbai,61598
1312,Kavya,Verma,user311@example.com,9876500311,Other,1994-05-11,Delhi,59910
1313,Vijay,Mehta,user312@example.com,9876500312,Male,1988-03-07,Kolkata,61290
1315,Priya,Reddy,user314@example.com,9876500314,Female,1991-01-05,Kolkata,76619
1317,Sameer,Reddy,user316@example.com,9876500316,Male,1972-12-02,Chennai,32129
1319,Sneha,Reddy,user318@example.com,9876500318,Male,1975-04-03,Pune,48187
1322,Amit,Rao,user321@example.com,9876500321,Male,2009-02-07,Kolkata,61078
1323,Kavya,Singh,user322@example.com,9876500322,Other,2018-06-29,Delhi,95380
1324,Anjali,Patel,user323@example.com,9876500323,Other,1990-05-24,Chennai,89171
1328,Sneha,Gupta,user327@example.com,9876500327,Male,1972-01-31,Pune,44051
1329,Arjun,Reddy,user328@example.com,9876500328,Female,1979-12-22,Pune,71420
1332,Amit,Joshi,user331@example.com,9876500331,Other,1995-08-05,Chennai,57156
1333,Anjali,Sharma,user332@example.com,9876500332,Other,1973-08-21,Pune,99339
1335,Anjali,Singh,user334@example.com,9876500334,Male,2003-01-11,Kolkata,100053
1336,Sameer,Gupta,user335@example.com,9876500335,Male,1978-08-07,Pune,51203
1339,Sneha,Joshi,user338@example.com,9876500338,Male,2008-06-27,Pune,94367
1340,Anjali,Kumar,user339@example.com,9876500339,Other,1979-09-28,Pune,65231
1342,Vijay,Patel,user341@example.com,9876500341,Female,2009-05-22,Chennai,46964
1345,Arjun,Rao,user344@example.com,9876500344,Male,1982-03-22,Ahmedabad,70453
1348,Amit,Rao,user347@example.com,9876500347,Male,2008-06-28,Mumbai,37944
1349,Kavya,Kumar,user348@example.com,9876500348,Male,2014-06-12,Chennai,90814
1350,Kavya,Verma,user349@example.com,9876500349,Male,1983-01-04,Delhi,58542
1352,Priya,Verma,user351@example.com,9876500351,Male,2012-04-15,Ahmedabad,30082
1353,Sameer,Verma,user352@example.com,9876500352,Female,1993-01-18,Hyderabad,88509
1354,Vijay,Verma,user353@example.com,9876500353,Female,1991-03-07,Bangalore,44383
1355,Anjali,Patel,user354@example.com,9876500354,Other,1994-01-18,Chennai,42952
1356,Priya,Patel,user355@example.com,9876500355,Female,2009-07-31,Kolkata,98122
1358,Anjali,Singh,user357@example.com,9876500357,Other,1999-09-29,Chennai,35443
1359,Priya,Rao,user358@example.com,9876500358,Female,2011-09-08,Delhi,69038
1363,Priya,Mehta,user362@example.com,9876500362,Male,1979-02-04,Mumbai,88017
1365,Rakesh,Sharma,user364@example.com,9876500364,Male,2011-03-28,Delhi,31807
1368,Rakesh,Singh,user367@example.com,9876500367,Female,1997-05-15,Hyderabad,69450
1370,Amit,Sharma,user369@example.com,9876500369,Female,2008-07-17,Kolkata,74156
1373,Neha,Reddy,user372@example.com,9876500372,Other,1972-10-26,Hyderabad,38474
1374,Sameer,Patel,user373@example.com,9876500373,Female,2011-06-03,Delhi,71203
1375,Amit,Reddy,user374@example.com,9876500374,Female,1971-02-16,Hyderabad,79914
1378,Kavya,Verma,user377@example.com,9876500377,Male,1973-07-29,Chennai,75008
1382,Sneha,Kumar,user381@example.com,9876500381,Male,2017-02-02,Kolkata,82531
1383,Sameer,Reddy,user382@example.com,9876500382,Other,2002-01-10,Delhi,83482
1386,Anjali,Gupta,user385@example.com,9876500385,Female,1985-05-14,Ahmedabad,94531
1388,Anjali,Reddy,user387@example.com,9876500387,Other,1996-01-27,Ahmedabad,77770
1390,Amit,Sharma,user389@example.com,9876500389,Female,1989-05-27,Kolkata,87761
1393,Arjun,Mehta,user392@example.com,9876500392,Female,1973-12-07,Chennai,76221
1394,Anjali,Rao,user393@example.com,9876500393,Male,1978-11-25,Bangalore,64472
1396,Arjun,Gupta,user395@example.com,9876500395,Male,2009-01-19,Hyderabad,95687
1398,Priya,Patel,user397@example.com,9876500397,Other,2004-01-16,Hyderabad,39462
1399,Vijay,Singh,user398@example.com,9876500398,Male,2001-08-25,Ahmedabad,43098
1400,Sneha,Kumar,user399@example.com,9876500399,Other,1983-07-24,Delhi,38697
1402,Arjun,Patel,user401@example.com,9876500401,Male,1970-01-26,Chennai,83460
1404,Rakesh,Reddy,user403@example.com,9876500403,Male,1991-12-16,Delhi,52073
1405,Priya,Verma,user404@example.com,9876500404,Female,1993-05-03,Kolkata,67075
1408,Anjali,Rao,user407@example.com,9876500407,Other,1975-01-27,Delhi,60135
1410,Rakesh,Sharma,user409@example.com,9876500409,Female,2013-01-01,Kolkata,67305
1411,Priya,Verma,user410@example.com,9876500410,Female,1999-02-01,Bangalore,82750
1412,Vijay,Verma,user411@example.com,9876500411,Female,1980-06-06,Kolkata,34618
1413,Rakesh,Reddy,user412@example.com,9876500412,Male,1973-08-04,Hyderabad,68362
1414,Arjun,Patel,user413@example.com,9876500413,Other,2000-08-29,Delhi,23020
1416,Rakesh,Kumar,user415@example.com,9876500415,Female,1991-04-29,Delhi,78904
1417,Anjali,Rao,user416@example.com,9876500416,Female,1989-02-07,Pune,85446
1419,Rakesh,Gupta,user418@example.com,9876500418,Other,invalid,Kolkata,54292
1420,Amit,Singh,user419@example.com,9876500419,Other,1977-04-10,Pune,60401
1423,Rakesh,Kumar,user422@example.com,9876500422,Other,2015-12-28,Bangalore,44948
1428,Rakesh,Patel,user427@example.com,9876500427,Male,1985-11-09,Mumbai,77709
1429,Neha,Patel,user428@example.com,9876500428,Female,2017-05-17,Ahmedabad,76799
1430,Kavya,Patel,user429@example.com,9876500429,Female,2017-05-04,Pune,70272
1431,Neha,Patel,user430@example.com,9876500430,Other,2002-06-20,Chennai,43267
1433,Anjali,Reddy,user432@example.com,9876500432,Other,1983-05-28,Chennai,61517
1434,Sameer,Rao,user433@example.com,9876500433,Male,1998-11-26,Delhi,56585
1435,Anjali,Reddy,user434@example.com,9876500434,Female,2017-01-10,Mumbai,66481
1443,Arjun,Gupta,user442@example.com,9876500442,Female,1975-08-11,Bangalore,67296
1444,Neha,Reddy,user443@example.com,9876500443,Male,1987-02-13,Delhi,101245
1445,Sneha,Joshi,user444@example.com,9876500444,Other,2000-07-29,Delhi,102236
1446,Kavya,Singh,user445@example.com,9876500445,Other,1970-07-25,Kolkata,89592
1447,Sameer,Gupta,user446@example.com,9876500446,Male,2001-12-22,Delhi,39363
1448,Arjun,Sharma,user447@example.com,9876500447,Female,2011-07-30,Kolkata,93220
1449,Arjun,Sharma,user448@example.com,9876500448,Other,1994-02-18,Mumbai,62470
1450,Sameer,Gupta,user449@example.com,9876500449,Female,2001-06-06,Ahmedabad,59446
1453,Arjun,Patel,user452@example.com,9876500452,Male,2002-05-22,Hyderabad,72988
1456,Anjali,Verma,user455@example.com,9876500455,Other,1988-12-26,Mumbai,103868
1457,Kavya,Joshi,user456@example.com,9876500456,Female,1976-05-24,Mumbai,95181
1458,Sameer,Sharma,user457@example.com,9876500457,Female,1974-09-22,Delhi,61445
1460,Sameer,Kumar,user459@example.com,9876500459,Male,1986-05-22,Mumbai,38058
1462,Arjun,Verma,user461@example.com,9876500461,Other,2015-04-19,Delhi,52856
1463,Anjali,Reddy,user462@example.com,9876500462,Male,1973-11-26,Bangalore,62936
1467,Anjali,Sharma,user466@example.com,9876500466,Other,2003-04-10,Ahmedabad,69773
1468,Kavya,Mehta,user467@example.com,9876500467,Male,2013-04-06,Hyderabad,64127
1469,Sameer,Rao,user468@example.com,9876500468,Female,2016-07-03,Kolkata,87862
1470,Vijay,Verma,user469@example.com,9876500469,Other,1996-09-08,Kolkata,81790
1473,Anjali,Singh,user472@example.com,9876500472,Female,1974-03-01,Chennai,87112
1474,Rakesh,Reddy,user473@example.com,9876500473,Male,1976-07-18,Ahmedabad,81697
1475,Kavya,Verma,user474@example.com,9876500474,Other,1973-01-22,Delhi,60080
1478,Vijay,Sharma,user477@example.com,9876500477,Male,2004-02-11,Ahmedabad,51153
1479,Rakesh,Singh,user478@example.com,9876500478,Female,1986-10-25,Pune,79344
1484,Vijay,Reddy,user483@example.com,9876500483,Male,1980-05-29,Hyderabad,61944
1485,Sneha,Mehta,user484@example.com,9876500484,Female,1989-04-28,Hyderabad,64832
1486,Sameer,Kumar,user485@example.com,9876500485,Other,1990-07-25,Hyderabad,58139
1487,Arjun,Patel,user486@example.com,9876500486,Male,1992-03-05,Ahmedabad,66441
1488,Sameer,Gupta,user487@example.com,9876500487,Female,2011-08-07,Hyderabad,95802
1489,Neha,Verma,user488@example.com,9876500488,Male,2014-03-03,Delhi,86110
1493,Sneha,Sharma,user492@example.com,9876500492,Male,2015-05-28,Kolkata,73233
1495,Rakesh,Joshi,user494@example.com,9876500494,Female,2008-11-18,Bangalore,63082
1497,Amit,Verma,user496@example.com,9876500496,Other,1991-06-14,Mumbai,62706
1498,Amit,Verma,user497@example.com,9876500497,Male,1996-03-01,Chennai,57750
1500,Sameer,Rao,user499@example.com,9876500499,Female,2014-07-12,Chennai,80767
1502,Arjun,Gupta,user501@example.com,9876500501,Female,1974-07-21,Pune,44345
1507,Sameer,Mehta,user506@example.com,9876500506,Female,1982-09-30,Kolkata,56277
1508,Arjun,Joshi,user507@example.com,9876500507,Male,1993-12-15,Delhi,75873
1509,Neha,Gupta,user508@example.com,9876500508,Female,1999-07-25,Mumbai,26403
1510,Vijay,Rao,user509@example.com,9876500509,Male,1988-03-12,Delhi,84247
1512,Vijay,Rao,user511@example.com,9876500511,Other,1975-06-18,Chennai,75534
1513,Amit,Rao,user512@example.com,9876500512,Male,2010-09-14,Ahmedabad,63596
1517,Rakesh,Singh,user516@example.com,9876500516,Female,1999-09-09,Pune,76055
1518,Rakesh,Sharma,user517@example.com,9876500517,Female,1980-12-06,Mumbai,59359
1519,Sameer,Patel,user518@example.com,9876500518,Female,1983-03-17,Hyderabad,76845
1523,Neha,Singh,user522@example.com,9876500522,Male,2017-06-06,Hyderabad,44612
1524,Rakesh,Mehta,user523@example.com,9876500523,Female,1982-02-25,Pune,94721
1525,Amit,Kumar,user524@example.com,9876500524,Other,2001-06-28,Bangalore,71545
1528,Rakesh,Singh,user527@example.com,9876500527,Male,2000-12-28,Chennai,43803
1529,Anjali,Kumar,user528@example.com,9876500528,Other,2010-04-23,Ahmedabad,77656
1530,Anjali,Sharma,user529@example.com,9876500529,Female,1983-08-30,Kolkata,100703
1531,Amit,Patel,user530@example.com,9876500530,Other,1986-07-04,Bangalore,33878
1533,Rakesh,Joshi,user532@example.com,9876500532,Male,2003-09-30,Delhi,80192
1536,Kavya,Joshi,user535@example.com,9876500535,Other,2006-12-30,Kolkata,65899
1537,Vijay,Kumar,user536@example.com,9876500536,Female,2009-08-16,Ahmedabad,50748
1538,Anjali,Sharma,user537@example.com,9876500537,Male,2010-10-18,Bangalore,14808
1540,Arjun,Verma,user539@example.com,9876500539,Female,1991-04-04,Delhi,63533
1542,Amit,Kumar,user541@example.com,9876500541,Male,2000-05-07,Mumbai,71776
1543,Sneha,Reddy,user542@example.com,9876500542,Other,1998-02-18,Delhi,54400
1545,Vijay,Reddy,user544@example.com,9876500544,Male,1991-06-05,Bangalore,82490
1547,Anjali,Joshi,user546@example.com,9876500546,Female,1978-10-14,Mumbai,57119
1549,Rakesh,Singh,user548@example.com,9876500548,Female,1994-11-25,Ahmedabad,89868
1550,Rakesh,Verma,user549@example.com,9876500549,Female,2008-09-15,Mumbai,92825
1554,Arjun,Kumar,user553@example.com,9876500553,Other,2050-01-01,Bangalore,69521
1555,Priya,Mehta,user554@example.com,9876500554,Female,invalid,Hyderabad,66448
1557,Arjun,Patel,user556@example.com,9876500556,Female,1982-02-20,Mumbai,95661
1560,Neha,Reddy,user559@example.com,9876500559,Other,2010-02-10,Pune,44561
1562,Priya,Sharma,user561@example.com,9876500561,Other,1979-10-21,Ahmedabad,21347
1563,Sameer,Gupta,user562@example.com,9876500562,Male,1972-05-21,Ahmedabad,66212
1564,Priya,Patel,user563@example.com,9876500563,Female,2009-12-14,Chennai,93290
1565,Amit,Verma,user564@example.com,9876500564,Other,2005-05-19,Pune,61706
1566,Anjali,Joshi,user565@example.com,9876500565,Female,1998-06-06,Ahmedabad,44847
1568,Sameer,Kumar,user567@example.com,9876500567,Male,2004-12-22,Mumbai,81786
1575,Vijay,Kumar,user574@example.com,9876500574,Female,1996-08-09,Ahmedabad,41149
1580,Arjun,Sharma,user579@example.com,9876500579,Other,1994-08-13,Chennai,107015
1583,Arjun,Joshi,user582@example.com,9876500582,Female,1974-09-09,Mumbai,81146
1584,Priya,Verma,user583@example.com,9876500583,Male,1975-06-26,Bangalore,15181
1585,Rakesh,Gupta,user584@example.com,9876500584,Male,1992-04-26,Bangalore,81587
1587,Anjali,Reddy,user586@example.com,9876500586,Female,1987-02-15,Bangalore,59737
1588,Rakesh,Mehta,user587@example.com,9876500587,Female,1998-09-04,Pune,62540
1589,Priya,Sharma,user588@example.com,9876500588,Female,2011-11-25,Mumbai,76657
1590,Rakesh,Mehta,user589@example.com,9876500589,Other,2007-09-05,Mumbai,19348
1592,Neha,Singh,user591@example.com,9876500591,Male,1975-01-06,Kolkata,73620
1593,Sameer,Sharma,user592@example.com,9876500592,Female,1974-12-27,Hyderabad,108221
1595,Neha,Patel,user594@example.com,9876500594,Male,2013-06-22,Ahmedabad,73867
1596,Vijay,Singh,user595@example.com,9876500595,Other,2015-02-09,Mumbai,55319
1598,Vijay,Sharma,user597@example.com,9876500597,Male,2012-05-22,Delhi,82332
1599,Arjun,Sharma,user598@example.com,9876500598,Male,1980-01-28,Bangalore,50296
1600,Arjun,Gupta,user599@example.com,9876500599,Male,2016-07-04,Ahmedabad,104102
1602,Priya,Patel,user601@example.com,9876500601,Female,1992-06-12,Ahmedabad,80764
1604,Sameer,Mehta,user603@example.com,9876500603,Male,2018-08-14,Bangalore,53909
1605,Amit,Sharma,user604@example.com,9876500604,Other,1994-03-08,Chennai,73792
1606,Vijay,Singh,user605@example.com,9876500605,Male,2002-09-24,Hyderabad,57117
1607,Anjali,Sharma,user606@example.com,9876500606,Other,1984-02-19,Hyderabad,54525
1609,Priya,Kumar,user608@example.com,9876500608,Other,1979-01-20,Ahmedabad,75950
1610,Sneha,Singh,user609@example.com,9876500609,Male,1993-08-25,Chennai,81471
1612,Sneha,Verma,user611@example.com,9876500611,Male,2008-12-05,Delhi,66662
1613,Anjali,Singh,user612@example.com,9876500612,Male,1993-10-31,Ahmedabad,52350
1615,Anjali,Kumar,user614@example.com,9876500614,Female,1973-11-02,Kolkata,92089
1622,Priya,Kumar,user621@example.com,9876500621,Female,1976-01-25,Bangalore,75520
1623,Arjun,Mehta,user622@example.com,9876500622,Female,2013-12-02,Delhi,42261
1628,Sameer,Gupta,user627@example.com,9876500627,Female,1996-01-09,Pune,47667
1629,Priya,Sharma,user628@example.com,9876500628,Female,1979-08-25,Kolkata,87918
1630,Kavya,Joshi,user629@example.com,9876500629,Female,1993-11-03,Kolkata,37600
1639,Amit,Sharma,user638@example.com,9876500638,Other,1985-08-15,Mumbai,74175
1640,Sneha,Mehta,user639@example.com,9876500639,Other,2017-12-28,Hyderabad,92214
1642,Priya,Verma,user641@example.com,9876500641,Female,1976-10-20,Delhi,81393
1645,Arjun,Rao,user644@example.com,9876500644,Other,1995-01-31,Delhi,115456
1647,Anjali,Sharma,user646@example.com,9876500646,Male,1972-02-17,Bangalore,105007
1648,Vijay,Verma,user647@example.com,9876500647,Female,1996-01-30,Delhi,79420
1650,Arjun,Singh,user649@example.com,9876500649,Female,1998-12-20,Hyderabad,65808
1652,Kavya,Gupta,user651@example.com,9876500651,Other,2003-12-19,Kolkata,83226
1653,Vijay,Patel,user652@example.com,9876500652,Other,1978-01-15,Chennai,56293
1656,Rakesh,Reddy,user655@example.com,9876500655,Other,2009-03-27,Ahmedabad,82729
1660,Rakesh,Verma,user659@example.com,9876500659,Other,2016-09-29,Pune,110995
1663,Sameer,Mehta,user662@example.com,9876500662,Other,1985-12-20,Chennai,42699
1665,Amit,Patel,user664@example.com,9876500664,Female,2003-07-13,Kolkata,25463
1666,Rakesh,Rao,user665@example.com,9876500665,Female,1974-06-02,Pune,53641
1667,Rakesh,Sharma,user666@example.com,9876500666,Other,2012-08-23,Pune,111138
1669,Anjali,Reddy,user668@example.com,9876500668,Other,1978-04-22,Mumbai,63779
1670,Anjali,Singh,user669@example.com,9876500669,Male,1985-06-30,Kolkata,89929
1671,Sameer,Verma,user670@example.com,9876500670,Other,2003-07-22,Chennai,62227
1672,Arjun,Gupta,user671@example.com,9876500671,Other,2003-01-28,Hyderabad,24353
1673,Rakesh,Verma,user672@example.com,9876500672,Female,2002-10-16,Bangalore,43595
1674,Vijay,Rao,user673@example.com,9876500673,Female,1999-08-15,Ahmedabad,91362
1677,Neha,Verma,user676@example.com,9876500676,Other,2011-08-10,Delhi,46010
1682,Sneha,Kumar,user681@example.com,9876500681,Female,1990-12-05,Mumbai,53539
1683,Amit,Singh,user682@example.com,9876500682,Other,2050-01-01,Mumbai,56429
1684,Anjali,Reddy,user683@example.com,9876500683,Female,1994-04-12,Bangalore,42344
1686,Kavya,Sharma,user685@example.com,9876500685,Other,1983-12-18,Pune,37256
1689,Sameer,Verma,user688@example.com,9876500688,Other,2012-04-05,Ahmedabad,104818
1692,Priya,Gupta,user691@example.com,9876500691,Male,1985-02-22,Delhi,31193
1693,Rakesh,Singh,user692@example.com,9876500692,Male,1977-07-27,Chennai,94454
1694,Vijay,Verma,user693@example.com,9876500693,Male,1974-11-30,Chennai,67859
1695,Arjun,Patel,user694@example.com,9876500694,Female,1999-05-10,Mumbai,71187
1698,Rakesh,Verma,user697@example.com,9876500697,Other,1983-08-28,Ahmedabad,65158
1700,Sameer,Reddy,user699@example.com,9876500699,Male,1988-01-07,Pune,79539
1702,Priya,Verma,user701@example.com,9876500701,Female,2018-08-14,Mumbai,34566
1703,Kavya,Joshi,user702@example.com,9876500702,Other,1979-09-24,Delhi,48057
1711,Vijay,Sharma,user710@example.com,9876500710,Other,1986-03-13,Kolkata,106055
1712,Priya,Singh,user711@example.com,9876500711,Female,1996-08-26,Bangalore,62482
1713,Arjun,Joshi,user712@example.com,9876500712,Male,2010-04-04,Ahmedabad,109042
1715,Amit,Joshi,user714@example.com,9876500714,Female,1995-12-09,Chennai,71046
1717,Sameer,Mehta,user716@example.com,9876500716,Male,1992-10-04,Hyderabad,87477
1719,Rakesh,Reddy,user718@example.com,9876500718,Female,1970-05-20,Delhi,39285
1720,Neha,Reddy,user719@example.com,9876500719,Other,1990-12-06,Pune,67444
1722,Sneha,Singh,user721@example.com,9876500721,Female,1981-10-11,Kolkata,43639
1730,Priya,Joshi,user729@example.com,9876500729,Other,1978-11-10,Bangalore,45133
1733,Sameer,Reddy,user732@example.com,9876500732,Other,1972-09-10,Delhi,54436
1734,Vijay,Joshi,user733@example.com,9876500733,Other,2009-04-12,Bangalore,104203
1735,Amit,Verma,user734@example.com,9876500734,Female,1990-09-01,Chennai,76095
1738,Sneha,Gupta,user737@example.com,9876500737,Male,2016-11-14,Bangalore,48149
1739,Neha,Kumar,user738@example.com,9876500738,Other,2018-12-05,Chennai,75428
1740,Sneha,Joshi,user739@example.com,9876500739,Female,2015-12-10,Mumbai,66677
1742,Sneha,Patel,user741@example.com,9876500741,Other,1975-06-25,Kolkata,98545
1743,Vijay,Rao,user742@example.com,9876500742,Female,2001-11-13,Chennai,48896
1745,Sameer,Kumar,user744@example.com,9876500744,Female,1992-01-28,Bangalore,82031
1746,Kavya,Verma,user745@example.com,9876500745,Other,1997-07-04,Bangalore,79340
1749,Sameer,Gupta,user748@example.com,9876500748,Female,1987-05-21,Ahmedabad,29129
1750,Rakesh,Joshi,user749@example.com,9876500749,Male,2050-01-01,Hyderabad,70960
1754,Priya,Patel,user753@example.com,9876500753,Female,2016-11-22,Hyderabad,88895
1755,Rakesh,Gupta,user754@example.com,9876500754,Male,1986-11-15,Chennai,70247
1757,Arjun,Mehta,user756@example.com,9876500756,Female,2015-11-18,Bangalore,62902
1758,Rakesh,Mehta,user757@example.com,9876500757,Male,1986-03-03,Kolkata,88794
1759,Vijay,Singh,user758@example.com,9876500758,Male,2003-08-12,Delhi,27641
1760,Anjali,Singh,user759@example.com,9876500759,Other,1985-07-30,Bangalore,65116
1762,Arjun,Gupta,user761@example.com,9876500761,Female,2012-06-17,Delhi,25379
1765,Anjali,Patel,user764@example.com,9876500764,Other,2014-09-21,Hyderabad,57311
1767,Vijay,Patel,user766@example.com,9876500766,Male,2008-12-06,Chennai,85093
1768,Priya,Kumar,user767@example.com,9876500767,Other,2015-01-06,Hyderabad,52636
1770,Arjun,Sharma,user769@example.com,9876500769,Female,1978-01-27,Ahmedabad,41770
1771,Anjali,Verma,user770@example.com,9876500770,Other,1978-08-01,Delhi,71353
1773,Arjun,Gupta,user772@example.com,9876500772,Other,1994-07-23,Pune,65046
1775,Arjun,Kumar,user774@example.com,9876500774,Female,2050-01-01,Ahmedabad,47856
1777,Neha,Patel,user776@example.com,9876500776,Male,1979-02-26,Delhi,73884
1778,Sneha,Reddy,user777@example.com,9876500777,Female,1980-12-28,Bangalore,61037
1779,Priya,Verma,user778@example.com,9876500778,Other,1983-12-26,Hyderabad,44378
1780,Anjali,Reddy,user779@example.com,9876500779,Other,2002-07-02,Delhi,50499
1783,Kavya,Sharma,user782@example.com,9876500782,Male,1986-01-15,Mumbai,78258
1784,Anjali,Gupta,user783@example.com,9876500783,Female,1985-05-22,Pune,64174
1785,Sneha,Kumar,user784@example.com,9876500784,Male,1994-12-13,Hyderabad,51359
1786,Sameer,Gupta,user785@example.com,9876500785,Male,1989-03-06,Ahmedabad,91445
1787,Amit,Sharma,user786@example.com,9876500786,Female,1973-05-27,Bangalore,58532
1788,Sameer,Gupta,user787@example.com,9876500787,Other,2015-01-29,Kolkata,70411
1790,Kavya,Joshi,user789@example.com,9876500789,Male,1983-02-20,Pune,60234
1791,Anjali,Gupta,user790@example.com,9876500790,Male,2050-01-01,Hyderabad,11670
1792,Priya,Singh,user791@example.com,9876500791,Other,1978-08-24,Ahmedabad,52424
1793,Sameer,Verma,user792@example.com,9876500792,Female,1982-12-01,Delhi,34528
1795,Vijay,Mehta,user794@example.com,9876500794,Male,1989-08-14,Bangalore,53084
1797,Rakesh,Reddy,user796@example.com,9876500796,Female,2010-04-29,Ahmedabad,107607
1798,Anjali,Patel,user797@example.com,9876500797,Other,2007-08-29,Delhi,44572
1800,Vijay,Kumar,user799@example.com,9876500799,Other,invalid,Delhi,69387
1802,Amit,Verma,user801@example.com,9876500801,Male,1985-09-19,Pune,87069
1804,Anjali,Gupta,user803@example.com,9876500803,Other,1977-04-19,Delhi,88989
1809,Neha,Rao,user808@example.com,9876500808,Other,1972-10-23,Chennai,62796
1810,Anjali,Gupta,user809@example.com,9876500809,Male,1982-04-01,Hyderabad,80588
1812,Vijay,Singh,user811@example.com,9876500811,Other,2016-06-18,Hyderabad,39823
1814,Neha,Patel,user813@example.com,9876500813,Other,1971-11-16,Delhi,60481
1816,Kavya,Reddy,user815@example.com,9876500815,Other,2011-08-07,Bangalore,96285
1818,Sneha,Mehta,user817@example.com,9876500817,Male,1973-07-20,Delhi,75995
1820,Sameer,Patel,user819@example.com,9876500819,Female,1998-02-17,Kolkata,69361
1822,Vijay,Patel,user821@example.com,9876500821,Other,1991-05-03,Mumbai,102433
1823,Rakesh,Reddy,user822@example.com,9876500822,Other,1988-01-31,Chennai,64319
1824,Priya,Reddy,user823@example.com,9876500823,Female,2011-03-20,Ahmedabad,75622
1825,Neha,Sharma,user824@example.com,9876500824,Other,1985-11-07,Hyderabad,70076
1827,Kavya,Joshi,user826@example.com,9876500826,Male,1985-10-02,Chennai,44156
1830,Rakesh,Mehta,user829@example.com,9876500829,Other,1984-05-14,Delhi,73060
1831,Vijay,Rao,user830@example.com,9876500830,Female,1993-01-01,Mumbai,46796
1832,Arjun,Sharma,user831@example.com,9876500831,Male,2016-07-25,Bangalore,65338
1833,Rakesh,Verma,user832@example.com,9876500832,Male,1997-05-16,Kolkata,30850
1834,Priya,Singh,user833@example.com,9876500833,Male,1984-05-28,Hyderabad,81718
1837,Priya,Verma,user836@example.com,9876500836,Other,1970-01-11,Kolkata,63186
1838,Amit,Patel,user837@example.com,9876500837,Female,2016-12-09,Mumbai,51057
1842,Vijay,Gupta,user841@example.com,9876500841,Male,1987-06-05,Bangalore,53572
1843,Amit,Joshi,user842@example.com,9876500842,Female,2013-03-13,Delhi,30430
1844,Sameer,Joshi,user843@example.com,9876500843,Other,2002-06-27,Mumbai,69503
1846,Sneha,Reddy,user845@example.com,9876500845,Male,2018-12-01,Kolkata,55407
1849,Sneha,Patel,user848@example.com,9876500848,Other,1989-12-12,Hyderabad,103376
1850,Priya,Patel,user849@example.com,9876500849,Other,1980-07-06,Delhi,44658
1852,Neha,Patel,user851@example.com,9876500851,Other,2008-09-15,Delhi,51838
1853,Neha,Verma,user852@example.com,9876500852,Male,1984-05-04,Hyderabad,72135
1854,Priya,Joshi,user853@example.com,9876500853,Male,2004-03-27,Hyderabad,67732
1855,Priya,Patel,user854@example.com,9876500854,Male,2050-01-01,Hyderabad,68660
1858,Priya,Patel,user857@example.com,9876500857,Other,1994-03-21,Hyderabad,40209
1860,Vijay,Singh,user859@example.com,9876500859,Male,1987-12-24,Delhi,86135
1862,Sneha,Rao,user861@example.com,9876500861,Male,1996-09-14,Delhi,49784
1863,Anjali,Patel,user862@example.com,9876500862,Female,2003-03-26,Pune,67919
1864,Sameer,Reddy,user863@example.com,9876500863,Other,1999-10-04,Mumbai,94276
1868,Priya,Rao,user867@example.com,9876500867,Male,1981-08-25,Delhi,76792
1869,Neha,Patel,user868@example.com,9876500868,Male,2014-06-18,Ahmedabad,82344
1870,Sameer,Singh,user869@example.com,9876500869,Female,1993-04-08,Hyderabad,78944
1872,Arjun,Reddy,user871@example.com,9876500871,Other,1975-03-12,Bangalore,48324
1873,Neha,Patel,user872@example.com,9876500872,Male,2005-04-05,Mumbai,45334
1877,Priya,Singh,user876@example.com,9876500876,Male,2050-01-01,Pune,55187
1878,Rakesh,Joshi,user877@example.com,9876500877,Male,2017-09-14,Bangalore,47292
1879,Neha,Mehta,user878@example.com,9876500878,Other,1996-03-27,Ahmedabad,96215
1880,Sameer,Kumar,user879@example.com,9876500879,Male,1980-09-09,Delhi,60558
1889,Kavya,Rao,user888@example.com,9876500888,Other,1981-11-24,Kolkata,77687
1891,Kavya,Reddy,user890@example.com,9876500890,Female,1985-06-05,Ahmedabad,60847
1892,Neha,Sharma,user891@example.com,9876500891,Female,2017-08-03,Chennai,62186
1893,Arjun,Mehta,user892@example.com,9876500892,Female,2015-12-20,Bangalore,86876
1894,Rakesh,Rao,user893@example.com,9876500893,Male,2050-01-01,Bangalore,109359
1896,Arjun,Kumar,user895@example.com,9876500895,Other,1976-08-11,Ahmedabad,93762
1897,Vijay,Mehta,user896@example.com,9876500896,Male,1980-07-23,Delhi,18722
1899,Priya,Patel,user898@example.com,9876500898,Other,2011-07-30,Pune,66279
1900,Amit,Singh,user899@example.com,9876500899,Other,2013-04-04,Ahmedabad,81014
1902,Arjun,Joshi,user901@example.com,9876500901,Female,2004-02-22,Bangalore,79505
1903,Rakesh,Patel,user902@example.com,9876500902,Female,2007-09-16,Pune,23293
1904,Kavya,Mehta,user903@example.com,9876500903,Female,1973-02-15,Delhi,85548
1905,Rakesh,Gupta,user904@example.com,9876500904,Other,1981-04-19,Hyderabad,32032
1906,Sneha,Reddy,user905@example.com,9876500905,Other,2010-09-11,Hyderabad,89497
1907,Vijay,Kumar,user906@example.com,9876500906,Female,2007-03-12,Kolkata,88495
1908,Kavya,Kumar,user907@example.com,9876500907,Other,1981-06-29,Ahmedabad,58324
1909,Sameer,Gupta,user908@example.com,9876500908,Female,1985-12-12,Ahmedabad,73767
1910,Sameer,Mehta,user909@example.com,9876500909,Female,2003-02-14,Mumbai,64936
1911,Arjun,Kumar,user910@example.com,9876500910,Female,2003-03-04,Delhi,35426
1913,Priya,Kumar,user912@example.com,9876500912,Other,1983-06-27,Hyderabad,88745
1914,Sneha,Sharma,user913@example.com,9876500913,Male,2016-07-19,Pune,58550
1915,Vijay,Verma,user914@example.com,9876500914,Female,1976-10-05,Ahmedabad,77773
1918,Rakesh,Reddy,user917@example.com,9876500917,Other,1987-02-18,Mumbai,65203
1919,Rakesh,Verma,user918@example.com,9876500918,Female,1992-03-11,Delhi,64701
1920,Rakesh,Patel,user919@example.com,9876500919,Female,1978-09-01,Ahmedabad,74383
1922,Anjali,Patel,user921@example.com,9876500921,Male,1998-09-14,Chennai,75530
1924,Vijay,Singh,user923@example.com,9876500923,Other,1982-02-17,Pune,50637
1928,Sneha,Joshi,user927@example.com,9876500927,Male,1988-01-24,Chennai,71986
1932,Sameer,Rao,user931@example.com,9876500931,Other,2012-06-24,Pune,50147
1934,Arjun,Patel,user933@example.com,9876500933,Other,2002-04-17,Pune,23228
1935,Amit,Gupta,user934@example.com,9876500934,Male,2050-01-01,Ahmedabad,58664
1936,Arjun,Mehta,user935@example.com,9876500935,Female,1992-04-02,Delhi,62023
1937,Vijay,Joshi,user936@example.com,9876500936,Female,2050-01-01,Delhi,56442
1939,Arjun,Sharma,user938@example.com,9876500938,Female,2015-03-24,Bangalore,54654
1942,Rakesh,Reddy,user941@example.com,9876500941,Other,1986-06-09,Chennai,27793
1943,Sneha,Sharma,user942@example.com,9876500942,Male,1973-06-18,Mumbai,55169
1944,Sneha,Joshi,user943@example.com,9876500943,Female,2015-04-23,Chennai,62558
1945,Sameer,Sharma,user944@example.com,9876500944,Male,2004-07-13,Hyderabad,49347
1947,Sameer,Singh,user946@example.com,9876500946,Male,2012-08-25,Hyderabad,77404
1950,Sameer,Sharma,user949@example.com,9876500949,Male,1988-08-28,Bangalore,38512
1953,Sneha,Singh,user952@example.com,9876500952,Male,1990-10-17,Chennai,85220
1954,Anjali,Rao,user953@example.com,9876500953,Other,2015-12-17,Pune,52346
1955,Neha,Patel,user954@example.com,9876500954,Male,1989-09-17,Chennai,71141
1956,Arjun,Gupta,user955@example.com,9876500955,Female,1987-02-25,Ahmedabad,36700
1958,Amit,Joshi,user957@example.com,9876500957,Female,1982-04-08,Delhi,47062
1959,Neha,Patel,user958@example.com,9876500958,Female,1988-02-15,Pune,78668
1963,Rakesh,Patel,user962@example.com,9876500962,Female,2017-01-07,Ahmedabad,50435
1965,Arjun,Verma,user964@example.com,9876500964,Other,2009-05-24,Bangalore,48726
1966,Neha,Kumar,user965@example.com,9876500965,Male,1988-05-16,Kolkata,43753
1967,Priya,Mehta,user966@example.com,9876500966,Female,1972-03-31,Kolkata,78965
1968,Kavya,Kumar,user967@example.com,9876500967,Other,2003-06-25,Pune,92378
1970,Rakesh,Patel,user969@example.com,9876500969,Other,2000-10-27,Delhi,40422
1971,Anjali,Joshi,user970@example.com,9876500970,Male,2002-05-30,Delhi,48676
1972,Arjun,Kumar,user971@example.com,9876500971,Other,2003-06-17,Ahmedabad,95580
1974,Priya,Gupta,user973@example.com,9876500973,Female,2005-09-12,Kolkata,42449
1975,Neha,Kumar,user974@example.com,9876500974,Female,1996-01-13,Pune,50731
1980,Rakesh,Reddy,user979@example.com,9876500979,Male,1997-02-25,Mumbai,76986
1982,Kavya,Verma,user981@example.com,9876500981,Female,1971-12-08,Delhi,31805
1984,Sameer,Verma,user983@example.com,9876500983,Male,2005-04-20,Kolkata,57305
1992,Priya,Singh,user991@example.com,9876500991,Male,2012-04-18,Bangalore,56202
1998,Sneha,Sharma,user997@example.com,9876500997,Female,2005-01-01,Kolkata,31918
1999,Kavya,Reddy,user998@example.com,9876500998,Female,2000-11-18,Bangalore,41892
2000,Vijay,Joshi,user999@example.com,9876500999,Female,2012-02-22,Hyderabad,57471
2002,Sneha,Reddy,user1001@example.com,9876501001,Other,1976-12-11,Kolkata,49766
2004,Neha,Patel,user1003@example.com,9876501003,Other,2010-07-03,Delhi,54533
2007,Rakesh,Verma,user1006@example.com,9876501006,Other,2016-05-30,Delhi,73616
2008,Sneha,Reddy,user1007@example.com,9876501007,Female,2015-03-10,Ahmedabad,60634
2009,Anjali,Patel,user1008@example.com,9876501008,Female,1988-07-13,Bangalore,63139
2012,Vijay,Reddy,user1011@example.com,9876501011,Male,1971-09-13,Mumbai,54566
2013,Priya,Verma,user1012@example.com,9876501012,Other,1971-03-30,Bangalore,71700
2016,Vijay,Reddy,user1015@example.com,9876501015,Other,2050-01-01,Chennai,87952
2017,Priya,Joshi,user1016@example.com,9876501016,Other,1972-02-02,Bangalore,84840
2018,Amit,Joshi,user1017@example.com,9876501017,Other,2011-04-05,Ahmedabad,43756
2020,Rakesh,Rao,user1019@example.com,9876501019,Female,2011-06-04,Delhi,110152
2023,Neha,Mehta,user1022@example.com,9876501022,Female,1988-06-21,Mumbai,50764
2025,Amit,Patel,user1024@example.com,9876501024,Other,1986-07-29,Kolkata,24940
2028,Priya,Singh,user1027@example.com,9876501027,Male,1991-07-27,Delhi,98704
2029,Amit,Rao,user1028@example.com,9876501028,Male,1976-12-20,Chennai,69863
2030,Sameer,Kumar,user1029@example.com,9876501029,Female,2009-07-22,Chennai,78394
2033,Vijay,Joshi,user1032@example.com,9876501032,Female,1980-01-11,Kolkata,35533
2034,Rakesh,Kumar,user1033@example.com,9876501033,Female,2013-02-01,Pune,40434
2035,Vijay,Verma,user1034@example.com,9876501034,Male,2005-09-29,Hyderabad,40237
2037,Neha,Sharma,user1036@example.com,9876501036,Female,2005-01-15,Bangalore,31722
2038,Vijay,Rao,user1037@example.com,9876501037,Other,1983-03-02,Pune,48774
2039,Rakesh,Singh,user1038@example.com,9876501038,Female,1992-01-14,Mumbai,64216
2040,Anjali,Singh,user1039@example.com,9876501039,Other,2005-11-20,Mumbai,16939
2042,Sameer,Mehta,user1041@example.com,9876501041,Other,2016-05-07,Kolkata,100630
2043,Neha,Joshi,user1042@example.com,9876501042,Other,1979-05-17,Ahmedabad,85659
2044,Vijay,Verma,user1043@example.com,9876501043,Male,1982-04-11,Kolkata,72837
2045,Anjali,Joshi,user1044@example.com,9876501044,Female,2004-04-19,Bangalore,71520
2047,Kavya,Patel,user1046@example.com,9876501046,Female,2017-11-11,Ahmedabad,66722
2048,Amit,Singh,user1047@example.com,9876501047,Other,1999-05-07,Delhi,68639
2049,Kavya,Sharma,user1048@example.com,9876501048,Other,2012-02-03,Chennai,31778
2050,Kavya,Kumar,user1049@example.com,9876501049,Female,1984-11-18,Pune,67323
2053,Priya,Sharma,user1052@example.com,9876501052,Male,1985-10-17,Hyderabad,87961
2054,Sneha,Singh,user1053@example.com,9876501053,Other,2002-07-13,Delhi,94386
2055,Vijay,Kumar,user1054@example.com,9876501054,Other,1995-02-05,Bangalore,54492
2056,Amit,Kumar,user1055@example.com,9876501055,Male,2015-12-29,Hyderabad,42316
2057,Neha,Reddy,user1056@example.com,9876501056,Female,1994-10-04,Bangalore,90116
2058,Priya,Kumar,user1057@example.com,9876501057,Other,2002-10-09,Hyderabad,78305
2059,Rakesh,Sharma,user1058@example.com,9876501058,Female,1989-09-21,Kolkata,53545
2062,Arjun,Patel,user1061@example.com,9876501061,Male,2009-10-29,Kolkata,70416
2063,Priya,Sharma,user1062@example.com,9876501062,Other,2016-11-20,Delhi,93733
2064,Anjali,Kumar,user1063@example.com,9876501063,Male,2008-08-11,Mumbai,47088
2070,Neha,Verma,user1069@example.com,9876501069,Female,2000-12-31,Mumbai,88130
2071,Vijay,Mehta,user1070@example.com,9876501070,Female,2001-12-17,Hyderabad,32642
2073,Neha,Joshi,user1072@example.com,9876501072,Female,2004-08-24,Hyderabad,57951
2075,Priya,Joshi,user1074@example.com,9876501074,Female,1990-07-23,Chennai,36554
2077,Arjun,Rao,user1076@example.com,9876501076,Female,1977-01-14,Kolkata,49532
2078,Amit,Joshi,user1077@example.com,9876501077,Male,1970-09-22,Ahmedabad,39203
2079,Arjun,Rao,user1078@example.com,9876501078,Other,2013-11-16,Mumbai,81209
2080,Amit,Verma,user1079@example.com,9876501079,Male,2006-07-20,Hyderabad,68580
2085,Sneha,Verma,user1084@example.com,9876501084,Male,1971-01-24,Delhi,34773
2089,Sameer,Kumar,user1088@example.com,9876501088,Male,1991-06-20,Pune,35083
2090,Kavya,Singh,user1089@example.com,9876501089,Other,2002-06-11,Delhi,94563
2091,Kavya,Mehta,user1090@example.com,9876501090,Other,1998-07-24,Mumbai,43916
2092,Priya,Gupta,user1091@example.com,9876501091,Female,invalid,Pune,37896
2093,Arjun,Sharma,user1092@example.com,9876501092,Other,2010-12-25,Hyderabad,73431
2100,Amit,Reddy,user1099@example.com,9876501099,Male,1978-07-19,Bangalore,60901
2102,Sameer,Sharma,user1101@example.com,9876501101,Male,1983-08-12,Bangalore,72482
2103,Anjali,Kumar,user1102@example.com,9876501102,Other,2002-03-21,Hyderabad,68310
2104,Anjali,Verma,user1103@example.com,9876501103,Male,1979-03-09,Ahmedabad,76301
2106,Kavya,Patel,user1105@example.com,9876501105,Other,1979-04-21,Mumbai,51019
2107,Arjun,Singh,user1106@example.com,9876501106,Male,1987-03-14,Chennai,84769
2115,Amit,Mehta,user1114@example.com,9876501114,Female,1995-06-23,Chennai,58238
2118,Amit,Mehta,user1117@example.com,9876501117,Female,2004-01-28,Delhi,66291
2120,Priya,Reddy,user1119@example.com,9876501119,Other,1985-11-20,Bangalore,84472
2122,Rakesh,Kumar,user1121@example.com,9876501121,Male,1988-03-19,Ahmedabad,42504
2123,Sameer,Kumar,user1122@example.com,9876501122,Male,2013-12-13,Mumbai,32405
2124,Sameer,Gupta,user1123@example.com,9876501123,Other,1977-03-13,Chennai,60557
2128,Sameer,Rao,user1127@example.com,9876501127,Male,2000-02-20,Ahmedabad,29347
2129,Sneha,Sharma,user1128@example.com,9876501128,Female,1978-05-21,Bangalore,53889
2130,Sneha,Singh,user1129@example.com,9876501129,Other,2015-07-27,Delhi,72253
2131,Neha,Joshi,user1130@example.com,9876501130,Female,1990-09-04,Delhi,66376
2135,Rakesh,Mehta,user1134@example.com,9876501134,Female,1983-04-04,Delhi,45073
2138,Amit,Singh,user1137@example.com,9876501137,Male,1984-03-24,Mumbai,77573
2139,Anjali,Gupta,user1138@example.com,9876501138,Male,2000-05-16,Kolkata,86626
2140,Amit,Rao,user1139@example.com,9876501139,Other,1990-08-30,Delhi,77075
2142,Amit,Joshi,user1141@example.com,9876501141,Male,2011-05-09,Bangalore,76465
2143,Rakesh,Rao,user1142@example.com,9876501142,Female,2010-03-12,Mumbai,22902
2144,Sameer,Patel,user1143@example.com,9876501143,Male,2008-08-10,Hyderabad,48234
2145,Sameer,Sharma,user1144@example.com,9876501144,Male,1997-05-25,Bangalore,69725
2146,Neha,Gupta,user1145@example.com,9876501145,Female,2050-01-01,Pune,69179
2147,Kavya,Kumar,user1146@example.com,9876501146,Male,1997-03-13,Chennai,67628
2148,Kavya,Reddy,user1147@example.com,9876501147,Male,2006-04-23,Chennai,42685
2149,Arjun,Rao,user1148@example.com,9876501148,Other,2006-03-02,Hyderabad,53773
2150,Rakesh,Rao,user1149@example.com,9876501149,Male,1992-07-05,Mumbai,69951
2152,Anjali,Sharma,user1151@example.com,9876501151,Other,1970-08-19,Mumbai,80509
2153,Kavya,Sharma,user1152@example.com,9876501152,Female,1990-08-10,Kolkata,43503
2154,Sameer,Kumar,user1153@example.com,9876501153,Male,1984-06-17,Delhi,74717
2157,Neha,Mehta,user1156@example.com,9876501156,Female,2006-08-24,Kolkata,63884
2158,Rakesh,Gupta,user1157@example.com,9876501157,Male,2004-09-25,Pune,30371
2159,Rakesh,Mehta,user1158@example.com,9876501158,Other,1974-11-14,Pune,67542
2160,Priya,Patel,user1159@example.com,9876501159,Female,1992-01-18,Pune,90154
2163,Rakesh,Gupta,user1162@example.com,9876501162,Other,1977-10-18,Delhi,52049
2165,Neha,Kumar,user1164@example.com,9876501164,Other,1972-08-21,Mumbai,38535
2166,Anjali,Mehta,user1165@example.com,9876501165,Female,1989-10-03,Delhi,108183
2167,Priya,Reddy,user1166@example.com,9876501166,Other,2000-04-05,Mumbai,43795
2168,Sneha,Singh,user1167@example.com,9876501167,Other,2013-10-25,Kolkata,69142
2172,Amit,Joshi,user1171@example.com,9876501171,Female,1981-10-23,Delhi,58476
2173,Arjun,Singh,user1172@example.com,9876501172,Male,2050-01-01,Delhi,51404
2175,Sameer,Kumar,user1174@example.com,9876501174,Other,2008-04-13,Ahmedabad,63620
2178,Sneha,Joshi,user1177@example.com,9876501177,Other,1993-03-24,Delhi,81219
2179,Kavya,Sharma,user1178@example.com,9876501178,Male,1990-01-22,Delhi,76232
2180,Vijay,Sharma,user1179@example.com,9876501179,Other,1993-10-09,Kolkata,67644
2183,Priya,Mehta,user1182@example.com,9876501182,Female,1986-05-23,Chennai,68106
2184,Priya,Rao,user1183@example.com,9876501183,Female,1980-09-12,Mumbai,86889
2185,Neha,Joshi,user1184@example.com,9876501184,Female,1989-05-22,Pune,49659
2187,Anjali,Patel,user1186@example.com,9876501186,Female,2050-01-01,Bangalore,91109
2190,Rakesh,Sharma,user1189@example.com,9876501189,Female,1981-09-03,Pune,116029
2191,Priya,Singh,user1190@example.com,9876501190,Male,1991-04-10,Ahmedabad,73349
2194,Anjali,Verma,user1193@example.com,9876501193,Other,1975-03-20,Ahmedabad,70163
2195,Neha,Reddy,user1194@example.com,9876501194,Female,1984-06-05,Bangalore,73516
2196,Vijay,Joshi,user1195@example.com,9876501195,Male,invalid,Mumbai,47009
2202,Priya,Kumar,user1201@example.com,9876501201,Other,1977-11-19,Pune,70117
2204,Amit,Joshi,user1203@example.com,9876501203,Female,1999-10-01,Ahmedabad,67801
2205,Rakesh,Rao,user1204@example.com,9876501204,Female,2014-07-04,Bangalore,74758
2206,Anjali,Reddy,user1205@example.com,9876501205,Male,1977-10-03,Delhi,57100
2207,Priya,Kumar,user1206@example.com,9876501206,Male,1978-07-07,Hyderabad,72470
2210,Priya,Reddy,user1209@example.com,9876501209,Other,1977-12-31,Pune,45800
2217,Arjun,Gupta,user1216@example.com,9876501216,Other,2013-01-30,Ahmedabad,88384
2218,Anjali,Mehta,user1217@example.com,9876501217,Female,2003-11-10,Kolkata,61677
2219,Rakesh,Verma,user1218@example.com,9876501218,Other,2008-10-03,Mumbai,66196
2220,Anjali,Gupta,user1219@example.com,9876501219,Female,2004-03-07,Delhi,65477
2222,Priya,Kumar,user1221@example.com,9876501221,Other,2004-04-05,Mumbai,80709
2223,Arjun,Kumar,user1222@example.com,9876501222,Other,1977-03-27,Hyderabad,73977
2224,Sameer,Singh,user1223@example.com,9876501223,Other,1990-09-30,Delhi,65375
2225,Rakesh,Mehta,user1224@example.com,9876501224,Female,2007-12-02,Chennai,19622
2227,Sameer,Mehta,user1226@example.com,9876501226,Male,1984-12-11,Hyderabad,72564
2228,Anjali,Kumar,user1227@example.com,9876501227,Female,1988-04-16,Ahmedabad,63111
2229,Rakesh,Joshi,user1228@example.com,9876501228,Female,2004-03-30,Mumbai,84305
2232,Arjun,Joshi,user1231@example.com,9876501231,Female,2015-05-30,Kolkata,34758
2233,Amit,Kumar,user1232@example.com,9876501232,Other,1986-05-22,Ahmedabad,39693
2234,Sneha,Singh,user1233@example.com,9876501233,Other,1978-08-27,Mumbai,51045
2236,Priya,Gupta,user1235@example.com,9876501235,Other,1991-07-22,Chennai,81830
2237,Kavya,Gupta,user1236@example.com,9876501236,Female,1991-06-19,Mumbai,71588
2238,Amit,Sharma,user1237@example.com,9876501237,Other,2012-11-08,Mumbai,61684
2239,Sneha,Reddy,user1238@example.com,9876501238,Male,1988-10-12,Kolkata,77579
2240,Priya,Patel,user1239@example.com,9876501239,Male,1972-01-23,Kolkata,49492
2242,Rakesh,Verma,user1241@example.com,9876501241,Female,2015-03-04,Kolkata,69554
2244,Arjun,Patel,user1243@example.com,9876501243,Male,1980-11-24,Ahmedabad,81924
2245,Anjali,Mehta,user1244@example.com,9876501244,Female,1987-04-27,Bangalore,64048
2247,Neha,Joshi,user1246@example.com,9876501246,Female,1971-03-02,Ahmedabad,51817
2249,Sameer,Verma,user1248@example.com,9876501248,Female,2019-03-04,Delhi,53702
2250,Neha,Verma,user1249@example.com,9876501249,Other,1997-07-15,Mumbai,51711
2253,Vijay,Joshi,user1252@example.com,9876501252,Female,2050-01-01,Bangalore,74160
2255,Kavya,Verma,user1254@example.com,9876501254,Female,1973-11-09,Delhi,73030
2256,Rakesh,Rao,user1255@example.com,9876501255,Male,1985-12-09,Kolkata,72257
2257,Vijay,Mehta,user1256@example.com,9876501256,Male,1998-05-16,Mumbai,60326
2258,Vijay,Gupta,user1257@example.com,9876501257,Other,1988-09-27,Bangalore,33972
2259,Sneha,Rao,user1258@example.com,9876501258,Male,1987-07-06,Delhi,67945
2262,Vijay,Mehta,user1261@example.com,9876501261,Female,2015-06-10,Mumbai,71097
2265,Vijay,Gupta,user1264@example.com,9876501264,Female,2012-01-07,Chennai,59777
2267,Sameer,Singh,user1266@example.com,9876501266,Male,1985-10-29,Hyderabad,90769
2268,Sameer,Mehta,user1267@example.com,9876501267,Female,2000-10-30,Kolkata,53927
2270,Rakesh,Sharma,user1269@example.com,9876501269,Other,2003-12-27,Ahmedabad,49637
2271,Sameer,Mehta,user1270@example.com,9876501270,Other,invalid,Bangalore,37850
2274,Sameer,Mehta,user1273@example.com,9876501273,Other,2003-09-04,Kolkata,69209
2277,Arjun,Kumar,user1276@example.com,9876501276,Female,1986-03-24,Ahmedabad,77020
2282,Sneha,Patel,user1281@example.com,9876501281,Other,2000-11-10,Bangalore,87446
2283,Sameer,Patel,user1282@example.com,9876501282,Other,1991-01-06,Chennai,79075
2285,Rakesh,Singh,user1284@example.com,9876501284,Other,1977-02-07,Chennai,49527
2286,Arjun,Joshi,user1285@example.com,9876501285,Female,1980-01-05,Bangalore,47443
2288,Rakesh,Patel,user1287@example.com,9876501287,Other,1978-08-22,Ahmedabad,62534
2290,Priya,Gupta,user1289@example.com,9876501289,Other,1998-09-28,Mumbai,58780
2293,Kavya,Sharma,user1292@example.com,9876501292,Other,1986-04-09,Hyderabad,51379
2294,Vijay,Kumar,user1293@example.com,9876501293,Other,1976-11-13,Pune,38895
2295,Anjali,Singh,user1294@example.com,9876501294,Female,2004-04-03,Mumbai,46941
2298,Anjali,Joshi,user1297@example.com,9876501297,Female,1975-08-08,Chennai,101274
2299,Amit,Reddy,user1298@example.com,9876501298,Female,1993-02-08,Delhi,77591
2300,Arjun,Reddy,user1299@example.com,9876501299,Male,1996-03-21,Pune,48670
2303,Rakesh,Gupta,user1302@example.com,9876501302,Female,2013-03-01,Ahmedabad,56204
2304,Priya,Joshi,user1303@example.com,9876501303,Female,2010-07-03,Ahmedabad,103970
2307,Rakesh,Kumar,user1306@example.com,9876501306,Male,1970-02-14,Pune,77185
2309,Vijay,Kumar,user1308@example.com,9876501308,Male,2012-03-22,Ahmedabad,66956
2310,Sameer,Reddy,user1309@example.com,9876501309,Other,1991-04-16,Delhi,75894
2312,Kavya,Sharma,user1311@example.com,9876501311,Female,2006-08-12,Ahmedabad,49278
2314,Kavya,Kumar,user1313@example.com,9876501313,Male,2000-05-02,Ahmedabad,37944
2317,Sameer,Gupta,user1316@example.com,9876501316,Female,1973-05-10,Hyderabad,76393
2319,Anjali,Kumar,user1318@example.com,9876501318,Female,2013-06-13,Hyderabad,61674
2320,Amit,Reddy,user1319@example.com,9876501319,Other,1985-08-08,Bangalore,70499
2322,Sneha,Joshi,user1321@example.com,9876501321,Male,1983-04-11,Chennai,77796
2328,Anjali,Rao,user1327@example.com,9876501327,Female,1999-11-29,Pune,106942
2329,Amit,Kumar,user1328@example.com,9876501328,Male,1982-09-17,Pune,52387
2330,Amit,Sharma,user1329@example.com,9876501329,Female,1984-03-24,Bangalore,86842
2332,Sneha,Mehta,user1331@example.com,9876501331,Other,2003-01-03,Hyderabad,57892
2333,Arjun,Verma,user1332@example.com,9876501332,Male,1986-12-21,Hyderabad,68883
2334,Neha,Rao,user1333@example.com,9876501333,Other,1992-02-07,Chennai,70092
2335,Priya,Kumar,user1334@example.com,9876501334,Male,2013-09-17,Hyderabad,29843
2338,Arjun,Patel,user1337@example.com,9876501337,Female,1997-03-07,Delhi,58418
2342,Sameer,Sharma,user1341@example.com,9876501341,Other,invalid,Bangalore,76010
2343,Anjali,Singh,user1342@example.com,9876501342,Male,2014-12-28,Pune,43947
2345,Amit,Rao,user1344@example.com,9876501344,Female,2001-07-23,Bangalore,42856
2347,Sameer,Gupta,user1346@example.com,9876501346,Male,1992-05-15,Chennai,70545
2348,Amit,Rao,user1347@example.com,9876501347,Female,1971-09-26,Delhi,57658
2354,Vijay,Singh,user1353@example.com,9876501353,Female,1982-01-10,Ahmedabad,53530
2355,Anjali,Rao,user1354@example.com,9876501354,Female,1984-09-23,Pune,78002
2357,Amit,Mehta,user1356@example.com,9876501356,Male,1996-12-08,Pune,85588
2359,Rakesh,Singh,user1358@example.com,9876501358,Other,1988-04-15,Delhi,70520
2362,Sameer,Patel,user1361@example.com,9876501361,Female,1990-02-13,Pune,37741
2363,Sneha,Mehta,user1362@example.com,9876501362,Other,1986-02-10,Hyderabad,44000
2364,Kavya,Reddy,user1363@example.com,9876501363,Other,2003-09-17,Pune,83170
2367,Rakesh,Kumar,user1366@example.com,9876501366,Male,1981-11-01,Kolkata,58223
2368,Vijay,Verma,user1367@example.com,9876501367,Female,1984-12-20,Pune,59935
2370,Rakesh,Verma,user1369@example.com,9876501369,Other,1985-01-24,Ahmedabad,30096
2373,Vijay,Verma,user1372@example.com,9876501372,Other,2018-02-25,Pune,83906
2375,Neha,Reddy,user1374@example.com,9876501374,Male,1994-06-07,Delhi,55853
2377,Rakesh,Sharma,user1376@example.com,9876501376,Male,2006-10-08,Ahmedabad,63279
2379,Priya,Gupta,user1378@example.com,9876501378,Female,1999-07-20,Pune,20598
2380,Amit,Joshi,user1379@example.com,9876501379,Male,1986-03-03,Delhi,55704
2382,Sneha,Singh,user1381@example.com,9876501381,Male,1976-02-13,Bangalore,30686
2384,Vijay,Joshi,user1383@example.com,9876501383,Male,1990-11-23,Kolkata,73196
2385,Amit,Rao,user1384@example.com,9876501384,Female,2018-10-27,Delhi,42890
2387,Neha,Kumar,user1386@example.com,9876501386,Male,2015-02-19,Delhi,78735
2389,Neha,Singh,user1388@example.com,9876501388,Male,2007-08-13,Hyderabad,52520
2390,Priya,Reddy,user1389@example.com,9876501389,Female,1999-09-16,Hyderabad,104483
2393,Anjali,Rao,user1392@example.com,9876501392,Male,1989-06-24,Hyderabad,91467
2394,Kavya,Sharma,user1393@example.com,9876501393,Male,2003-12-25,Kolkata,63542
2397,Vijay,Kumar,user1396@example.com,9876501396,Other,1987-10-11,Pune,51045
2398,Arjun,Verma,user1397@example.com,9876501397,Male,1981-11-23,Ahmedabad,72617
2400,Sameer,Singh,user1399@example.com,9876501399,Other,2007-03-10,Bangalore,73142
2405,Priya,Sharma,user1404@example.com,9876501404,Female,2004-04-26,Chennai,56776
2406,Amit,Patel,user1405@example.com,9876501405,Other,2004-12-16,Delhi,25805
2408,Vijay,Singh,user1407@example.com,9876501407,Male,1996-05-24,Hyderabad,71724
2409,Sameer,Rao,user1408@example.com,9876501408,Male,1984-01-12,Pune,58199
2410,Neha,Mehta,user1409@example.com,9876501409,Other,1993-09-07,Mumbai,22181
2418,Sneha,Joshi,user1417@example.com,9876501417,Other,2003-02-25,Kolkata,104111
2422,Sneha,Verma,user1421@example.com,9876501421,Male,2006-08-19,Hyderabad,38215
2423,Vijay,Singh,user1422@example.com,9876501422,Male,2004-08-19,Kolkata,79874
2424,Vijay,Joshi,user1423@example.com,9876501423,Female,1995-12-11,Bangalore,73871
2430,Sameer,Rao,user1429@example.com,9876501429,Male,2008-02-25,Delhi,46855
2432,Sameer,Reddy,user1431@example.com,9876501431,Male,2009-01-04,Ahmedabad,43456
2436,Vijay,Reddy,user1435@example.com,9876501435,Male,1995-07-31,Kolkata,64551
2437,Sneha,Rao,user1436@example.com,9876501436,Other,2018-07-06,Ahmedabad,84899
2439,Rakesh,Sharma,user1438@example.com,9876501438,Other,1994-06-21,Pune,41613
2442,Priya,Sharma,user1441@example.com,9876501441,Male,1986-03-26,Chennai,59598
2443,Sneha,Gupta,user1442@example.com,9876501442,Female,2016-10-07,Bangalore,56557
2444,Rakesh,Verma,user1443@example.com,9876501443,Female,2000-09-26,Bangalore,64769
2445,Anjali,Rao,user1444@example.com,9876501444,Male,2016-02-27,Kolkata,59592
2446,Kavya,Rao,user1445@example.com,9876501445,Female,2003-04-26,Delhi,75336
2447,Priya,Singh,user1446@example.com,9876501446,Male,2008-11-06,Delhi,79798
2449,Rakesh,Reddy,user1448@example.com,9876501448,Other,1993-10-29,Mumbai,104993
2450,Arjun,Rao,user1449@example.com,9876501449,Female,1998-08-14,Chennai,53593
2452,Sneha,Joshi,user1451@example.com,9876501451,Female,2018-08-07,Mumbai,32553
2454,Anjali,Joshi,user1453@example.com,9876501453,Male,1976-04-26,Kolkata,60928
2455,Sameer,Reddy,user1454@example.com,9876501454,Male,2015-09-13,Bangalore,64007
2458,Kavya,Mehta,user1457@example.com,9876501457,Other,1970-10-31,Mumbai,87160
2462,Sneha,Kumar,user1461@example.com,9876501461,Other,1994-10-08,Kolkata,44977
2464,Sneha,Patel,user1463@example.com,9876501463,Female,2012-08-27,Kolkata,47239
2465,Arjun,Sharma,user1464@example.com,9876501464,Female,1984-08-25,Pune,87862
2467,Vijay,Patel,user1466@example.com,9876501466,Female,2008-05-26,Hyderabad,47407
2468,Rakesh,Reddy,user1467@example.com,9876501467,Other,1995-02-03,Kolkata,51845
2469,Anjali,Mehta,user1468@example.com,9876501468,Other,1981-04-26,Bangalore,55020
2470,Neha,Sharma,user1469@example.com,9876501469,Female,1995-08-28,Chennai,84058
2472,Amit,Verma,user1471@example.com,9876501471,Male,1970-04-15,Delhi,56961
2473,Rakesh,Joshi,user1472@example.com,9876501472,Other,2009-01-25,Pune,47550
2477,Amit,Mehta,user1476@example.com,9876501476,Female,2014-10-17,Chennai,72190
2478,Anjali,Verma,user1477@example.com,9876501477,Other,2016-09-29,Mumbai,56754
2479,Anjali,Joshi,user1478@example.com,9876501478,Other,2008-12-01,Kolkata,39296
2483,Neha,Patel,user1482@example.com,9876501482,Male,2010-03-30,Ahmedabad,57264
2485,Amit,Patel,user1484@example.com,9876501484,Female,2010-12-04,Bangalore,83219
2488,Vijay,Gupta,user1487@example.com,9876501487,Other,1989-10-29,Delhi,71453
2489,Arjun,Kumar,user1488@example.com,9876501488,Other,1992-04-10,Hyderabad,91119
2493,Sameer,Rao,user1492@example.com,9876501492,Male,1995-07-29,Chennai,72530
2495,Sameer,Sharma,user1494@example.com,9876501494,Male,2016-12-29,Mumbai,81956
2497,Anjali,Verma,user1496@example.com,9876501496,Male,1975-11-24,Mumbai,21013
2498,Vijay,Gupta,user1497@example.com,9876501497,Female,1987-03-29,Bangalore,48333
2503,Neha,Joshi,user1502@example.com,9876501502,Other,1989-04-07,Chennai,80193
2506,Neha,Kumar,user1505@example.com,9876501505,Other,1981-01-05,Pune,68300
2508,Priya,Joshi,user1507@example.com,9876501507,Other,1997-11-03,Bangalore,42174
2509,Arjun,Patel,user1508@example.com,9876501508,Male,2011-05-09,Bangalore,32166
2511,Priya,Reddy,user1510@example.com,9876501510,Other,2006-02-28,Kolkata,75941
2513,Priya,Joshi,user1512@example.com,9876501512,Other,1979-09-27,Chennai,59885
2514,Anjali,Sharma,user1513@example.com,9876501513,Female,1989-12-31,Ahmedabad,112401
2515,Sneha,Patel,user1514@example.com,9876501514,Other,1971-01-01,Pune,71261
2517,Kavya,Verma,user1516@example.com,9876501516,Other,2013-06-10,Hyderabad,58640
2519,Sameer,Patel,user1518@example.com,9876501518,Male,1992-11-13,Pune,46153
2520,Neha,Kumar,user1519@example.com,9876501519,Female,2011-05-02,Bangalore,57257
2523,Priya,Kumar,user1522@example.com,9876501522,Female,2002-12-25,Pune,86687
2524,Sameer,Verma,user1523@example.com,9876501523,Other,1987-08-06,Hyderabad,63002
2525,Anjali,Reddy,user1524@example.com,9876501524,Female,1974-10-28,Pune,44478
2527,Anjali,Mehta,user1526@example.com,9876501526,Female,1992-08-26,Hyderabad,48103
2528,Kavya,Patel,user1527@example.com,9876501527,Female,2018-03-30,Pune,57059
2529,Kavya,Patel,user1528@example.com,9876501528,Other,2010-09-03,Kolkata,105631
2530,Neha,Kumar,user1529@example.com,9876501529,Other,invalid,Delhi,77090
2532,Sameer,Patel,user1531@example.com,9876501531,Other,1995-08-23,Ahmedabad,79642
2533,Vijay,Patel,user1532@example.com,9876501532,Female,1986-06-11,Pune,46244
2534,Amit,Kumar,user1533@example.com,9876501533,Male,2007-11-27,Ahmedabad,29918
2535,Amit,Sharma,user1534@example.com,9876501534,Other,1971-10-08,Pune,86849
2538,Neha,Patel,user1537@example.com,9876501537,Female,2002-08-26,Chennai,31691
2539,Priya,Joshi,user1538@example.com,9876501538,Other,2017-12-24,Mumbai,58693
2540,Sameer,Mehta,user1539@example.com,9876501539,Other,2010-10-29,Bangalore,68844
2542,Sneha,Joshi,user1541@example.com,9876501541,Other,2006-01-15,Ahmedabad,65845
2543,Rakesh,Kumar,user1542@example.com,9876501542,Female,1971-01-23,Delhi,96006
2544,Rakesh,Patel,user1543@example.com,9876501543,Male,1997-09-07,Kolkata,69532
2545,Neha,Kumar,user1544@example.com,9876501544,Female,2004-09-22,Delhi,76686
2547,Sameer,Gupta,user1546@example.com,9876501546,Female,2011-08-23,Delhi,43978
2550,Sameer,Patel,user1549@example.com,9876501549,Other,1997-07-13,Mumbai,63054
2552,Anjali,Singh,user1551@example.com,9876501551,Male,1986-01-13,Kolkata,54888
2553,Priya,Patel,user1552@example.com,9876501552,Female,2010-02-10,Delhi,39570
2554,Kavya,Reddy,user1553@example.com,9876501553,Male,2013-08-10,Pune,92347
2555,Sameer,Sharma,user1554@example.com,9876501554,Other,2004-10-24,Mumbai,60838
2556,Arjun,Sharma,user1555@example.com,9876501555,Other,2014-12-14,Hyderabad,54369
2558,Sneha,Joshi,user1557@example.com,9876501557,Male,2011-10-13,Delhi,54408
2559,Kavya,Verma,user1558@example.com,9876501558,Other,2002-05-24,Chennai,71257
2562,Arjun,Patel,user1561@example.com,9876501561,Female,1979-04-04,Pune,63948
2564,Sneha,Verma,user1563@example.com,9876501563,Female,2010-04-26,Delhi,103209
2566,Neha,Verma,user1565@example.com,9876501565,Female,1982-11-01,Bangalore,63234
2567,Amit,Verma,user1566@example.com,9876501566,Male,2006-11-22,Pune,81061
2568,Sameer,Gupta,user1567@example.com,9876501567,Female,2006-02-22,Kolkata,80424
2569,Rakesh,Sharma,user1568@example.com,9876501568,Female,1974-05-06,Hyderabad,55595
2572,Sameer,Reddy,user1571@example.com,9876501571,Female,1984-11-05,Kolkata,62619
2573,Neha,Joshi,user1572@example.com,9876501572,Male,1972-08-10,Hyderabad,54900
2577,Neha,Sharma,user1576@example.com,9876501576,Other,1978-02-26,Mumbai,78096
2583,Priya,Sharma,user1582@example.com,9876501582,Female,2010-03-23,Pune,30338
2584,Rakesh,Mehta,user1583@example.com,9876501583,Male,2050-01-01,Bangalore,27568
2586,Kavya,Verma,user1585@example.com,9876501585,Male,2001-01-04,Bangalore,70292
2588,Sneha,Reddy,user1587@example.com,9876501587,Other,1984-03-10,Ahmedabad,67207
2589,Arjun,Rao,user1588@example.com,9876501588,Other,1972-03-16,Kolkata,79048
2590,Sneha,Reddy,user1589@example.com,9876501589,Female,1978-06-28,Mumbai,54441
2593,Kavya,Singh,user1592@example.com,9876501592,Female,1994-01-26,Ahmedabad,95201
2594,Priya,Singh,user1593@example.com,9876501593,Other,1977-02-28,Chennai,101535
2598,Vijay,Joshi,user1597@example.com,9876501597,Male,1999-05-27,Pune,78712
2599,Sneha,Joshi,user1598@example.com,9876501598,Female,invalid,Ahmedabad,67932
2602,Sneha,Joshi,user1601@example.com,9876501601,Female,2001-05-12,Bangalore,89378
2603,Vijay,Kumar,user1602@example.com,9876501602,Other,2002-10-14,Pune,86435
2604,Arjun,Joshi,user1603@example.com,9876501603,Female,1994-04-11,Kolkata,74045
2608,Neha,Reddy,user1607@example.com,9876501607,Other,1981-12-21,Delhi,51627
2609,Arjun,Gupta,user1608@example.com,9876501608,Male,1980-07-09,Ahmedabad,94027
2610,Anjali,Joshi,user1609@example.com,9876501609,Male,1991-11-24,Mumbai,68679
2611,Sneha,Joshi,user1610@example.com,9876501610,Other,2001-12-28,Ahmedabad,61819
2612,Kavya,Sharma,user1611@example.com,9876501611,Other,1994-02-28,Pune,44641
2615,Arjun,Rao,user1614@example.com,9876501614,Other,1997-07-29,Delhi,79903
2616,Arjun,Rao,user1615@example.com,9876501615,Female,1987-04-11,Bangalore,76959
2617,Vijay,Mehta,user1616@example.com,9876501616,Female,1993-10-25,Delhi,70002
2618,Arjun,Verma,user1617@example.com,9876501617,Female,2017-06-09,Bangalore,80822
2619,Neha,Kumar,user1618@example.com,9876501618,Male,1996-10-12,Kolkata,48889
2622,Amit,Kumar,user1621@example.com,9876501621,Female,2010-07-02,Pune,63874
2623,Kavya,Kumar,user1622@example.com,9876501622,Other,1975-06-15,Ahmedabad,81656
2624,Priya,Patel,user1623@example.com,9876501623,Female,2006-01-08,Delhi,73521
2625,Amit,Joshi,user1624@example.com,9876501624,Other,1997-03-06,Chennai,63529
2628,Kavya,Mehta,user1627@example.com,9876501627,Other,1984-05-21,Mumbai,59197
2629,Kavya,Verma,user1628@example.com,9876501628,Male,1977-09-12,Bangalore,79735
2630,Anjali,Sharma,user1629@example.com,9876501629,Female,2004-06-02,Kolkata,71181
2631,Amit,Sharma,user1630@example.com,9876501630,Female,2017-02-20,Mumbai,31506
2632,Arjun,Verma,user1631@example.com,9876501631,Female,2012-04-27,Delhi,38718
2633,Sneha,Reddy,user1632@example.com,9876501632,Other,1989-10-15,Mumbai,64207
2635,Priya,Kumar,user1634@example.com,9876501634,Other,2008-11-24,Pune,45998
2637,Priya,Singh,user1636@example.com,9876501636,Female,2004-09-11,Hyderabad,35091
2638,Vijay,Joshi,user1637@example.com,9876501637,Other,1994-09-07,Mumbai,61027
2639,Amit,Verma,user1638@example.com,9876501638,Female,1976-11-23,Ahmedabad,47519
2640,Vijay,Kumar,user1639@example.com,9876501639,Male,1997-06-03,Bangalore,94655
2644,Kavya,Joshi,user1643@example.com,9876501643,Female,2018-08-24,Hyderabad,90395
2645,Neha,Sharma,user1644@example.com,9876501644,Other,2018-06-04,Delhi,82974
2646,Amit,Verma,user1645@example.com,9876501645,Female,1989-06-28,Delhi,80820
2648,Neha,Mehta,user1647@example.com,9876501647,Other,2012-06-10,Hyderabad,88526
2649,Priya,Sharma,user1648@example.com,9876501648,Male,1994-04-13,Bangalore,72185
2652,Anjali,Kumar,user1651@example.com,9876501651,Other,1998-11-15,Delhi,70157
2654,Vijay,Verma,user1653@example.com,9876501653,Male,1984-10-26,Bangalore,57901
2655,Anjali,Rao,user1654@example.com,9876501654,Female,1978-11-09,Hyderabad,45446
2656,Kavya,Patel,user1655@example.com,9876501655,Female,2016-01-02,Ahmedabad,75203
2657,Priya,Kumar,user1656@example.com,9876501656,Other,1974-05-13,Kolkata,61768
2660,Sameer,Patel,user1659@example.com,9876501659,Male,1996-03-22,Pune,65856
2662,Sameer,Rao,user1661@example.com,9876501661,Male,1999-12-18,Kolkata,64402
2663,Amit,Kumar,user1662@example.com,9876501662,Male,1970-09-02,Delhi,77336
2664,Neha,Sharma,user1663@example.com,9876501663,Male,1982-07-09,Kolkata,59538
2668,Amit,Verma,user1667@example.com,9876501667,Other,2000-11-24,Bangalore,89232
2670,Kavya,Kumar,user1669@example.com,9876501669,Other,1986-01-26,Bangalore,64127
2671,Priya,Rao,user1670@example.com,9876501670,Female,1986-05-08,Delhi,36797
2672,Kavya,Kumar,user1671@example.com,9876501671,Female,2016-04-03,Pune,78680
2673,Sameer,Joshi,user1672@example.com,9876501672,Female,2008-03-19,Kolkata,75556
2674,Priya,Sharma,user1673@example.com,9876501673,Female,1986-05-05,Mumbai,69340
2675,Rakesh,Gupta,user1674@example.com,9876501674,Female,1990-12-09,Bangalore,80464
2682,Priya,Gupta,user1681@example.com,9876501681,Male,2014-04-01,Chennai,82214
2684,Amit,Kumar,user1683@example.com,9876501683,Male,invalid,Ahmedabad,55203
2685,Arjun,Patel,user1684@example.com,9876501684,Female,1972-09-11,Chennai,48509
2687,Anjali,Sharma,user1686@example.com,9876501686,Male,1989-09-05,Kolkata,103301
2689,Neha,Mehta,user1688@example.com,9876501688,Female,1985-08-23,Bangalore,59530
2692,Neha,Reddy,user1691@example.com,9876501691,Female,2000-06-30,Delhi,57055
2694,Kavya,Kumar,user1693@example.com,9876501693,Other,1987-11-21,Mumbai,43673
2695,Arjun,Sharma,user1694@example.com,9876501694,Other,2014-04-23,Chennai,59757
2697,Vijay,Mehta,user1696@example.com,9876501696,Other,1971-01-12,Pune,39901
2698,Neha,Reddy,user1697@example.com,9876501697,Male,1989-02-22,Bangalore,57688
2702,Neha,Kumar,user1701@example.com,9876501701,Female,1980-01-31,Mumbai,71600
2704,Kavya,Sharma,user1703@example.com,9876501703,Male,2017-09-26,Chennai,90629
2705,Neha,Sharma,user1704@example.com,9876501704,Male,2050-01-01,Ahmedabad,75880
2706,Priya,Patel,user1705@example.com,9876501705,Female,2007-11-03,Kolkata,51576
2708,Anjali,Rao,user1707@example.com,9876501707,Other,2008-08-27,Mumbai,72845
2709,Sameer,Verma,user1708@example.com,9876501708,Other,1980-11-18,Bangalore,54499
2713,Sameer,Reddy,user1712@example.com,9876501712,Other,1979-05-18,Pune,78597
2714,Kavya,Sharma,user1713@example.com,9876501713,Other,2010-05-04,Chennai,65816
2715,Sneha,Sharma,user1714@example.com,9876501714,Other,2009-10-21,Kolkata,77917
2717,Arjun,Patel,user1716@example.com,9876501716,Female,2018-01-24,Ahmedabad,90641
2718,Sameer,Rao,user1717@example.com,9876501717,Male,2004-03-31,Hyderabad,57986
2719,Anjali,Joshi,user1718@example.com,9876501718,Male,1980-04-27,Hyderabad,73463
2720,Sneha,Mehta,user1719@example.com,9876501719,Other,invalid,Mumbai,67352
2722,Amit,Gupta,user1721@example.com,9876501721,Female,1979-04-10,Mumbai,33648
2728,Priya,Singh,user1727@example.com,9876501727,Male,1972-10-19,Delhi,69192
2729,Vijay,Joshi,user1728@example.com,9876501728,Other,1971-05-19,Bangalore,82372
2730,Priya,Singh,user1729@example.com,9876501729,Female,1992-08-30,Delhi,85439
2731,Sneha,Sharma,user1730@example.com,9876501730,Male,2001-07-11,Chennai,61139
2732,Amit,Patel,user1731@example.com,9876501731,Male,2007-03-04,Chennai,84810
2734,Neha,Rao,user1733@example.com,9876501733,Other,2002-07-16,Delhi,50756
2736,Amit,Verma,user1735@example.com,9876501735,Male,1973-06-22,Hyderabad,46650
2737,Priya,Verma,user1736@example.com,9876501736,Female,1973-03-22,Kolkata,62336
2740,Vijay,Gupta,user1739@example.com,9876501739,Male,1979-11-23,Mumbai,71591
2743,Rakesh,Singh,user1742@example.com,9876501742,Male,1988-01-17,Hyderabad,27630
2744,Rakesh,Gupta,user1743@example.com,9876501743,Other,1988-07-13,Delhi,50734
2745,Arjun,Kumar,user1744@example.com,9876501744,Male,1970-11-18,Ahmedabad,87559
2746,Sneha,Mehta,user1745@example.com,9876501745,Female,1990-11-18,Mumbai,75591
2748,Neha,Sharma,user1747@example.com,9876501747,Female,2017-02-20,Ahmedabad,94034
2752,Priya,Patel,user1751@example.com,9876501751,Male,1977-03-04,Kolkata,77675
2754,Anjali,Mehta,user1753@example.com,9876501753,Female,1978-08-31,Bangalore,61925
2757,Rakesh,Kumar,user1756@example.com,9876501756,Male,1989-08-15,Kolkata,105529
2759,Sneha,Verma,user1758@example.com,9876501758,Female,2002-11-04,Hyderabad,78058
2763,Neha,Kumar,user1762@example.com,9876501762,Female,2007-08-26,Bangalore,55484
2764,Vijay,Gupta,user1763@example.com,9876501763,Male,1995-11-14,Chennai,81395
2765,Rakesh,Kumar,user1764@example.com,9876501764,Other,invalid,Kolkata,48060
2766,Rakesh,Gupta,user1765@example.com,9876501765,Other,2009-01-18,Delhi,68108
2769,Arjun,Mehta,user1768@example.com,9876501768,Female,1975-04-29,Ahmedabad,83743
2773,Neha,Rao,user1772@example.com,9876501772,Female,2008-07-29,Delhi,99061
2775,Kavya,Kumar,user1774@example.com,9876501774,Female,2003-02-02,Ahmedabad,66358
2778,Neha,Sharma,user1777@example.com,9876501777,Female,1971-05-12,Mumbai,58210
2779,Anjali,Singh,user1778@example.com,9876501778,Male,2005-10-04,Pune,113362
2780,Arjun,Rao,user1779@example.com,9876501779,Other,2012-11-12,Kolkata,83314
2783,Priya,Verma,user1782@example.com,9876501782,Female,2005-12-06,Hyderabad,42241
2784,Rakesh,Verma,user1783@example.com,9876501783,Female,1985-03-14,Ahmedabad,76229
2785,Rakesh,Reddy,user1784@example.com,9876501784,Male,1979-10-31,Delhi,59734
2788,Arjun,Verma,user1787@example.com,9876501787,Female,1983-08-07,Pune,81596
2791,Neha,Gupta,user1790@example.com,9876501790,Male,2015-04-24,Hyderabad,84889
2792,Rakesh,Gupta,user1791@example.com,9876501791,Female,1974-09-25,Kolkata,96240
2793,Kavya,Kumar,user1792@example.com,9876501792,Female,1982-11-11,Chennai,42722
2795,Kavya,Kumar,user1794@example.com,9876501794,Male,2001-02-13,Chennai,62790
2796,Vijay,Verma,user1795@example.com,9876501795,Other,1970-02-07,Hyderabad,83363
2799,Amit,Kumar,user1798@example.com,9876501798,Female,1988-11-02,Delhi,66247
2800,Sneha,Kumar,user1799@example.com,9876501799,Male,1982-05-19,Pune,78365
2803,Priya,Joshi,user1802@example.com,9876501802,Male,1993-04-21,Pune,106618
2804,Neha,Gupta,user1803@example.com,9876501803,Other,1987-06-09,Delhi,88353
2805,Amit,Reddy,user1804@example.com,9876501804,Female,1999-06-03,Bangalore,84848
2809,Amit,Gupta,user1808@example.com,9876501808,Other,1986-01-30,Chennai,73201
2811,Kavya,Sharma,user1810@example.com,9876501810,Male,1985-06-06,Ahmedabad,73566
2812,Rakesh,Sharma,user1811@example.com,9876501811,Female,1972-02-04,Delhi,74125
2813,Arjun,Kumar,user1812@example.com,9876501812,Male,2016-08-23,Ahmedabad,61571
2814,Amit,Kumar,user1813@example.com,9876501813,Other,2003-08-08,Chennai,77994
2817,Rakesh,Gupta,user1816@example.com,9876501816,Male,1998-04-05,Mumbai,60412
2818,Priya,Verma,user1817@example.com,9876501817,Female,1970-05-26,Ahmedabad,93908
2819,Kavya,Mehta,user1818@example.com,9876501818,Other,1983-12-20,Chennai,7886
2820,Arjun,Mehta,user1819@example.com,9876501819,Female,1981-08-18,Delhi,61966
2822,Amit,Reddy,user1821@example.com,9876501821,Female,1981-06-20,Kolkata,27929
2823,Anjali,Reddy,user1822@example.com,9876501822,Male,1999-07-07,Kolkata,79810
2825,Kavya,Joshi,user1824@example.com,9876501824,Other,1992-07-24,Mumbai,45920
2829,Sneha,Reddy,user1828@example.com,9876501828,Female,1982-09-16,Delhi,68732
2832,Sneha,Gupta,user1831@example.com,9876501831,Other,2016-08-20,Delhi,50730
2833,Vijay,Patel,user1832@example.com,9876501832,Female,2001-11-05,Kolkata,82595
2834,Neha,Joshi,user1833@example.com,9876501833,Other,1978-05-07,Pune,88060
2835,Arjun,Verma,user1834@example.com,9876501834,Other,1975-07-17,Kolkata,78898
2836,Arjun,Singh,user1835@example.com,9876501835,Male,1975-09-06,Hyderabad,64416
2838,Rakesh,Verma,user1837@example.com,9876501837,Other,2006-01-07,Chennai,71327
2843,Kavya,Verma,user1842@example.com,9876501842,Female,2014-09-28,Chennai,67596
2844,Priya,Singh,user1843@example.com,9876501843,Female,1985-05-20,Bangalore,97124
2845,Vijay,Patel,user1844@example.com,9876501844,Female,2005-08-02,Chennai,70597
2847,Vijay,Gupta,user1846@example.com,9876501846,Other,1995-06-04,Chennai,65010
2848,Vijay,Rao,user1847@example.com,9876501847,Male,1986-07-24,Delhi,61644
2849,Vijay,Reddy,user1848@example.com,9876501848,Female,1992-04-16,Ahmedabad,34699
2850,Rakesh,Patel,user1849@example.com,9876501849,Male,2000-11-27,Hyderabad,77795
2854,Priya,Patel,user1853@example.com,9876501853,Female,2012-08-01,Ahmedabad,72077
2855,Neha,Kumar,user1854@example.com,9876501854,Other,1989-09-25,Bangalore,53441
2856,Priya,Singh,user1855@example.com,9876501855,Female,1987-10-05,Pune,97934
2857,Sameer,Mehta,user1856@example.com,9876501856,Male,1986-10-31,Bangalore,87380
2858,Priya,Singh,user1857@example.com,9876501857,Female,1997-06-05,Delhi,54317
2859,Kavya,Joshi,user1858@example.com,9876501858,Other,2011-04-30,Pune,17517
2860,Kavya,Verma,user1859@example.com,9876501859,Other,1990-12-26,Hyderabad,67367
2863,Sameer,Joshi,user1862@example.com,9876501862,Other,invalid,Hyderabad,65269
2864,Arjun,Sharma,user1863@example.com,9876501863,Other,1972-10-06,Bangalore,88018
2865,Sneha,Verma,user1864@example.com,9876501864,Male,2013-04-25,Hyderabad,74865
2866,Priya,Kumar,user1865@example.com,9876501865,Female,1997-02-07,Bangalore,39466
2868,Vijay,Mehta,user1867@example.com,9876501867,Male,1989-10-14,Delhi,55910
2869,Rakesh,Singh,user1868@example.com,9876501868,Female,1981-11-20,Ahmedabad,61630
2871,Anjali,Rao,user1870@example.com,9876501870,Male,2018-03-31,Hyderabad,79368
2875,Vijay,Sharma,user1874@example.com,9876501874,Male,1976-03-13,Bangalore,41577
2877,Arjun,Rao,user1876@example.com,9876501876,Female,1991-11-25,Chennai,82379
2878,Arjun,Kumar,user1877@example.com,9876501877,Male,2014-09-02,Bangalore,70509
2880,Priya,Verma,user1879@example.com,9876501879,Male,1999-08-09,Bangalore,78142
2883,Sneha,Rao,user1882@example.com,9876501882,Female,1975-02-26,Mumbai,89150
2885,Kavya,Kumar,user1884@example.com,9876501884,Other,2010-02-12,Kolkata,67648
2886,Vijay,Patel,user1885@example.com,9876501885,Male,1994-01-27,Pune,64081
2888,Rakesh,Rao,user1887@example.com,9876501887,Male,1980-10-25,Mumbai,83018
2892,Priya,Reddy,user1891@example.com,9876501891,Other,2005-11-02,Ahmedabad,34867
2894,Anjali,Mehta,user1893@example.com,9876501893,Other,1982-02-23,Pune,62904
2896,Rakesh,Joshi,user1895@example.com,9876501895,Female,1993-04-07,Delhi,47907
2898,Rakesh,Singh,user1897@example.com,9876501897,Other,2002-10-19,Kolkata,60448
2899,Neha,Kumar,user1898@example.com,9876501898,Male,1994-10-27,Mumbai,65716
2900,Amit,Verma,user1899@example.com,9876501899,Other,1974-05-01,Ahmedabad,54845
2902,Kavya,Rao,user1901@example.com,9876501901,Other,invalid,Kolkata,72410
2903,Rakesh,Verma,user1902@example.com,9876501902,Female,2010-10-31,Bangalore,93995
2908,Neha,Reddy,user1907@example.com,9876501907,Other,1985-09-10,Chennai,99229
2909,Sameer,Joshi,user1908@example.com,9876501908,Male,2017-04-23,Delhi,85575
2911,Rakesh,Mehta,user1910@example.com,9876501910,Female,2006-11-03,Bangalore,55659
2912,Priya,Patel,user1911@example.com,9876501911,Female,2001-05-13,Chennai,83239
2913,Sameer,Gupta,user1912@example.com,9876501912,Male,2002-12-24,Ahmedabad,110252
2914,Kavya,Gupta,user1913@example.com,9876501913,Male,1979-09-02,Chennai,62145
2915,Neha,Singh,user1914@example.com,9876501914,Other,1999-03-16,Kolkata,25594
2916,Rakesh,Patel,user1915@example.com,9876501915,Female,1983-04-15,Chennai,44476
2918,Sameer,Joshi,user1917@example.com,9876501917,Male,2009-02-06,Mumbai,61886
2919,Sneha,Singh,user1918@example.com,9876501918,Male,2013-03-06,Chennai,92211
2920,Anjali,Singh,user1919@example.com,9876501919,Male,2009-05-23,Ahmedabad,53168
2922,Kavya,Verma,user1921@example.com,9876501921,Female,2005-07-09,Ahmedabad,52050
2925,Neha,Kumar,user1924@example.com,9876501924,Other,1985-01-30,Mumbai,60303
2927,Vijay,Reddy,user1926@example.com,9876501926,Female,1986-09-01,Ahmedabad,54427
2928,Amit,Sharma,user1927@example.com,9876501927,Other,1989-03-17,Chennai,98255
2929,Anjali,Patel,user1928@example.com,9876501928,Other,1988-03-29,Chennai,100516
2931,Amit,Patel,user1930@example.com,9876501930,Male,1980-12-17,Delhi,73823
2932,Sneha,Rao,user1931@example.com,9876501931,Female,1971-08-22,Delhi,52414
2933,Arjun,Rao,user1932@example.com,9876501932,Female,1970-03-11,Kolkata,68980
2934,Anjali,Rao,user1933@example.com,9876501933,Female,1992-04-14,Mumbai,68314
2935,Anjali,Verma,user1934@example.com,9876501934,Male,1996-03-30,Delhi,65347
2939,Neha,Reddy,user1938@example.com,9876501938,Male,1980-01-31,Kolkata,97495
2940,Priya,Verma,user1939@example.com,9876501939,Female,1977-05-07,Kolkata,48760
2946,Amit,Mehta,user1945@example.com,9876501945,Female,1984-10-27,Chennai,46581
2947,Priya,Verma,user1946@example.com,9876501946,Female,1975-09-07,Bangalore,91529
2949,Rakesh,Mehta,user1948@example.com,9876501948,Other,1996-01-30,Mumbai,60439
2952,Anjali,Joshi,user1951@example.com,9876501951,Male,2013-05-28,Bangalore,63218
2953,Vijay,Sharma,user1952@example.com,9876501952,Male,2017-10-02,Ahmedabad,21680
2954,Anjali,Mehta,user1953@example.com,9876501953,Female,1975-08-17,Chennai,48938
2956,Anjali,Mehta,user1955@example.com,9876501955,Female,2001-09-28,Pune,37008
2957,Vijay,Singh,user1956@example.com,9876501956,Female,2006-02-17,Ahmedabad,66541
2959,Sneha,Mehta,user1958@example.com,9876501958,Female,2050-01-01,Mumbai,90508
2962,Anjali,Reddy,user1961@example.com,9876501961,Male,1982-02-04,Delhi,89058
2963,Rakesh,Rao,user1962@example.com,9876501962,Other,1980-02-17,Pune,100022
2964,Neha,Mehta,user1963@example.com,9876501963,Female,2016-11-11,Kolkata,83331
2965,Kavya,Reddy,user1964@example.com,9876501964,Other,2007-06-04,Ahmedabad,63654
2967,Sameer,Reddy,user1966@example.com,9876501966,Female,2007-05-14,Bangalore,41168
2968,Neha,Verma,user1967@example.com,9876501967,Male,2014-10-16,Kolkata,49197
2970,Anjali,Patel,user1969@example.com,9876501969,Male,1994-01-31,Bangalore,38514
2971,Vijay,Gupta,user1970@example.com,9876501970,Other,1974-09-19,Chennai,58301
2973,Sameer,Rao,user1972@example.com,9876501972,Male,2009-10-19,Delhi,90487
2974,Neha,Reddy,user1973@example.com,9876501973,Male,2001-12-18,Hyderabad,32619
2975,Anjali,Kumar,user1974@example.com,9876501974,Male,2012-11-03,Hyderabad,68448
2977,Amit,Kumar,user1976@example.com,9876501976,Male,1996-10-04,Chennai,25880
2978,Kavya,Joshi,user1977@example.com,9876501977,Male,1976-03-28,Hyderabad,55114
2979,Rakesh,Kumar,user1978@example.com,9876501978,Other,2012-04-24,Ahmedabad,65377
2980,Arjun,Sharma,user1979@example.com,9876501979,Male,1976-06-08,Chennai,90444
2987,Priya,Mehta,user1986@example.com,9876501986,Female,invalid,Pune,81031
2989,Sameer,Singh,user1988@example.com,9876501988,Male,1982-07-15,Chennai,56697
2992,Vijay,Reddy,user1991@example.com,9876501991,Male,2007-05-09,Bangalore,67333
2993,Vijay,Sharma,user1992@example.com,9876501992,Male,1974-09-20,Ahmedabad,73435
2994,Vijay,Gupta,user1993@example.com,9876501993,Other,2018-04-21,Ahmedabad,50080
2997,Amit,Sharma,user1996@example.com,9876501996,Female,1977-02-26,Hyderabad,62146
2998,Rakesh,Kumar,user1997@example.com,9876501997,Female,1997-05-23,Hyderabad,88158
3000,Sameer,Singh,user1999@example.com,9876501999,Female,2003-02-15,Chennai,106775
3003,Amit,Rao,user2002@example.com,9876502002,Other,1991-03-02,Pune,48738
3004,Vijay,Joshi,user2003@example.com,9876502003,Female,1998-08-05,Ahmedabad,61806
3006,Amit,Joshi,user2005@example.com,9876502005,Female,2012-03-03,Bangalore,65264
3007,Sneha,Reddy,user2006@example.com,9876502006,Other,1994-08-09,Chennai,77751
3009,Neha,Reddy,user2008@example.com,9876502008,Male,2008-10-21,Mumbai,67126
3010,Anjali,Sharma,user2009@example.com,9876502009,Male,2010-08-20,Mumbai,58300
3013,Amit,Verma,user2012@example.com,9876502012,Other,1997-11-23,Ahmedabad,107903
3017,Arjun,Mehta,user2016@example.com,9876502016,Male,1998-03-16,Pune,69321
3018,Neha,Verma,user2017@example.com,9876502017,Other,1986-07-15,Ahmedabad,57734
3019,Sameer,Kumar,user2018@example.com,9876502018,Male,1987-08-25,Kolkata,76949
3020,Vijay,Reddy,user2019@example.com,9876502019,Female,1994-03-05,Hyderabad,56010
3022,Arjun,Sharma,user2021@example.com,9876502021,Other,1985-05-26,Mumbai,46508
3024,Vijay,Verma,user2023@example.com,9876502023,Male,1988-09-17,Mumbai,72687
3025,Amit,Patel,user2024@example.com,9876502024,Male,1994-09-25,Ahmedabad,41861
3028,Kavya,Patel,user2027@example.com,9876502027,Other,2050-01-01,Delhi,119515
3029,Rakesh,Patel,user2028@example.com,9876502028,Other,1985-04-18,Delhi,68662
3030,Rakesh,Patel,user2029@example.com,9876502029,Female,1991-09-28,Pune,25205
3032,Priya,Mehta,user2031@example.com,9876502031,Female,1991-11-06,Hyderabad,39991
3033,Sneha,Joshi,user2032@example.com,9876502032,Female,1974-02-23,Kolkata,70852
3034,Kavya,Sharma,user2033@example.com,9876502033,Female,2004-11-16,Pune,31043
3035,Sameer,Patel,user2034@example.com,9876502034,Female,1977-11-23,Mumbai,37688
3036,Priya,Verma,user2035@example.com,9876502035,Male,1980-06-23,Bangalore,59973
3037,Anjali,Rao,user2036@example.com,9876502036,Female,2004-05-29,Kolkata,63341
3038,Sameer,Rao,user2037@example.com,9876502037,Other,1981-11-18,Ahmedabad,53916
3039,Priya,Singh,user2038@example.com,9876502038,Female,1971-11-06,Mumbai,56694
3040,Priya,Reddy,user2039@example.com,9876502039,Male,2012-03-27,Delhi,36298
3045,Arjun,Reddy,user2044@example.com,9876502044,Other,1980-02-26,Kolkata,57678
3046,Sameer,Patel,user2045@example.com,9876502045,Male,1974-02-04,Kolkata,37019
3048,Amit,Rao,user2047@example.com,9876502047,Male,2002-01-11,Pune,58835
3049,Neha,Patel,user2048@example.com,9876502048,Male,1990-08-21,Chennai,68689
3052,Anjali,Mehta,user2051@example.com,9876502051,Female,1983-02-24,Ahmedabad,54959
3053,Neha,Sharma,user2052@example.com,9876502052,Male,2011-08-25,Delhi,48284
3055,Vijay,Rao,user2054@example.com,9876502054,Male,2004-12-08,Pune,51866
3058,Vijay,Rao,user2057@example.com,9876502057,Female,1981-06-21,Hyderabad,46094
3062,Neha,Patel,user2061@example.com,9876502061,Female,1973-02-24,Mumbai,71984
3063,Sameer,Mehta,user2062@example.com,9876502062,Other,2009-02-26,Ahmedabad,60830
3064,Amit,Singh,user2063@example.com,9876502063,Male,1981-04-30,Hyderabad,75071
3065,Sameer,Verma,user2064@example.com,9876502064,Male,1974-02-19,Chennai,66189
3067,Priya,Singh,user2066@example.com,9876502066,Female,1980-09-20,Mumbai,116051
3068,Rakesh,Mehta,user2067@example.com,9876502067,Female,2010-05-05,Hyderabad,123595
3069,Neha,Sharma,user2068@example.com,9876502068,Female,2000-01-01,Chennai,59739
3070,Sneha,Reddy,user2069@example.com,9876502069,Male,1980-10-13,Kolkata,46650
3072,Arjun,Sharma,user2071@example.com,9876502071,Male,1976-01-02,Mumbai,77079
3073,Vijay,Reddy,user2072@example.com,9876502072,Male,1992-06-21,Hyderabad,91413
3074,Rakesh,Reddy,user2073@example.com,9876502073,Male,1990-03-20,Pune,20100
3078,Kavya,Patel,user2077@example.com,9876502077,Other,2004-08-28,Mumbai,35062
3079,Sneha,Rao,user2078@example.com,9876502078,Other,1977-10-28,Chennai,60509
3080,Amit,Kumar,user2079@example.com,9876502079,Male,1981-11-28,Hyderabad,79090
3082,Rakesh,Gupta,user2081@example.com,9876502081,Male,1988-05-29,Pune,66755
3083,Priya,Reddy,user2082@example.com,9876502082,Male,invalid,Hyderabad,73396
3085,Kavya,Patel,user2084@example.com,9876502084,Female,2010-07-19,Bangalore,77703
3087,Arjun,Sharma,user2086@example.com,9876502086,Other,2002-05-21,Hyderabad,71228
3089,Kavya,Mehta,user2088@example.com,9876502088,Other,1991-07-06,Hyderabad,67416
3090,Kavya,Reddy,user2089@example.com,9876502089,Female,2000-09-23,Ahmedabad,80734
3092,Rakesh,Kumar,user2091@example.com,9876502091,Female,1977-12-31,Pune,89008
3094,Vijay,Patel,user2093@example.com,9876502093,Female,2004-08-07,Pune,51284
3095,Vijay,Kumar,user2094@example.com,9876502094,Female,2007-09-10,Hyderabad,55637
3098,Neha,Kumar,user2097@example.com,9876502097,Other,1993-04-12,Chennai,33550
3099,Amit,Verma,user2098@example.com,9876502098,Male,2011-10-19,Chennai,56331
3103,Amit,Singh,user2102@example.com,9876502102,Female,2011-03-13,Kolkata,62147
3107,Priya,Mehta,user2106@example.com,9876502106,Male,1978-07-22,Ahmedabad,59849
3110,Anjali,Joshi,user2109@example.com,9876502109,Female,1993-06-01,Ahmedabad,62358
3111,Arjun,Patel,user2110@example.com,9876502110,Other,2001-11-01,Ahmedabad,79686
3113,Priya,Reddy,user2112@example.com,9876502112,Female,2017-03-18,Ahmedabad,63587
3114,Kavya,Rao,user2113@example.com,9876502113,Female,2005-07-24,Bangalore,80688
3115,Sameer,Patel,user2114@example.com,9876502114,Female,invalid,Kolkata,36048
3117,Anjali,Reddy,user2116@example.com,9876502116,Female,2002-02-21,Ahmedabad,51286
3118,Priya,Sharma,user2117@example.com,9876502117,Other,invalid,Mumbai,85772
3120,Amit,Patel,user2119@example.com,9876502119,Other,1970-11-23,Delhi,58790
3123,Rakesh,Verma,user2122@example.com,9876502122,Female,2004-07-21,Ahmedabad,56647
3124,Sameer,Reddy,user2123@example.com,9876502123,Female,2013-03-14,Pune,54256
3127,Sameer,Sharma,user2126@example.com,9876502126,Other,1977-12-15,Chennai,51135
3130,Kavya,Patel,user2129@example.com,9876502129,Other,2015-07-11,Mumbai,68667
3134,Vijay,Singh,user2133@example.com,9876502133,Female,2004-08-24,Chennai,82976
3135,Priya,Verma,user2134@example.com,9876502134,Male,2014-10-26,Kolkata,24338
3136,Arjun,Joshi,user2135@example.com,9876502135,Male,2001-04-06,Chennai,69445
3137,Neha,Joshi,user2136@example.com,9876502136,Female,2007-09-13,Bangalore,86805
3138,Arjun,Sharma,user2137@example.com,9876502137,Male,1991-05-06,Chennai,35983
3142,Sameer,Sharma,user2141@example.com,9876502141,Female,1996-03-23,Hyderabad,91719
3143,Vijay,Rao,user2142@example.com,9876502142,Other,1988-05-17,Hyderabad,51737
3144,Priya,Kumar,user2143@example.com,9876502143,Other,2013-10-01,Ahmedabad,51921
3145,Vijay,Gupta,user2144@example.com,9876502144,Male,2011-03-16,Ahmedabad,46974
3147,Kavya,Kumar,user2146@example.com,9876502146,Female,2013-05-08,Pune,54070
3148,Sneha,Sharma,user2147@example.com,9876502147,Male,1996-04-17,Kolkata,53080
3152,Vijay,Kumar,user2151@example.com,9876502151,Male,2002-07-02,Bangalore,67031
3153,Neha,Verma,user2152@example.com,9876502152,Other,1996-02-16,Kolkata,84526
3155,Kavya,Joshi,user2154@example.com,9876502154,Male,1988-08-15,Bangalore,72081
3157,Kavya,Joshi,user2156@example.com,9876502156,Male,1999-06-22,Delhi,112038
3158,Amit,Gupta,user2157@example.com,9876502157,Female,2003-09-17,Hyderabad,84464
3160,Sameer,Rao,user2159@example.com,9876502159,Male,1971-10-02,Chennai,90830
3162,Sameer,Sharma,user2161@example.com,9876502161,Male,2011-08-25,Kolkata,60669
3166,Kavya,Sharma,user2165@example.com,9876502165,Other,2050-01-01,Kolkata,28316
3167,Kavya,Gupta,user2166@example.com,9876502166,Other,2013-08-28,Mumbai,68191
3168,Sneha,Reddy,user2167@example.com,9876502167,Female,2018-06-20,Mumbai,48554
3169,Vijay,Kumar,user2168@example.com,9876502168,Other,1993-11-15,Chennai,60635
3171,Sameer,Patel,user2170@example.com,9876502170,Other,1979-07-16,Mumbai,76300
3172,Vijay,Verma,user2171@example.com,9876502171,Female,1996-09-20,Hyderabad,76162
3173,Sameer,Kumar,user2172@example.com,9876502172,Male,1997-12-31,Bangalore,62427
3174,Rakesh,Patel,user2173@example.com,9876502173,Other,2008-10-20,Hyderabad,52111
3177,Amit,Verma,user2176@example.com,9876502176,Female,1995-10-01,Pune,110122
3178,Arjun,Gupta,user2177@example.com,9876502177,Female,1986-04-04,Mumbai,86576
3182,Sneha,Joshi,user2181@example.com,9876502181,Male,1996-09-27,Bangalore,74062
3186,Neha,Kumar,user2185@example.com,9876502185,Female,1997-05-24,Pune,60844
3187,Neha,Gupta,user2186@example.com,9876502186,Male,2005-07-23,Hyderabad,43890
3188,Neha,Singh,user2187@example.com,9876502187,Female,1976-09-03,Bangalore,58228
3192,Rakesh,Rao,user2191@example.com,9876502191,Other,2014-01-15,Delhi,40223
3193,Neha,Patel,user2192@example.com,9876502192,Male,1980-04-12,Mumbai,56468
3196,Priya,Joshi,user2195@example.com,9876502195,Female,2015-04-17,Ahmedabad,55164
3197,Amit,Kumar,user2196@example.com,9876502196,Male,1988-06-16,Bangalore,67493
3199,Priya,Reddy,user2198@example.com,9876502198,Female,2017-08-31,Delhi,37922
3202,Kavya,Gupta,user2201@example.com,9876502201,Other,1976-07-03,Bangalore,87763
3204,Priya,Verma,user2203@example.com,9876502203,Male,1988-10-12,Bangalore,55099
3207,Anjali,Gupta,user2206@example.com,9876502206,Male,2005-03-12,Chennai,61957
3208,Amit,Singh,user2207@example.com,9876502207,Other,1970-09-03,Chennai,94636
3209,Anjali,Gupta,user2208@example.com,9876502208,Female,1994-11-11,Pune,64393
3213,Arjun,Kumar,user2212@example.com,9876502212,Other,2004-01-21,Pune,61499
3215,Anjali,Joshi,user2214@example.com,9876502214,Male,2014-07-30,Delhi,40445
3216,Kavya,Singh,user2215@example.com,9876502215,Other,1986-01-20,Hyderabad,112170
3217,Rakesh,Patel,user2216@example.com,9876502216,Female,1996-07-25,Hyderabad,53629
3218,Rakesh,Sharma,user2217@example.com,9876502217,Female,1980-04-29,Bangalore,46965
3220,Rakesh,Mehta,user2219@example.com,9876502219,Male,1995-07-09,Mumbai,52492
3222,Arjun,Gupta,user2221@example.com,9876502221,Female,1976-08-16,Hyderabad,89852
3223,Sameer,Verma,user2222@example.com,9876502222,Female,2007-01-05,Chennai,101254
3228,Rakesh,Sharma,user2227@example.com,9876502227,Male,1977-07-19,Chennai,46780
3230,Neha,Verma,user2229@example.com,9876502229,Other,2004-05-20,Delhi,52237
3233,Kavya,Verma,user2232@example.com,9876502232,Male,1985-06-17,Kolkata,49912
3235,Sameer,Reddy,user2234@example.com,9876502234,Male,2000-07-21,Kolkata,66405
3237,Neha,Gupta,user2236@example.com,9876502236,Female,2017-11-06,Kolkata,45259
3238,Priya,Rao,user2237@example.com,9876502237,Male,1978-02-03,Delhi,51844
3244,Arjun,Mehta,user2243@example.com,9876502243,Male,1981-05-06,Chennai,48059
3246,Vijay,Gupta,user2245@example.com,9876502245,Female,1978-03-17,Mumbai,48964
3247,Vijay,Gupta,user2246@example.com,9876502246,Other,1984-04-05,Chennai,64568
3248,Arjun,Joshi,user2247@example.com,9876502247,Male,1997-03-26,Ahmedabad,78964
3249,Kavya,Rao,user2248@example.com,9876502248,Male,2009-05-23,Bangalore,56762
3252,Kavya,Kumar,user2251@example.com,9876502251,Male,2016-07-12,Delhi,64789
3262,Arjun,Rao,user2261@example.com,9876502261,Other,1980-03-18,Mumbai,34501
3263,Amit,Gupta,user2262@example.com,9876502262,Male,1982-02-18,Bangalore,78004
3265,Sameer,Gupta,user2264@example.com,9876502264,Male,1989-04-10,Delhi,44974
3268,Amit,Singh,user2267@example.com,9876502267,Female,1971-05-23,Pune,38382
3271,Sneha,Joshi,user2270@example.com,9876502270,Other,1976-01-03,Mumbai,59421
3274,Arjun,Joshi,user2273@example.com,9876502273,Female,2018-03-16,Ahmedabad,38404
3278,Sneha,Reddy,user2277@example.com,9876502277,Other,2010-03-09,Kolkata,84021
3282,Rakesh,Gupta,user2281@example.com,9876502281,Male,2016-04-03,Bangalore,57657
3284,Anjali,Reddy,user2283@example.com,9876502283,Other,2004-08-12,Ahmedabad,74304
3285,Neha,Joshi,user2284@example.com,9876502284,Female,2015-10-20,Delhi,68530
3288,Amit,Reddy,user2287@example.com,9876502287,Male,1987-06-13,Kolkata,66710
3289,Sameer,Verma,user2288@example.com,9876502288,Male,2004-01-17,Chennai,71198
3290,Sameer,Kumar,user2289@example.com,9876502289,Other,2001-08-27,Mumbai,109162
3291,Anjali,Patel,user2290@example.com,9876502290,Female,2002-11-23,Ahmedabad,63421
3294,Priya,Rao,user2293@example.com,9876502293,Male,2011-07-16,Delhi,93966
3295,Sneha,Reddy,user2294@example.com,9876502294,Other,2001-10-03,Pune,72041
3297,Priya,Mehta,user2296@example.com,9876502296,Male,2005-04-01,Chennai,49299
3298,Arjun,Rao,user2297@example.com,9876502297,Female,1995-12-22,Pune,48349
3299,Sneha,Sharma,user2298@example.com,9876502298,Other,2010-03-13,Hyderabad,80622
3300,Sneha,Singh,user2299@example.com,9876502299,Female,2002-01-14,Mumbai,59244
3305,Sameer,Verma,user2304@example.com,9876502304,Other,2010-05-27,Mumbai,48552
3307,Neha,Mehta,user2306@example.com,9876502306,Male,1996-12-23,Chennai,88912
3312,Anjali,Reddy,user2311@example.com,9876502311,Male,invalid,Delhi,72234
3313,Amit,Joshi,user2312@example.com,9876502312,Other,1984-01-23,Delhi,63014
3317,Neha,Verma,user2316@example.com,9876502316,Other,1992-08-13,Delhi,25092
3318,Sneha,Mehta,user2317@example.com,9876502317,Female,1993-07-21,Bangalore,82134
3319,Kavya,Gupta,user2318@example.com,9876502318,Other,1989-10-20,Ahmedabad,59226
3320,Priya,Singh,user2319@example.com,9876502319,Female,2000-04-04,Delhi,52969
3322,Kavya,Gupta,user2321@example.com,9876502321,Female,2011-07-27,Bangalore,72019
3323,Anjali,Rao,user2322@example.com,9876502322,Female,1983-03-29,Mumbai,66779
3324,Arjun,Singh,user2323@example.com,9876502323,Female,1979-02-26,Delhi,47013
3325,Sneha,Gupta,user2324@example.com,9876502324,Female,1999-06-27,Bangalore,85294
3327,Amit,Reddy,user2326@example.com,9876502326,Female,1972-03-30,Mumbai,80482
3328,Vijay,Verma,user2327@example.com,9876502327,Female,1977-02-28,Chennai,66794
3330,Sneha,Kumar,user2329@example.com,9876502329,Male,1986-08-14,Kolkata,53976
3331,Anjali,Verma,user2330@example.com,9876502330,Female,2050-01-01,Chennai,68293
3333,Kavya,Sharma,user2332@example.com,9876502332,Male,1991-02-01,Delhi,89692
3335,Neha,Kumar,user2334@example.com,9876502334,Other,1999-10-10,Mumbai,51204
3338,Sameer,Gupta,user2337@example.com,9876502337,Male,2003-03-18,Hyderabad,89868
3339,Arjun,Mehta,user2338@example.com,9876502338,Male,2008-08-30,Delhi,30332
3342,Sameer,Joshi,user2341@example.com,9876502341,Male,1976-10-23,Ahmedabad,66365
3343,Anjali,Reddy,user2342@example.com,9876502342,Male,1973-09-20,Pune,68768
3344,Amit,Singh,user2343@example.com,9876502343,Male,2016-09-29,Kolkata,64436
3345,Amit,Gupta,user2344@example.com,9876502344,Other,1993-04-09,Delhi,52018
3349,Rakesh,Singh,user2348@example.com,9876502348,Female,1973-04-06,Chennai,75980
3350,Rakesh,Sharma,user2349@example.com,9876502349,Other,1998-04-10,Pune,73839
3352,Sneha,Rao,user2351@example.com,9876502351,Male,1988-07-30,Kolkata,82971
3353,Amit,Gupta,user2352@example.com,9876502352,Other,1988-08-27,Kolkata,85233
3355,Priya,Kumar,user2354@example.com,9876502354,Male,2000-04-12,Ahmedabad,86106
3359,Kavya,Gupta,user2358@example.com,9876502358,Other,1983-07-15,Hyderabad,68129
3362,Neha,Sharma,user2361@example.com,9876502361,Female,2012-05-05,Bangalore,35486
3363,Kavya,Rao,user2362@example.com,9876502362,Other,2008-03-04,Mumbai,69681
3364,Sameer,Mehta,user2363@example.com,9876502363,Male,1971-04-05,Delhi,49137
3365,Amit,Sharma,user2364@example.com,9876502364,Male,1994-03-17,Pune,66452
3368,Rakesh,Kumar,user2367@example.com,9876502367,Female,1998-08-09,Chennai,28926
3370,Sneha,Sharma,user2369@example.com,9876502369,Female,2014-03-05,Chennai,64978
3372,Priya,Reddy,user2371@example.com,9876502371,Female,1993-07-04,Delhi,56569
3373,Sameer,Joshi,user2372@example.com,9876502372,Other,2006-04-20,Bangalore,51861
3375,Amit,Singh,user2374@example.com,9876502374,Other,2015-01-25,Delhi,67783
3378,Sneha,Rao,user2377@example.com,9876502377,Male,2010-04-30,Delhi,80823
3379,Anjali,Joshi,user2378@example.com,9876502378,Male,1985-10-22,Bangalore,78076
3380,Anjali,Reddy,user2379@example.com,9876502379,Male,1980-12-11,Mumbai,75412
3382,Arjun,Reddy,user2381@example.com,9876502381,Female,1995-02-18,Kolkata,29812
3383,Rakesh,Gupta,user2382@example.com,9876502382,Female,1985-05-19,Kolkata,104012
3388,Sameer,Reddy,user2387@example.com,9876502387,Female,2006-09-16,Delhi,75580
3389,Anjali,Gupta,user2388@example.com,9876502388,Female,2011-12-15,Chennai,82275
3390,Kavya,Kumar,user2389@example.com,9876502389,Other,1988-08-30,Kolkata,73444
3391,Vijay,Patel,user2390@example.com,9876502390,Other,2016-05-04,Chennai,35463
3394,Amit,Kumar,user2393@example.com,9876502393,Other,1971-09-10,Delhi,90455
3395,Kavya,Joshi,user2394@example.com,9876502394,Other,2003-02-22,Mumbai,66922
3397,Vijay,Sharma,user2396@example.com,9876502396,Female,2001-10-21,Mumbai,106286
3402,Anjali,Patel,user2401@example.com,9876502401,Female,1999-04-20,Bangalore,75463
3406,Vijay,Kumar,user2405@example.com,9876502405,Male,1999-10-14,Hyderabad,99879
3407,Kavya,Mehta,user2406@example.com,9876502406,Female,2017-05-25,Bangalore,64010
3408,Rakesh,Rao,user2407@example.com,9876502407,Male,2016-05-23,Mumbai,53525
3409,Vijay,Verma,user2408@example.com,9876502408,Female,1973-04-04,Mumbai,96902
3411,Sameer,Sharma,user2410@example.com,9876502410,Other,2010-12-31,Kolkata,47112
3412,Amit,Mehta,user2411@example.com,9876502411,Other,2008-12-03,Hyderabad,84587
3413,Priya,Gupta,user2412@example.com,9876502412,Female,2008-09-03,Mumbai,92830
3415,Sameer,Patel,user2414@example.com,9876502414,Male,1983-07-25,Hyderabad,110605
3418,Neha,Gupta,user2417@example.com,9876502417,Other,2005-06-19,Bangalore,66728
3420,Neha,Mehta,user2419@example.com,9876502419,Male,2010-07-25,Bangalore,82555
3422,Sneha,Singh,user2421@example.com,9876502421,Female,1994-12-22,Bangalore,43259
3425,Anjali,Singh,user2424@example.com,9876502424,Other,1992-12-22,Pune,49388
3427,Priya,Gupta,user2426@example.com,9876502426,Male,1994-04-07,Delhi,56739
3429,Priya,Mehta,user2428@example.com,9876502428,Other,invalid,Kolkata,31186
3432,Rakesh,Joshi,user2431@example.com,9876502431,Male,2001-08-09,Bangalore,64643
3433,Anjali,Sharma,user2432@example.com,9876502432,Female,2016-03-21,Delhi,27613
3435,Neha,Sharma,user2434@example.com,9876502434,Female,1991-02-02,Pune,59606
3436,Vijay,Verma,user2435@example.com,9876502435,Female,1990-10-01,Pune,87354
3438,Arjun,Kumar,user2437@example.com,9876502437,Female,2016-05-01,Bangalore,39223
3439,Amit,Rao,user2438@example.com,9876502438,Other,2003-06-29,Ahmedabad,51384
3443,Sneha,Reddy,user2442@example.com,9876502442,Other,1991-02-14,Delhi,67051
3444,Rakesh,Patel,user2443@example.com,9876502443,Female,1971-05-06,Ahmedabad,18142
3448,Neha,Sharma,user2447@example.com,9876502447,Male,1996-07-01,Kolkata,95936
3449,Sneha,Joshi,user2448@example.com,9876502448,Female,2010-10-03,Bangalore,50942
3452,Kavya,Singh,user2451@example.com,9876502451,Female,1997-10-25,Hyderabad,76900
3462,Neha,Sharma,user2461@example.com,9876502461,Female,1970-08-30,Mumbai,81009
3464,Neha,Verma,user2463@example.com,9876502463,Other,2016-11-11,Bangalore,117992
3466,Arjun,Singh,user2465@example.com,9876502465,Other,1977-03-11,Chennai,50211
3467,Amit,Rao,user2466@example.com,9876502466,Male,1998-03-31,Ahmedabad,68797
3468,Arjun,Verma,user2467@example.com,9876502467,Other,1989-08-28,Mumbai,57582
3469,Kavya,Rao,user2468@example.com,9876502468,Male,1974-02-19,Hyderabad,48964
3470,Neha,Reddy,user2469@example.com,9876502469,Male,2005-09-19,Mumbai,34503
3471,Arjun,Rao,user2470@example.com,9876502470,Male,1988-11-29,Chennai,67517
3472,Vijay,Singh,user2471@example.com,9876502471,Other,1982-05-10,Ahmedabad,80909
3473,Priya,Gupta,user2472@example.com,9876502472,Other,1981-10-12,Pune,72045
3474,Arjun,Verma,user2473@example.com,9876502473,Male,2000-01-04,Bangalore,32402
3475,Arjun,Singh,user2474@example.com,9876502474,Male,1982-01-24,Chennai,32877
3477,Neha,Rao,user2476@example.com,9876502476,Male,1996-09-03,Bangalore,60223
3479,Priya,Rao,user2478@example.com,9876502478,Female,2015-01-31,Chennai,59448
3480,Amit,Verma,user2479@example.com,9876502479,Female,1985-08-06,Pune,55036
3483,Rakesh,Patel,user2482@example.com,9876502482,Female,1998-09-06,Pune,46315
3484,Vijay,Joshi,user2483@example.com,9876502483,Female,2050-01-01,Delhi,74056
3485,Neha,Sharma,user2484@example.com,9876502484,Other,2009-05-01,Ahmedabad,66653
3486,Anjali,Joshi,user2485@example.com,9876502485,Other,2008-01-16,Pune,29337
3487,Kavya,Singh,user2486@example.com,9876502486,Male,1987-08-06,Bangalore,51887
3488,Sameer,Kumar,user2487@example.com,9876502487,Male,2014-01-18,Pune,65202
3492,Arjun,Kumar,user2491@example.com,9876502491,Male,2009-02-07,Ahmedabad,73263
3494,Rakesh,Singh,user2493@example.com,9876502493,Female,1975-09-10,Ahmedabad,39766
3496,Anjali,Patel,user2495@example.com,9876502495,Other,1991-05-04,Ahmedabad,27772
3498,Anjali,Reddy,user2497@example.com,9876502497,Other,2008-02-07,Bangalore,44390
3499,Sameer,Kumar,user2498@example.com,9876502498,Male,1997-11-08,Ahmedabad,112398
3500,Rakesh,Mehta,user2499@example.com,9876502499,Male,1980-12-18,Pune,54437
3502,Neha,Sharma,user2501@example.com,9876502501,Other,2012-12-27,Chennai,41765
3503,Arjun,Gupta,user2502@example.com,9876502502,Male,1997-11-03,Chennai,68798
3504,Rakesh,Rao,user2503@example.com,9876502503,Female,1993-03-16,Pune,93269
3505,Anjali,Gupta,user2504@example.com,9876502504,Female,1976-07-26,Kolkata,58003
3508,Priya,Singh,user2507@example.com,9876502507,Male,1984-09-07,Delhi,60675
3510,Neha,Joshi,user2509@example.com,9876502509,Female,1972-02-19,Mumbai,98059
3513,Kavya,Patel,user2512@example.com,9876502512,Male,2009-12-05,Ahmedabad,86487
3514,Sameer,Gupta,user2513@example.com,9876502513,Male,1983-07-27,Hyderabad,99024
3515,Arjun,Kumar,user2514@example.com,9876502514,Male,1992-12-29,Chennai,39818
3520,Vijay,Kumar,user2519@example.com,9876502519,Female,2006-02-28,Bangalore,111501
3522,Vijay,Mehta,user2521@example.com,9876502521,Female,1972-08-09,Pune,78055
3527,Rakesh,Sharma,user2526@example.com,9876502526,Male,2019-03-25,Pune,46166
3530,Priya,Verma,user2529@example.com,9876502529,Male,1994-11-29,Hyderabad,64654
3531,Amit,Reddy,user2530@example.com,9876502530,Male,2002-09-12,Mumbai,38739
3532,Sameer,Reddy,user2531@example.com,9876502531,Female,2008-05-13,Hyderabad,57379
3537,Anjali,Singh,user2536@example.com,9876502536,Other,1985-10-04,Kolkata,71790
3538,Vijay,Rao,user2537@example.com,9876502537,Other,2005-11-29,Mumbai,72253
3539,Priya,Gupta,user2538@example.com,9876502538,Other,1987-03-16,Bangalore,74541
3540,Vijay,Singh,user2539@example.com,9876502539,Male,2014-07-17,Pune,84135
3543,Neha,Mehta,user2542@example.com,9876502542,Male,1988-09-09,Ahmedabad,56035
3544,Kavya,Rao,user2543@example.com,9876502543,Male,1985-07-08,Bangalore,85210
3545,Anjali,Mehta,user2544@example.com,9876502544,Other,2005-05-26,Delhi,45098
3546,Vijay,Reddy,user2545@example.com,9876502545,Male,2014-05-24,Bangalore,39089
3547,Rakesh,Patel,user2546@example.com,9876502546,Female,1993-12-30,Kolkata,52166
3548,Neha,Verma,user2547@example.com,9876502547,Female,1991-12-10,Hyderabad,66470
3549,Kavya,Mehta,user2548@example.com,9876502548,Other,1978-05-03,Kolkata,55432
3553,Kavya,Mehta,user2552@example.com,9876502552,Other,1981-01-24,Ahmedabad,31618
3554,Sneha,Mehta,user2553@example.com,9876502553,Male,1975-03-05,Pune,76975
3555,Neha,Patel,user2554@example.com,9876502554,Other,1997-08-18,Kolkata,77238
3556,Sneha,Reddy,user2555@example.com,9876502555,Other,2007-01-02,Bangalore,61259
3559,Anjali,Patel,user2558@example.com,9876502558,Male,1995-04-28,Pune,86027
3560,Anjali,Singh,user2559@example.com,9876502559,Other,1996-07-21,Delhi,69454
3562,Vijay,Joshi,user2561@example.com,9876502561,Male,1974-06-19,Bangalore,103159
3563,Rakesh,Gupta,user2562@example.com,9876502562,Other,2017-07-28,Ahmedabad,90779
3564,Anjali,Joshi,user2563@example.com,9876502563,Other,2011-11-05,Mumbai,65994
3565,Rakesh,Patel,user2564@example.com,9876502564,Other,invalid,Hyderabad,68097
3567,Rakesh,Singh,user2566@example.com,9876502566,Female,1995-04-02,Mumbai,49586
3570,Anjali,Sharma,user2569@example.com,9876502569,Male,1993-12-20,Mumbai,63270
3573,Arjun,Reddy,user2572@example.com,9876502572,Female,2008-04-24,Chennai,69540
3577,Rakesh,Mehta,user2576@example.com,9876502576,Other,2017-03-13,Delhi,43105
3578,Vijay,Verma,user2577@example.com,9876502577,Male,2009-06-18,Hyderabad,85697
3580,Arjun,Rao,user2579@example.com,9876502579,Male,1976-03-06,Chennai,60409
3584,Anjali,Sharma,user2583@example.com,9876502583,Male,1981-06-08,Kolkata,68129
3585,Vijay,Kumar,user2584@example.com,9876502584,Female,1991-10-19,Pune,61897
3586,Amit,Joshi,user2585@example.com,9876502585,Other,2012-03-17,Chennai,53826
3587,Priya,Joshi,user2586@example.com,9876502586,Other,1984-05-21,Ahmedabad,93175
3591,Sneha,Patel,user2590@example.com,9876502590,Male,1974-09-29,Pune,64779
3593,Anjali,Reddy,user2592@example.com,9876502592,Female,2000-10-23,Chennai,106081
3594,Vijay,Kumar,user2593@example.com,9876502593,Male,1972-03-25,Ahmedabad,65005
3598,Arjun,Patel,user2597@example.com,9876502597,Male,2016-04-12,Mumbai,74027
3599,Kavya,Singh,user2598@example.com,9876502598,Other,1999-05-27,Ahmedabad,68370
3600,Priya,Singh,user2599@example.com,9876502599,Female,1983-10-21,Delhi,46772
3602,Kavya,Rao,user2601@example.com,9876502601,Other,1991-03-31,Bangalore,73989
3603,Arjun,Singh,user2602@example.com,9876502602,Female,1995-04-30,Kolkata,64065
3606,Rakesh,Rao,user2605@example.com,9876502605,Other,1992-10-19,Mumbai,60136
3607,Kavya,Reddy,user2606@example.com,9876502606,Other,2017-01-10,Bangalore,68643
3610,Kavya,Kumar,user2609@example.com,9876502609,Female,2006-03-26,Bangalore,97207
3612,Kavya,Mehta,user2611@example.com,9876502611,Other,2018-08-07,Mumbai,49384
3616,Sneha,Mehta,user2615@example.com,9876502615,Male,1995-04-18,Pune,75062
3617,Sneha,Sharma,user2616@example.com,9876502616,Female,1990-04-25,Mumbai,49939
3618,Priya,Singh,user2617@example.com,9876502617,Male,1986-04-23,Kolkata,78399
3619,Anjali,Joshi,user2618@example.com,9876502618,Other,2010-01-16,Delhi,52139
3624,Rakesh,Mehta,user2623@example.com,9876502623,Female,1978-12-16,Delhi,71204
3625,Neha,Mehta,user2624@example.com,9876502624,Male,1994-09-21,Ahmedabad,63959
3628,Neha,Mehta,user2627@example.com,9876502627,Other,2011-09-04,Kolkata,63936
3630,Sneha,Joshi,user2629@example.com,9876502629,Female,1998-06-17,Ahmedabad,34779
3631,Sneha,Singh,user2630@example.com,9876502630,Other,2013-06-10,Mumbai,37098
3638,Anjali,Kumar,user2637@example.com,9876502637,Female,1998-07-04,Delhi,75024
3644,Sneha,Rao,user2643@example.com,9876502643,Female,2017-01-19,Bangalore,51589
3646,Anjali,Mehta,user2645@example.com,9876502645,Other,1971-02-20,Kolkata,68444
3648,Sameer,Singh,user2647@example.com,9876502647,Male,1991-12-24,Chennai,59860
3649,Priya,Gupta,user2648@example.com,9876502648,Female,1983-11-06,Pune,70864
3650,Amit,Rao,user2649@example.com,9876502649,Other,1989-01-28,Hyderabad,59636
3655,Sameer,Verma,user2654@example.com,9876502654,Other,1983-04-19,Ahmedabad,61794
3657,Sameer,Rao,user2656@example.com,9876502656,Male,2050-01-01,Chennai,71309
3658,Sneha,Mehta,user2657@example.com,9876502657,Male,2015-01-28,Delhi,59146
3662,Vijay,Sharma,user2661@example.com,9876502661,Other,2017-06-26,Kolkata,92774
3663,Neha,Rao,user2662@example.com,9876502662,Male,2001-05-28,Ahmedabad,67519
3664,Rakesh,Sharma,user2663@example.com,9876502663,Other,2012-06-01,Chennai,53059
3665,Rakesh,Kumar,user2664@example.com,9876502664,Female,1992-03-20,Mumbai,50702
3667,Amit,Singh,user2666@example.com,9876502666,Male,1999-03-19,Delhi,79118
3668,Vijay,Rao,user2667@example.com,9876502667,Other,2001-05-01,Kolkata,71231
3670,Kavya,Gupta,user2669@example.com,9876502669,Female,1997-02-22,Delhi,54182
3673,Priya,Gupta,user2672@example.com,9876502672,Male,2012-11-23,Bangalore,119668
3674,Kavya,Joshi,user2673@example.com,9876502673,Male,2001-09-28,Pune,86023
3675,Amit,Joshi,user2674@example.com,9876502674,Female,2050-01-01,Mumbai,49510
3678,Kavya,Joshi,user2677@example.com,9876502677,Male,1981-04-25,Bangalore,60422
3682,Arjun,Reddy,user2681@example.com,9876502681,Other,1978-01-13,Ahmedabad,54885
3683,Amit,Kumar,user2682@example.com,9876502682,Male,1989-08-23,Delhi,48657
3685,Rakesh,Singh,user2684@example.com,9876502684,Other,1983-01-29,Ahmedabad,79808
3693,Arjun,Verma,user2692@example.com,9876502692,Male,2006-04-08,Kolkata,59878
3694,Amit,Rao,user2693@example.com,9876502693,Male,1995-07-29,Hyderabad,79832
3698,Neha,Joshi,user2697@example.com,9876502697,Male,1995-07-21,Pune,85846
3699,Priya,Sharma,user2698@example.com,9876502698,Other,1985-06-26,Ahmedabad,80795
3700,Anjali,Sharma,user2699@example.com,9876502699,Male,1976-09-14,Pune,54556
3702,Rakesh,Kumar,user2701@example.com,9876502701,Other,2017-02-14,Pune,107768
3703,Vijay,Patel,user2702@example.com,9876502702,Other,1973-04-18,Delhi,59184
3704,Sameer,Mehta,user2703@example.com,9876502703,Female,1988-02-15,Pune,85086
3708,Neha,Joshi,user2707@example.com,9876502707,Female,1973-06-22,Hyderabad,67011
3711,Rakesh,Patel,user2710@example.com,9876502710,Female,1991-03-07,Chennai,89123
3713,Vijay,Sharma,user2712@example.com,9876502712,Male,1996-11-21,Bangalore,79153
3714,Neha,Mehta,user2713@example.com,9876502713,Other,1979-09-01,Hyderabad,58039
3715,Priya,Joshi,user2714@example.com,9876502714,Female,1983-12-04,Delhi,97720
3718,Sameer,Sharma,user2717@example.com,9876502717,Other,1970-01-20,Mumbai,83708
3719,Vijay,Kumar,user2718@example.com,9876502718,Female,2005-06-28,Pune,48591
3720,Kavya,Gupta,user2719@example.com,9876502719,Other,1989-12-23,Mumbai,67547
3722,Rakesh,Patel,user2721@example.com,9876502721,Female,1993-12-14,Kolkata,56961
3724,Kavya,Gupta,user2723@example.com,9876502723,Other,1977-06-18,Kolkata,91830
3725,Priya,Kumar,user2724@example.com,9876502724,Other,2005-08-30,Ahmedabad,78323
3728,Rakesh,Rao,user2727@example.com,9876502727,Male,2015-05-25,Kolkata,61262
3730,Anjali,Reddy,user2729@example.com,9876502729,Female,1977-09-29,Delhi,56155
3733,Sameer,Sharma,user2732@example.com,9876502732,Male,2008-12-26,Ahmedabad,43244
3734,Neha,Rao,user2733@example.com,9876502733,Female,1978-12-23,Delhi,110624
3738,Kavya,Mehta,user2737@example.com,9876502737,Female,1973-10-19,Bangalore,46155
3739,Anjali,Singh,user2738@example.com,9876502738,Female,2016-08-12,Hyderabad,73032
3740,Vijay,Kumar,user2739@example.com,9876502739,Male,2011-06-21,Delhi,103693
3742,Priya,Singh,user2741@example.com,9876502741,Male,1971-07-29,Bangalore,68983
3744,Rakesh,Patel,user2743@example.com,9876502743,Male,invalid,Mumbai,98313
3745,Sameer,Patel,user2744@example.com,9876502744,Female,1991-05-07,Pune,70613
3747,Neha,Gupta,user2746@example.com,9876502746,Other,1973-12-27,Bangalore,80051
3748,Kavya,Gupta,user2747@example.com,9876502747,Female,1974-05-15,Chennai,68419
3753,Amit,Rao,user2752@example.com,9876502752,Male,2000-01-17,Delhi,67889
3756,Neha,Verma,user2755@example.com,9876502755,Male,1988-07-05,Kolkata,76191
3758,Sneha,Verma,user2757@example.com,9876502757,Female,1985-08-04,Hyderabad,83568
3759,Amit,Verma,user2758@example.com,9876502758,Other,1970-01-11,Bangalore,47921
3763,Anjali,Patel,user2762@example.com,9876502762,Male,invalid,Kolkata,26916
3764,Vijay,Rao,user2763@example.com,9876502763,Male,2007-01-04,Chennai,64744
3765,Priya,Patel,user2764@example.com,9876502764,Male,2016-06-30,Pune,77225
3766,Rakesh,Patel,user2765@example.com,9876502765,Other,2017-02-10,Pune,77772
3767,Sameer,Sharma,user2766@example.com,9876502766,Female,1998-12-29,Bangalore,49524
3774,Amit,Sharma,user2773@example.com,9876502773,Female,2002-08-31,Mumbai,89352
3782,Kavya,Sharma,user2781@example.com,9876502781,Other,2001-11-20,Delhi,68155
3784,Priya,Rao,user2783@example.com,9876502783,Male,1970-02-13,Ahmedabad,79152
3785,Neha,Singh,user2784@example.com,9876502784,Male,1990-08-16,Hyderabad,79042
3788,Sameer,Joshi,user2787@example.com,9876502787,Female,1978-03-15,Kolkata,87734
3790,Neha,Rao,user2789@example.com,9876502789,Male,2009-06-12,Mumbai,69511
3792,Vijay,Reddy,user2791@example.com,9876502791,Male,1998-11-04,Bangalore,89244
3793,Sneha,Patel,user2792@example.com,9876502792,Female,1981-11-20,Bangalore,46517
3795,Anjali,Sharma,user2794@example.com,9876502794,Other,1971-09-09,Mumbai,27260
3796,Priya,Sharma,user2795@example.com,9876502795,Male,1970-08-28,Bangalore,59342
3797,Amit,Kumar,user2796@example.com,9876502796,Other,1986-07-28,Kolkata,102700
3799,Vijay,Rao,user2798@example.com,9876502798,Male,1997-07-06,Chennai,32370
3807,Amit,Verma,user2806@example.com,9876502806,Female,2005-09-05,Bangalore,60566
3808,Vijay,Sharma,user2807@example.com,9876502807,Male,2007-12-20,Delhi,107652
3809,Amit,Patel,user2808@example.com,9876502808,Male,1979-03-23,Mumbai,58807
3810,Vijay,Kumar,user2809@example.com,9876502809,Other,1976-02-06,Mumbai,31119
3812,Neha,Rao,user2811@example.com,9876502811,Male,1998-08-14,Chennai,72652
3814,Priya,Mehta,user2813@example.com,9876502813,Other,2007-07-12,Mumbai,57163
3816,Neha,Singh,user2815@example.com,9876502815,Other,2006-03-19,Ahmedabad,69930
3817,Sneha,Reddy,user2816@example.com,9876502816,Female,2000-06-01,Delhi,64873
3822,Neha,Gupta,user2821@example.com,9876502821,Female,invalid,Chennai,19409
3824,Rakesh,Reddy,user2823@example.com,9876502823,Other,2009-03-28,Bangalore,69267
3825,Sameer,Verma,user2824@example.com,9876502824,Male,2000-10-24,Ahmedabad,67317
3827,Vijay,Rao,user2826@example.com,9876502826,Other,2012-08-31,Bangalore,58302
3829,Neha,Verma,user2828@example.com,9876502828,Male,1974-03-31,Ahmedabad,76753
3832,Vijay,Verma,user2831@example.com,9876502831,Other,1984-04-30,Ahmedabad,85501
3834,Vijay,Rao,user2833@example.com,9876502833,Male,2008-06-06,Mumbai,38189
3837,Arjun,Singh,user2836@example.com,9876502836,Male,2002-10-11,Delhi,65806
3838,Sameer,Sharma,user2837@example.com,9876502837,Female,1973-11-30,Delhi,30972
3840,Rakesh,Singh,user2839@example.com,9876502839,Female,1975-06-11,Kolkata,39874
3842,Rakesh,Joshi,user2841@example.com,9876502841,Male,2000-01-13,Pune,66227
3843,Neha,Singh,user2842@example.com,9876502842,Other,2002-07-21,Pune,62540
3845,Sameer,Mehta,user2844@example.com,9876502844,Male,2013-01-04,Hyderabad,59523
3848,Vijay,Patel,user2847@example.com,9876502847,Other,2001-07-04,Pune,83949
3849,Vijay,Verma,user2848@example.com,9876502848,Male,1971-05-29,Kolkata,26104
3850,Neha,Gupta,user2849@example.com,9876502849,Other,2003-08-24,Pune,66309
3852,Arjun,Reddy,user2851@example.com,9876502851,Male,1984-03-02,Hyderabad,52532
3856,Sneha,Reddy,user2855@example.com,9876502855,Other,2015-10-13,Delhi,43983
3857,Amit,Verma,user2856@example.com,9876502856,Other,1989-04-22,Delhi,63651
3859,Priya,Reddy,user2858@example.com,9876502858,Female,1979-05-06,Kolkata,43623
3867,Sameer,Reddy,user2866@example.com,9876502866,Male,1979-05-03,Chennai,77517
3869,Neha,Mehta,user2868@example.com,9876502868,Other,1974-03-30,Chennai,76465
3872,Neha,Gupta,user2871@example.com,9876502871,Male,2010-05-07,Pune,40722
3875,Neha,Sharma,user2874@example.com,9876502874,Female,1998-05-03,Kolkata,55854
3877,Sameer,Kumar,user2876@example.com,9876502876,Other,1992-11-12,Chennai,64667
3879,Kavya,Joshi,user2878@example.com,9876502878,Male,2000-02-13,Delhi,99273
3882,Amit,Kumar,user2881@example.com,9876502881,Male,1977-01-25,Bangalore,78780
3883,Vijay,Kumar,user2882@example.com,9876502882,Female,2008-02-17,Ahmedabad,42734
3884,Arjun,Rao,user2883@example.com,9876502883,Female,2011-07-13,Pune,45509
3885,Sneha,Verma,user2884@example.com,9876502884,Other,1981-11-07,Pune,57119
3887,Priya,Singh,user2886@example.com,9876502886,Other,1980-04-05,Hyderabad,76052
3888,Priya,Joshi,user2887@example.com,9876502887,Other,1973-12-30,Mumbai,71547
3889,Priya,Mehta,user2888@example.com,9876502888,Other,1982-02-17,Hyderabad,44815
3890,Vijay,Kumar,user2889@example.com,9876502889,Male,1990-01-27,Kolkata,59085
3893,Priya,Sharma,user2892@example.com,9876502892,Male,2017-11-25,Kolkata,27796
3894,Anjali,Patel,user2893@example.com,9876502893,Other,2001-06-30,Kolkata,60305
3895,Sneha,Kumar,user2894@example.com,9876502894,Other,2004-06-29,Chennai,52079
3897,Anjali,Rao,user2896@example.com,9876502896,Female,1999-11-26,Hyderabad,48820
3899,Vijay,Rao,user2898@example.com,9876502898,Female,2009-08-08,Hyderabad,72928
3902,Sneha,Rao,user2901@example.com,9876502901,Other,2009-04-18,Mumbai,76775
3904,Neha,Mehta,user2903@example.com,9876502903,Female,1993-05-13,Mumbai,55569
3906,Arjun,Mehta,user2905@example.com,9876502905,Male,1982-12-07,Hyderabad,66108
3907,Priya,Verma,user2906@example.com,9876502906,Male,1995-11-30,Bangalore,37365
3913,Anjali,Verma,user2912@example.com,9876502912,Female,invalid,Bangalore,72635
3914,Amit,Mehta,user2913@example.com,9876502913,Female,2007-07-24,Kolkata,75848
3915,Rakesh,Singh,user2914@example.com,9876502914,Female,1980-03-07,Chennai,22057
3919,Priya,Mehta,user2918@example.com,9876502918,Other,2013-12-15,Hyderabad,66911
3920,Vijay,Kumar,user2919@example.com,9876502919,Other,1997-03-09,Delhi,25582
3922,Sneha,Singh,user2921@example.com,9876502921,Other,1982-06-12,Hyderabad,48074
3923,Rakesh,Reddy,user2922@example.com,9876502922,Male,1984-08-14,Chennai,57880
3924,Arjun,Reddy,user2923@example.com,9876502923,Other,2012-01-14,Bangalore,62802
3925,Vijay,Mehta,user2924@example.com,9876502924,Other,1981-10-12,Pune,89164
3927,Sneha,Joshi,user2926@example.com,9876502926,Female,1985-12-18,Chennai,57809
3928,Rakesh,Verma,user2927@example.com,9876502927,Female,2014-03-27,Chennai,53214
3929,Sameer,Rao,user2928@example.com,9876502928,Female,2013-06-13,Kolkata,69508
3931,Amit,Sharma,user2930@example.com,9876502930,Male,1982-01-30,Delhi,60163
3933,Amit,Patel,user2932@example.com,9876502932,Other,1977-08-28,Pune,59591
3934,Sameer,Gupta,user2933@example.com,9876502933,Female,2008-05-08,Kolkata,33694
3935,Arjun,Rao,user2934@example.com,9876502934,Male,2010-12-22,Bangalore,63849
3936,Sneha,Kumar,user2935@example.com,9876502935,Other,1988-06-20,Delhi,64564
3939,Sneha,Kumar,user2938@example.com,9876502938,Other,1974-04-05,Bangalore,49002
3943,Amit,Reddy,user2942@example.com,9876502942,Male,2007-03-11,Kolkata,49062
3946,Sneha,Rao,user2945@example.com,9876502945,Male,1997-01-15,Ahmedabad,77255
3948,Amit,Reddy,user2947@example.com,9876502947,Female,1975-12-25,Delhi,25075
3949,Amit,Sharma,user2948@example.com,9876502948,Male,2008-06-22,Hyderabad,20334
3952,Kavya,Mehta,user2951@example.com,9876502951,Other,2011-04-15,Ahmedabad,77143
3953,Kavya,Singh,user2952@example.com,9876502952,Male,1989-07-28,Hyderabad,69633
3954,Kavya,Joshi,user2953@example.com,9876502953,Female,2005-03-13,Mumbai,41992
3957,Neha,Gupta,user2956@example.com,9876502956,Other,2008-12-06,Pune,83915
3958,Kavya,Patel,user2957@example.com,9876502957,Female,2000-10-08,Kolkata,71385
3960,Sameer,Kumar,user2959@example.com,9876502959,Male,1989-09-15,Bangalore,90813
3962,Neha,Reddy,user2961@example.com,9876502961,Female,1985-02-20,Mumbai,50171
3963,Arjun,Sharma,user2962@example.com,9876502962,Female,1989-10-04,Hyderabad,62882
3964,Arjun,Kumar,user2963@example.com,9876502963,Female,2004-07-13,Pune,90352
3967,Vijay,Singh,user2966@example.com,9876502966,Female,2014-03-04,Delhi,81099
3968,Amit,Sharma,user2967@example.com,9876502967,Female,1987-04-26,Pune,71159
3969,Kavya,Patel,user2968@example.com,9876502968,Male,1992-10-05,Pune,86462
3970,Vijay,Singh,user2969@example.com,9876502969,Other,2009-08-03,Pune,34299
3972,Kavya,Sharma,user2971@example.com,9876502971,Female,2016-01-15,Delhi,52515
3978,Vijay,Joshi,user2977@example.com,9876502977,Male,1992-09-14,Bangalore,62536
3982,Neha,Kumar,user2981@example.com,9876502981,Female,2017-01-17,Ahmedabad,69565
3984,Rakesh,Patel,user2983@example.com,9876502983,Other,2008-11-08,Hyderabad,89950
3990,Arjun,Rao,user2989@example.com,9876502989,Male,1998-08-29,Pune,81282
3991,Vijay,Mehta,user2990@example.com,9876502990,Other,1994-03-15,Hyderabad,83894
3993,Arjun,Reddy,user2992@example.com,9876502992,Female,2018-10-11,Pune,38129
3996,Rakesh,Verma,user2995@example.com,9876502995,Male,2003-09-29,Mumbai,66419
3997,Rakesh,Patel,user2996@example.com,9876502996,Male,1971-12-25,Delhi,87947
4000,Amit,Verma,user2999@example.com,9876502999,Other,2006-09-14,Delhi,63608
4002,Vijay,Verma,user3001@example.com,9876503001,Male,2007-05-26,Delhi,101202
4003,Priya,Singh,user3002@example.com,9876503002,Other,1980-07-20,Pune,77450
4004,Rakesh,Gupta,user3003@example.com,9876503003,Male,1982-10-27,Ahmedabad,76124
4005,Priya,Verma,user3004@example.com,9876503004,Other,2001-03-10,Hyderabad,44603
4006,Kavya,Rao,user3005@example.com,9876503005,Female,1986-04-27,Delhi,34128
4007,Neha,Verma,user3006@example.com,9876503006,Other,2012-05-04,Hyderabad,70114
4008,Sameer,Sharma,user3007@example.com,9876503007,Female,2003-08-22,Delhi,61269
4011,Rakesh,Reddy,user3010@example.com,9876503010,Male,1996-08-10,Hyderabad,93058
4012,Priya,Patel,user3011@example.com,9876503011,Other,1984-01-23,Pune,41076
4013,Anjali,Gupta,user3012@example.com,9876503012,Male,1988-06-26,Chennai,61079
4014,Kavya,Gupta,user3013@example.com,9876503013,Other,1992-06-23,Bangalore,57173
4015,Sameer,Sharma,user3014@example.com,9876503014,Male,2001-12-16,Ahmedabad,86953
4018,Amit,Sharma,user3017@example.com,9876503017,Male,2006-04-27,Delhi,66614
4019,Sneha,Sharma,user3018@example.com,9876503018,Other,1972-05-28,Chennai,49220
4022,Priya,Gupta,user3021@example.com,9876503021,Male,1987-03-05,Pune,122784
4023,Neha,Sharma,user3022@example.com,9876503022,Other,2004-11-20,Bangalore,55750
4024,Arjun,Patel,user3023@example.com,9876503023,Female,2019-04-07,Delhi,63212
4025,Sneha,Mehta,user3024@example.com,9876503024,Other,1988-05-20,Chennai,69363
4028,Sneha,Singh,user3027@example.com,9876503027,Female,2013-07-02,Ahmedabad,103425
4029,Rakesh,Kumar,user3028@example.com,9876503028,Other,1975-11-07,Ahmedabad,48978
4034,Arjun,Joshi,user3033@example.com,9876503033,Male,2006-03-25,Pune,97553
4036,Neha,Joshi,user3035@example.com,9876503035,Male,2013-11-16,Hyderabad,71306
4040,Sameer,Joshi,user3039@example.com,9876503039,Male,1994-05-05,Ahmedabad,68368
4043,Priya,Singh,user3042@example.com,9876503042,Male,1987-12-30,Chennai,61191
4047,Neha,Singh,user3046@example.com,9876503046,Male,1991-05-21,Hyderabad,10175
4048,Sneha,Kumar,user3047@example.com,9876503047,Female,2004-09-13,Delhi,68342
4049,Priya,Patel,user3048@example.com,9876503048,Male,1997-10-15,Mumbai,74457
4050,Arjun,Joshi,user3049@example.com,9876503049,Male,1991-07-30,Delhi,60400
4052,Arjun,Verma,user3051@example.com,9876503051,Female,1975-10-17,Hyderabad,82956
4053,Kavya,Gupta,user3052@example.com,9876503052,Female,1988-01-08,Hyderabad,80663
4056,Sneha,Singh,user3055@example.com,9876503055,Male,1989-12-27,Hyderabad,52824
4057,Sameer,Rao,user3056@example.com,9876503056,Other,1997-11-18,Chennai,57990
4059,Anjali,Verma,user3058@example.com,9876503058,Female,2009-05-04,Ahmedabad,77507
4060,Priya,Joshi,user3059@example.com,9876503059,Female,1985-01-15,Delhi,57103
4062,Sameer,Gupta,user3061@example.com,9876503061,Other,2003-01-15,Mumbai,73463
4066,Anjali,Sharma,user3065@example.com,9876503065,Male,1972-12-25,Bangalore,62552
4067,Rakesh,Singh,user3066@example.com,9876503066,Other,1972-02-29,Pune,80126
4068,Anjali,Reddy,user3067@example.com,9876503067,Female,1981-06-26,Mumbai,76314
4069,Rakesh,Joshi,user3068@example.com,9876503068,Female,2004-05-20,Bangalore,62636
4071,Rakesh,Reddy,user3070@example.com,9876503070,Female,1988-04-07,Bangalore,106985
4074,Priya,Rao,user3073@example.com,9876503073,Other,1984-02-12,Hyderabad,79057
4077,Vijay,Singh,user3076@example.com,9876503076,Female,1995-04-01,Pune,101133
4078,Arjun,Gupta,user3077@example.com,9876503077,Male,2002-04-21,Delhi,75277
4083,Rakesh,Rao,user3082@example.com,9876503082,Other,2003-05-19,Hyderabad,38146
4084,Rakesh,Singh,user3083@example.com,9876503083,Male,1975-10-24,Hyderabad,72737
4087,Kavya,Gupta,user3086@example.com,9876503086,Female,2003-11-18,Kolkata,72619
4088,Priya,Reddy,user3087@example.com,9876503087,Female,2000-07-31,Chennai,76199
4090,Amit,Rao,user3089@example.com,9876503089,Other,1990-01-13,Kolkata,74400
4093,Anjali,Gupta,user3092@example.com,9876503092,Other,1977-12-27,Chennai,53469
4094,Kavya,Gupta,user3093@example.com,9876503093,Other,2004-12-13,Ahmedabad,82507
4096,Anjali,Verma,user3095@example.com,9876503095,Other,1974-04-29,Delhi,76347
4098,Rakesh,Sharma,user3097@example.com,9876503097,Other,2009-04-15,Kolkata,73718
4100,Amit,Sharma,user3099@example.com,9876503099,Other,1991-08-21,Delhi,91486
4102,Sameer,Patel,user3101@example.com,9876503101,Female,1980-07-11,Bangalore,54317
4104,Sneha,Sharma,user3103@example.com,9876503103,Other,1976-07-18,Bangalore,60153
4109,Arjun,Rao,user3108@example.com,9876503108,Male,2002-05-15,Hyderabad,30813
4110,Sameer,Rao,user3109@example.com,9876503109,Male,1983-07-14,Bangalore,33543
4111,Kavya,Sharma,user3110@example.com,9876503110,Male,1992-11-15,Delhi,54176
4114,Vijay,Patel,user3113@example.com,9876503113,Male,2000-03-14,Pune,85150
4115,Sneha,Kumar,user3114@example.com,9876503114,Male,2016-05-05,Delhi,50985
4116,Anjali,Reddy,user3115@example.com,9876503115,Female,2018-10-12,Bangalore,78713
4119,Amit,Patel,user3118@example.com,9876503118,Other,1972-08-26,Mumbai,39152
4122,Rakesh,Patel,user3121@example.com,9876503121,Female,1983-03-13,Ahmedabad,74082
4125,Neha,Singh,user3124@example.com,9876503124,Male,1981-10-10,Pune,77624
4128,Rakesh,Mehta,user3127@example.com,9876503127,Female,2000-04-24,Delhi,72291
4130,Priya,Reddy,user3129@example.com,9876503129,Female,1994-08-05,Bangalore,67910
4131,Priya,Sharma,user3130@example.com,9876503130,Other,1984-03-08,Mumbai,58966
4133,Priya,Reddy,user3132@example.com,9876503132,Male,1984-11-04,Mumbai,55165
4135,Rakesh,Rao,user3134@example.com,9876503134,Female,2008-02-09,Bangalore,75395
4138,Neha,Joshi,user3137@example.com,9876503137,Male,2006-02-20,Kolkata,48890
4140,Anjali,Joshi,user3139@example.com,9876503139,Female,2013-07-15,Pune,65133
4142,Arjun,Patel,user3141@example.com,9876503141,Male,1992-04-08,Hyderabad,49928
4143,Sameer,Reddy,user3142@example.com,9876503142,Female,1973-05-20,Ahmedabad,63666
4145,Anjali,Kumar,user3144@example.com,9876503144,Male,2012-10-28,Hyderabad,96484
4147,Priya,Singh,user3146@example.com,9876503146,Other,2002-06-09,Delhi,21567
4148,Amit,Mehta,user3147@example.com,9876503147,Other,2050-01-01,Chennai,81771
4154,Amit,Singh,user3153@example.com,9876503153,Female,1984-04-14,Ahmedabad,38427
4160,Rakesh,Verma,user3159@example.com,9876503159,Other,1995-02-15,Ahmedabad,77821
4163,Neha,Gupta,user3162@example.com,9876503162,Other,2010-08-26,Bangalore,68390
4164,Amit,Reddy,user3163@example.com,9876503163,Female,2000-10-22,Delhi,71081
4165,Sameer,Mehta,user3164@example.com,9876503164,Female,1982-04-05,Mumbai,94609
4173,Sneha,Kumar,user3172@example.com,9876503172,Other,2003-05-05,Pune,28576
4175,Priya,Sharma,user3174@example.com,9876503174,Other,1996-06-15,Kolkata,50441
4177,Rakesh,Kumar,user3176@example.com,9876503176,Female,2004-09-21,Chennai,83831
4178,Amit,Joshi,user3177@example.com,9876503177,Male,1981-11-21,Chennai,73563
4180,Priya,Rao,user3179@example.com,9876503179,Male,1979-03-17,Bangalore,21400
4182,Sameer,Patel,user3181@example.com,9876503181,Female,1974-06-25,Kolkata,67677
4183,Priya,Verma,user3182@example.com,9876503182,Male,2010-11-21,Bangalore,91030
4184,Anjali,Verma,user3183@example.com,9876503183,Male,2000-05-27,Hyderabad,48106
4185,Anjali,Kumar,user3184@example.com,9876503184,Female,2011-05-14,Chennai,58187
4186,Rakesh,Verma,user3185@example.com,9876503185,Other,2018-04-07,Kolkata,67815
4188,Vijay,Sharma,user3187@example.com,9876503187,Male,1999-07-17,Kolkata,42814
4190,Sameer,Joshi,user3189@example.com,9876503189,Female,1999-04-23,Chennai,53198
4191,Sneha,Kumar,user3190@example.com,9876503190,Male,1982-05-12,Bangalore,72506
4192,Vijay,Verma,user3191@example.com,9876503191,Other,2009-06-27,Chennai,61139
4193,Sameer,Mehta,user3192@example.com,9876503192,Other,2050-01-01,Hyderabad,70499
4195,Kavya,Patel,user3194@example.com,9876503194,Male,2018-05-01,Kolkata,90540
4197,Anjali,Gupta,user3196@example.com,9876503196,Other,1976-07-04,Ahmedabad,58952
4198,Arjun,Singh,user3197@example.com,9876503197,Other,2016-05-24,Mumbai,86367
4200,Amit,Kumar,user3199@example.com,9876503199,Other,2011-09-15,Bangalore,57074
4204,Neha,Gupta,user3203@example.com,9876503203,Other,1976-11-09,Bangalore,83402
4205,Vijay,Mehta,user3204@example.com,9876503204,Female,1997-07-26,Delhi,59495
4207,Arjun,Patel,user3206@example.com,9876503206,Female,1995-07-10,Hyderabad,59745
4214,Neha,Joshi,user3213@example.com,9876503213,Female,1985-07-20,Kolkata,40585
4217,Sneha,Singh,user3216@example.com,9876503216,Female,1973-11-13,Kolkata,82145
4219,Vijay,Singh,user3218@example.com,9876503218,Female,1976-02-28,Mumbai,68565
4223,Sameer,Joshi,user3222@example.com,9876503222,Other,1994-03-11,Bangalore,63649
4228,Priya,Kumar,user3227@example.com,9876503227,Male,1984-03-13,Kolkata,61412
4229,Kavya,Gupta,user3228@example.com,9876503228,Male,2006-12-17,Pune,60049
4230,Sneha,Gupta,user3229@example.com,9876503229,Male,1996-03-22,Kolkata,75298
4233,Kavya,Kumar,user3232@example.com,9876503232,Male,2007-10-12,Hyderabad,62424
4238,Anjali,Sharma,user3237@example.com,9876503237,Male,2004-03-07,Delhi,77224
4239,Sneha,Joshi,user3238@example.com,9876503238,Female,2003-02-10,Pune,49350
4240,Kavya,Verma,user3239@example.com,9876503239,Other,1992-05-10,Chennai,62477
4244,Amit,Joshi,user3243@example.com,9876503243,Other,2004-06-05,Chennai,67008
4245,Sneha,Mehta,user3244@example.com,9876503244,Female,1974-04-18,Hyderabad,52893
4249,Rakesh,Rao,user3248@example.com,9876503248,Male,1978-01-12,Ahmedabad,94960
4250,Amit,Mehta,user3249@example.com,9876503249,Male,1982-05-07,Delhi,79335
4253,Vijay,Reddy,user3252@example.com,9876503252,Other,1978-09-03,Bangalore,87716
4255,Rakesh,Verma,user3254@example.com,9876503254,Male,1973-09-02,Chennai,57207
4258,Sameer,Singh,user3257@example.com,9876503257,Other,1991-02-24,Bangalore,79587
4259,Vijay,Kumar,user3258@example.com,9876503258,Other,1981-05-30,Mumbai,59491
4262,Arjun,Verma,user3261@example.com,9876503261,Male,2002-10-03,Chennai,64318
4263,Amit,Patel,user3262@example.com,9876503262,Other,1995-06-23,Kolkata,68115
4264,Amit,Reddy,user3263@example.com,9876503263,Male,1983-03-02,Pune,84921
4265,Anjali,Gupta,user3264@example.com,9876503264,Female,1994-03-09,Ahmedabad,85482
4266,Anjali,Gupta,user3265@example.com,9876503265,Male,1988-06-08,Delhi,42326
4267,Neha,Kumar,user3266@example.com,9876503266,Other,1998-07-22,Bangalore,74211
4272,Kavya,Reddy,user3271@example.com,9876503271,Other,1988-07-13,Delhi,75764
4273,Kavya,Joshi,user3272@example.com,9876503272,Female,1984-12-11,Delhi,70746
4274,Neha,Sharma,user3273@example.com,9876503273,Male,1975-07-15,Pune,84592
4275,Rakesh,Reddy,user3274@example.com,9876503274,Female,2000-06-20,Ahmedabad,62776
4277,Priya,Gupta,user3276@example.com,9876503276,Male,1994-07-29,Hyderabad,76950
4278,Neha,Mehta,user3277@example.com,9876503277,Female,1994-04-07,Ahmedabad,88526
4280,Sneha,Rao,user3279@example.com,9876503279,Male,1999-06-23,Kolkata,96352
4283,Kavya,Patel,user3282@example.com,9876503282,Female,1973-07-01,Pune,57126
4284,Kavya,Gupta,user3283@example.com,9876503283,Other,1978-05-02,Pune,54993
4285,Sneha,Verma,user3284@example.com,9876503284,Male,1990-03-07,Mumbai,102871
4287,Vijay,Joshi,user3286@example.com,9876503286,Other,2007-06-08,Hyderabad,74917
4288,Arjun,Gupta,user3287@example.com,9876503287,Other,1992-11-30,Bangalore,27169
4289,Vijay,Sharma,user3288@example.com,9876503288,Male,1993-03-08,Chennai,90709
4290,Arjun,Joshi,user3289@example.com,9876503289,Male,2008-03-15,Mumbai,44230
4291,Anjali,Joshi,user3290@example.com,9876503290,Other,2001-08-17,Kolkata,64272
4293,Kavya,Gupta,user3292@example.com,9876503292,Female,1996-04-30,Kolkata,69793
4294,Priya,Patel,user3293@example.com,9876503293,Male,2013-05-04,Ahmedabad,95681
4295,Priya,Joshi,user3294@example.com,9876503294,Other,1991-08-16,Delhi,45771
4298,Sneha,Sharma,user3297@example.com,9876503297,Other,1989-04-22,Delhi,96399
4302,Priya,Reddy,user3301@example.com,9876503301,Male,1976-12-20,Ahmedabad,65149
4303,Rakesh,Mehta,user3302@example.com,9876503302,Other,1990-12-27,Delhi,44500
4307,Sameer,Rao,user3306@example.com,9876503306,Female,1991-01-16,Delhi,40081
4308,Vijay,Sharma,user3307@example.com,9876503307,Other,1992-08-26,Ahmedabad,114379
4309,Kavya,Verma,user3308@example.com,9876503308,Male,2002-07-30,Bangalore,76096
4315,Arjun,Kumar,user3314@example.com,9876503314,Male,1992-08-26,Chennai,45482
4317,Sneha,Joshi,user3316@example.com,9876503316,Other,2007-04-29,Kolkata,107142
4318,Sameer,Mehta,user3317@example.com,9876503317,Male,1970-12-09,Kolkata,35402
4322,Amit,Gupta,user3321@example.com,9876503321,Female,1999-03-18,Bangalore,71778
4324,Arjun,Kumar,user3323@example.com,9876503323,Other,1994-01-04,Bangalore,99030
4325,Vijay,Rao,user3324@example.com,9876503324,Female,1992-08-12,Ahmedabad,36038
4330,Rakesh,Rao,user3329@example.com,9876503329,Other,2009-12-15,Pune,76930
4333,Arjun,Singh,user3332@example.com,9876503332,Other,1994-08-09,Hyderabad,60668
4336,Neha,Singh,user3335@example.com,9876503335,Other,1980-09-12,Ahmedabad,73944
4339,Rakesh,Joshi,user3338@example.com,9876503338,Other,1977-02-09,Chennai,50124
4342,Sameer,Reddy,user3341@example.com,9876503341,Other,1977-03-06,Ahmedabad,77634
4344,Anjali,Reddy,user3343@example.com,9876503343,Male,1995-08-15,Delhi,42835
4347,Priya,Mehta,user3346@example.com,9876503346,Female,2009-06-28,Mumbai,82776
4348,Amit,Verma,user3347@example.com,9876503347,Other,1982-06-25,Hyderabad,51702
4352,Sameer,Reddy,user3351@example.com,9876503351,Female,2018-03-14,Chennai,59276
4353,Vijay,Sharma,user3352@example.com,9876503352,Female,2016-12-17,Mumbai,70376
4355,Vijay,Gupta,user3354@example.com,9876503354,Male,1998-07-19,Pune,74156
4357,Rakesh,Singh,user3356@example.com,9876503356,Male,1992-02-17,Ahmedabad,61643
4358,Neha,Singh,user3357@example.com,9876503357,Male,1990-10-02,Hyderabad,66090
4360,Vijay,Sharma,user3359@example.com,9876503359,Other,1987-09-05,Chennai,56110
4362,Priya,Joshi,user3361@example.com,9876503361,Other,1997-06-07,Bangalore,96356
4363,Priya,Singh,user3362@example.com,9876503362,Female,1997-07-23,Hyderabad,99887
4365,Priya,Singh,user3364@example.com,9876503364,Female,2004-03-22,Kolkata,71113
4370,Vijay,Singh,user3369@example.com,9876503369,Other,2002-08-29,Chennai,72319
4371,Sneha,Kumar,user3370@example.com,9876503370,Female,1975-07-30,Mumbai,44340
4372,Sneha,Gupta,user3371@example.com,9876503371,Female,1996-06-30,Pune,35363
4375,Kavya,Sharma,user3374@example.com,9876503374,Other,2011-03-11,Kolkata,39800
4377,Priya,Mehta,user3376@example.com,9876503376,Male,1997-09-03,Hyderabad,64898
4379,Sneha,Kumar,user3378@example.com,9876503378,Other,2008-01-13,Bangalore,71383
4380,Priya,Rao,user3379@example.com,9876503379,Male,2000-06-18,Ahmedabad,50350
4382,Arjun,Mehta,user3381@example.com,9876503381,Female,1991-02-21,Pune,99350
4383,Neha,Rao,user3382@example.com,9876503382,Other,2015-09-11,Kolkata,43949
4384,Rakesh,Sharma,user3383@example.com,9876503383,Male,1989-07-03,Mumbai,74418
4385,Sameer,Kumar,user3384@example.com,9876503384,Female,1985-11-30,Pune,43920
4386,Vijay,Reddy,user3385@example.com,9876503385,Other,1979-02-27,Mumbai,56767
4388,Priya,Rao,user3387@example.com,9876503387,Other,1975-05-26,Kolkata,24332
4390,Anjali,Verma,user3389@example.com,9876503389,Female,1972-09-10,Hyderabad,39133
4392,Rakesh,Sharma,user3391@example.com,9876503391,Female,2000-01-07,Hyderabad,65388
4393,Anjali,Singh,user3392@example.com,9876503392,Female,1998-05-08,Kolkata,56419
4394,Rakesh,Gupta,user3393@example.com,9876503393,Male,1975-10-29,Pune,52629
4395,Priya,Joshi,user3394@example.com,9876503394,Other,1971-07-15,Delhi,77830
4396,Sneha,Reddy,user3395@example.com,9876503395,Female,1988-03-19,Kolkata,46487
4397,Kavya,Joshi,user3396@example.com,9876503396,Female,1997-05-20,Ahmedabad,76396
4403,Vijay,Verma,user3402@example.com,9876503402,Other,2005-04-08,Bangalore,65107
4404,Sameer,Patel,user3403@example.com,9876503403,Female,2018-10-08,Ahmedabad,48304
4405,Priya,Singh,user3404@example.com,9876503404,Male,2017-06-14,Hyderabad,90081
4408,Neha,Mehta,user3407@example.com,9876503407,Other,1993-06-21,Ahmedabad,79186
4410,Vijay,Rao,user3409@example.com,9876503409,Other,1970-11-06,Delhi,47370
4412,Anjali,Gupta,user3411@example.com,9876503411,Other,invalid,Ahmedabad,83745
4417,Amit,Reddy,user3416@example.com,9876503416,Other,1998-02-07,Delhi,52774
4418,Arjun,Sharma,user3417@example.com,9876503417,Other,2013-12-10,Hyderabad,59585
4419,Sneha,Gupta,user3418@example.com,9876503418,Female,2001-11-02,Mumbai,72067
4422,Rakesh,Rao,user3421@example.com,9876503421,Female,2014-04-15,Delhi,97064
4423,Anjali,Reddy,user3422@example.com,9876503422,Male,1996-10-28,Delhi,88705
4424,Vijay,Mehta,user3423@example.com,9876503423,Other,2006-12-05,Bangalore,57411
4425,Kavya,Reddy,user3424@example.com,9876503424,Male,2010-08-04,Chennai,69676
4427,Priya,Reddy,user3426@example.com,9876503426,Female,1971-04-04,Pune,70012
4428,Amit,Reddy,user3427@example.com,9876503427,Male,1990-10-03,Delhi,61786
4429,Rakesh,Sharma,user3428@example.com,9876503428,Other,2015-10-13,Mumbai,42154
4430,Vijay,Rao,user3429@example.com,9876503429,Female,2011-11-20,Kolkata,94039
4431,Arjun,Sharma,user3430@example.com,9876503430,Other,2003-03-24,Delhi,99161
4433,Anjali,Mehta,user3432@example.com,9876503432,Male,2050-01-01,Ahmedabad,75415
4434,Amit,Joshi,user3433@example.com,9876503433,Female,1985-06-14,Mumbai,50702
4437,Rakesh,Verma,user3436@example.com,9876503436,Male,1993-04-26,Hyderabad,52456
4438,Neha,Rao,user3437@example.com,9876503437,Other,1988-02-06,Ahmedabad,68803
4439,Amit,Singh,user3438@example.com,9876503438,Other,2002-04-27,Hyderabad,28692
4445,Amit,Joshi,user3444@example.com,9876503444,Male,2017-02-07,Ahmedabad,61407
4446,Vijay,Patel,user3445@example.com,9876503445,Other,1986-05-25,Pune,49722
4447,Sneha,Mehta,user3446@example.com,9876503446,Other,1985-06-06,Pune,84360
4449,Priya,Joshi,user3448@example.com,9876503448,Other,1982-08-10,Kolkata,52531
4450,Neha,Mehta,user3449@example.com,9876503449,Other,2019-02-20,Hyderabad,82145
4455,Kavya,Patel,user3454@example.com,9876503454,Male,1991-11-28,Mumbai,100156
4456,Amit,Kumar,user3455@example.com,9876503455,Other,1996-03-20,Bangalore,95321
4457,Anjali,Singh,user3456@example.com,9876503456,Other,1976-04-25,Ahmedabad,75937
4460,Sneha,Gupta,user3459@example.com,9876503459,Male,2011-05-20,Hyderabad,13544
4464,Sneha,Reddy,user3463@example.com,9876503463,Other,1993-08-17,Chennai,68979
4465,Neha,Joshi,user3464@example.com,9876503464,Female,1971-04-01,Ahmedabad,31549
4467,Priya,Mehta,user3466@example.com,9876503466,Male,invalid,Delhi,42338
4468,Vijay,Reddy,user3467@example.com,9876503467,Female,2002-04-27,Chennai,80861
4471,Amit,Verma,user3470@example.com,9876503470,Male,2015-12-06,Kolkata,48144
4472,Anjali,Verma,user3471@example.com,9876503471,Female,1977-03-06,Hyderabad,68759
4473,Vijay,Mehta,user3472@example.com,9876503472,Other,2013-01-13,Mumbai,87142
4474,Anjali,Sharma,user3473@example.com,9876503473,Other,1986-11-29,Mumbai,35369
4478,Rakesh,Sharma,user3477@example.com,9876503477,Male,1984-04-07,Kolkata,97053
4479,Sneha,Mehta,user3478@example.com,9876503478,Other,1982-05-06,Mumbai,63884
4480,Sneha,Patel,user3479@example.com,9876503479,Male,1987-08-22,Ahmedabad,62897
4482,Arjun,Mehta,user3481@example.com,9876503481,Female,1970-09-18,Pune,53458
4483,Arjun,Mehta,user3482@example.com,9876503482,Female,1988-09-16,Pune,50877
4484,Neha,Verma,user3483@example.com,9876503483,Other,1996-02-01,Chennai,29686
4487,Priya,Reddy,user3486@example.com,9876503486,Male,1970-12-01,Mumbai,37378
4488,Vijay,Rao,user3487@example.com,9876503487,Other,1990-12-31,Hyderabad,78053
4492,Arjun,Verma,user3491@example.com,9876503491,Female,1978-08-30,Mumbai,56471
4497,Vijay,Rao,user3496@example.com,9876503496,Other,1977-07-11,Pune,93762
4498,Sneha,Patel,user3497@example.com,9876503497,Female,1992-03-01,Pune,59121
4499,Priya,Gupta,user3498@example.com,9876503498,Male,1979-03-12,Hyderabad,86463
4502,Priya,Reddy,user3501@example.com,9876503501,Other,2050-01-01,Kolkata,68126
4504,Anjali,Gupta,user3503@example.com,9876503503,Male,2006-01-21,Kolkata,54304
4505,Rakesh,Joshi,user3504@example.com,9876503504,Male,1989-05-10,Delhi,51947
4507,Priya,Reddy,user3506@example.com,9876503506,Other,1980-05-01,Chennai,56068
4508,Priya,Kumar,user3507@example.com,9876503507,Female,2012-03-27,Mumbai,59692
4509,Priya,Gupta,user3508@example.com,9876503508,Female,1975-08-20,Kolkata,73150
4514,Sneha,Reddy,user3513@example.com,9876503513,Other,1987-08-24,Hyderabad,60953
4516,Arjun,Reddy,user3515@example.com,9876503515,Male,1987-03-22,Ahmedabad,37650
4517,Kavya,Kumar,user3516@example.com,9876503516,Female,1996-11-02,Kolkata,91168
4518,Priya,Singh,user3517@example.com,9876503517,Female,2013-10-17,Mumbai,41910
4522,Sneha,Reddy,user3521@example.com,9876503521,Male,1998-04-07,Ahmedabad,93946
4527,Kavya,Singh,user3526@example.com,9876503526,Other,2000-11-08,Pune,31484
4528,Sameer,Rao,user3527@example.com,9876503527,Other,2000-09-06,Pune,114754
4530,Amit,Kumar,user3529@example.com,9876503529,Female,2003-02-01,Chennai,59252
4531,Priya,Patel,user3530@example.com,9876503530,Other,1997-02-15,Delhi,64367
4532,Priya,Rao,user3531@example.com,9876503531,Male,1971-03-29,Ahmedabad,43519
4533,Kavya,Joshi,user3532@example.com,9876503532,Female,1993-05-13,Ahmedabad,78157
4535,Priya,Reddy,user3534@example.com,9876503534,Male,1984-12-24,Kolkata,58747
4536,Neha,Gupta,user3535@example.com,9876503535,Female,2018-05-02,Pune,90702
4537,Sameer,Patel,user3536@example.com,9876503536,Other,1992-04-12,Bangalore,30604
4540,Rakesh,Verma,user3539@example.com,9876503539,Male,1998-06-20,Delhi,67761
4542,Kavya,Singh,user3541@example.com,9876503541,Female,1983-02-16,Kolkata,58619
4544,Sneha,Verma,user3543@example.com,9876503543,Other,1993-02-15,Bangalore,74989
4545,Anjali,Sharma,user3544@example.com,9876503544,Male,1993-04-03,Ahmedabad,49418
4548,Arjun,Rao,user3547@example.com,9876503547,Male,1992-02-14,Hyderabad,79838
4549,Amit,Joshi,user3548@example.com,9876503548,Female,2002-12-11,Chennai,60920
4550,Arjun,Rao,user3549@example.com,9876503549,Other,1999-06-06,Bangalore,48843
4554,Priya,Reddy,user3553@example.com,9876503553,Male,1990-04-15,Bangalore,72134
4557,Rakesh,Kumar,user3556@example.com,9876503556,Male,1975-10-21,Chennai,31338
4558,Anjali,Gupta,user3557@example.com,9876503557,Other,1970-06-27,Pune,66666
4559,Neha,Joshi,user3558@example.com,9876503558,Male,1974-03-27,Chennai,28784
4562,Rakesh,Kumar,user3561@example.com,9876503561,Other,2003-06-28,Pune,57960
4565,Sneha,Verma,user3564@example.com,9876503564,Other,2008-09-12,Bangalore,49595
4566,Kavya,Patel,user3565@example.com,9876503565,Other,2008-07-22,Mumbai,65639
4569,Priya,Rao,user3568@example.com,9876503568,Female,2014-04-15,Chennai,83729
4572,Sameer,Kumar,user3571@example.com,9876503571,Male,2014-10-25,Kolkata,77206
4573,Anjali,Verma,user3572@example.com,9876503572,Male,2010-08-16,Pune,106767
4574,Neha,Joshi,user3573@example.com,9876503573,Other,1998-11-16,Bangalore,63832
4575,Vijay,Sharma,user3574@example.com,9876503574,Other,1999-06-06,Delhi,47662
4577,Sneha,Sharma,user3576@example.com,9876503576,Other,1976-10-05,Delhi,81704
4578,Amit,Mehta,user3577@example.com,9876503577,Male,2014-08-17,Hyderabad,83673
4580,Sameer,Mehta,user3579@example.com,9876503579,Other,2013-03-22,Delhi,84898
4583,Amit,Kumar,user3582@example.com,9876503582,Female,1989-02-21,Kolkata,73215
4585,Sameer,Singh,user3584@example.com,9876503584,Other,1972-12-23,Pune,30630
4589,Sameer,Rao,user3588@example.com,9876503588,Female,1977-09-29,Bangalore,67724
4591,Arjun,Gupta,user3590@example.com,9876503590,Female,1987-12-22,Bangalore,86673
4592,Amit,Verma,user3591@example.com,9876503591,Male,1973-08-29,Ahmedabad,21540
4593,Anjali,Sharma,user3592@example.com,9876503592,Female,1998-11-18,Pune,79603
4594,Arjun,Verma,user3593@example.com,9876503593,Female,2011-06-24,Kolkata,66122
4596,Neha,Mehta,user3595@example.com,9876503595,Female,1974-07-26,Kolkata,58449
4598,Rakesh,Joshi,user3597@example.com,9876503597,Female,1977-07-31,Kolkata,38766
4599,Kavya,Patel,user3598@example.com,9876503598,Other,2004-07-08,Pune,69890
4600,Neha,Kumar,user3599@example.com,9876503599,Female,2016-01-28,Kolkata,108531
4602,Kavya,Sharma,user3601@example.com,9876503601,Female,1980-01-25,Hyderabad,24475
4603,Arjun,Mehta,user3602@example.com,9876503602,Female,1989-05-26,Bangalore,70826
4605,Anjali,Sharma,user3604@example.com,9876503604,Other,1982-05-09,Mumbai,45102
4606,Neha,Mehta,user3605@example.com,9876503605,Other,2050-01-01,Kolkata,40782
4608,Amit,Gupta,user3607@example.com,9876503607,Female,1971-11-17,Bangalore,67098
4609,Anjali,Rao,user3608@example.com,9876503608,Female,1971-11-16,Hyderabad,55454
4614,Arjun,Reddy,user3613@example.com,9876503613,Other,1974-02-05,Delhi,64568
4615,Arjun,Rao,user3614@example.com,9876503614,Male,2011-06-29,Chennai,57155
4617,Kavya,Singh,user3616@example.com,9876503616,Other,1984-12-03,Ahmedabad,61148
4620,Neha,Verma,user3619@example.com,9876503619,Male,2008-05-24,Kolkata,79895
4623,Sameer,Patel,user3622@example.com,9876503622,Male,2018-09-29,Hyderabad,90065
4624,Rakesh,Patel,user3623@example.com,9876503623,Male,1997-11-16,Pune,62756
4629,Amit,Patel,user3628@example.com,9876503628,Male,1976-07-18,Hyderabad,68032
4630,Amit,Joshi,user3629@example.com,9876503629,Male,1973-10-16,Ahmedabad,77957
4632,Anjali,Joshi,user3631@example.com,9876503631,Male,1982-01-14,Delhi,98602
4633,Sneha,Sharma,user3632@example.com,9876503632,Female,1973-10-23,Mumbai,51414
4634,Rakesh,Patel,user3633@example.com,9876503633,Male,2015-08-05,Kolkata,73272
4635,Rakesh,Patel,user3634@example.com,9876503634,Male,1996-08-08,Pune,90502
4639,Neha,Mehta,user3638@example.com,9876503638,Other,2015-07-06,Mumbai,61900
4644,Sameer,Kumar,user3643@example.com,9876503643,Male,2004-11-10,Pune,96183
4645,Amit,Sharma,user3644@example.com,9876503644,Male,1983-12-12,Ahmedabad,56906
4647,Neha,Gupta,user3646@example.com,9876503646,Female,2004-11-07,Hyderabad,41603
4648,Anjali,Mehta,user3647@example.com,9876503647,Other,1997-03-23,Hyderabad,90145
4652,Sameer,Singh,user3651@example.com,9876503651,Male,2014-09-03,Bangalore,6671
4653,Sneha,Gupta,user3652@example.com,9876503652,Male,1992-11-20,Hyderabad,38825
4654,Sneha,Patel,user3653@example.com,9876503653,Female,2008-10-20,Ahmedabad,57443
4656,Kavya,Gupta,user3655@example.com,9876503655,Other,2012-07-08,Kolkata,57448
4663,Vijay,Joshi,user3662@example.com,9876503662,Other,1973-05-09,Bangalore,50679
4664,Arjun,Verma,user3663@example.com,9876503663,Male,2005-04-03,Delhi,57376
4665,Amit,Gupta,user3664@example.com,9876503664,Female,2011-05-03,Hyderabad,84016
4667,Sneha,Sharma,user3666@example.com,9876503666,Male,1977-10-30,Pune,52060
4668,Neha,Verma,user3667@example.com,9876503667,Other,2010-01-19,Bangalore,54606
4670,Rakesh,Singh,user3669@example.com,9876503669,Other,1992-09-22,Chennai,49743
4671,Rakesh,Sharma,user3670@example.com,9876503670,Other,1976-08-09,Hyderabad,106507
4673,Vijay,Rao,user3672@example.com,9876503672,Female,2007-10-19,Kolkata,84488
4679,Anjali,Rao,user3678@example.com,9876503678,Female,2014-11-21,Hyderabad,61572
4680,Sneha,Rao,user3679@example.com,9876503679,Male,2017-04-02,Mumbai,96674
4683,Priya,Rao,user3682@example.com,9876503682,Other,invalid,Ahmedabad,63040
4684,Rakesh,Patel,user3683@example.com,9876503683,Male,2003-05-05,Kolkata,87400
4685,Neha,Singh,user3684@example.com,9876503684,Other,2007-08-22,Mumbai,94662
4686,Sameer,Reddy,user3685@example.com,9876503685,Female,2008-10-30,Bangalore,88530
4687,Sameer,Mehta,user3686@example.com,9876503686,Male,1989-03-10,Chennai,62327
4689,Neha,Patel,user3688@example.com,9876503688,Other,1996-10-02,Chennai,51834
4692,Neha,Joshi,user3691@example.com,9876503691,Male,2010-08-28,Pune,63711
4693,Vijay,Singh,user3692@example.com,9876503692,Other,1979-07-20,Delhi,64537
4694,Rakesh,Patel,user3693@example.com,9876503693,Female,1997-06-26,Mumbai,47728
4695,Amit,Sharma,user3694@example.com,9876503694,Female,1990-08-21,Chennai,118707
4696,Anjali,Sharma,user3695@example.com,9876503695,Female,1976-07-18,Kolkata,70921
4697,Kavya,Singh,user3696@example.com,9876503696,Female,1981-01-13,Ahmedabad,90848
4698,Rakesh,Rao,user3697@example.com,9876503697,Other,1990-07-07,Ahmedabad,89012
4700,Sameer,Kumar,user3699@example.com,9876503699,Female,1976-07-11,Ahmedabad,46859
4702,Priya,Joshi,user3701@example.com,9876503701,Female,1986-11-20,Kolkata,28718
4704,Amit,Verma,user3703@example.com,9876503703,Male,1974-01-05,Chennai,44805
4705,Sneha,Gupta,user3704@example.com,9876503704,Female,1979-07-16,Mumbai,61963
4708,Priya,Mehta,user3707@example.com,9876503707,Male,2010-03-09,Delhi,75065
4709,Rakesh,Rao,user3708@example.com,9876503708,Female,invalid,Pune,84405
4710,Sneha,Patel,user3709@example.com,9876503709,Male,2050-01-01,Chennai,67841
4711,Arjun,Rao,user3710@example.com,9876503710,Male,1973-12-10,Bangalore,38744
4714,Anjali,Gupta,user3713@example.com,9876503713,Female,1988-05-06,Pune,61390
4715,Kavya,Joshi,user3714@example.com,9876503714,Other,1985-02-01,Pune,77959
4718,Anjali,Mehta,user3717@example.com,9876503717,Other,2002-09-26,Chennai,52959
4720,Vijay,Reddy,user3719@example.com,9876503719,Female,2009-12-04,Pune,74757
4723,Neha,Joshi,user3722@example.com,9876503722,Male,1988-06-03,Ahmedabad,60176
4724,Vijay,Rao,user3723@example.com,9876503723,Male,invalid,Hyderabad,21483
4725,Rakesh,Rao,user3724@example.com,9876503724,Female,1981-08-13,Delhi,66766
4727,Priya,Verma,user3726@example.com,9876503726,Male,1997-02-14,Hyderabad,38704
4729,Arjun,Rao,user3728@example.com,9876503728,Female,2014-05-15,Mumbai,23821
4731,Sameer,Rao,user3730@example.com,9876503730,Female,2001-03-27,Ahmedabad,81595
4732,Neha,Kumar,user3731@example.com,9876503731,Male,1978-09-29,Hyderabad,94364
4733,Arjun,Singh,user3732@example.com,9876503732,Other,1992-07-02,Hyderabad,74180
4735,Sneha,Kumar,user3734@example.com,9876503734,Other,1987-11-19,Bangalore,68361
4737,Sneha,Mehta,user3736@example.com,9876503736,Other,1970-05-22,Delhi,25206
4738,Amit,Kumar,user3737@example.com,9876503737,Other,invalid,Hyderabad,60160
4739,Priya,Patel,user3738@example.com,9876503738,Female,1991-02-19,Ahmedabad,74822
4742,Anjali,Joshi,user3741@example.com,9876503741,Other,2016-03-03,Hyderabad,94543
4743,Amit,Reddy,user3742@example.com,9876503742,Female,1977-05-14,Pune,61640
4745,Arjun,Reddy,user3744@example.com,9876503744,Other,2003-08-24,Kolkata,79918
4746,Kavya,Joshi,user3745@example.com,9876503745,Male,1976-08-24,Bangalore,66068
4748,Vijay,Reddy,user3747@example.com,9876503747,Other,1978-10-21,Ahmedabad,96142
4749,Priya,Joshi,user3748@example.com,9876503748,Female,1980-09-16,Kolkata,31019
4750,Priya,Kumar,user3749@example.com,9876503749,Male,1971-10-12,Pune,65848
4752,Neha,Verma,user3751@example.com,9876503751,Other,1998-12-18,Ahmedabad,29049
4753,Rakesh,Reddy,user3752@example.com,9876503752,Male,1992-03-22,Ahmedabad,63937
4758,Arjun,Gupta,user3757@example.com,9876503757,Female,2007-09-23,Mumbai,66032
4759,Arjun,Gupta,user3758@example.com,9876503758,Other,2003-04-22,Mumbai,40968
4760,Sameer,Verma,user3759@example.com,9876503759,Male,1974-03-27,Delhi,29747
4762,Neha,Verma,user3761@example.com,9876503761,Other,1981-07-08,Mumbai,71558
4764,Kavya,Sharma,user3763@example.com,9876503763,Other,2006-01-25,Ahmedabad,46726
4765,Arjun,Gupta,user3764@example.com,9876503764,Female,2010-01-18,Chennai,81756
4767,Neha,Gupta,user3766@example.com,9876503766,Male,1979-02-06,Bangalore,43703
4769,Sneha,Singh,user3768@example.com,9876503768,Male,2009-07-19,Kolkata,96828
4772,Kavya,Verma,user3771@example.com,9876503771,Other,1995-04-09,Hyderabad,71172
4773,Amit,Patel,user3772@example.com,9876503772,Male,2011-02-23,Ahmedabad,71207
4777,Priya,Gupta,user3776@example.com,9876503776,Female,2012-05-01,Kolkata,72226
4778,Vijay,Mehta,user3777@example.com,9876503777,Female,1999-12-19,Kolkata,92450
4782,Sameer,Singh,user3781@example.com,9876503781,Female,1973-02-07,Mumbai,50894
4784,Arjun,Patel,user3783@example.com,9876503783,Male,1995-06-18,Chennai,103443
4785,Rakesh,Rao,user3784@example.com,9876503784,Female,2010-12-13,Chennai,82555
4786,Priya,Gupta,user3785@example.com,9876503785,Female,1978-10-12,Kolkata,51950
4787,Sneha,Joshi,user3786@example.com,9876503786,Female,1973-01-14,Kolkata,50823
4789,Sameer,Kumar,user3788@example.com,9876503788,Other,2000-06-23,Kolkata,66699
4790,Anjali,Rao,user3789@example.com,9876503789,Other,1995-03-15,Ahmedabad,67657
4794,Amit,Verma,user3793@example.com,9876503793,Other,1996-06-11,Chennai,74586
4799,Vijay,Rao,user3798@example.com,9876503798,Male,1993-04-05,Hyderabad,52318
4800,Rakesh,Singh,user3799@example.com,9876503799,Other,2012-01-05,Delhi,73446
4802,Amit,Joshi,user3801@example.com,9876503801,Other,2013-03-11,Hyderabad,95484
4803,Sneha,Mehta,user3802@example.com,9876503802,Other,1991-09-22,Hyderabad,34535
4804,Amit,Patel,user3803@example.com,9876503803,Male,1985-10-24,Pune,47382
4805,Sameer,Verma,user3804@example.com,9876503804,Other,2050-01-01,Hyderabad,24997
4807,Amit,Rao,user3806@example.com,9876503806,Female,1998-09-15,Pune,97012
4810,Kavya,Gupta,user3809@example.com,9876503809,Other,1989-08-21,Delhi,78875
4812,Sneha,Kumar,user3811@example.com,9876503811,Female,2018-04-25,Mumbai,76718
4813,Arjun,Singh,user3812@example.com,9876503812,Other,1987-07-04,Pune,101064
4817,Arjun,Patel,user3816@example.com,9876503816,Male,2006-08-30,Ahmedabad,44533
4820,Rakesh,Kumar,user3819@example.com,9876503819,Female,2004-01-14,Kolkata,47825
4822,Rakesh,Kumar,user3821@example.com,9876503821,Male,2000-08-14,Kolkata,105599
4823,Priya,Reddy,user3822@example.com,9876503822,Female,2018-02-21,Kolkata,48759
4825,Arjun,Sharma,user3824@example.com,9876503824,Female,2014-04-13,Pune,69318
4832,Amit,Mehta,user3831@example.com,9876503831,Other,1994-04-01,Ahmedabad,83129
4833,Neha,Kumar,user3832@example.com,9876503832,Male,1986-08-23,Hyderabad,85363
4834,Arjun,Sharma,user3833@example.com,9876503833,Female,2013-06-06,Mumbai,64902
4835,Neha,Mehta,user3834@example.com,9876503834,Female,2004-10-02,Ahmedabad,61065
4836,Priya,Rao,user3835@example.com,9876503835,Other,2006-05-05,Kolkata,38844
4838,Amit,Verma,user3837@example.com,9876503837,Male,1972-06-26,Delhi,68468
4839,Amit,Rao,user3838@example.com,9876503838,Other,1993-04-17,Kolkata,86762
4840,Sameer,Reddy,user3839@example.com,9876503839,Other,2007-03-01,Mumbai,26336
4846,Anjali,Verma,user3845@example.com,9876503845,Other,1987-05-06,Pune,67161
4849,Sneha,Mehta,user3848@example.com,9876503848,Male,2019-01-13,Mumbai,40517
4850,Anjali,Singh,user3849@example.com,9876503849,Female,1973-11-17,Bangalore,67383
4853,Kavya,Kumar,user3852@example.com,9876503852,Female,1988-09-09,Ahmedabad,60032
4854,Priya,Verma,user3853@example.com,9876503853,Female,1988-08-09,Kolkata,53859
4855,Anjali,Rao,user3854@example.com,9876503854,Other,1983-11-25,Ahmedabad,88128
4857,Vijay,Gupta,user3856@example.com,9876503856,Other,1987-06-10,Mumbai,83739
4858,Rakesh,Verma,user3857@example.com,9876503857,Female,1993-05-24,Mumbai,54389
4859,Kavya,Verma,user3858@example.com,9876503858,Other,2001-04-11,Kolkata,35256
4862,Vijay,Rao,user3861@example.com,9876503861,Male,1976-01-02,Pune,60977
4864,Arjun,Verma,user3863@example.com,9876503863,Female,1976-05-09,Delhi,64125
4866,Sameer,Patel,user3865@example.com,9876503865,Other,1995-10-06,Hyderabad,54233
4872,Sneha,Joshi,user3871@example.com,9876503871,Male,1997-10-02,Ahmedabad,46100
4874,Priya,Gupta,user3873@example.com,9876503873,Female,1987-02-02,Chennai,63837
4875,Priya,Singh,user3874@example.com,9876503874,Other,2004-05-11,Delhi,48861
4882,Priya,Verma,user3881@example.com,9876503881,Female,2006-06-20,Bangalore,86303
4885,Neha,Rao,user3884@example.com,9876503884,Male,2006-09-10,Kolkata,78936
4887,Kavya,Singh,user3886@example.com,9876503886,Female,2008-08-03,Hyderabad,60943
4890,Priya,Singh,user3889@example.com,9876503889,Other,2013-02-10,Mumbai,27380
4891,Sameer,Gupta,user3890@example.com,9876503890,Other,2005-07-24,Pune,70191
4895,Arjun,Joshi,user3894@example.com,9876503894,Male,2013-10-17,Chennai,50007
4902,Sameer,Kumar,user3901@example.com,9876503901,Other,1990-10-10,Kolkata,96362
4903,Anjali,Singh,user3902@example.com,9876503902,Female,1994-05-21,Chennai,41097
4904,Vijay,Gupta,user3903@example.com,9876503903,Female,2009-02-23,Mumbai,68768
4907,Priya,Patel,user3906@example.com,9876503906,Male,1983-09-18,Hyderabad,44831
4909,Rakesh,Reddy,user3908@example.com,9876503908,Male,2050-01-01,Kolkata,76217
4910,Sneha,Rao,user3909@example.com,9876503909,Other,1997-03-24,Kolkata,57806
4911,Priya,Mehta,user3910@example.com,9876503910,Female,1976-11-10,Pune,50487
4912,Neha,Reddy,user3911@example.com,9876503911,Other,2003-11-05,Hyderabad,106286
4918,Amit,Sharma,user3917@example.com,9876503917,Other,2005-10-25,Ahmedabad,48599
4919,Arjun,Gupta,user3918@example.com,9876503918,Male,2013-03-21,Bangalore,54182
4920,Vijay,Verma,user3919@example.com,9876503919,Female,1970-12-25,Bangalore,50805
4923,Arjun,Verma,user3922@example.com,9876503922,Other,2008-07-28,Kolkata,62737
4924,Anjali,Patel,user3923@example.com,9876503923,Female,1989-10-24,Ahmedabad,71467
4925,Neha,Verma,user3924@example.com,9876503924,Other,1985-07-12,Hyderabad,96219
4927,Anjali,Verma,user3926@example.com,9876503926,Other,1979-08-29,Chennai,83077
4928,Priya,Verma,user3927@example.com,9876503927,Female,2003-08-28,Kolkata,115511
4929,Priya,Kumar,user3928@example.com,9876503928,Female,1996-10-27,Mumbai,101282
4934,Kavya,Mehta,user3933@example.com,9876503933,Other,1989-07-04,Ahmedabad,63372
4935,Sameer,Kumar,user3934@example.com,9876503934,Other,2017-08-08,Bangalore,61047
4936,Neha,Rao,user3935@example.com,9876503935,Female,2010-04-03,Ahmedabad,51733
4937,Rakesh,Sharma,user3936@example.com,9876503936,Female,1977-09-22,Bangalore,67931
4938,Vijay,Patel,user3937@example.com,9876503937,Female,1996-06-10,Ahmedabad,54506
4943,Sneha,Verma,user3942@example.com,9876503942,Female,1975-11-13,Hyderabad,68899
4948,Kavya,Reddy,user3947@example.com,9876503947,Other,2011-09-29,Chennai,61106
4949,Neha,Singh,user3948@example.com,9876503948,Other,1981-12-05,Pune,37114
4950,Sneha,Reddy,user3949@example.com,9876503949,Male,1986-06-30,Chennai,76337
4952,Arjun,Singh,user3951@example.com,9876503951,Male,1973-12-07,Bangalore,64791
4953,Rakesh,Mehta,user3952@example.com,9876503952,Female,2002-03-17,Delhi,22390
4960,Sneha,Kumar,user3959@example.com,9876503959,Other,1996-08-24,Hyderabad,104304
4964,Arjun,Joshi,user3963@example.com,9876503963,Female,1991-09-14,Ahmedabad,78066
4966,Amit,Patel,user3965@example.com,9876503965,Male,1985-11-19,Bangalore,46168
4969,Priya,Joshi,user3968@example.com,9876503968,Other,1985-01-22,Hyderabad,72356
4971,Neha,Joshi,user3970@example.com,9876503970,Female,1983-02-03,Bangalore,35902
4978,Sneha,Mehta,user3977@example.com,9876503977,Other,2003-02-16,Hyderabad,67740
4979,Sneha,Verma,user3978@example.com,9876503978,Other,2013-05-30,Pune,82293
4980,Sameer,Patel,user3979@example.com,9876503979,Other,2007-03-06,Chennai,36788
4983,Vijay,Sharma,user3982@example.com,9876503982,Female,2015-09-18,Chennai,58034
4984,Priya,Singh,user3983@example.com,9876503983,Female,1992-11-15,Mumbai,88459
4986,Amit,Reddy,user3985@example.com,9876503985,Female,2004-06-11,Bangalore,47092
4989,Priya,Joshi,user3988@example.com,9876503988,Other,1983-01-21,Kolkata,78749
4990,Rakesh,Kumar,user3989@example.com,9876503989,Female,1971-02-03,Mumbai,62665
4992,Kavya,Patel,user3991@example.com,9876503991,Male,2017-09-22,Bangalore,70154
4993,Sneha,Gupta,user3992@example.com,9876503992,Female,1970-08-28,Chennai,67290
4994,Rakesh,Joshi,user3993@example.com,9876503993,Female,1987-09-13,Ahmedabad,81308
4996,Anjali,Singh,user3995@example.com,9876503995,Male,1976-09-27,Pune,58352
4997,Priya,Kumar,user3996@example.com,9876503996,Male,1972-12-23,Kolkata,64997
4999,Sneha,Sharma,user3998@example.com,9876503998,Female,1995-07-23,Hyderabad,46163
5000,Neha,Sharma,user3999@example.com,9876503999,Other,1984-01-12,Delhi,83494
5002,Rakesh,Patel,user4001@example.com,9876504001,Other,2015-03-31,Hyderabad,57318
5003,Kavya,Reddy,user4002@example.com,9876504002,Other,2015-12-11,Pune,68664
5005,Priya,Singh,user4004@example.com,9876504004,Female,1989-04-25,Kolkata,88379
5008,Neha,Reddy,user4007@example.com,9876504007,Other,1998-05-22,Delhi,65864
5009,Priya,Joshi,user4008@example.com,9876504008,Male,2016-09-10,Kolkata,53304
5010,Amit,Verma,user4009@example.com,9876504009,Other,2014-02-21,Mumbai,73898
5012,Sneha,Mehta,user4011@example.com,9876504011,Other,2010-01-02,Bangalore,44469
5014,Arjun,Joshi,user4013@example.com,9876504013,Female,1975-01-30,Ahmedabad,32158
5015,Amit,Verma,user4014@example.com,9876504014,Male,2014-09-06,Delhi,40229
5017,Priya,Rao,user4016@example.com,9876504016,Female,1998-02-13,Delhi,87519
5018,Kavya,Sharma,user4017@example.com,9876504017,Male,2007-03-25,Ahmedabad,60197
5020,Arjun,Joshi,user4019@example.com,9876504019,Other,2016-06-01,Bangalore,45989
5023,Rakesh,Kumar,user4022@example.com,9876504022,Female,2002-10-06,Mumbai,50901
5024,Rakesh,Rao,user4023@example.com,9876504023,Male,1987-11-02,Hyderabad,58534
5028,Kavya,Gupta,user4027@example.com,9876504027,Other,2011-11-23,Bangalore,33437
5031,Neha,Joshi,user4030@example.com,9876504030,Female,1988-02-12,Bangalore,35440
5032,Sameer,Rao,user4031@example.com,9876504031,Male,1975-06-20,Pune,49776
5033,Sameer,Rao,user4032@example.com,9876504032,Other,2018-07-13,Hyderabad,21829
5034,Neha,Singh,user4033@example.com,9876504033,Female,2012-12-19,Bangalore,46384
5038,Sneha,Mehta,user4037@example.com,9876504037,Other,2010-04-29,Mumbai,84147
5040,Amit,Rao,user4039@example.com,9876504039,Female,1986-04-16,Pune,44509
5042,Rakesh,Patel,user4041@example.com,9876504041,Other,1987-05-24,Mumbai,65851
5043,Anjali,Mehta,user4042@example.com,9876504042,Male,1987-09-19,Pune,75932
5044,Neha,Rao,user4043@example.com,9876504043,Male,1970-10-06,Delhi,48293
5045,Sneha,Reddy,user4044@example.com,9876504044,Other,1973-11-06,Mumbai,70292
5046,Vijay,Reddy,user4045@example.com,9876504045,Other,1994-08-02,Mumbai,101450
5047,Amit,Singh,user4046@example.com,9876504046,Male,1989-07-30,Mumbai,38275
5050,Neha,Singh,user4049@example.com,9876504049,Other,2004-05-26,Bangalore,61044
5052,Arjun,Sharma,user4051@example.com,9876504051,Male,1979-06-12,Bangalore,83202
5053,Anjali,Patel,user4052@example.com,9876504052,Female,1971-03-09,Mumbai,58966
5054,Anjali,Kumar,user4053@example.com,9876504053,Male,1972-10-06,Kolkata,43776
5056,Arjun,Reddy,user4055@example.com,9876504055,Female,2002-12-20,Chennai,43106
5059,Vijay,Singh,user4058@example.com,9876504058,Other,2012-02-10,Delhi,68622
5065,Vijay,Patel,user4064@example.com,9876504064,Other,2002-10-19,Delhi,69804
5067,Rakesh,Patel,user4066@example.com,9876504066,Female,1971-05-11,Bangalore,71776
5068,Anjali,Verma,user4067@example.com,9876504067,Male,1979-11-02,Bangalore,50914
5069,Amit,Gupta,user4068@example.com,9876504068,Female,1976-02-11,Hyderabad,16089
5072,Sameer,Verma,user4071@example.com,9876504071,Other,2005-08-05,Bangalore,63260
5073,Vijay,Verma,user4072@example.com,9876504072,Female,1988-05-25,Mumbai,47026
5077,Amit,Gupta,user4076@example.com,9876504076,Other,1999-07-04,Kolkata,26282
5079,Amit,Mehta,user4078@example.com,9876504078,Other,2017-05-03,Delhi,50892
5080,Arjun,Sharma,user4079@example.com,9876504079,Female,2001-04-07,Delhi,62048
5083,Rakesh,Verma,user4082@example.com,9876504082,Female,2006-11-13,Hyderabad,72209
5084,Kavya,Mehta,user4083@example.com,9876504083,Other,1983-09-19,Bangalore,51229
5085,Rakesh,Gupta,user4084@example.com,9876504084,Other,1989-10-23,Chennai,61410
5087,Kavya,Sharma,user4086@example.com,9876504086,Female,1984-06-24,Chennai,46004
5089,Priya,Patel,user4088@example.com,9876504088,Other,2005-08-03,Pune,41897
5094,Anjali,Joshi,user4093@example.com,9876504093,Other,2014-03-06,Mumbai,69033
5097,Neha,Kumar,user4096@example.com,9876504096,Other,1991-04-10,Pune,81425
5099,Vijay,Reddy,user4098@example.com,9876504098,Other,1973-11-28,Kolkata,60404
5102,Amit,Singh,user4101@example.com,9876504101,Other,1973-09-08,Ahmedabad,47975
5103,Priya,Singh,user4102@example.com,9876504102,Other,2050-01-01,Kolkata,56841
5106,Sneha,Singh,user4105@example.com,9876504105,Male,1982-08-18,Bangalore,52992
5107,Sneha,Rao,user4106@example.com,9876504106,Male,1996-08-31,Hyderabad,68479
5108,Vijay,Rao,user4107@example.com,9876504107,Female,1985-07-31,Ahmedabad,63867
5110,Arjun,Joshi,user4109@example.com,9876504109,Other,2005-11-20,Kolkata,74340
5112,Sameer,Sharma,user4111@example.com,9876504111,Female,1984-12-11,Bangalore,86120
5114,Sneha,Reddy,user4113@example.com,9876504113,Female,1992-01-13,Chennai,85329
5115,Anjali,Singh,user4114@example.com,9876504114,Male,1983-06-04,Kolkata,49187
5119,Sameer,Joshi,user4118@example.com,9876504118,Female,1975-08-06,Mumbai,110877
5120,Priya,Kumar,user4119@example.com,9876504119,Other,1979-03-31,Pune,59237
5124,Rakesh,Verma,user4123@example.com,9876504123,Female,2017-09-22,Delhi,89949
5127,Anjali,Verma,user4126@example.com,9876504126,Male,1984-11-23,Mumbai,50682
5128,Arjun,Rao,user4127@example.com,9876504127,Female,1971-05-12,Ahmedabad,37112
5130,Rakesh,Gupta,user4129@example.com,9876504129,Female,2016-05-05,Chennai,67324
5137,Amit,Rao,user4136@example.com,9876504136,Other,1975-09-03,Mumbai,54530
5139,Arjun,Joshi,user4138@example.com,9876504138,Other,2015-10-07,Hyderabad,72986
5140,Arjun,Rao,user4139@example.com,9876504139,Male,2007-12-26,Bangalore,55298
5142,Vijay,Rao,user4141@example.com,9876504141,Other,1996-08-18,Delhi,69702
5143,Sameer,Patel,user4142@example.com,9876504142,Male,2009-11-28,Mumbai,61566
5144,Rakesh,Joshi,user4143@example.com,9876504143,Female,1974-05-09,Chennai,40528
5152,Vijay,Verma,user4151@example.com,9876504151,Male,2013-07-03,Pune,50824
5153,Priya,Sharma,user4152@example.com,9876504152,Male,1996-02-03,Kolkata,71940
5155,Sameer,Sharma,user4154@example.com,9876504154,Female,2012-04-10,Kolkata,67809
5157,Priya,Rao,user4156@example.com,9876504156,Female,1982-04-25,Kolkata,68172
5158,Vijay,Patel,user4157@example.com,9876504157,Male,1982-07-20,Bangalore,122205
5160,Sameer,Joshi,user4159@example.com,9876504159,Male,2014-06-17,Ahmedabad,56551
5162,Kavya,Mehta,user4161@example.com,9876504161,Other,2010-03-06,Bangalore,60852
5163,Vijay,Sharma,user4162@example.com,9876504162,Male,2015-01-27,Delhi,66386
5165,Rakesh,Mehta,user4164@example.com,9876504164,Male,2015-11-22,Delhi,80978
5168,Kavya,Gupta,user4167@example.com,9876504167,Male,1986-04-08,Mumbai,85395
5170,Kavya,Rao,user4169@example.com,9876504169,Male,2013-09-10,Ahmedabad,108051
5172,Priya,Patel,user4171@example.com,9876504171,Female,1976-01-26,Bangalore,99502
5173,Priya,Singh,user4172@example.com,9876504172,Other,2012-03-30,Hyderabad,55069
5177,Neha,Patel,user4176@example.com,9876504176,Other,2000-10-12,Kolkata,65367
5178,Vijay,Mehta,user4177@example.com,9876504177,Male,1982-02-10,Mumbai,55794
5180,Kavya,Mehta,user4179@example.com,9876504179,Other,invalid,Kolkata,66649
5184,Anjali,Sharma,user4183@example.com,9876504183,Male,1990-04-27,Hyderabad,61376
5185,Sameer,Rao,user4184@example.com,9876504184,Female,1976-12-23,Bangalore,77459
5187,Sameer,Reddy,user4186@example.com,9876504186,Other,2010-09-04,Hyderabad,60438
5189,Sneha,Sharma,user4188@example.com,9876504188,Other,1982-08-14,Pune,66817
5190,Amit,Kumar,user4189@example.com,9876504189,Male,2007-11-10,Bangalore,67325
5192,Neha,Patel,user4191@example.com,9876504191,Male,1978-05-21,Chennai,74027
5193,Anjali,Mehta,user4192@example.com,9876504192,Male,1984-06-17,Bangalore,67489
5196,Vijay,Verma,user4195@example.com,9876504195,Other,1972-08-24,Hyderabad,61406
5198,Sneha,Verma,user4197@example.com,9876504197,Male,2000-11-25,Mumbai,29774
5199,Vijay,Mehta,user4198@example.com,9876504198,Female,1994-02-18,Delhi,93708
5200,Neha,Reddy,user4199@example.com,9876504199,Other,1971-05-25,Mumbai,67518
5204,Anjali,Sharma,user4203@example.com,9876504203,Male,invalid,Bangalore,67852
5205,Rakesh,Singh,user4204@example.com,9876504204,Other,1980-08-07,Ahmedabad,95960
5206,Amit,Singh,user4205@example.com,9876504205,Other,2013-09-05,Chennai,67916
5207,Anjali,Sharma,user4206@example.com,9876504206,Female,2006-05-08,Pune,11505
5208,Neha,Reddy,user4207@example.com,9876504207,Male,1989-08-13,Chennai,90337
5209,Arjun,Singh,user4208@example.com,9876504208,Male,1979-08-02,Bangalore,71305
5211,Rakesh,Rao,user4210@example.com,9876504210,Male,1991-03-30,Pune,59865
5212,Sameer,Joshi,user4211@example.com,9876504211,Female,2011-03-09,Bangalore,58845
5213,Amit,Kumar,user4212@example.com,9876504212,Male,1986-08-15,Pune,40169
5218,Amit,Mehta,user4217@example.com,9876504217,Other,2017-07-14,Hyderabad,41939
5219,Sameer,Verma,user4218@example.com,9876504218,Male,2016-08-05,Pune,63244
5222,Neha,Sharma,user4221@example.com,9876504221,Male,1984-03-17,Hyderabad,59351
5223,Anjali,Rao,user4222@example.com,9876504222,Other,1979-07-07,Delhi,81338
5224,Rakesh,Kumar,user4223@example.com,9876504223,Male,2002-10-12,Mumbai,46134
5225,Rakesh,Reddy,user4224@example.com,9876504224,Other,1989-09-12,Kolkata,32686
5227,Anjali,Verma,user4226@example.com,9876504226,Other,1970-10-26,Hyderabad,91909
5229,Priya,Joshi,user4228@example.com,9876504228,Female,1982-06-07,Chennai,32671
5232,Vijay,Joshi,user4231@example.com,9876504231,Other,1983-03-08,Mumbai,86847
5233,Sneha,Rao,user4232@example.com,9876504232,Female,2007-03-24,Pune,49829
5234,Kavya,Rao,user4233@example.com,9876504233,Female,2012-02-16,Mumbai,86526
5236,Arjun,Mehta,user4235@example.com,9876504235,Other,1992-05-07,Mumbai,100055
5238,Kavya,Rao,user4237@example.com,9876504237,Female,1986-08-30,Kolkata,63799
5239,Kavya,Kumar,user4238@example.com,9876504238,Male,1994-09-29,Hyderabad,51896
5243,Kavya,Mehta,user4242@example.com,9876504242,Male,1988-08-19,Ahmedabad,78843
5247,Sameer,Joshi,user4246@example.com,9876504246,Male,1972-09-20,Chennai,39910
5248,Priya,Rao,user4247@example.com,9876504247,Male,2007-07-11,Mumbai,57571
5250,Arjun,Verma,user4249@example.com,9876504249,Male,2005-01-10,Chennai,73304
5252,Anjali,Kumar,user4251@example.com,9876504251,Male,1989-04-17,Chennai,80835
5253,Neha,Singh,user4252@example.com,9876504252,Female,2012-10-24,Kolkata,91140
5254,Amit,Joshi,user4253@example.com,9876504253,Male,1995-04-18,Bangalore,40189
5255,Priya,Singh,user4254@example.com,9876504254,Male,2016-07-07,Kolkata,71664
5256,Anjali,Reddy,user4255@example.com,9876504255,Other,2018-08-07,Delhi,84290
5259,Neha,Joshi,user4258@example.com,9876504258,Female,1995-05-06,Mumbai,60657
5262,Priya,Singh,user4261@example.com,9876504261,Female,2010-03-08,Delhi,86882
5263,Sneha,Sharma,user4262@example.com,9876504262,Female,1999-07-09,Bangalore,67197
5265,Anjali,Rao,user4264@example.com,9876504264,Other,1976-04-27,Kolkata,29730
5269,Sneha,Verma,user4268@example.com,9876504268,Male,2004-12-08,Ahmedabad,47689
5271,Rakesh,Verma,user4270@example.com,9876504270,Male,1991-08-27,Kolkata,60162
5272,Priya,Singh,user4271@example.com,9876504271,Female,1982-02-26,Chennai,68563
5274,Rakesh,Singh,user4273@example.com,9876504273,Male,2006-03-20,Ahmedabad,64283
5278,Kavya,Reddy,user4277@example.com,9876504277,Female,2004-02-13,Mumbai,64475
5280,Vijay,Kumar,user4279@example.com,9876504279,Male,2050-01-01,Kolkata,57937
5283,Sneha,Mehta,user4282@example.com,9876504282,Female,2004-04-16,Mumbai,44589
5285,Sneha,Sharma,user4284@example.com,9876504284,Other,2018-05-07,Pune,26027
5286,Priya,Singh,user4285@example.com,9876504285,Male,1989-08-15,Pune,75987
5287,Kavya,Gupta,user4286@example.com,9876504286,Male,1970-12-04,Ahmedabad,77435
5293,Neha,Reddy,user4292@example.com,9876504292,Other,1982-09-17,Chennai,80536
5295,Sameer,Joshi,user4294@example.com,9876504294,Other,1992-11-13,Kolkata,88363
5297,Arjun,Rao,user4296@example.com,9876504296,Male,2010-04-23,Kolkata,54600
5298,Sameer,Singh,user4297@example.com,9876504297,Other,2012-08-04,Hyderabad,73643
5299,Neha,Sharma,user4298@example.com,9876504298,Other,2014-04-26,Pune,80618
5302,Priya,Joshi,user4301@example.com,9876504301,Female,1997-07-18,Mumbai,70307
5303,Rakesh,Verma,user4302@example.com,9876504302,Male,1974-05-21,Bangalore,74626
5309,Arjun,Gupta,user4308@example.com,9876504308,Female,2013-11-17,Delhi,73155
5310,Neha,Mehta,user4309@example.com,9876504309,Male,2011-02-12,Chennai,53949
5312,Anjali,Rao,user4311@example.com,9876504311,Male,1979-02-15,Hyderabad,43415
5313,Sameer,Joshi,user4312@example.com,9876504312,Female,1973-01-08,Hyderabad,86511
5316,Rakesh,Kumar,user4315@example.com,9876504315,Female,1975-12-18,Bangalore,63722
5317,Anjali,Patel,user4316@example.com,9876504316,Male,2018-02-16,Bangalore,50966
5318,Sameer,Verma,user4317@example.com,9876504317,Other,1986-07-17,Delhi,14096
5320,Neha,Singh,user4319@example.com,9876504319,Male,2009-10-15,Ahmedabad,67887
5322,Kavya,Mehta,user4321@example.com,9876504321,Female,2004-05-23,Delhi,26734
5323,Anjali,Sharma,user4322@example.com,9876504322,Male,2015-07-31,Chennai,58558
5327,Amit,Gupta,user4326@example.com,9876504326,Female,2011-04-04,Hyderabad,31608
5329,Kavya,Patel,user4328@example.com,9876504328,Other,1981-03-13,Pune,77912
5331,Rakesh,Reddy,user4330@example.com,9876504330,Female,2008-04-30,Chennai,82877
5332,Rakesh,Singh,user4331@example.com,9876504331,Female,1985-01-27,Kolkata,67338
5337,Priya,Sharma,user4336@example.com,9876504336,Male,1994-12-03,Bangalore,56947
5338,Arjun,Joshi,user4337@example.com,9876504337,Other,1971-08-07,Delhi,50120
5339,Anjali,Joshi,user4338@example.com,9876504338,Male,2009-09-14,Delhi,72449
5340,Neha,Rao,user4339@example.com,9876504339,Other,1999-06-26,Chennai,74229
5342,Vijay,Joshi,user4341@example.com,9876504341,Female,2017-11-07,Chennai,70000
5343,Kavya,Singh,user4342@example.com,9876504342,Female,2013-02-01,Kolkata,63375
5347,Sneha,Mehta,user4346@example.com,9876504346,Other,2010-11-09,Kolkata,72339
5349,Rakesh,Singh,user4348@example.com,9876504348,Other,2050-01-01,Delhi,50113
5352,Vijay,Kumar,user4351@example.com,9876504351,Female,1977-11-16,Chennai,57872
5353,Vijay,Reddy,user4352@example.com,9876504352,Female,1970-02-12,Pune,49734
5354,Vijay,Joshi,user4353@example.com,9876504353,Other,1985-12-17,Kolkata,62155
5356,Anjali,Gupta,user4355@example.com,9876504355,Male,2006-12-11,Chennai,67611
5359,Arjun,Sharma,user4358@example.com,9876504358,Male,1988-04-22,Mumbai,85835
5362,Arjun,Kumar,user4361@example.com,9876504361,Female,2017-04-05,Ahmedabad,49244
5363,Sneha,Mehta,user4362@example.com,9876504362,Other,1975-03-02,Kolkata,58552
5368,Kavya,Patel,user4367@example.com,9876504367,Female,1993-02-08,Delhi,65189
5369,Neha,Rao,user4368@example.com,9876504368,Other,2001-05-10,Kolkata,96119
5370,Kavya,Joshi,user4369@example.com,9876504369,Male,2009-07-01,Kolkata,35367
5371,Arjun,Reddy,user4370@example.com,9876504370,Male,1971-07-22,Kolkata,94544
5372,Amit,Joshi,user4371@example.com,9876504371,Female,1995-09-07,Chennai,47803
5374,Priya,Verma,user4373@example.com,9876504373,Female,2002-04-27,Chennai,77351
5375,Neha,Singh,user4374@example.com,9876504374,Other,2009-06-20,Pune,75151
5378,Sneha,Verma,user4377@example.com,9876504377,Male,2001-02-03,Kolkata,40121
5379,Anjali,Reddy,user4378@example.com,9876504378,Other,1977-04-25,Mumbai,63467
5382,Arjun,Mehta,user4381@example.com,9876504381,Male,2008-11-30,Hyderabad,59889
5383,Priya,Rao,user4382@example.com,9876504382,Male,1970-07-13,Bangalore,70017
5385,Neha,Verma,user4384@example.com,9876504384,Female,1982-08-22,Bangalore,68901
5389,Sneha,Joshi,user4388@example.com,9876504388,Male,2018-06-02,Kolkata,69328
5390,Priya,Kumar,user4389@example.com,9876504389,Female,1978-10-06,Pune,70414
5394,Anjali,Mehta,user4393@example.com,9876504393,Other,2011-07-23,Chennai,55272
5395,Arjun,Reddy,user4394@example.com,9876504394,Other,1991-09-12,Bangalore,51899
5397,Neha,Singh,user4396@example.com,9876504396,Other,1983-09-01,Chennai,74600
5398,Amit,Singh,user4397@example.com,9876504397,Female,1984-03-30,Bangalore,52573
5399,Amit,Singh,user4398@example.com,9876504398,Male,1979-12-02,Pune,67151
5400,Sneha,Rao,user4399@example.com,9876504399,Female,1994-11-18,Kolkata,48030
5402,Amit,Kumar,user4401@example.com,9876504401,Other,1974-05-30,Pune,63909
5403,Sneha,Singh,user4402@example.com,9876504402,Female,1994-02-08,Chennai,112282
5406,Sameer,Patel,user4405@example.com,9876504405,Male,2011-12-27,Mumbai,49628
5407,Neha,Singh,user4406@example.com,9876504406,Male,1977-02-15,Kolkata,91994
5412,Vijay,Mehta,user4411@example.com,9876504411,Female,1988-04-17,Chennai,68974
5413,Sneha,Reddy,user4412@example.com,9876504412,Female,2013-07-17,Hyderabad,75311
5414,Rakesh,Joshi,user4413@example.com,9876504413,Female,2000-12-18,Bangalore,76752
5415,Neha,Singh,user4414@example.com,9876504414,Other,1977-06-08,Ahmedabad,60261
5417,Rakesh,Rao,user4416@example.com,9876504416,Female,invalid,Hyderabad,103921
5418,Amit,Mehta,user4417@example.com,9876504417,Male,1971-03-26,Mumbai,71762
5419,Arjun,Rao,user4418@example.com,9876504418,Male,2011-05-12,Mumbai,38677
5420,Arjun,Reddy,user4419@example.com,9876504419,Male,1972-12-05,Delhi,44994
5423,Kavya,Sharma,user4422@example.com,9876504422,Other,2007-03-10,Delhi,48477
5424,Kavya,Mehta,user4423@example.com,9876504423,Female,2007-12-20,Hyderabad,54125
5428,Neha,Kumar,user4427@example.com,9876504427,Male,2013-08-30,Hyderabad,96847
5429,Kavya,Sharma,user4428@example.com,9876504428,Female,2002-09-02,Kolkata,33978
5430,Priya,Rao,user4429@example.com,9876504429,Other,2000-01-29,Bangalore,60732
5433,Neha,Reddy,user4432@example.com,9876504432,Male,2016-11-02,Kolkata,54792
5436,Sameer,Singh,user4435@example.com,9876504435,Male,1990-08-19,Hyderabad,25917
5437,Rakesh,Joshi,user4436@example.com,9876504436,Female,1983-03-14,Mumbai,72635
5438,Vijay,Sharma,user4437@example.com,9876504437,Male,invalid,Delhi,48921
5439,Sneha,Sharma,user4438@example.com,9876504438,Female,1988-09-29,Kolkata,69876
5440,Sneha,Singh,user4439@example.com,9876504439,Other,2011-06-30,Mumbai,88210
5442,Sneha,Gupta,user4441@example.com,9876504441,Male,1984-02-18,Delhi,57636
5443,Amit,Joshi,user4442@example.com,9876504442,Other,2050-01-01,Chennai,56588
5445,Sneha,Reddy,user4444@example.com,9876504444,Female,1978-10-18,Hyderabad,62440
5448,Amit,Joshi,user4447@example.com,9876504447,Other,2010-11-16,Mumbai,92057
5449,Arjun,Rao,user4448@example.com,9876504448,Female,1986-07-18,Hyderabad,52240
5457,Priya,Singh,user4456@example.com,9876504456,Female,1980-03-18,Ahmedabad,77704
5458,Sneha,Sharma,user4457@example.com,9876504457,Male,invalid,Ahmedabad,64787
5459,Sneha,Singh,user4458@example.com,9876504458,Female,2006-08-29,Hyderabad,78600
5460,Amit,Singh,user4459@example.com,9876504459,Male,2010-02-03,Ahmedabad,32492
5463,Amit,Singh,user4462@example.com,9876504462,Female,1982-05-14,Kolkata,74036
5465,Priya,Verma,user4464@example.com,9876504464,Female,2008-09-23,Chennai,66596
5466,Anjali,Rao,user4465@example.com,9876504465,Female,1976-11-14,Mumbai,77131
5468,Sneha,Joshi,user4467@example.com,9876504467,Other,2003-07-31,Pune,77127
5470,Amit,Verma,user4469@example.com,9876504469,Other,1998-02-20,Chennai,58143
5472,Arjun,Gupta,user4471@example.com,9876504471,Female,2001-10-27,Kolkata,82775
5474,Anjali,Reddy,user4473@example.com,9876504473,Female,2011-03-07,Ahmedabad,67955
5475,Vijay,Kumar,user4474@example.com,9876504474,Male,2016-11-20,Kolkata,47341
5478,Rakesh,Reddy,user4477@example.com,9876504477,Female,2012-06-25,Pune,79321
5479,Sneha,Patel,user4478@example.com,9876504478,Male,1981-09-03,Chennai,63987
5480,Kavya,Mehta,user4479@example.com,9876504479,Female,1982-12-21,Hyderabad,46440
5483,Vijay,Reddy,user4482@example.com,9876504482,Female,1988-09-13,Kolkata,38698
5484,Kavya,Singh,user4483@example.com,9876504483,Male,1997-06-03,Hyderabad,80185
5487,Arjun,Patel,user4486@example.com,9876504486,Other,2011-03-20,Kolkata,90441
5488,Anjali,Singh,user4487@example.com,9876504487,Male,2015-02-06,Bangalore,50065
5492,Vijay,Gupta,user4491@example.com,9876504491,Female,2004-06-04,Ahmedabad,72819
5493,Sneha,Rao,user4492@example.com,9876504492,Other,2017-03-23,Mumbai,53720
5494,Neha,Joshi,user4493@example.com,9876504493,Male,1992-07-30,Bangalore,60252
5496,Rakesh,Patel,user4495@example.com,9876504495,Other,2005-08-23,Ahmedabad,58353
5503,Sameer,Rao,user4502@example.com,9876504502,Other,2015-02-09,Hyderabad,72772
5504,Kavya,Joshi,user4503@example.com,9876504503,Male,2016-07-09,Ahmedabad,62597
5506,Amit,Sharma,user4505@example.com,9876504505,Other,2015-08-22,Mumbai,93330
5509,Sneha,Kumar,user4508@example.com,9876504508,Female,1980-07-02,Bangalore,84214
5511,Arjun,Mehta,user4510@example.com,9876504510,Other,2005-12-05,Bangalore,80088
5512,Rakesh,Verma,user4511@example.com,9876504511,Other,2002-11-24,Hyderabad,53738
5513,Priya,Joshi,user4512@example.com,9876504512,Male,2009-12-23,Delhi,69398
5514,Sameer,Joshi,user4513@example.com,9876504513,Other,1990-07-24,Chennai,37272
5517,Priya,Mehta,user4516@example.com,9876504516,Female,1992-06-21,Chennai,65943
5520,Sneha,Verma,user4519@example.com,9876504519,Other,1972-06-28,Pune,43130
5522,Priya,Gupta,user4521@example.com,9876504521,Other,2009-09-18,Ahmedabad,38089
5523,Priya,Rao,user4522@example.com,9876504522,Other,1983-09-18,Chennai,95660
5524,Sneha,Joshi,user4523@example.com,9876504523,Female,1970-04-29,Hyderabad,54893
5527,Sameer,Patel,user4526@example.com,9876504526,Female,1986-11-06,Pune,53817
5528,Priya,Kumar,user4527@example.com,9876504527,Female,2010-06-05,Hyderabad,99965
5530,Priya,Verma,user4529@example.com,9876504529,Female,1991-10-02,Chennai,82749
5532,Sneha,Kumar,user4531@example.com,9876504531,Female,2013-11-29,Mumbai,78575
5533,Amit,Reddy,user4532@example.com,9876504532,Other,2013-08-22,Mumbai,44845
5539,Sameer,Singh,user4538@example.com,9876504538,Other,2000-11-06,Delhi,22268
5540,Arjun,Kumar,user4539@example.com,9876504539,Other,1984-06-09,Mumbai,52225
5543,Vijay,Sharma,user4542@example.com,9876504542,Female,1983-06-15,Kolkata,57512
5544,Vijay,Mehta,user4543@example.com,9876504543,Male,2005-10-25,Pune,55798
5545,Rakesh,Gupta,user4544@example.com,9876504544,Female,2003-01-11,Delhi,66128
5548,Amit,Reddy,user4547@example.com,9876504547,Male,1984-10-15,Mumbai,56848
5549,Priya,Singh,user4548@example.com,9876504548,Other,2000-04-11,Bangalore,40022
5550,Neha,Reddy,user4549@example.com,9876504549,Female,2003-06-15,Bangalore,61370
5552,Kavya,Rao,user4551@example.com,9876504551,Female,1980-11-07,Ahmedabad,51421
5553,Arjun,Mehta,user4552@example.com,9876504552,Other,2007-12-07,Delhi,71737
5554,Neha,Joshi,user4553@example.com,9876504553,Female,2002-10-13,Mumbai,73238
5557,Priya,Reddy,user4556@example.com,9876504556,Female,2008-09-18,Kolkata,77397
5560,Arjun,Kumar,user4559@example.com,9876504559,Male,2012-07-27,Mumbai,22569
5565,Kavya,Mehta,user4564@example.com,9876504564,Other,1987-09-15,Bangalore,77402
5566,Amit,Mehta,user4565@example.com,9876504565,Female,1984-12-16,Pune,45601
5567,Sneha,Sharma,user4566@example.com,9876504566,Female,invalid,Mumbai,64039
5568,Sneha,Kumar,user4567@example.com,9876504567,Female,2005-03-01,Mumbai,53094
5569,Anjali,Sharma,user4568@example.com,9876504568,Male,2018-05-03,Delhi,81948
5571,Rakesh,Sharma,user4570@example.com,9876504570,Female,1971-06-18,Delhi,52036
5573,Vijay,Singh,user4572@example.com,9876504572,Other,2010-09-02,Chennai,76581
5574,Amit,Singh,user4573@example.com,9876504573,Male,1991-10-09,Ahmedabad,61096
5575,Kavya,Reddy,user4574@example.com,9876504574,Other,1996-03-10,Mumbai,78066
5579,Amit,Gupta,user4578@example.com,9876504578,Female,2008-01-18,Mumbai,93641
5580,Kavya,Reddy,user4579@example.com,9876504579,Other,2001-01-12,Ahmedabad,73982
5582,Rakesh,Rao,user4581@example.com,9876504581,Other,1985-04-26,Chennai,33826
5583,Rakesh,Joshi,user4582@example.com,9876504582,Male,2002-06-08,Ahmedabad,65849
5585,Arjun,Rao,user4584@example.com,9876504584,Male,2017-08-10,Bangalore,37178
5587,Sameer,Reddy,user4586@example.com,9876504586,Female,1988-05-02,Kolkata,64202
5588,Neha,Verma,user4587@example.com,9876504587,Other,1980-11-25,Kolkata,70388
5589,Vijay,Gupta,user4588@example.com,9876504588,Other,2016-02-24,Delhi,44506
5593,Amit,Reddy,user4592@example.com,9876504592,Male,2012-07-01,Pune,56273
5595,Arjun,Patel,user4594@example.com,9876504594,Other,2000-08-22,Ahmedabad,58584
5599,Priya,Patel,user4598@example.com,9876504598,Other,1974-01-18,Kolkata,59116
5600,Arjun,Patel,user4599@example.com,9876504599,Other,1983-05-03,Pune,25577
5604,Arjun,Gupta,user4603@example.com,9876504603,Female,1971-07-26,Pune,78564
5605,Vijay,Mehta,user4604@example.com,9876504604,Male,1992-10-31,Pune,70387
5607,Sneha,Rao,user4606@example.com,9876504606,Female,1971-08-20,Mumbai,61897
5608,Sneha,Kumar,user4607@example.com,9876504607,Female,2017-10-15,Pune,68208
5611,Anjali,Patel,user4610@example.com,9876504610,Female,1979-03-26,Pune,43144
5613,Amit,Sharma,user4612@example.com,9876504612,Male,2013-11-23,Bangalore,96309
5615,Arjun,Rao,user4614@example.com,9876504614,Male,2006-11-10,Mumbai,67353
5616,Anjali,Rao,user4615@example.com,9876504615,Other,2003-07-09,Kolkata,44455
5617,Rakesh,Reddy,user4616@example.com,9876504616,Other,1989-10-09,Delhi,79812
5619,Sneha,Joshi,user4618@example.com,9876504618,Other,2002-06-05,Ahmedabad,44771
5622,Priya,Kumar,user4621@example.com,9876504621,Female,2004-12-21,Bangalore,79773
5625,Priya,Gupta,user4624@example.com,9876504624,Male,2017-05-02,Mumbai,55622
5627,Sameer,Reddy,user4626@example.com,9876504626,Other,2001-03-20,Delhi,47264
5628,Priya,Gupta,user4627@example.com,9876504627,Other,1974-12-07,Kolkata,92944
5631,Arjun,Sharma,user4630@example.com,9876504630,Male,2009-01-21,Mumbai,90215
5632,Sameer,Reddy,user4631@example.com,9876504631,Other,2013-12-17,Pune,72724
5634,Sneha,Gupta,user4633@example.com,9876504633,Female,1978-01-01,Mumbai,63385
5635,Arjun,Singh,user4634@example.com,9876504634,Female,1990-09-08,Delhi,31025
5637,Sameer,Patel,user4636@example.com,9876504636,Other,1972-07-08,Pune,66534
5638,Kavya,Joshi,user4637@example.com,9876504637,Female,1983-09-14,Hyderabad,67819
5642,Arjun,Mehta,user4641@example.com,9876504641,Other,2008-11-11,Pune,67174
5643,Priya,Singh,user4642@example.com,9876504642,Male,1999-09-29,Mumbai,63692
5644,Sameer,Kumar,user4643@example.com,9876504643,Other,2013-06-01,Hyderabad,102312
5646,Priya,Singh,user4645@example.com,9876504645,Female,2050-01-01,Pune,67606
5648,Priya,Joshi,user4647@example.com,9876504647,Female,2011-11-12,Kolkata,43604
5649,Amit,Rao,user4648@example.com,9876504648,Male,2050-01-01,Chennai,34512
5650,Rakesh,Sharma,user4649@example.com,9876504649,Other,2013-11-28,Delhi,60471
5652,Neha,Mehta,user4651@example.com,9876504651,Female,2011-09-14,Chennai,38740
5655,Anjali,Joshi,user4654@example.com,9876504654,Other,1971-09-24,Pune,26279
5656,Arjun,Patel,user4655@example.com,9876504655,Other,1979-06-05,Kolkata,69662
5657,Neha,Mehta,user4656@example.com,9876504656,Female,1974-10-21,Chennai,73184
5662,Vijay,Singh,user4661@example.com,9876504661,Female,1998-06-24,Pune,68757
5665,Sameer,Verma,user4664@example.com,9876504664,Male,1987-12-11,Pune,50191
5668,Sneha,Reddy,user4667@example.com,9876504667,Female,2006-08-24,Mumbai,78042
5669,Sneha,Reddy,user4668@example.com,9876504668,Other,1973-02-03,Hyderabad,78493
5670,Arjun,Patel,user4669@example.com,9876504669,Female,1983-09-06,Pune,68720
5673,Sneha,Joshi,user4672@example.com,9876504672,Male,2008-01-23,Pune,73217
5675,Sneha,Verma,user4674@example.com,9876504674,Female,1990-03-06,Kolkata,74163
5677,Kavya,Verma,user4676@example.com,9876504676,Male,2009-07-28,Delhi,95989
5679,Priya,Mehta,user4678@example.com,9876504678,Male,2005-09-15,Pune,32211
5680,Vijay,Kumar,user4679@example.com,9876504679,Male,1975-01-03,Delhi,69146
5682,Sneha,Singh,user4681@example.com,9876504681,Female,2004-04-09,Bangalore,60016
5684,Vijay,Verma,user4683@example.com,9876504683,Other,1997-07-28,Ahmedabad,65069
5685,Kavya,Verma,user4684@example.com,9876504684,Other,1995-05-26,Pune,65288
5686,Sameer,Verma,user4685@example.com,9876504685,Other,1992-01-16,Delhi,56988
5690,Anjali,Joshi,user4689@example.com,9876504689,Male,2013-03-20,Hyderabad,94599
5692,Anjali,Joshi,user4691@example.com,9876504691,Male,1980-02-01,Chennai,56700
5693,Neha,Gupta,user4692@example.com,9876504692,Male,1992-12-27,Mumbai,23237
5695,Anjali,Patel,user4694@example.com,9876504694,Other,1998-04-13,Chennai,55972
5697,Sameer,Mehta,user4696@example.com,9876504696,Female,2008-07-12,Chennai,57581
5698,Sneha,Kumar,user4697@example.com,9876504697,Other,2002-12-05,Kolkata,28387
5699,Rakesh,Patel,user4698@example.com,9876504698,Female,1978-06-19,Mumbai,116275
5703,Sameer,Mehta,user4702@example.com,9876504702,Female,1979-07-31,Hyderabad,10252
5704,Vijay,Verma,user4703@example.com,9876504703,Male,2010-10-23,Pune,62035
5708,Amit,Singh,user4707@example.com,9876504707,Other,2012-10-07,Pune,100839
5710,Neha,Joshi,user4709@example.com,9876504709,Female,1980-08-01,Pune,73465
5718,Kavya,Rao,user4717@example.com,9876504717,Female,2006-06-11,Mumbai,45755
5720,Anjali,Kumar,user4719@example.com,9876504719,Female,2010-09-22,Chennai,54481
5724,Arjun,Singh,user4723@example.com,9876504723,Other,2003-07-26,Kolkata,61020
5727,Rakesh,Sharma,user4726@example.com,9876504726,Female,2017-04-16,Pune,65501
5728,Arjun,Singh,user4727@example.com,9876504727,Male,2002-02-02,Bangalore,71110
5729,Neha,Gupta,user4728@example.com,9876504728,Other,1995-09-15,Chennai,85353
5731,Anjali,Mehta,user4730@example.com,9876504730,Other,1992-02-25,Bangalore,48245
5732,Anjali,Rao,user4731@example.com,9876504731,Male,1975-12-10,Mumbai,67169
5733,Neha,Mehta,user4732@example.com,9876504732,Male,2050-01-01,Pune,50844
5734,Vijay,Verma,user4733@example.com,9876504733,Male,1998-07-16,Chennai,60358
5736,Sneha,Rao,user4735@example.com,9876504735,Other,1991-12-14,Bangalore,47743
5738,Anjali,Sharma,user4737@example.com,9876504737,Male,2050-01-01,Bangalore,57662
5740,Priya,Verma,user4739@example.com,9876504739,Male,2001-10-16,Ahmedabad,48458
5742,Amit,Verma,user4741@example.com,9876504741,Male,2010-07-16,Pune,44250
5743,Neha,Reddy,user4742@example.com,9876504742,Male,2008-07-05,Bangalore,39177
5749,Amit,Gupta,user4748@example.com,9876504748,Female,1985-05-30,Bangalore,54173
5750,Sameer,Verma,user4749@example.com,9876504749,Female,2008-01-04,Hyderabad,52964
5752,Kavya,Mehta,user4751@example.com,9876504751,Male,2011-10-01,Delhi,57425
5753,Anjali,Joshi,user4752@example.com,9876504752,Other,1979-04-13,Chennai,82791
5754,Vijay,Gupta,user4753@example.com,9876504753,Male,1998-03-13,Ahmedabad,78475
5757,Sneha,Joshi,user4756@example.com,9876504756,Male,invalid,Bangalore,42664
5758,Amit,Patel,user4757@example.com,9876504757,Female,1986-10-30,Pune,57616
5760,Anjali,Patel,user4759@example.com,9876504759,Male,2016-05-01,Delhi,22905
5765,Priya,Joshi,user4764@example.com,9876504764,Other,2014-11-24,Chennai,77382
5768,Kavya,Sharma,user4767@example.com,9876504767,Female,1976-03-27,Chennai,100685
5769,Arjun,Singh,user4768@example.com,9876504768,Female,1992-06-16,Pune,81507
5773,Anjali,Patel,user4772@example.com,9876504772,Other,1974-10-30,Pune,88757
5774,Sneha,Sharma,user4773@example.com,9876504773,Female,2019-01-17,Hyderabad,47983
5775,Priya,Joshi,user4774@example.com,9876504774,Female,2012-03-14,Bangalore,25018
5778,Amit,Kumar,user4777@example.com,9876504777,Female,1977-03-02,Chennai,92207
5779,Anjali,Singh,user4778@example.com,9876504778,Female,2010-05-11,Delhi,65346
5782,Kavya,Sharma,user4781@example.com,9876504781,Female,2018-10-06,Kolkata,105281
5783,Amit,Singh,user4782@example.com,9876504782,Female,1992-02-02,Kolkata,78593
5784,Neha,Rao,user4783@example.com,9876504783,Female,1984-04-05,Hyderabad,64566
5785,Vijay,Sharma,user4784@example.com,9876504784,Other,2008-10-25,Chennai,56352
5787,Amit,Verma,user4786@example.com,9876504786,Female,1998-07-18,Chennai,49508
5788,Priya,Joshi,user4787@example.com,9876504787,Other,2006-02-03,Hyderabad,78034
5789,Sneha,Joshi,user4788@example.com,9876504788,Male,1987-01-14,Kolkata,62372
5790,Rakesh,Joshi,user4789@example.com,9876504789,Male,2009-08-24,Delhi,48607
5791,Arjun,Kumar,user4790@example.com,9876504790,Other,2003-08-25,Kolkata,87584
5792,Arjun,Joshi,user4791@example.com,9876504791,Male,1977-01-07,Hyderabad,76058
5794,Anjali,Singh,user4793@example.com,9876504793,Male,1987-01-01,Kolkata,61786
5796,Anjali,Verma,user4795@example.com,9876504795,Other,2013-03-25,Mumbai,58033
5798,Arjun,Sharma,user4797@example.com,9876504797,Male,1990-04-05,Pune,110651
5799,Priya,Singh,user4798@example.com,9876504798,Female,2011-02-09,Chennai,48654
5802,Sneha,Singh,user4801@example.com,9876504801,Female,2017-10-28,Kolkata,27486
5803,Arjun,Singh,user4802@example.com,9876504802,Other,1999-04-28,Hyderabad,99136
5804,Arjun,Reddy,user4803@example.com,9876504803,Other,2003-11-05,Bangalore,62004
5806,Anjali,Reddy,user4805@example.com,9876504805,Other,2000-10-18,Kolkata,30341
5808,Priya,Reddy,user4807@example.com,9876504807,Other,1977-02-10,Bangalore,72166
5809,Arjun,Singh,user4808@example.com,9876504808,Other,2013-09-25,Mumbai,73230
5810,Priya,Reddy,user4809@example.com,9876504809,Other,2006-07-31,Chennai,86404
5814,Arjun,Mehta,user4813@example.com,9876504813,Male,2010-06-22,Ahmedabad,84493
5815,Rakesh,Rao,user4814@example.com,9876504814,Male,1988-03-16,Mumbai,52644
5817,Sameer,Sharma,user4816@example.com,9876504816,Other,1990-04-26,Kolkata,37527
5818,Priya,Sharma,user4817@example.com,9876504817,Male,1972-05-19,Ahmedabad,83738
5823,Amit,Sharma,user4822@example.com,9876504822,Male,2012-02-24,Hyderabad,61806
5824,Vijay,Patel,user4823@example.com,9876504823,Male,2008-07-18,Delhi,56191
5829,Neha,Sharma,user4828@example.com,9876504828,Female,1985-07-25,Ahmedabad,36170
5832,Kavya,Rao,user4831@example.com,9876504831,Female,2010-07-20,Kolkata,33146
5833,Kavya,Sharma,user4832@example.com,9876504832,Other,1988-06-15,Kolkata,36262
5834,Neha,Sharma,user4833@example.com,9876504833,Other,1984-12-21,Chennai,96683
5835,Arjun,Kumar,user4834@example.com,9876504834,Female,2007-01-05,Mumbai,68595
5837,Amit,Gupta,user4836@example.com,9876504836,Male,1971-03-15,Mumbai,72757
5839,Sameer,Gupta,user4838@example.com,9876504838,Male,1985-07-19,Mumbai,87636
5840,Sameer,Rao,user4839@example.com,9876504839,Male,1979-02-20,Hyderabad,47448
5844,Neha,Joshi,user4843@example.com,9876504843,Other,2003-12-20,Ahmedabad,58932
5845,Neha,Sharma,user4844@example.com,9876504844,Female,1985-10-05,Ahmedabad,30989
5849,Sneha,Reddy,user4848@example.com,9876504848,Other,1982-07-30,Pune,97852
5850,Arjun,Joshi,user4849@example.com,9876504849,Male,1970-07-13,Mumbai,65640
5852,Kavya,Mehta,user4851@example.com,9876504851,Other,1974-10-04,Ahmedabad,57812
5854,Sameer,Reddy,user4853@example.com,9876504853,Other,2011-09-29,Kolkata,63963
5855,Neha,Sharma,user4854@example.com,9876504854,Other,1987-03-16,Ahmedabad,43013
5856,Priya,Gupta,user4855@example.com,9876504855,Other,2001-02-07,Kolkata,68393
5857,Anjali,Singh,user4856@example.com,9876504856,Other,2013-06-03,Chennai,96049
5858,Rakesh,Mehta,user4857@example.com,9876504857,Other,1990-10-22,Ahmedabad,36451
5859,Neha,Mehta,user4858@example.com,9876504858,Other,1998-07-21,Chennai,46180
5860,Sneha,Mehta,user4859@example.com,9876504859,Female,2009-06-22,Kolkata,62911
5862,Anjali,Mehta,user4861@example.com,9876504861,Male,1983-11-02,Hyderabad,73399
5867,Sneha,Joshi,user4866@example.com,9876504866,Other,1988-10-18,Chennai,117067
5868,Vijay,Singh,user4867@example.com,9876504867,Female,2009-06-12,Pune,80665
5869,Amit,Gupta,user4868@example.com,9876504868,Male,1992-10-16,Hyderabad,34188
5870,Kavya,Singh,user4869@example.com,9876504869,Other,1990-04-13,Kolkata,44692
5873,Sneha,Joshi,user4872@example.com,9876504872,Female,1981-07-22,Chennai,43616
5874,Sameer,Joshi,user4873@example.com,9876504873,Female,2002-02-13,Mumbai,76747
5877,Vijay,Reddy,user4876@example.com,9876504876,Other,2001-06-12,Mumbai,56622
5878,Sameer,Rao,user4877@example.com,9876504877,Other,1970-11-08,Pune,59711
5879,Anjali,Verma,user4878@example.com,9876504878,Male,1984-11-17,Pune,33380
5880,Priya,Sharma,user4879@example.com,9876504879,Male,2012-08-15,Pune,100699
5883,Rakesh,Singh,user4882@example.com,9876504882,Female,2019-03-25,Pune,109161
5885,Amit,Mehta,user4884@example.com,9876504884,Female,invalid,Ahmedabad,72471
5886,Kavya,Verma,user4885@example.com,9876504885,Female,2015-02-23,Kolkata,49244
5888,Rakesh,Joshi,user4887@example.com,9876504887,Other,1995-05-01,Kolkata,64043
5889,Priya,Joshi,user4888@example.com,9876504888,Female,2003-11-03,Chennai,56532
5894,Priya,Verma,user4893@example.com,9876504893,Other,1976-03-25,Mumbai,74249
5895,Anjali,Reddy,user4894@example.com,9876504894,Female,1972-02-05,Ahmedabad,60686
5896,Kavya,Singh,user4895@example.com,9876504895,Female,1977-06-08,Bangalore,75096
5897,Sneha,Patel,user4896@example.com,9876504896,Male,2018-12-16,Ahmedabad,74482
5899,Vijay,Patel,user4898@example.com,9876504898,Other,2002-08-25,Ahmedabad,81125
5902,Neha,Verma,user4901@example.com,9876504901,Female,1987-06-15,Bangalore,41973
5904,Sneha,Verma,user4903@example.com,9876504903,Male,1977-07-12,Mumbai,60008
5905,Sameer,Verma,user4904@example.com,9876504904,Other,2001-06-15,Kolkata,62505
5907,Arjun,Rao,user4906@example.com,9876504906,Female,1995-06-14,Bangalore,47266
5909,Neha,Singh,user4908@example.com,9876504908,Other,2003-03-26,Hyderabad,43448
5910,Arjun,Rao,user4909@example.com,9876504909,Female,1987-03-19,Pune,60211
5912,Sameer,Singh,user4911@example.com,9876504911,Other,1981-05-12,Kolkata,64546
5913,Rakesh,Verma,user4912@example.com,9876504912,Male,1986-01-05,Hyderabad,78268
5914,Priya,Gupta,user4913@example.com,9876504913,Other,1990-12-18,Hyderabad,74624
5915,Sneha,Joshi,user4914@example.com,9876504914,Female,1976-06-03,Chennai,56030
5916,Priya,Reddy,user4915@example.com,9876504915,Female,1988-04-16,Mumbai,89763
5917,Sameer,Mehta,user4916@example.com,9876504916,Male,1994-01-05,Mumbai,84984
5918,Priya,Sharma,user4917@example.com,9876504917,Female,2005-01-04,Delhi,81424
5919,Arjun,Sharma,user4918@example.com,9876504918,Other,1999-09-29,Chennai,73316
5920,Neha,Singh,user4919@example.com,9876504919,Male,1989-02-14,Pune,58204
5922,Amit,Rao,user4921@example.com,9876504921,Female,1987-12-09,Mumbai,64402
5923,Anjali,Patel,user4922@example.com,9876504922,Other,2015-08-15,Delhi,92558
5924,Sameer,Gupta,user4923@example.com,9876504923,Female,1974-01-08,Delhi,87354
5925,Vijay,Mehta,user4924@example.com,9876504924,Other,1995-01-02,Pune,36147
5927,Arjun,Sharma,user4926@example.com,9876504926,Other,1982-06-03,Kolkata,15256
5929,Arjun,Verma,user4928@example.com,9876504928,Female,2009-08-06,Mumbai,51457
5931,Vijay,Reddy,user4930@example.com,9876504930,Male,1997-07-25,Mumbai,43238
5933,Anjali,Reddy,user4932@example.com,9876504932,Male,2002-08-21,Bangalore,55022
5939,Kavya,Joshi,user4938@example.com,9876504938,Other,1975-10-07,Kolkata,87052
5940,Sneha,Singh,user4939@example.com,9876504939,Male,2013-07-21,Kolkata,50343
5942,Anjali,Sharma,user4941@example.com,9876504941,Other,2001-02-12,Bangalore,65110
5943,Anjali,Sharma,user4942@example.com,9876504942,Female,1978-08-14,Hyderabad,80839
5944,Vijay,Verma,user4943@example.com,9876504943,Male,2003-07-20,Pune,73879
5946,Amit,Rao,user4945@example.com,9876504945,Female,1991-08-20,Ahmedabad,66520
5947,Vijay,Patel,user4946@example.com,9876504946,Female,2018-01-27,Bangalore,55637
5950,Neha,Patel,user4949@example.com,9876504949,Other,invalid,Chennai,43046
5952,Anjali,Kumar,user4951@example.com,9876504951,Other,1992-05-04,Kolkata,58784
5954,Rakesh,Reddy,user4953@example.com,9876504953,Other,1970-08-15,Mumbai,48515
5955,Rakesh,Joshi,user4954@example.com,9876504954,Male,1986-11-13,Pune,25838
5956,Priya,Rao,user4955@example.com,9876504955,Other,1999-07-30,Ahmedabad,49435
5957,Amit,Verma,user4956@example.com,9876504956,Other,1997-05-26,Hyderabad,100162
5958,Amit,Verma,user4957@example.com,9876504957,Male,1984-09-01,Ahmedabad,74179
5960,Kavya,Mehta,user4959@example.com,9876504959,Female,1983-01-17,Kolkata,53451
5963,Kavya,Sharma,user4962@example.com,9876504962,Other,1973-08-30,Pune,28445
5964,Priya,Sharma,user4963@example.com,9876504963,Female,1984-11-03,Kolkata,123788
5968,Sameer,Mehta,user4967@example.com,9876504967,Male,2001-05-02,Chennai,61278
5969,Rakesh,Mehta,user4968@example.com,9876504968,Male,1976-07-02,Kolkata,51564
5970,Anjali,Rao,user4969@example.com,9876504969,Female,1974-03-07,Delhi,82496
5971,Priya,Rao,user4970@example.com,9876504970,Other,2002-03-13,Mumbai,87817
5972,Vijay,Gupta,user4971@example.com,9876504971,Female,1989-05-28,Ahmedabad,84105
5973,Anjali,Joshi,user4972@example.com,9876504972,Other,1994-01-28,Ahmedabad,66781
5977,Kavya,Kumar,user4976@example.com,9876504976,Male,2008-05-16,Pune,45391
5980,Amit,Joshi,user4979@example.com,9876504979,Other,2009-10-02,Bangalore,61604
5982,Sneha,Gupta,user4981@example.com,9876504981,Male,2002-12-04,Bangalore,51861
5983,Arjun,Singh,user4982@example.com,9876504982,Other,1973-07-29,Kolkata,82715
5984,Arjun,Sharma,user4983@example.com,9876504983,Female,2006-10-18,Chennai,51844
5985,Sneha,Joshi,user4984@example.com,9876504984,Other,1971-12-18,Chennai,56735
5986,Neha,Sharma,user4985@example.com,9876504985,Female,1985-10-07,Delhi,75348
5987,Rakesh,Kumar,user4986@example.com,9876504986,Other,2000-08-14,Bangalore,45185
5989,Rakesh,Singh,user4988@example.com,9876504988,Female,2050-01-01,Chennai,86022
5990,Anjali,Kumar,user4989@example.com,9876504989,Male,2011-04-16,Hyderabad,68258
5991,Neha,Patel,user4990@example.com,9876504990,Female,1994-11-10,Ahmedabad,82374
5992,Priya,Verma,user4991@example.com,9876504991,Female,1987-03-11,Chennai,39167
5993,Rakesh,Gupta,user4992@example.com,9876504992,Other,1981-01-12,Hyderabad,73963
5995,Anjali,Joshi,user4994@example.com,9876504994,Other,2006-06-14,Bangalore,72706
5998,Rakesh,Rao,user4997@example.com,9876504997,Other,1998-11-13,Kolkata,52585
6000,Neha,Singh,user4999@example.com,9876504999,Male,1996-03-07,Bangalore,40379
6007,Neha,Gupta,user5006@example.com,9876505006,Female,1993-10-23,Hyderabad,81041
6008,Neha,Kumar,user5007@example.com,9876505007,Other,2002-09-29,Kolkata,51444
6009,Vijay,Joshi,user5008@example.com,9876505008,Other,2005-01-29,Pune,73958
6010,Priya,Singh,user5009@example.com,9876505009,Male,1996-04-09,Kolkata,46639
6013,Priya,Mehta,user5012@example.com,9876505012,Female,1994-05-07,Ahmedabad,71910
6014,Kavya,Reddy,user5013@example.com,9876505013,Male,2003-09-18,Chennai,48213
6015,Rakesh,Patel,user5014@example.com,9876505014,Other,1970-01-11,Delhi,78231
6016,Priya,Sharma,user5015@example.com,9876505015,Male,2005-11-08,Mumbai,38737
6017,Neha,Gupta,user5016@example.com,9876505016,Male,1984-04-18,Ahmedabad,99010
6019,Amit,Reddy,user5018@example.com,9876505018,Male,1980-01-26,Hyderabad,25849
6024,Neha,Mehta,user5023@example.com,9876505023,Female,1984-02-21,Delhi,80097
6027,Vijay,Rao,user5026@example.com,9876505026,Female,1970-10-12,Kolkata,54400
6028,Amit,Gupta,user5027@example.com,9876505027,Other,1987-12-01,Bangalore,52779
6029,Sameer,Mehta,user5028@example.com,9876505028,Other,1985-04-02,Delhi,28462
6030,Sameer,Gupta,user5029@example.com,9876505029,Female,1990-08-07,Chennai,70428
6035,Neha,Sharma,user5034@example.com,9876505034,Other,1971-07-08,Delhi,47110
6037,Neha,Verma,user5036@example.com,9876505036,Female,2008-11-20,Kolkata,92688
6038,Kavya,Kumar,user5037@example.com,9876505037,Other,1973-05-25,Bangalore,88251
6040,Rakesh,Rao,user5039@example.com,9876505039,Other,1999-07-08,Delhi,105297
6042,Amit,Patel,user5041@example.com,9876505041,Other,1979-01-01,Delhi,77719
6044,Priya,Mehta,user5043@example.com,9876505043,Female,1996-10-12,Mumbai,78913
6050,Anjali,Singh,user5049@example.com,9876505049,Male,1996-04-25,Ahmedabad,46904
6052,Neha,Singh,user5051@example.com,9876505051,Male,1993-03-02,Pune,56542
6054,Anjali,Verma,user5053@example.com,9876505053,Female,1983-03-21,Bangalore,53237
6058,Sameer,Mehta,user5057@example.com,9876505057,Male,2018-06-14,Ahmedabad,71180
6064,Kavya,Rao,user5063@example.com,9876505063,Male,2011-10-17,Hyderabad,41053
6067,Amit,Reddy,user5066@example.com,9876505066,Male,1994-08-18,Chennai,75384
6068,Rakesh,Joshi,user5067@example.com,9876505067,Other,2009-11-15,Chennai,68740
6069,Sneha,Gupta,user5068@example.com,9876505068,Other,2002-09-04,Bangalore,39301
6070,Arjun,Singh,user5069@example.com,9876505069,Male,2004-09-14,Ahmedabad,37948
6072,Rakesh,Joshi,user5071@example.com,9876505071,Male,1987-05-27,Delhi,98965
6073,Neha,Reddy,user5072@example.com,9876505072,Male,1983-01-24,Ahmedabad,90898
6074,Amit,Kumar,user5073@example.com,9876505073,Other,1977-05-20,Hyderabad,59127
6075,Anjali,Kumar,user5074@example.com,9876505074,Other,2004-02-10,Kolkata,69230
6079,Arjun,Patel,user5078@example.com,9876505078,Female,1998-04-27,Delhi,8603
6083,Kavya,Patel,user5082@example.com,9876505082,Other,1981-07-26,Mumbai,36459
6084,Anjali,Patel,user5083@example.com,9876505083,Male,1990-09-24,Hyderabad,59748
6085,Sneha,Mehta,user5084@example.com,9876505084,Other,2008-10-19,Hyderabad,54071
6087,Sameer,Patel,user5086@example.com,9876505086,Other,1988-06-26,Bangalore,93377
6088,Anjali,Rao,user5087@example.com,9876505087,Other,1996-08-09,Kolkata,48002
6090,Kavya,Kumar,user5089@example.com,9876505089,Male,1987-01-29,Bangalore,97339
6091,Sameer,Singh,user5090@example.com,9876505090,Female,1996-10-22,Mumbai,70858
6092,Sameer,Mehta,user5091@example.com,9876505091,Female,1995-04-16,Delhi,46381
6093,Anjali,Kumar,user5092@example.com,9876505092,Other,1998-04-29,Bangalore,67382
6094,Arjun,Rao,user5093@example.com,9876505093,Other,2008-10-07,Ahmedabad,22495
6096,Kavya,Patel,user5095@example.com,9876505095,Male,1973-10-07,Ahmedabad,70328
6097,Arjun,Singh,user5096@example.com,9876505096,Other,invalid,Kolkata,72710
6098,Kavya,Patel,user5097@example.com,9876505097,Female,1989-02-22,Chennai,56105
6099,Priya,Gupta,user5098@example.com,9876505098,Male,2007-12-03,Kolkata,66402
6100,Neha,Patel,user5099@example.com,9876505099,Other,2006-03-28,Ahmedabad,44618
6103,Anjali,Sharma,user5102@example.com,9876505102,Female,1987-12-30,Pune,79209
6104,Anjali,Rao,user5103@example.com,9876505103,Male,2007-08-05,Kolkata,59646
6105,Sneha,Sharma,user5104@example.com,9876505104,Female,2004-06-20,Chennai,48528
6106,Arjun,Gupta,user5105@example.com,9876505105,Other,2016-08-09,Bangalore,81916
6108,Vijay,Kumar,user5107@example.com,9876505107,Male,1997-09-10,Mumbai,44961
6109,Priya,Reddy,user5108@example.com,9876505108,Female,1971-10-08,Pune,86168
6110,Anjali,Mehta,user5109@example.com,9876505109,Male,1986-02-10,Mumbai,56049
6111,Rakesh,Singh,user5110@example.com,9876505110,Other,2004-02-13,Bangalore,47725
6112,Priya,Mehta,user5111@example.com,9876505111,Other,2015-02-07,Kolkata,83933
6113,Priya,Singh,user5112@example.com,9876505112,Female,2010-04-04,Kolkata,49228
6115,Neha,Sharma,user5114@example.com,9876505114,Male,2001-05-28,Hyderabad,90662
6117,Vijay,Patel,user5116@example.com,9876505116,Other,1971-07-05,Delhi,71832
6118,Kavya,Patel,user5117@example.com,9876505117,Male,1984-04-21,Chennai,41547
6119,Anjali,Mehta,user5118@example.com,9876505118,Female,2007-02-06,Delhi,55051
6123,Vijay,Verma,user5122@example.com,9876505122,Male,1995-01-07,Hyderabad,39810
6125,Vijay,Kumar,user5124@example.com,9876505124,Female,1977-03-18,Mumbai,89303
6127,Vijay,Patel,user5126@example.com,9876505126,Female,1979-08-03,Ahmedabad,64236
6128,Kavya,Verma,user5127@example.com,9876505127,Male,1972-06-08,Kolkata,56780
6129,Neha,Reddy,user5128@example.com,9876505128,Male,1993-12-31,Chennai,87684
6130,Amit,Singh,user5129@example.com,9876505129,Male,2008-11-14,Kolkata,35423
6136,Priya,Gupta,user5135@example.com,9876505135,Female,2007-01-19,Ahmedabad,38284
6137,Kavya,Reddy,user5136@example.com,9876505136,Other,1976-04-02,Ahmedabad,80650
6138,Vijay,Mehta,user5137@example.com,9876505137,Other,1983-08-25,Ahmedabad,42908
6139,Kavya,Joshi,user5138@example.com,9876505138,Male,2016-07-13,Kolkata,38272
6142,Amit,Rao,user5141@example.com,9876505141,Female,2007-08-07,Chennai,85230
6143,Sneha,Rao,user5142@example.com,9876505142,Other,1989-12-02,Delhi,58995
6144,Rakesh,Mehta,user5143@example.com,9876505143,Male,1993-11-11,Mumbai,57198
6148,Sneha,Rao,user5147@example.com,9876505147,Other,1972-10-20,Bangalore,88765
6149,Kavya,Joshi,user5148@example.com,9876505148,Female,2012-04-07,Delhi,80198
6154,Neha,Mehta,user5153@example.com,9876505153,Male,1999-01-28,Chennai,63967
6157,Neha,Joshi,user5156@example.com,9876505156,Other,2009-08-10,Delhi,59992
6158,Sneha,Singh,user5157@example.com,9876505157,Other,1984-08-28,Delhi,66866
6159,Vijay,Singh,user5158@example.com,9876505158,Female,1972-06-22,Delhi,49111
6160,Arjun,Kumar,user5159@example.com,9876505159,Other,1995-08-27,Delhi,62955
6162,Neha,Rao,user5161@example.com,9876505161,Other,1997-08-08,Ahmedabad,54122
6164,Priya,Sharma,user5163@example.com,9876505163,Female,2013-09-23,Mumbai,41628
6168,Neha,Kumar,user5167@example.com,9876505167,Other,1988-03-06,Kolkata,41969
6169,Rakesh,Kumar,user5168@example.com,9876505168,Male,1980-06-30,Bangalore,69242
6170,Sneha,Verma,user5169@example.com,9876505169,Male,2005-01-19,Chennai,63972
6173,Priya,Singh,user5172@example.com,9876505172,Female,2002-12-11,Mumbai,45099
6179,Priya,Patel,user5178@example.com,9876505178,Female,1982-01-18,Bangalore,27192
6180,Kavya,Verma,user5179@example.com,9876505179,Female,1994-03-22,Ahmedabad,30467
6185,Arjun,Joshi,user5184@example.com,9876505184,Other,2014-04-15,Delhi,76283
6186,Rakesh,Gupta,user5185@example.com,9876505185,Female,2008-12-01,Ahmedabad,48619
6187,Sameer,Reddy,user5186@example.com,9876505186,Male,1988-08-13,Chennai,76207
6188,Arjun,Rao,user5187@example.com,9876505187,Other,2009-09-22,Ahmedabad,67254
6189,Sameer,Sharma,user5188@example.com,9876505188,Male,1997-04-23,Ahmedabad,45846
6190,Priya,Mehta,user5189@example.com,9876505189,Male,2017-10-09,Hyderabad,77180
6192,Sneha,Reddy,user5191@example.com,9876505191,Female,invalid,Ahmedabad,44068
6193,Neha,Mehta,user5192@example.com,9876505192,Other,1989-02-27,Pune,45586
6194,Sameer,Rao,user5193@example.com,9876505193,Female,1995-09-01,Bangalore,74595
6196,Vijay,Gupta,user5195@example.com,9876505195,Female,1976-09-19,Bangalore,70652
6197,Priya,Verma,user5196@example.com,9876505196,Male,1971-06-23,Kolkata,82787
6199,Priya,Reddy,user5198@example.com,9876505198,Female,1976-04-22,Kolkata,60496
6200,Kavya,Rao,user5199@example.com,9876505199,Female,2015-07-16,Bangalore,68291
6203,Sneha,Verma,user5202@example.com,9876505202,Male,1976-03-09,Kolkata,85684
6204,Amit,Mehta,user5203@example.com,9876505203,Female,1988-02-11,Chennai,92266
6205,Arjun,Patel,user5204@example.com,9876505204,Other,1993-10-18,Kolkata,50236
6208,Amit,Reddy,user5207@example.com,9876505207,Other,1980-02-22,Ahmedabad,61947
6212,Anjali,Gupta,user5211@example.com,9876505211,Other,1980-04-03,Bangalore,71152
6213,Sameer,Kumar,user5212@example.com,9876505212,Other,1997-11-13,Bangalore,38787
6214,Neha,Mehta,user5213@example.com,9876505213,Female,2018-12-10,Mumbai,51772
6216,Arjun,Verma,user5215@example.com,9876505215,Male,2012-10-07,Ahmedabad,76852
6217,Anjali,Singh,user5216@example.com,9876505216,Female,2006-03-11,Hyderabad,83844
6223,Priya,Rao,user5222@example.com,9876505222,Other,1989-10-19,Chennai,95408
6224,Sneha,Singh,user5223@example.com,9876505223,Male,2000-09-14,Bangalore,83434
6228,Sameer,Reddy,user5227@example.com,9876505227,Other,2013-08-24,Delhi,56226
6229,Rakesh,Kumar,user5228@example.com,9876505228,Male,2015-07-05,Kolkata,81602
6230,Neha,Rao,user5229@example.com,9876505229,Female,1990-11-01,Ahmedabad,75928
6232,Vijay,Singh,user5231@example.com,9876505231,Female,1980-11-27,Delhi,86039
6233,Amit,Patel,user5232@example.com,9876505232,Male,2004-05-17,Pune,41162
6234,Neha,Joshi,user5233@example.com,9876505233,Male,1992-04-09,Bangalore,66124
6235,Sameer,Kumar,user5234@example.com,9876505234,Male,1985-05-08,Bangalore,98173
6242,Rakesh,Kumar,user5241@example.com,9876505241,Male,2014-01-06,Hyderabad,78474
6243,Priya,Singh,user5242@example.com,9876505242,Female,1982-10-06,Ahmedabad,43120
6245,Sneha,Sharma,user5244@example.com,9876505244,Other,2017-07-29,Delhi,73385
6247,Sneha,Reddy,user5246@example.com,9876505246,Female,1985-07-23,Ahmedabad,105301
6248,Anjali,Patel,user5247@example.com,9876505247,Female,1986-04-28,Ahmedabad,59516
6249,Anjali,Reddy,user5248@example.com,9876505248,Female,1984-04-01,Ahmedabad,60058
6250,Sameer,Singh,user5249@example.com,9876505249,Male,1990-09-05,Chennai,81631
6252,Amit,Mehta,user5251@example.com,9876505251,Female,1989-05-25,Kolkata,59834
6254,Neha,Joshi,user5253@example.com,9876505253,Male,2005-04-06,Ahmedabad,52434
6255,Sneha,Verma,user5254@example.com,9876505254,Other,1986-07-31,Ahmedabad,41878
6257,Amit,Patel,user5256@example.com,9876505256,Other,2002-12-07,Pune,95452
6258,Sameer,Verma,user5257@example.com,9876505257,Other,1972-10-05,Delhi,50628
6263,Kavya,Patel,user5262@example.com,9876505262,Other,2017-05-07,Chennai,90414
6265,Priya,Singh,user5264@example.com,9876505264,Other,1986-02-08,Delhi,70951
6267,Priya,Singh,user5266@example.com,9876505266,Female,1972-10-03,Delhi,50012
6268,Arjun,Joshi,user5267@example.com,9876505267,Other,1989-06-24,Chennai,78785
6271,Sameer,Verma,user5270@example.com,9876505270,Male,1990-09-05,Bangalore,73373
6274,Neha,Reddy,user5273@example.com,9876505273,Other,1982-04-23,Ahmedabad,54994
6275,Priya,Kumar,user5274@example.com,9876505274,Female,2004-01-24,Mumbai,68692
6277,Amit,Kumar,user5276@example.com,9876505276,Female,2005-01-29,Mumbai,61942
6278,Amit,Mehta,user5277@example.com,9876505277,Male,1990-05-26,Bangalore,86753
6279,Neha,Joshi,user5278@example.com,9876505278,Other,1978-01-24,Pune,88498
6283,Sameer,Reddy,user5282@example.com,9876505282,Male,1994-03-22,Chennai,90950
6284,Rakesh,Sharma,user5283@example.com,9876505283,Female,1980-02-04,Hyderabad,37803
6285,Rakesh,Sharma,user5284@example.com,9876505284,Female,1998-07-20,Chennai,65200
6286,Rakesh,Mehta,user5285@example.com,9876505285,Other,1995-09-19,Delhi,48742
6287,Sneha,Verma,user5286@example.com,9876505286,Other,1999-03-04,Chennai,79777
6288,Vijay,Verma,user5287@example.com,9876505287,Female,2017-08-31,Hyderabad,33681
6289,Vijay,Sharma,user5288@example.com,9876505288,Other,1982-01-30,Kolkata,29702
6290,Priya,Mehta,user5289@example.com,9876505289,Female,2006-06-08,Chennai,51910
6297,Amit,Mehta,user5296@example.com,9876505296,Female,1981-04-02,Ahmedabad,69617
6298,Anjali,Singh,user5297@example.com,9876505297,Other,2009-04-29,Mumbai,82645
6299,Priya,Reddy,user5298@example.com,9876505298,Male,2004-01-12,Kolkata,76596
6300,Vijay,Patel,user5299@example.com,9876505299,Female,2016-06-21,Hyderabad,47034
6302,Amit,Patel,user5301@example.com,9876505301,Male,1995-09-26,Mumbai,84882
6306,Vijay,Rao,user5305@example.com,9876505305,Male,2009-12-20,Delhi,50102
6309,Arjun,Mehta,user5308@example.com,9876505308,Other,1971-04-16,Ahmedabad,30524
6310,Neha,Gupta,user5309@example.com,9876505309,Female,2003-02-18,Chennai,40626
6312,Arjun,Gupta,user5311@example.com,9876505311,Female,1983-11-16,Ahmedabad,56239
6313,Sameer,Kumar,user5312@example.com,9876505312,Male,1998-03-01,Mumbai,52507
6314,Neha,Rao,user5313@example.com,9876505313,Other,1978-03-14,Hyderabad,68211
6315,Sneha,Mehta,user5314@example.com,9876505314,Other,2018-06-15,Hyderabad,55410
6316,Vijay,Sharma,user5315@example.com,9876505315,Other,invalid,Chennai,74019
6317,Sameer,Patel,user5316@example.com,9876505316,Other,1991-09-22,Delhi,49245
6318,Priya,Mehta,user5317@example.com,9876505317,Other,2008-04-02,Chennai,106948
6320,Rakesh,Mehta,user5319@example.com,9876505319,Other,1970-10-10,Hyderabad,75313
6322,Neha,Mehta,user5321@example.com,9876505321,Male,2009-07-03,Ahmedabad,44080
6323,Anjali,Gupta,user5322@example.com,9876505322,Male,2002-06-02,Hyderabad,60065
6324,Priya,Gupta,user5323@example.com,9876505323,Other,2018-09-08,Pune,60930
6327,Anjali,Joshi,user5326@example.com,9876505326,Other,2000-06-19,Chennai,81585
6328,Amit,Verma,user5327@example.com,9876505327,Other,2002-11-19,Kolkata,63825
6331,Kavya,Joshi,user5330@example.com,9876505330,Female,1989-09-28,Chennai,30033
6332,Arjun,Kumar,user5331@example.com,9876505331,Other,1972-02-27,Kolkata,46121
6333,Vijay,Mehta,user5332@example.com,9876505332,Female,2012-12-25,Pune,97789
6335,Anjali,Sharma,user5334@example.com,9876505334,Other,2004-03-11,Bangalore,84660
6336,Vijay,Joshi,user5335@example.com,9876505335,Female,2011-01-28,Pune,57113
6337,Amit,Reddy,user5336@example.com,9876505336,Female,1982-09-18,Mumbai,73530
6339,Priya,Joshi,user5338@example.com,9876505338,Other,1979-05-04,Chennai,102088
6343,Rakesh,Sharma,user5342@example.com,9876505342,Other,2012-10-18,Delhi,76721
6344,Kavya,Kumar,user5343@example.com,9876505343,Female,1998-07-26,Kolkata,66045
6348,Priya,Patel,user5347@example.com,9876505347,Male,2018-07-22,Bangalore,64292
6349,Anjali,Sharma,user5348@example.com,9876505348,Other,1995-01-06,Bangalore,65251
6350,Neha,Gupta,user5349@example.com,9876505349,Male,2008-12-03,Kolkata,98740
6354,Vijay,Singh,user5353@example.com,9876505353,Male,1995-02-26,Delhi,47316
6355,Sameer,Verma,user5354@example.com,9876505354,Female,1988-05-20,Delhi,67019
6357,Sneha,Kumar,user5356@example.com,9876505356,Female,2005-06-19,Kolkata,76776
6358,Sameer,Kumar,user5357@example.com,9876505357,Female,1993-05-21,Mumbai,54408
6359,Neha,Joshi,user5358@example.com,9876505358,Other,2019-01-25,Ahmedabad,72278
6364,Sameer,Verma,user5363@example.com,9876505363,Male,1989-03-30,Kolkata,111590
6365,Neha,Reddy,user5364@example.com,9876505364,Female,1998-07-21,Pune,50040
6366,Rakesh,Patel,user5365@example.com,9876505365,Female,2000-11-25,Delhi,71502
6367,Arjun,Singh,user5366@example.com,9876505366,Female,1986-07-17,Kolkata,57938
6373,Priya,Rao,user5372@example.com,9876505372,Male,1995-04-19,Delhi,51689
6374,Kavya,Rao,user5373@example.com,9876505373,Male,1997-01-29,Delhi,76437
6379,Amit,Reddy,user5378@example.com,9876505378,Male,1990-03-12,Pune,63201
6384,Anjali,Kumar,user5383@example.com,9876505383,Other,1985-01-11,Ahmedabad,58355
6388,Sneha,Sharma,user5387@example.com,9876505387,Female,1970-08-19,Ahmedabad,62627
6389,Priya,Gupta,user5388@example.com,9876505388,Female,1989-03-23,Kolkata,76295
6390,Sameer,Sharma,user5389@example.com,9876505389,Male,1996-10-09,Delhi,46286
6391,Rakesh,Singh,user5390@example.com,9876505390,Other,2000-11-21,Mumbai,71945
6392,Kavya,Patel,user5391@example.com,9876505391,Female,2015-11-28,Kolkata,70713
6393,Rakesh,Rao,user5392@example.com,9876505392,Other,2001-02-02,Kolkata,75671
6395,Anjali,Joshi,user5394@example.com,9876505394,Male,2016-12-09,Kolkata,33708
6396,Arjun,Joshi,user5395@example.com,9876505395,Other,1984-05-10,Bangalore,69555
6397,Anjali,Kumar,user5396@example.com,9876505396,Female,2017-06-09,Hyderabad,47479
6402,Priya,Gupta,user5401@example.com,9876505401,Female,1972-05-31,Bangalore,18842
6405,Arjun,Mehta,user5404@example.com,9876505404,Other,2005-09-16,Mumbai,70412
6406,Rakesh,Reddy,user5405@example.com,9876505405,Other,2006-12-12,Delhi,54216
6408,Neha,Verma,user5407@example.com,9876505407,Other,1975-06-18,Pune,69212
6411,Priya,Patel,user5410@example.com,9876505410,Female,1991-04-09,Delhi,44461
6412,Kavya,Sharma,user5411@example.com,9876505411,Male,2004-04-01,Ahmedabad,62036
6413,Sameer,Reddy,user5412@example.com,9876505412,Female,1972-10-08,Delhi,75265
6414,Amit,Mehta,user5413@example.com,9876505413,Other,2016-09-28,Delhi,60963
6415,Kavya,Rao,user5414@example.com,9876505414,Male,1981-02-20,Delhi,43028
6417,Rakesh,Patel,user5416@example.com,9876505416,Other,2013-08-31,Delhi,34749
6419,Arjun,Verma,user5418@example.com,9876505418,Other,1976-09-28,Hyderabad,63143
6420,Anjali,Sharma,user5419@example.com,9876505419,Male,1984-01-11,Delhi,82944
6428,Kavya,Reddy,user5427@example.com,9876505427,Other,2012-01-22,Hyderabad,20977
6429,Priya,Sharma,user5428@example.com,9876505428,Female,1979-03-14,Mumbai,30787
6433,Vijay,Kumar,user5432@example.com,9876505432,Other,2004-03-24,Mumbai,58197
6435,Amit,Verma,user5434@example.com,9876505434,Other,1972-06-18,Bangalore,37347
6437,Sameer,Singh,user5436@example.com,9876505436,Male,1971-10-15,Mumbai,80085
6440,Vijay,Singh,user5439@example.com,9876505439,Other,1993-05-04,Ahmedabad,44267
6442,Priya,Gupta,user5441@example.com,9876505441,Female,1988-06-28,Bangalore,54688
6444,Amit,Verma,user5443@example.com,9876505443,Male,1998-05-19,Mumbai,59012
6447,Rakesh,Sharma,user5446@example.com,9876505446,Female,2017-09-30,Pune,67783
6448,Anjali,Singh,user5447@example.com,9876505447,Female,1986-07-02,Pune,63382
6452,Sameer,Singh,user5451@example.com,9876505451,Other,2006-06-19,Hyderabad,76483
6453,Sameer,Rao,user5452@example.com,9876505452,Other,1975-02-26,Kolkata,69002
6454,Anjali,Verma,user5453@example.com,9876505453,Male,2007-09-10,Ahmedabad,56568
6455,Sameer,Singh,user5454@example.com,9876505454,Male,1973-02-27,Bangalore,112907
6456,Priya,Mehta,user5455@example.com,9876505455,Other,2015-08-13,Pune,89602
6457,Priya,Joshi,user5456@example.com,9876505456,Male,1984-10-18,Ahmedabad,54197
6459,Sameer,Kumar,user5458@example.com,9876505458,Female,1998-08-06,Delhi,83547
6464,Neha,Sharma,user5463@example.com,9876505463,Other,2017-04-11,Kolkata,85294
6466,Sameer,Rao,user5465@example.com,9876505465,Male,2011-08-27,Kolkata,24802
6467,Rakesh,Singh,user5466@example.com,9876505466,Male,1986-12-12,Kolkata,37931
6469,Sneha,Gupta,user5468@example.com,9876505468,Other,2014-06-18,Hyderabad,104911
6470,Amit,Sharma,user5469@example.com,9876505469,Other,1979-12-21,Hyderabad,78033
6471,Sameer,Verma,user5470@example.com,9876505470,Female,1990-02-01,Ahmedabad,75822
6473,Rakesh,Patel,user5472@example.com,9876505472,Other,2009-10-25,Ahmedabad,46568
6474,Vijay,Mehta,user5473@example.com,9876505473,Female,1975-12-03,Chennai,35927
6475,Amit,Mehta,user5474@example.com,9876505474,Male,2009-11-26,Chennai,84915
6478,Kavya,Mehta,user5477@example.com,9876505477,Other,2015-04-13,Ahmedabad,55183
6479,Vijay,Verma,user5478@example.com,9876505478,Other,invalid,Hyderabad,56820
6482,Arjun,Rao,user5481@example.com,9876505481,Male,2006-12-31,Chennai,61853
6483,Rakesh,Singh,user5482@example.com,9876505482,Female,1988-08-11,Kolkata,54229
6484,Arjun,Mehta,user5483@example.com,9876505483,Female,1988-01-21,Ahmedabad,51733
6486,Sneha,Kumar,user5485@example.com,9876505485,Male,1971-07-31,Chennai,33325
6487,Sneha,Gupta,user5486@example.com,9876505486,Female,1989-11-20,Bangalore,77386
6488,Arjun,Reddy,user5487@example.com,9876505487,Male,2008-12-18,Hyderabad,27656
6489,Vijay,Rao,user5488@example.com,9876505488,Male,1980-04-22,Pune,86307
6490,Kavya,Singh,user5489@example.com,9876505489,Female,1971-04-02,Kolkata,54446
6492,Arjun,Rao,user5491@example.com,9876505491,Other,1983-06-09,Hyderabad,76160
6493,Anjali,Patel,user5492@example.com,9876505492,Female,1983-08-09,Delhi,59241
6496,Vijay,Gupta,user5495@example.com,9876505495,Male,2015-02-26,Bangalore,108966
6498,Priya,Reddy,user5497@example.com,9876505497,Female,1971-07-31,Ahmedabad,49841
6499,Rakesh,Gupta,user5498@example.com,9876505498,Male,2050-01-01,Kolkata,57959
6505,Sneha,Sharma,user5504@example.com,9876505504,Other,2015-02-15,Kolkata,12703
6507,Sneha,Gupta,user5506@example.com,9876505506,Female,1992-05-01,Hyderabad,53159
6508,Neha,Gupta,user5507@example.com,9876505507,Male,1998-02-28,Pune,44894
6509,Arjun,Sharma,user5508@example.com,9876505508,Other,1998-02-13,Mumbai,38246
6512,Kavya,Patel,user5511@example.com,9876505511,Other,1983-03-05,Pune,82774
6513,Sameer,Verma,user5512@example.com,9876505512,Female,1991-06-07,Hyderabad,56125
6514,Anjali,Joshi,user5513@example.com,9876505513,Female,1999-12-12,Ahmedabad,84654
6516,Priya,Gupta,user5515@example.com,9876505515,Other,1991-05-17,Bangalore,101386
6517,Sneha,Reddy,user5516@example.com,9876505516,Other,1978-01-02,Kolkata,54981
6518,Amit,Joshi,user5517@example.com,9876505517,Male,1983-09-11,Delhi,73274
6520,Vijay,Kumar,user5519@example.com,9876505519,Female,1990-06-21,Pune,77606
6522,Priya,Verma,user5521@example.com,9876505521,Female,1986-04-30,Ahmedabad,55248
6523,Kavya,Singh,user5522@example.com,9876505522,Female,1986-04-02,Mumbai,26126
6527,Amit,Kumar,user5526@example.com,9876505526,Female,1970-05-04,Hyderabad,66033
6528,Kavya,Rao,user5527@example.com,9876505527,Female,1972-01-24,Bangalore,33778
6531,Amit,Mehta,user5530@example.com,9876505530,Other,1987-11-13,Delhi,39699
6534,Amit,Joshi,user5533@example.com,9876505533,Female,1978-01-17,Chennai,75526
6535,Rakesh,Joshi,user5534@example.com,9876505534,Male,2014-03-28,Chennai,78141
6538,Sneha,Reddy,user5537@example.com,9876505537,Other,1976-08-24,Pune,70483
6539,Vijay,Patel,user5538@example.com,9876505538,Male,2008-09-28,Mumbai,29766
6540,Arjun,Mehta,user5539@example.com,9876505539,Other,1996-07-24,Kolkata,65041
6542,Amit,Reddy,user5541@example.com,9876505541,Other,1986-02-12,Hyderabad,67418
6543,Priya,Gupta,user5542@example.com,9876505542,Other,2007-06-08,Mumbai,98255
6549,Amit,Mehta,user5548@example.com,9876505548,Other,1978-12-26,Chennai,39723
6554,Rakesh,Rao,user5553@example.com,9876505553,Female,1974-08-14,Hyderabad,56997
6555,Anjali,Joshi,user5554@example.com,9876505554,Female,2010-10-09,Delhi,53562
6556,Sameer,Patel,user5555@example.com,9876505555,Male,2019-04-04,Bangalore,77666
6557,Kavya,Patel,user5556@example.com,9876505556,Female,2005-05-21,Mumbai,59711
6560,Priya,Patel,user5559@example.com,9876505559,Male,1993-05-25,Chennai,70757
6562,Priya,Verma,user5561@example.com,9876505561,Other,2007-04-30,Pune,59713
6563,Priya,Joshi,user5562@example.com,9876505562,Male,2001-09-04,Mumbai,69744
6568,Priya,Patel,user5567@example.com,9876505567,Other,1975-08-16,Pune,59123
6569,Rakesh,Rao,user5568@example.com,9876505568,Other,1983-09-18,Pune,61973
6571,Sneha,Mehta,user5570@example.com,9876505570,Female,2010-03-22,Hyderabad,66418
6573,Vijay,Gupta,user5572@example.com,9876505572,Female,1975-12-07,Bangalore,70268
6578,Sameer,Mehta,user5577@example.com,9876505577,Other,2003-07-05,Ahmedabad,74105
6579,Amit,Reddy,user5578@example.com,9876505578,Other,1977-03-30,Mumbai,58791
6580,Amit,Verma,user5579@example.com,9876505579,Male,2009-10-28,Chennai,80270
6582,Amit,Singh,user5581@example.com,9876505581,Female,2018-03-10,Bangalore,55605
6584,Rakesh,Sharma,user5583@example.com,9876505583,Male,2000-08-22,Pune,60411
6588,Kavya,Verma,user5587@example.com,9876505587,Female,2005-04-28,Bangalore,91435
6589,Sneha,Joshi,user5588@example.com,9876505588,Other,1975-11-07,Chennai,60841
6590,Sameer,Verma,user5589@example.com,9876505589,Male,2002-08-24,Ahmedabad,86124
6591,Sneha,Reddy,user5590@example.com,9876505590,Female,1989-01-19,Delhi,43709
6593,Anjali,Joshi,user5592@example.com,9876505592,Female,1976-03-22,Kolkata,63659
6597,Priya,Kumar,user5596@example.com,9876505596,Female,1975-11-28,Mumbai,76946
6598,Vijay,Verma,user5597@example.com,9876505597,Other,invalid,Chennai,74642
6602,Anjali,Singh,user5601@example.com,9876505601,Female,2007-02-10,Chennai,52903
6603,Sneha,Mehta,user5602@example.com,9876505602,Other,1990-04-27,Chennai,74805
6604,Arjun,Gupta,user5603@example.com,9876505603,Female,1973-12-28,Hyderabad,82021
6606,Neha,Mehta,user5605@example.com,9876505605,Male,2007-12-07,Delhi,64113
6607,Rakesh,Verma,user5606@example.com,9876505606,Male,2006-06-16,Chennai,83222
6609,Rakesh,Sharma,user5608@example.com,9876505608,Other,1980-01-13,Pune,9028
6610,Arjun,Rao,user5609@example.com,9876505609,Female,1990-12-16,Ahmedabad,75754
6612,Kavya,Rao,user5611@example.com,9876505611,Female,1996-02-25,Delhi,33113
6614,Anjali,Kumar,user5613@example.com,9876505613,Other,2018-07-24,Hyderabad,55039
6615,Kavya,Kumar,user5614@example.com,9876505614,Female,2019-01-30,Pune,67572
6616,Vijay,Rao,user5615@example.com,9876505615,Other,2008-08-03,Bangalore,23630
6617,Priya,Joshi,user5616@example.com,9876505616,Male,2017-02-17,Hyderabad,39653
6618,Vijay,Joshi,user5617@example.com,9876505617,Female,2019-04-03,Kolkata,73974
6620,Priya,Rao,user5619@example.com,9876505619,Male,1991-09-25,Pune,95090
6624,Amit,Kumar,user5623@example.com,9876505623,Female,1987-10-12,Chennai,99168
6625,Rakesh,Patel,user5624@example.com,9876505624,Male,1981-04-10,Ahmedabad,63554
6627,Arjun,Singh,user5626@example.com,9876505626,Female,1972-01-24,Ahmedabad,81507
6633,Sneha,Singh,user5632@example.com,9876505632,Other,1972-03-07,Delhi,42995
6635,Arjun,Joshi,user5634@example.com,9876505634,Male,2010-08-15,Ahmedabad,51218
6636,Neha,Singh,user5635@example.com,9876505635,Female,1984-02-02,Hyderabad,61641
6638,Arjun,Rao,user5637@example.com,9876505637,Male,1981-06-03,Hyderabad,42577
6640,Vijay,Patel,user5639@example.com,9876505639,Male,2015-11-10,Hyderabad,82976
6644,Sameer,Gupta,user5643@example.com,9876505643,Female,2012-10-12,Bangalore,97025
6646,Priya,Sharma,user5645@example.com,9876505645,Male,2001-04-21,Hyderabad,79352
6647,Sameer,Rao,user5646@example.com,9876505646,Other,1973-10-01,Ahmedabad,67433
6648,Vijay,Singh,user5647@example.com,9876505647,Other,2008-07-08,Mumbai,87574
6649,Arjun,Kumar,user5648@example.com,9876505648,Female,1994-05-05,Pune,63974
6650,Anjali,Rao,user5649@example.com,9876505649,Other,1992-03-22,Ahmedabad,66375
6653,Kavya,Joshi,user5652@example.com,9876505652,Female,1984-09-08,Hyderabad,40293
6665,Anjali,Joshi,user5664@example.com,9876505664,Female,2003-03-27,Delhi,34267
6667,Vijay,Rao,user5666@example.com,9876505666,Other,1999-11-01,Kolkata,77313
6668,Neha,Kumar,user5667@example.com,9876505667,Male,1976-07-17,Hyderabad,76563
6672,Vijay,Rao,user5671@example.com,9876505671,Male,2010-07-07,Kolkata,48750
6673,Neha,Gupta,user5672@example.com,9876505672,Male,2017-10-17,Mumbai,41274
6677,Anjali,Singh,user5676@example.com,9876505676,Male,1972-07-27,Ahmedabad,52074
6679,Arjun,Rao,user5678@example.com,9876505678,Male,2018-06-12,Kolkata,83988
6682,Neha,Kumar,user5681@example.com,9876505681,Male,1981-02-08,Ahmedabad,85404
6683,Rakesh,Patel,user5682@example.com,9876505682,Female,2017-10-31,Pune,61575
6684,Amit,Reddy,user5683@example.com,9876505683,Female,2005-03-13,Hyderabad,71343
6685,Rakesh,Sharma,user5684@example.com,9876505684,Female,2013-03-08,Bangalore,63805
6688,Kavya,Gupta,user5687@example.com,9876505687,Male,2000-07-09,Mumbai,52971
6690,Anjali,Singh,user5689@example.com,9876505689,Male,1987-03-23,Kolkata,76349
6693,Sneha,Rao,user5692@example.com,9876505692,Female,2016-06-23,Bangalore,69509
6694,Sameer,Verma,user5693@example.com,9876505693,Male,1996-05-08,Ahmedabad,56164
6695,Vijay,Singh,user5694@example.com,9876505694,Female,2006-06-06,Chennai,75248
6697,Sameer,Joshi,user5696@example.com,9876505696,Male,1970-08-17,Pune,69041
6698,Rakesh,Mehta,user5697@example.com,9876505697,Other,2012-10-30,Ahmedabad,60640
6699,Anjali,Kumar,user5698@example.com,9876505698,Other,1996-03-05,Mumbai,45348
6700,Neha,Patel,user5699@example.com,9876505699,Other,1980-11-23,Kolkata,96173
6702,Rakesh,Joshi,user5701@example.com,9876505701,Other,1972-01-10,Mumbai,57121
6703,Anjali,Rao,user5702@example.com,9876505702,Male,1987-11-09,Bangalore,33301
6704,Sneha,Singh,user5703@example.com,9876505703,Other,1983-10-29,Pune,61640
6705,Vijay,Verma,user5704@example.com,9876505704,Male,1984-09-30,Kolkata,73671
6707,Amit,Gupta,user5706@example.com,9876505706,Female,2011-11-09,Mumbai,28619
6709,Priya,Verma,user5708@example.com,9876505708,Other,1988-01-21,Pune,61866
6711,Amit,Reddy,user5710@example.com,9876505710,Female,2004-06-03,Ahmedabad,96704
6714,Amit,Verma,user5713@example.com,9876505713,Female,2016-06-21,Hyderabad,71598
6717,Anjali,Joshi,user5716@example.com,9876505716,Male,2017-12-19,Pune,46288
6719,Rakesh,Verma,user5718@example.com,9876505718,Female,1999-06-08,Kolkata,62075
6723,Neha,Reddy,user5722@example.com,9876505722,Other,2005-10-30,Pune,68569
6724,Amit,Verma,user5723@example.com,9876505723,Male,2004-11-26,Chennai,39420
6725,Arjun,Verma,user5724@example.com,9876505724,Male,2014-08-26,Mumbai,79318
6727,Vijay,Sharma,user5726@example.com,9876505726,Female,2011-12-09,Delhi,87564
6728,Anjali,Joshi,user5727@example.com,9876505727,Other,2003-10-16,Ahmedabad,75347
6729,Amit,Singh,user5728@example.com,9876505728,Other,2007-09-22,Hyderabad,72875
6730,Anjali,Sharma,user5729@example.com,9876505729,Other,1981-07-06,Hyderabad,49124
6732,Priya,Verma,user5731@example.com,9876505731,Male,2000-05-02,Bangalore,80111
6733,Sameer,Patel,user5732@example.com,9876505732,Female,1977-11-24,Delhi,67331
6734,Anjali,Joshi,user5733@example.com,9876505733,Female,1979-10-20,Mumbai,37848
6736,Kavya,Kumar,user5735@example.com,9876505735,Female,1976-03-01,Pune,80117
6737,Priya,Reddy,user5736@example.com,9876505736,Female,1982-09-15,Delhi,34986
6744,Vijay,Verma,user5743@example.com,9876505743,Male,1989-01-08,Kolkata,83612
6745,Neha,Mehta,user5744@example.com,9876505744,Female,1973-08-31,Pune,43254
6747,Amit,Patel,user5746@example.com,9876505746,Female,1988-02-10,Mumbai,58931
6749,Amit,Reddy,user5748@example.com,9876505748,Female,1972-01-04,Chennai,100076
6750,Arjun,Kumar,user5749@example.com,9876505749,Other,2008-03-06,Ahmedabad,66758
6754,Amit,Gupta,user5753@example.com,9876505753,Other,2001-05-15,Chennai,39742
6756,Arjun,Sharma,user5755@example.com,9876505755,Male,1990-02-23,Pune,91353
6758,Priya,Patel,user5757@example.com,9876505757,Other,1986-01-14,Kolkata,43378
6762,Kavya,Reddy,user5761@example.com,9876505761,Male,1997-04-20,Ahmedabad,76572
6764,Sameer,Patel,user5763@example.com,9876505763,Other,1982-07-03,Hyderabad,70920
6768,Anjali,Kumar,user5767@example.com,9876505767,Male,1988-11-16,Delhi,59686
6770,Neha,Patel,user5769@example.com,9876505769,Female,2002-09-16,Kolkata,63543
6771,Vijay,Verma,user5770@example.com,9876505770,Male,1977-03-14,Bangalore,39726
6775,Amit,Sharma,user5774@example.com,9876505774,Other,2007-06-10,Mumbai,84865
6777,Vijay,Patel,user5776@example.com,9876505776,Male,1995-04-13,Mumbai,65833
6778,Amit,Reddy,user5777@example.com,9876505777,Other,1979-07-20,Bangalore,71210
6779,Arjun,Reddy,user5778@example.com,9876505778,Other,1986-01-01,Delhi,58152
6780,Sneha,Rao,user5779@example.com,9876505779,Female,1993-12-17,Hyderabad,48238
6782,Sameer,Rao,user5781@example.com,9876505781,Male,1987-09-11,Delhi,107732
6784,Sameer,Singh,user5783@example.com,9876505783,Male,2012-06-07,Ahmedabad,38546
6785,Priya,Kumar,user5784@example.com,9876505784,Other,1981-09-02,Ahmedabad,84229
6787,Anjali,Sharma,user5786@example.com,9876505786,Male,2004-11-10,Mumbai,34286
6788,Rakesh,Mehta,user5787@example.com,9876505787,Female,1975-10-19,Kolkata,77005
6789,Priya,Sharma,user5788@example.com,9876505788,Other,1984-11-30,Ahmedabad,42546
6792,Sneha,Kumar,user5791@example.com,9876505791,Female,2003-04-19,Delhi,66577
6793,Sameer,Joshi,user5792@example.com,9876505792,Male,2003-09-28,Delhi,73874
6796,Amit,Reddy,user5795@example.com,9876505795,Other,1996-02-02,Chennai,55703
6797,Vijay,Gupta,user5796@example.com,9876505796,Male,1993-05-06,Kolkata,99462
6800,Sneha,Mehta,user5799@example.com,9876505799,Male,1972-11-10,Bangalore,63000
6803,Sameer,Joshi,user5802@example.com,9876505802,Female,1972-08-19,Mumbai,59967
6804,Sameer,Kumar,user5803@example.com,9876505803,Male,1980-04-07,Hyderabad,64106
6805,Priya,Joshi,user5804@example.com,9876505804,Female,1982-07-02,Mumbai,83174
6807,Amit,Sharma,user5806@example.com,9876505806,Other,2016-06-21,Chennai,62653
6809,Priya,Kumar,user5808@example.com,9876505808,Other,1999-02-03,Chennai,72306
6812,Vijay,Mehta,user5811@example.com,9876505811,Female,1982-06-08,Kolkata,87211
6813,Anjali,Sharma,user5812@example.com,9876505812,Female,2003-11-30,Mumbai,48475
6814,Rakesh,Kumar,user5813@example.com,9876505813,Other,1994-03-22,Delhi,56655
6815,Arjun,Mehta,user5814@example.com,9876505814,Female,1972-12-14,Mumbai,52387
6816,Kavya,Joshi,user5815@example.com,9876505815,Male,1978-06-02,Hyderabad,86077
6818,Rakesh,Singh,user5817@example.com,9876505817,Male,1983-10-09,Ahmedabad,57679
6819,Vijay,Sharma,user5818@example.com,9876505818,Male,2014-07-21,Hyderabad,77950
6823,Sameer,Gupta,user5822@example.com,9876505822,Female,1983-01-09,Chennai,81772
6824,Neha,Joshi,user5823@example.com,9876505823,Female,1982-11-09,Delhi,43160
6827,Arjun,Joshi,user5826@example.com,9876505826,Female,1974-10-25,Delhi,61865
6828,Sneha,Reddy,user5827@example.com,9876505827,Male,1975-01-06,Bangalore,64738
6831,Kavya,Gupta,user5830@example.com,9876505830,Female,2009-01-11,Bangalore,39558
6832,Kavya,Kumar,user5831@example.com,9876505831,Female,invalid,Bangalore,84187
6835,Priya,Gupta,user5834@example.com,9876505834,Male,1974-09-16,Mumbai,56138
6837,Neha,Kumar,user5836@example.com,9876505836,Other,1971-07-10,Hyderabad,81190
6838,Amit,Patel,user5837@example.com,9876505837,Other,1995-10-22,Pune,62176
6840,Sameer,Reddy,user5839@example.com,9876505839,Male,1976-04-16,Hyderabad,72526
6844,Sneha,Reddy,user5843@example.com,9876505843,Other,2001-06-21,Mumbai,94811
6845,Neha,Gupta,user5844@example.com,9876505844,Other,1975-05-16,Hyderabad,51598
6846,Arjun,Sharma,user5845@example.com,9876505845,Male,1972-09-06,Bangalore,65271
6847,Arjun,Singh,user5846@example.com,9876505846,Other,1970-09-30,Delhi,75778
6848,Kavya,Verma,user5847@example.com,9876505847,Female,2004-12-23,Mumbai,45574
6849,Vijay,Gupta,user5848@example.com,9876505848,Other,1984-02-01,Kolkata,48048
6854,Amit,Joshi,user5853@example.com,9876505853,Male,1982-10-28,Mumbai,54411
6855,Vijay,Sharma,user5854@example.com,9876505854,Female,2011-05-29,Ahmedabad,54957
6862,Vijay,Reddy,user5861@example.com,9876505861,Female,1995-05-30,Pune,70977
6865,Rakesh,Sharma,user5864@example.com,9876505864,Male,2018-01-29,Bangalore,54478
6867,Priya,Mehta,user5866@example.com,9876505866,Other,1974-09-21,Pune,62196
6869,Rakesh,Rao,user5868@example.com,9876505868,Other,2018-07-22,Chennai,60552
6872,Arjun,Gupta,user5871@example.com,9876505871,Male,2017-07-14,Hyderabad,71466
6874,Anjali,Joshi,user5873@example.com,9876505873,Female,1980-04-30,Pune,87427
6875,Amit,Rao,user5874@example.com,9876505874,Male,1976-12-08,Pune,62012
6879,Amit,Sharma,user5878@example.com,9876505878,Female,1981-09-08,Mumbai,76362
6880,Kavya,Kumar,user5879@example.com,9876505879,Male,1977-10-10,Bangalore,59369
6882,Arjun,Kumar,user5881@example.com,9876505881,Other,2002-02-21,Hyderabad,69412
6883,Amit,Mehta,user5882@example.com,9876505882,Male,2011-03-25,Ahmedabad,66719
6884,Vijay,Reddy,user5883@example.com,9876505883,Male,1992-05-21,Mumbai,80657
6886,Rakesh,Mehta,user5885@example.com,9876505885,Female,2003-12-26,Mumbai,70637
6887,Neha,Verma,user5886@example.com,9876505886,Male,1977-07-06,Kolkata,70668
6888,Sameer,Rao,user5887@example.com,9876505887,Other,1985-06-13,Bangalore,83372
6890,Rakesh,Gupta,user5889@example.com,9876505889,Male,1972-10-23,Mumbai,61338
6891,Sneha,Verma,user5890@example.com,9876505890,Male,1979-11-02,Delhi,57278
6894,Anjali,Patel,user5893@example.com,9876505893,Female,1989-10-26,Kolkata,100171
6897,Vijay,Sharma,user5896@example.com,9876505896,Male,1985-06-21,Kolkata,72145
6899,Priya,Verma,user5898@example.com,9876505898,Female,2016-01-20,Hyderabad,66681
6900,Priya,Reddy,user5899@example.com,9876505899,Other,2018-10-03,Pune,54680
6902,Kavya,Singh,user5901@example.com,9876505901,Male,2050-01-01,Chennai,71603
6903,Amit,Kumar,user5902@example.com,9876505902,Female,1973-02-19,Delhi,44131
6904,Priya,Mehta,user5903@example.com,9876505903,Male,2050-01-01,Kolkata,84520
6905,Arjun,Joshi,user5904@example.com,9876505904,Male,2008-02-20,Mumbai,74354
6906,Kavya,Kumar,user5905@example.com,9876505905,Other,1987-02-03,Ahmedabad,52126
6907,Amit,Kumar,user5906@example.com,9876505906,Female,2007-11-15,Pune,49730
6909,Arjun,Kumar,user5908@example.com,9876505908,Male,1994-11-28,Kolkata,88675
6910,Arjun,Reddy,user5909@example.com,9876505909,Female,2011-04-20,Delhi,76789
6914,Kavya,Rao,user5913@example.com,9876505913,Female,2017-01-23,Delhi,49113
6915,Arjun,Joshi,user5914@example.com,9876505914,Other,2007-01-28,Bangalore,86462
6918,Amit,Sharma,user5917@example.com,9876505917,Other,1979-02-03,Delhi,65427
6922,Amit,Gupta,user5921@example.com,9876505921,Male,1991-07-18,Kolkata,64075
6923,Kavya,Reddy,user5922@example.com,9876505922,Female,1987-05-21,Bangalore,53189
6932,Rakesh,Kumar,user5931@example.com,9876505931,Other,2013-02-22,Chennai,58563
6934,Anjali,Reddy,user5933@example.com,9876505933,Male,1985-09-24,Kolkata,86317
6938,Priya,Patel,user5937@example.com,9876505937,Male,2009-07-31,Mumbai,45225
6939,Sameer,Mehta,user5938@example.com,9876505938,Other,1970-10-29,Mumbai,66711
6940,Anjali,Reddy,user5939@example.com,9876505939,Male,1989-06-14,Chennai,51239
6942,Anjali,Gupta,user5941@example.com,9876505941,Female,1998-09-04,Chennai,59228
6946,Sneha,Gupta,user5945@example.com,9876505945,Other,1992-07-26,Pune,22760
6947,Kavya,Patel,user5946@example.com,9876505946,Male,1990-07-11,Hyderabad,54334
6948,Anjali,Verma,user5947@example.com,9876505947,Other,2006-12-02,Pune,77635
6953,Anjali,Reddy,user5952@example.com,9876505952,Female,2050-01-01,Bangalore,64689
6955,Neha,Sharma,user5954@example.com,9876505954,Other,1976-06-01,Bangalore,59977
6958,Kavya,Singh,user5957@example.com,9876505957,Female,2004-01-31,Chennai,76511
6962,Anjali,Patel,user5961@example.com,9876505961,Female,1993-12-01,Bangalore,44849
6964,Sneha,Patel,user5963@example.com,9876505963,Other,1976-08-12,Mumbai,24584
6966,Priya,Sharma,user5965@example.com,9876505965,Female,1999-02-15,Mumbai,82265
6968,Sneha,Patel,user5967@example.com,9876505967,Other,1987-11-04,Delhi,81752
6969,Priya,Verma,user5968@example.com,9876505968,Female,1982-01-19,Pune,57656
6972,Priya,Kumar,user5971@example.com,9876505971,Female,1988-10-20,Ahmedabad,45090
6975,Sneha,Mehta,user5974@example.com,9876505974,Other,1987-04-03,Kolkata,100852
6978,Priya,Sharma,user5977@example.com,9876505977,Male,1998-12-29,Kolkata,81256
6984,Sameer,Gupta,user5983@example.com,9876505983,Other,1986-09-12,Chennai,54385
6985,Vijay,Mehta,user5984@example.com,9876505984,Male,2003-02-18,Mumbai,76665
6988,Arjun,Singh,user5987@example.com,9876505987,Female,2012-02-05,Mumbai,81445
6989,Kavya,Verma,user5988@example.com,9876505988,Male,2016-06-20,Pune,52217
6990,Amit,Verma,user5989@example.com,9876505989,Male,1980-08-19,Ahmedabad,78450
6992,Arjun,Mehta,user5991@example.com,9876505991,Male,2016-02-10,Delhi,79647
6993,Priya,Verma,user5992@example.com,9876505992,Other,1975-02-28,Mumbai,50076
6995,Vijay,Reddy,user5994@example.com,9876505994,Male,2009-02-07,Kolkata,91859
6996,Sneha,Sharma,user5995@example.com,9876505995,Male,2008-11-19,Mumbai,72790
6997,Priya,Rao,user5996@example.com,9876505996,Male,1998-01-05,Hyderabad,61137
6999,Sneha,Mehta,user5998@example.com,9876505998,Female,1991-10-10,Pune,94465
7004,Sameer,Verma,user6003@example.com,9876506003,Male,1997-05-03,Chennai,27777
7005,Kavya,Joshi,user6004@example.com,9876506004,Male,2013-04-18,Kolkata,100653
7007,Neha,Patel,user6006@example.com,9876506006,Female,1976-02-10,Ahmedabad,44901
7009,Priya,Mehta,user6008@example.com,9876506008,Female,2006-04-03,Mumbai,83041
7010,Rakesh,Singh,user6009@example.com,9876506009,Other,1998-07-04,Pune,87693
7011,Arjun,Mehta,user6010@example.com,9876506010,Female,2005-11-25,Delhi,66143
7013,Arjun,Singh,user6012@example.com,9876506012,Male,2001-06-08,Ahmedabad,121461
7014,Rakesh,Mehta,user6013@example.com,9876506013,Other,1984-03-03,Ahmedabad,73959
7017,Sneha,Kumar,user6016@example.com,9876506016,Other,1992-10-25,Hyderabad,61944
7019,Arjun,Rao,user6018@example.com,9876506018,Female,1970-03-31,Hyderabad,71716
7022,Arjun,Reddy,user6021@example.com,9876506021,Female,1998-08-17,Hyderabad,77127
7024,Amit,Singh,user6023@example.com,9876506023,Male,2018-03-03,Mumbai,81551
7025,Amit,Singh,user6024@example.com,9876506024,Male,1983-08-19,Ahmedabad,74533
7029,Neha,Kumar,user6028@example.com,9876506028,Male,1970-05-29,Kolkata,54447
7032,Kavya,Singh,user6031@example.com,9876506031,Female,1996-02-20,Mumbai,69663
7034,Kavya,Verma,user6033@example.com,9876506033,Male,2008-08-24,Kolkata,89459
7037,Priya,Mehta,user6036@example.com,9876506036,Male,1978-07-05,Pune,53272
7038,Priya,Patel,user6037@example.com,9876506037,Other,1985-05-30,Ahmedabad,42235
7039,Vijay,Patel,user6038@example.com,9876506038,Other,2018-12-20,Bangalore,77115
7042,Priya,Kumar,user6041@example.com,9876506041,Female,1993-08-29,Pune,33203
7047,Kavya,Verma,user6046@example.com,9876506046,Other,2018-05-22,Bangalore,93963
7048,Priya,Singh,user6047@example.com,9876506047,Male,2016-03-27,Hyderabad,48211
7050,Amit,Patel,user6049@example.com,9876506049,Female,2007-03-16,Ahmedabad,46517
7052,Anjali,Mehta,user6051@example.com,9876506051,Male,1982-05-18,Ahmedabad,80144
7053,Amit,Singh,user6052@example.com,9876506052,Other,2006-07-12,Ahmedabad,72078
7055,Arjun,Patel,user6054@example.com,9876506054,Female,2010-08-10,Ahmedabad,75611
7056,Neha,Reddy,user6055@example.com,9876506055,Other,1994-03-18,Delhi,21553
7057,Amit,Gupta,user6056@example.com,9876506056,Female,1973-04-25,Bangalore,40993
7060,Kavya,Mehta,user6059@example.com,9876506059,Male,2015-11-13,Hyderabad,79358
7062,Anjali,Reddy,user6061@example.com,9876506061,Male,2001-05-21,Chennai,58118
7063,Arjun,Sharma,user6062@example.com,9876506062,Female,1977-10-14,Delhi,67346
7064,Amit,Kumar,user6063@example.com,9876506063,Male,2009-04-01,Delhi,41546
7065,Priya,Singh,user6064@example.com,9876506064,Other,1988-03-11,Mumbai,67597
7066,Amit,Sharma,user6065@example.com,9876506065,Male,2004-05-08,Hyderabad,55190
7069,Sameer,Kumar,user6068@example.com,9876506068,Female,1990-12-22,Ahmedabad,75266
7072,Arjun,Rao,user6071@example.com,9876506071,Female,1986-06-05,Kolkata,37868
7077,Sameer,Patel,user6076@example.com,9876506076,Female,2015-08-04,Delhi,48416
7080,Amit,Verma,user6079@example.com,9876506079,Male,1987-08-20,Chennai,80597
7083,Neha,Kumar,user6082@example.com,9876506082,Female,1974-06-02,Ahmedabad,58609
7085,Amit,Kumar,user6084@example.com,9876506084,Female,2003-04-28,Hyderabad,49533
7087,Amit,Mehta,user6086@example.com,9876506086,Other,2010-05-18,Bangalore,65651
7088,Anjali,Joshi,user6087@example.com,9876506087,Male,2002-06-26,Delhi,42561
7089,Kavya,Gupta,user6088@example.com,9876506088,Other,1985-08-05,Pune,41581
7090,Neha,Reddy,user6089@example.com,9876506089,Male,2007-05-04,Bangalore,74237
7092,Arjun,Rao,user6091@example.com,9876506091,Other,1982-05-10,Chennai,51104
7093,Arjun,Joshi,user6092@example.com,9876506092,Other,1991-10-18,Chennai,83468
7094,Anjali,Kumar,user6093@example.com,9876506093,Other,2006-01-21,Pune,68447
7096,Anjali,Reddy,user6095@example.com,9876506095,Female,1980-04-29,Bangalore,62860
7097,Sameer,Singh,user6096@example.com,9876506096,Male,1986-03-02,Pune,109658
7098,Sneha,Patel,user6097@example.com,9876506097,Other,2008-02-09,Delhi,61325
7099,Vijay,Kumar,user6098@example.com,9876506098,Female,2009-06-30,Bangalore,88956
7102,Anjali,Patel,user6101@example.com,9876506101,Female,2007-03-06,Mumbai,98835
7103,Kavya,Rao,user6102@example.com,9876506102,Male,2001-09-10,Ahmedabad,51094
7104,Neha,Patel,user6103@example.com,9876506103,Female,1980-09-29,Chennai,60652
7105,Kavya,Reddy,user6104@example.com,9876506104,Female,2012-12-27,Mumbai,51770
7108,Amit,Gupta,user6107@example.com,9876506107,Male,1990-09-30,Kolkata,91149
7110,Anjali,Patel,user6109@example.com,9876506109,Female,1993-03-17,Delhi,68729
7114,Rakesh,Mehta,user6113@example.com,9876506113,Male,1981-05-04,Bangalore,50780
7115,Rakesh,Singh,user6114@example.com,9876506114,Female,1991-09-24,Chennai,75408
7116,Priya,Verma,user6115@example.com,9876506115,Male,1983-02-26,Chennai,63291
7119,Sneha,Singh,user6118@example.com,9876506118,Male,1995-09-04,Pune,71936
7123,Sneha,Kumar,user6122@example.com,9876506122,Female,1972-01-03,Pune,67041
7125,Vijay,Mehta,user6124@example.com,9876506124,Female,2005-01-26,Ahmedabad,59380
7127,Vijay,Rao,user6126@example.com,9876506126,Male,2001-06-13,Delhi,27768
7128,Sneha,Kumar,user6127@example.com,9876506127,Male,1982-08-25,Bangalore,74450
7130,Neha,Verma,user6129@example.com,9876506129,Female,1973-04-25,Kolkata,60107
7132,Arjun,Patel,user6131@example.com,9876506131,Female,1978-09-06,Delhi,97329
7137,Rakesh,Verma,user6136@example.com,9876506136,Female,2001-10-27,Chennai,38379
7142,Anjali,Gupta,user6141@example.com,9876506141,Other,2018-05-28,Ahmedabad,87694
7143,Arjun,Mehta,user6142@example.com,9876506142,Male,1996-11-12,Kolkata,95443
7144,Kavya,Mehta,user6143@example.com,9876506143,Other,1976-09-08,Pune,94961
7145,Anjali,Reddy,user6144@example.com,9876506144,Male,1990-12-01,Hyderabad,88014
7148,Kavya,Joshi,user6147@example.com,9876506147,Female,2003-11-08,Bangalore,74398
7152,Neha,Joshi,user6151@example.com,9876506151,Other,1974-11-07,Kolkata,64056
7153,Kavya,Sharma,user6152@example.com,9876506152,Other,2017-08-23,Ahmedabad,91663
7155,Sneha,Gupta,user6154@example.com,9876506154,Female,1995-07-16,Pune,61713
7158,Rakesh,Mehta,user6157@example.com,9876506157,Other,2017-07-10,Chennai,55537
7162,Neha,Rao,user6161@example.com,9876506161,Male,2017-01-26,Bangalore,85326
7164,Vijay,Patel,user6163@example.com,9876506163,Female,1993-12-27,Delhi,49974
7167,Arjun,Reddy,user6166@example.com,9876506166,Male,2012-09-18,Kolkata,56694
7168,Kavya,Rao,user6167@example.com,9876506167,Other,2010-03-20,Pune,68497
7172,Arjun,Joshi,user6171@example.com,9876506171,Male,2011-10-12,Chennai,47632
7173,Anjali,Rao,user6172@example.com,9876506172,Male,1971-01-23,Ahmedabad,67992
7177,Arjun,Reddy,user6176@example.com,9876506176,Other,1976-10-25,Delhi,41162
7182,Anjali,Sharma,user6181@example.com,9876506181,Male,1971-12-24,Kolkata,61304
7183,Sameer,Gupta,user6182@example.com,9876506182,Female,1994-07-01,Pune,90856
7184,Sneha,Singh,user6183@example.com,9876506183,Male,invalid,Ahmedabad,78039
7186,Neha,Gupta,user6185@example.com,9876506185,Other,1993-06-26,Ahmedabad,95252
7187,Rakesh,Sharma,user6186@example.com,9876506186,Other,1988-07-18,Ahmedabad,86221
7188,Priya,Reddy,user6187@example.com,9876506187,Other,2000-09-07,Delhi,73331
7189,Amit,Gupta,user6188@example.com,9876506188,Other,2011-04-09,Bangalore,18651
7193,Arjun,Joshi,user6192@example.com,9876506192,Female,1983-11-27,Pune,91509
7194,Arjun,Gupta,user6193@example.com,9876506193,Male,1992-04-17,Kolkata,45691
7195,Vijay,Gupta,user6194@example.com,9876506194,Male,2004-03-15,Mumbai,31394
7197,Priya,Reddy,user6196@example.com,9876506196,Other,1995-05-14,Hyderabad,67807
7199,Sneha,Reddy,user6198@example.com,9876506198,Female,1972-02-08,Pune,47581
7205,Anjali,Verma,user6204@example.com,9876506204,Other,1973-10-21,Kolkata,44773
7207,Amit,Rao,user6206@example.com,9876506206,Female,1999-07-01,Pune,70831
7209,Anjali,Joshi,user6208@example.com,9876506208,Male,2006-08-26,Delhi,62397
7212,Sameer,Joshi,user6211@example.com,9876506211,Male,2013-04-22,Kolkata,79252
7214,Neha,Sharma,user6213@example.com,9876506213,Female,1987-01-25,Bangalore,61515
7215,Anjali,Mehta,user6214@example.com,9876506214,Other,2003-09-29,Hyderabad,81060
7216,Kavya,Gupta,user6215@example.com,9876506215,Female,1982-10-12,Ahmedabad,86657
7217,Arjun,Singh,user6216@example.com,9876506216,Male,1998-07-11,Hyderabad,32911
7218,Anjali,Rao,user6217@example.com,9876506217,Other,2014-02-10,Mumbai,36657
7220,Sneha,Sharma,user6219@example.com,9876506219,Male,1994-12-24,Delhi,52245
7223,Rakesh,Reddy,user6222@example.com,9876506222,Other,1996-08-26,Bangalore,80815
7227,Anjali,Gupta,user6226@example.com,9876506226,Female,1981-02-11,Delhi,41791
7228,Vijay,Gupta,user6227@example.com,9876506227,Female,1988-11-15,Chennai,76234
7230,Amit,Gupta,user6229@example.com,9876506229,Male,2012-02-19,Ahmedabad,70758
7231,Arjun,Patel,user6230@example.com,9876506230,Other,2013-01-01,Bangalore,73820
7232,Kavya,Verma,user6231@example.com,9876506231,Male,1996-08-18,Ahmedabad,81260
7233,Neha,Rao,user6232@example.com,9876506232,Female,2013-06-20,Mumbai,91960
7234,Neha,Sharma,user6233@example.com,9876506233,Male,2005-09-08,Hyderabad,53362
7237,Sneha,Kumar,user6236@example.com,9876506236,Female,1974-04-02,Mumbai,46166
7238,Kavya,Verma,user6237@example.com,9876506237,Male,1986-06-20,Delhi,34819
7239,Neha,Mehta,user6238@example.com,9876506238,Other,2005-11-19,Mumbai,55698
7240,Sameer,Singh,user6239@example.com,9876506239,Female,2018-09-02,Delhi,90127
7242,Priya,Sharma,user6241@example.com,9876506241,Female,2014-06-22,Bangalore,55674
7243,Neha,Mehta,user6242@example.com,9876506242,Male,1993-06-21,Chennai,85314
7244,Priya,Reddy,user6243@example.com,9876506243,Male,1971-10-11,Pune,76069
7245,Kavya,Singh,user6244@example.com,9876506244,Male,2004-04-25,Ahmedabad,49460
7247,Priya,Kumar,user6246@example.com,9876506246,Male,2001-10-14,Ahmedabad,44517
7253,Priya,Joshi,user6252@example.com,9876506252,Female,1991-01-26,Chennai,58289
7254,Neha,Rao,user6253@example.com,9876506253,Male,1983-05-09,Pune,98174
7255,Rakesh,Singh,user6254@example.com,9876506254,Female,1981-07-18,Ahmedabad,39498
7258,Rakesh,Singh,user6257@example.com,9876506257,Other,2018-08-24,Ahmedabad,58628
7259,Sameer,Mehta,user6258@example.com,9876506258,Male,2002-01-06,Delhi,90309
7260,Anjali,Mehta,user6259@example.com,9876506259,Other,1981-05-05,Hyderabad,62633
7263,Rakesh,Verma,user6262@example.com,9876506262,Female,2050-01-01,Hyderabad,70287
7266,Sameer,Mehta,user6265@example.com,9876506265,Other,1978-07-08,Pune,74331
7268,Arjun,Gupta,user6267@example.com,9876506267,Female,2007-04-03,Chennai,53094
7272,Rakesh,Rao,user6271@example.com,9876506271,Male,1970-09-16,Ahmedabad,81797
7275,Sneha,Singh,user6274@example.com,9876506274,Male,1985-09-23,Chennai,50008
7279,Amit,Kumar,user6278@example.com,9876506278,Female,1991-08-23,Ahmedabad,54474
7282,Priya,Rao,user6281@example.com,9876506281,Female,2015-12-17,Chennai,73924
7283,Amit,Gupta,user6282@example.com,9876506282,Female,1998-07-20,Kolkata,29594
7284,Kavya,Gupta,user6283@example.com,9876506283,Male,1998-09-25,Pune,75092
7285,Vijay,Joshi,user6284@example.com,9876506284,Female,1990-07-05,Hyderabad,72825
7291,Sameer,Joshi,user6290@example.com,9876506290,Male,1985-06-22,Hyderabad,68064
7293,Amit,Rao,user6292@example.com,9876506292,Other,2002-07-02,Ahmedabad,55476
7296,Kavya,Reddy,user6295@example.com,9876506295,Female,1974-01-04,Chennai,83111
7299,Priya,Reddy,user6298@example.com,9876506298,Female,1988-02-07,Ahmedabad,38076
7302,Kavya,Rao,user6301@example.com,9876506301,Other,1981-03-17,Delhi,42640
7303,Rakesh,Patel,user6302@example.com,9876506302,Other,1992-03-30,Bangalore,69692
7309,Priya,Reddy,user6308@example.com,9876506308,Other,1974-04-23,Hyderabad,60733
7310,Sneha,Kumar,user6309@example.com,9876506309,Female,2004-09-02,Ahmedabad,66829
7311,Sameer,Patel,user6310@example.com,9876506310,Male,1996-02-29,Chennai,79164
7312,Vijay,Gupta,user6311@example.com,9876506311,Female,2012-06-18,Bangalore,27253
7313,Vijay,Reddy,user6312@example.com,9876506312,Male,1995-03-13,Chennai,65952
7315,Sneha,Gupta,user6314@example.com,9876506314,Other,2050-01-01,Hyderabad,50003
7319,Anjali,Verma,user6318@example.com,9876506318,Male,1984-03-11,Chennai,53363
7322,Sneha,Patel,user6321@example.com,9876506321,Male,2003-09-02,Delhi,28637
7324,Anjali,Kumar,user6323@example.com,9876506323,Other,1995-08-20,Delhi,47017
7328,Priya,Rao,user6327@example.com,9876506327,Other,2018-08-05,Ahmedabad,42205
7330,Kavya,Joshi,user6329@example.com,9876506329,Other,1977-05-19,Chennai,38563
7334,Amit,Reddy,user6333@example.com,9876506333,Female,2005-12-30,Hyderabad,33070
7337,Arjun,Mehta,user6336@example.com,9876506336,Other,2017-08-01,Delhi,43634
7339,Priya,Reddy,user6338@example.com,9876506338,Male,2007-04-07,Pune,30794
7342,Priya,Kumar,user6341@example.com,9876506341,Male,1970-09-21,Chennai,33960
7344,Amit,Mehta,user6343@example.com,9876506343,Male,invalid,Delhi,62392
7345,Anjali,Gupta,user6344@example.com,9876506344,Male,1999-05-05,Chennai,77128
7347,Arjun,Mehta,user6346@example.com,9876506346,Other,1984-01-04,Mumbai,36439
7348,Sameer,Patel,user6347@example.com,9876506347,Male,2014-08-21,Mumbai,14514
7349,Kavya,Verma,user6348@example.com,9876506348,Other,1974-06-25,Kolkata,91504
7353,Anjali,Joshi,user6352@example.com,9876506352,Male,1998-12-21,Pune,73504
7354,Sneha,Singh,user6353@example.com,9876506353,Other,2017-11-12,Chennai,84317
7355,Sneha,Joshi,user6354@example.com,9876506354,Male,2015-08-26,Pune,24656
7356,Rakesh,Gupta,user6355@example.com,9876506355,Female,1977-02-17,Kolkata,29401
7360,Vijay,Mehta,user6359@example.com,9876506359,Other,1979-07-01,Delhi,85250
7362,Sneha,Rao,user6361@example.com,9876506361,Other,1995-12-12,Bangalore,38244
7364,Kavya,Reddy,user6363@example.com,9876506363,Male,1996-12-24,Pune,70092
7365,Sneha,Verma,user6364@example.com,9876506364,Female,2012-07-05,Bangalore,61006
7370,Vijay,Kumar,user6369@example.com,9876506369,Female,1991-10-03,Delhi,47935
7371,Neha,Reddy,user6370@example.com,9876506370,Male,1985-07-14,Ahmedabad,37382
7375,Vijay,Verma,user6374@example.com,9876506374,Male,2008-03-29,Chennai,54650
7377,Kavya,Kumar,user6376@example.com,9876506376,Male,1981-05-19,Kolkata,64540
7380,Sneha,Sharma,user6379@example.com,9876506379,Female,2015-04-24,Bangalore,50002
7383,Sneha,Verma,user6382@example.com,9876506382,Female,2015-10-26,Kolkata,55344
7385,Rakesh,Kumar,user6384@example.com,9876506384,Male,1979-01-23,Hyderabad,46962
7387,Kavya,Verma,user6386@example.com,9876506386,Male,1972-07-20,Kolkata,59838
7388,Arjun,Mehta,user6387@example.com,9876506387,Male,1980-07-05,Bangalore,77544
7390,Kavya,Gupta,user6389@example.com,9876506389,Male,1995-06-24,Hyderabad,69309
7392,Sameer,Sharma,user6391@example.com,9876506391,Female,1992-01-24,Bangalore,49218
7394,Kavya,Rao,user6393@example.com,9876506393,Other,1996-03-22,Delhi,74261
7395,Priya,Joshi,user6394@example.com,9876506394,Male,2011-08-09,Bangalore,101769
7396,Kavya,Rao,user6395@example.com,9876506395,Male,1973-01-21,Ahmedabad,39855
7397,Sneha,Rao,user6396@example.com,9876506396,Female,1995-10-16,Delhi,75506
7398,Sneha,Reddy,user6397@example.com,9876506397,Other,1989-01-23,Ahmedabad,89282
7399,Rakesh,Patel,user6398@example.com,9876506398,Other,1986-05-04,Chennai,66911
7407,Neha,Rao,user6406@example.com,9876506406,Female,1996-01-27,Kolkata,41614
7410,Vijay,Mehta,user6409@example.com,9876506409,Other,2015-11-14,Bangalore,31502
7411,Neha,Singh,user6410@example.com,9876506410,Other,1983-12-11,Delhi,38473
7412,Anjali,Joshi,user6411@example.com,9876506411,Male,2009-11-09,Kolkata,58888
7413,Sameer,Patel,user6412@example.com,9876506412,Other,1993-06-16,Ahmedabad,54650
7414,Kavya,Sharma,user6413@example.com,9876506413,Other,2010-01-07,Ahmedabad,80388
7416,Sameer,Gupta,user6415@example.com,9876506415,Other,2017-06-24,Chennai,63350
7418,Amit,Sharma,user6417@example.com,9876506417,Female,2008-09-11,Hyderabad,71540
7420,Arjun,Joshi,user6419@example.com,9876506419,Female,1988-11-07,Mumbai,113551
7423,Rakesh,Joshi,user6422@example.com,9876506422,Female,1983-02-18,Bangalore,81240
7424,Vijay,Kumar,user6423@example.com,9876506423,Female,2008-06-15,Chennai,48835
7425,Sneha,Verma,user6424@example.com,9876506424,Other,2005-02-27,Ahmedabad,102422
7430,Priya,Patel,user6429@example.com,9876506429,Other,2002-07-14,Kolkata,48735
7433,Anjali,Mehta,user6432@example.com,9876506432,Male,1998-07-26,Ahmedabad,92744
7434,Sneha,Mehta,user6433@example.com,9876506433,Female,2018-07-09,Ahmedabad,81197
7435,Anjali,Reddy,user6434@example.com,9876506434,Other,2003-08-17,Bangalore,55702
7437,Kavya,Sharma,user6436@example.com,9876506436,Male,1976-04-13,Bangalore,63160
7439,Rakesh,Reddy,user6438@example.com,9876506438,Female,1989-10-24,Mumbai,70913
7447,Amit,Singh,user6446@example.com,9876506446,Other,1993-05-06,Chennai,28895
7450,Rakesh,Patel,user6449@example.com,9876506449,Male,1977-02-28,Pune,63765
7452,Anjali,Gupta,user6451@example.com,9876506451,Other,2005-10-08,Kolkata,44879
7454,Vijay,Singh,user6453@example.com,9876506453,Female,1972-07-21,Hyderabad,85785
7455,Rakesh,Joshi,user6454@example.com,9876506454,Other,2016-08-06,Hyderabad,82099
7457,Anjali,Rao,user6456@example.com,9876506456,Female,2012-07-23,Pune,76703
7458,Sneha,Sharma,user6457@example.com,9876506457,Other,1985-01-30,Chennai,66860
7463,Rakesh,Sharma,user6462@example.com,9876506462,Other,1971-03-25,Bangalore,31731
7464,Priya,Rao,user6463@example.com,9876506463,Male,1990-12-23,Delhi,72210
7465,Arjun,Rao,user6464@example.com,9876506464,Other,1976-11-01,Kolkata,51799
7469,Amit,Joshi,user6468@example.com,9876506468,Other,2005-05-15,Mumbai,32718
7470,Rakesh,Kumar,user6469@example.com,9876506469,Female,2004-04-05,Chennai,81602
7473,Sneha,Sharma,user6472@example.com,9876506472,Other,invalid,Chennai,37641
7474,Amit,Singh,user6473@example.com,9876506473,Female,2007-04-05,Chennai,82023
7475,Neha,Mehta,user6474@example.com,9876506474,Other,1977-05-05,Chennai,74213
7478,Anjali,Joshi,user6477@example.com,9876506477,Female,1988-07-06,Pune,67292
7479,Vijay,Rao,user6478@example.com,9876506478,Other,2014-03-04,Hyderabad,47450
7480,Anjali,Reddy,user6479@example.com,9876506479,Male,2017-09-18,Pune,59588
7482,Arjun,Singh,user6481@example.com,9876506481,Female,1971-01-27,Mumbai,38490
7483,Vijay,Mehta,user6482@example.com,9876506482,Other,1983-03-13,Ahmedabad,67723
7485,Priya,Patel,user6484@example.com,9876506484,Male,2018-05-18,Hyderabad,88598
7487,Priya,Verma,user6486@example.com,9876506486,Other,1984-01-15,Pune,64271
7488,Sneha,Mehta,user6487@example.com,9876506487,Other,1988-01-16,Delhi,62307
7489,Sameer,Kumar,user6488@example.com,9876506488,Male,1999-02-04,Pune,94491
7494,Anjali,Kumar,user6493@example.com,9876506493,Male,1974-03-24,Pune,60989
7495,Anjali,Sharma,user6494@example.com,9876506494,Other,2017-01-09,Kolkata,39741
7497,Priya,Joshi,user6496@example.com,9876506496,Other,2005-03-26,Hyderabad,89324
7498,Neha,Joshi,user6497@example.com,9876506497,Female,1986-09-12,Bangalore,54060
7499,Rakesh,Gupta,user6498@example.com,9876506498,Female,1990-05-24,Ahmedabad,88927
7500,Arjun,Kumar,user6499@example.com,9876506499,Male,1989-09-29,Ahmedabad,65080
7502,Sneha,Sharma,user6501@example.com,9876506501,Male,2004-08-22,Pune,93398
7503,Vijay,Singh,user6502@example.com,9876506502,Female,1974-09-13,Chennai,64528
7506,Sameer,Mehta,user6505@example.com,9876506505,Male,1991-07-20,Delhi,32529
7509,Priya,Reddy,user6508@example.com,9876506508,Female,1992-12-11,Ahmedabad,106861
7512,Priya,Rao,user6511@example.com,9876506511,Male,1977-06-11,Mumbai,118345
7513,Sameer,Singh,user6512@example.com,9876506512,Female,1991-08-06,Pune,52393
7514,Anjali,Patel,user6513@example.com,9876506513,Female,1991-11-30,Bangalore,57151
7515,Priya,Sharma,user6514@example.com,9876506514,Female,2012-07-02,Delhi,56909
7516,Neha,Gupta,user6515@example.com,9876506515,Male,1994-11-25,Kolkata,63720
7517,Kavya,Sharma,user6516@example.com,9876506516,Male,1993-05-12,Hyderabad,58799
7518,Sneha,Kumar,user6517@example.com,9876506517,Female,2006-07-24,Ahmedabad,74131
7519,Neha,Verma,user6518@example.com,9876506518,Female,2006-02-06,Ahmedabad,45024
7525,Sameer,Kumar,user6524@example.com,9876506524,Female,2013-08-14,Delhi,107503
7529,Sameer,Reddy,user6528@example.com,9876506528,Male,1991-08-05,Mumbai,44653
7531,Amit,Kumar,user6530@example.com,9876506530,Female,2001-09-27,Chennai,47621
7532,Kavya,Kumar,user6531@example.com,9876506531,Other,2000-04-16,Bangalore,75360
7533,Vijay,Mehta,user6532@example.com,9876506532,Male,1999-01-31,Hyderabad,62505
7534,Neha,Patel,user6533@example.com,9876506533,Other,1985-07-25,Ahmedabad,91721
7535,Vijay,Kumar,user6534@example.com,9876506534,Female,2006-11-05,Delhi,38887
7536,Kavya,Gupta,user6535@example.com,9876506535,Other,1988-01-23,Kolkata,70521
7538,Neha,Kumar,user6537@example.com,9876506537,Other,2018-09-26,Bangalore,45068
7540,Kavya,Gupta,user6539@example.com,9876506539,Female,1971-05-07,Bangalore,36530
7542,Arjun,Rao,user6541@example.com,9876506541,Other,1970-07-31,Chennai,62628
7544,Anjali,Patel,user6543@example.com,9876506543,Male,1991-11-02,Mumbai,62367
7545,Arjun,Patel,user6544@example.com,9876506544,Other,1980-03-11,Hyderabad,63203
7548,Anjali,Singh,user6547@example.com,9876506547,Other,2015-09-09,Hyderabad,71841
7549,Priya,Mehta,user6548@example.com,9876506548,Male,1980-04-30,Hyderabad,51786
7553,Priya,Singh,user6552@example.com,9876506552,Other,2001-03-01,Kolkata,73051
7554,Amit,Reddy,user6553@example.com,9876506553,Other,1973-09-15,Ahmedabad,68977
7555,Priya,Singh,user6554@example.com,9876506554,Female,1992-12-02,Chennai,51089
7557,Arjun,Joshi,user6556@example.com,9876506556,Other,1982-11-12,Mumbai,64591
7558,Vijay,Kumar,user6557@example.com,9876506557,Male,1988-11-24,Mumbai,47475
7560,Amit,Joshi,user6559@example.com,9876506559,Female,1976-02-16,Kolkata,68925
7563,Arjun,Gupta,user6562@example.com,9876506562,Other,2014-08-23,Mumbai,68264
7564,Sneha,Gupta,user6563@example.com,9876506563,Male,2004-03-28,Hyderabad,77667
7565,Sneha,Reddy,user6564@example.com,9876506564,Other,1987-06-20,Pune,112428
7566,Amit,Kumar,user6565@example.com,9876506565,Male,1981-09-03,Mumbai,70756
7567,Sneha,Rao,user6566@example.com,9876506566,Male,2000-03-03,Bangalore,68148
7569,Kavya,Joshi,user6568@example.com,9876506568,Other,2009-11-29,Delhi,80006
7570,Amit,Gupta,user6569@example.com,9876506569,Female,1992-01-09,Pune,38282
7573,Anjali,Rao,user6572@example.com,9876506572,Female,1988-06-19,Pune,99912
7574,Vijay,Mehta,user6573@example.com,9876506573,Other,1992-09-06,Ahmedabad,65403
7575,Neha,Verma,user6574@example.com,9876506574,Male,2018-04-01,Chennai,55914
7577,Sameer,Reddy,user6576@example.com,9876506576,Other,1990-07-17,Mumbai,52121
7579,Arjun,Rao,user6578@example.com,9876506578,Female,1981-07-03,Delhi,74617
7584,Amit,Mehta,user6583@example.com,9876506583,Male,1984-10-27,Ahmedabad,73434
7585,Arjun,Joshi,user6584@example.com,9876506584,Male,1990-05-08,Delhi,86479
7589,Neha,Rao,user6588@example.com,9876506588,Male,2006-08-04,Mumbai,40310
7590,Anjali,Singh,user6589@example.com,9876506589,Male,1984-08-27,Bangalore,78303
7591,Amit,Joshi,user6590@example.com,9876506590,Female,1977-12-11,Bangalore,81359
7592,Priya,Kumar,user6591@example.com,9876506591,Female,2011-02-13,Kolkata,83361
7593,Rakesh,Verma,user6592@example.com,9876506592,Other,2019-01-29,Hyderabad,65145
7595,Amit,Reddy,user6594@example.com,9876506594,Female,1975-09-23,Ahmedabad,50701
7596,Rakesh,Rao,user6595@example.com,9876506595,Female,1999-09-08,Pune,76972
7597,Rakesh,Gupta,user6596@example.com,9876506596,Female,1997-03-03,Kolkata,44253
7598,Arjun,Reddy,user6597@example.com,9876506597,Female,2007-11-10,Kolkata,62963
7600,Rakesh,Sharma,user6599@example.com,9876506599,Other,1992-09-05,Pune,51063
7603,Neha,Mehta,user6602@example.com,9876506602,Female,1985-03-20,Kolkata,35738
7605,Neha,Rao,user6604@example.com,9876506604,Male,2002-11-15,Chennai,82022
7606,Neha,Mehta,user6605@example.com,9876506605,Male,1991-11-14,Mumbai,85976
7607,Sameer,Gupta,user6606@example.com,9876506606,Other,1983-09-30,Mumbai,78415
7608,Amit,Patel,user6607@example.com,9876506607,Male,1972-09-04,Pune,93308
7609,Vijay,Mehta,user6608@example.com,9876506608,Female,1989-04-05,Delhi,38607
7611,Neha,Sharma,user6610@example.com,9876506610,Other,2002-12-26,Bangalore,66509
7612,Kavya,Verma,user6611@example.com,9876506611,Female,2018-05-30,Ahmedabad,104037
7613,Kavya,Singh,user6612@example.com,9876506612,Male,invalid,Kolkata,60250
7615,Amit,Mehta,user6614@example.com,9876506614,Female,1988-10-25,Bangalore,98872
7618,Vijay,Joshi,user6617@example.com,9876506617,Other,1978-01-21,Pune,57348
7620,Rakesh,Sharma,user6619@example.com,9876506619,Male,1995-10-26,Ahmedabad,55816
7622,Anjali,Rao,user6621@example.com,9876506621,Female,2011-04-04,Delhi,80644
7623,Anjali,Kumar,user6622@example.com,9876506622,Male,2011-09-09,Ahmedabad,33756
7624,Priya,Kumar,user6623@example.com,9876506623,Other,1970-06-15,Delhi,72844
7625,Sameer,Singh,user6624@example.com,9876506624,Male,2005-03-30,Delhi,87753
7627,Sneha,Rao,user6626@example.com,9876506626,Male,1996-05-22,Hyderabad,55339
7633,Arjun,Patel,user6632@example.com,9876506632,Other,2007-02-11,Delhi,33867
7634,Vijay,Sharma,user6633@example.com,9876506633,Female,1993-10-21,Bangalore,54918
7636,Rakesh,Gupta,user6635@example.com,9876506635,Female,2004-08-26,Mumbai,54746
7637,Anjali,Joshi,user6636@example.com,9876506636,Other,1992-08-09,Bangalore,39163
7639,Neha,Patel,user6638@example.com,9876506638,Male,2011-12-01,Pune,68442
7640,Sneha,Patel,user6639@example.com,9876506639,Other,2008-08-14,Ahmedabad,74657
7643,Neha,Rao,user6642@example.com,9876506642,Other,2008-07-18,Mumbai,80381
7644,Kavya,Sharma,user6643@example.com,9876506643,Other,1988-11-01,Mumbai,26568
7648,Arjun,Patel,user6647@example.com,9876506647,Other,1971-02-10,Pune,76158
7649,Neha,Singh,user6648@example.com,9876506648,Female,1979-10-01,Ahmedabad,68578
7650,Anjali,Reddy,user6649@example.com,9876506649,Other,2001-09-10,Chennai,82695
7655,Amit,Gupta,user6654@example.com,9876506654,Male,invalid,Pune,38233
7658,Sneha,Verma,user6657@example.com,9876506657,Female,2001-04-19,Pune,69131
7659,Amit,Joshi,user6658@example.com,9876506658,Female,1989-08-30,Kolkata,48038
7660,Neha,Sharma,user6659@example.com,9876506659,Other,1991-03-03,Ahmedabad,86564
7662,Priya,Patel,user6661@example.com,9876506661,Other,1990-03-11,Pune,35197
7664,Vijay,Kumar,user6663@example.com,9876506663,Female,1985-03-24,Mumbai,83238
7665,Rakesh,Rao,user6664@example.com,9876506664,Other,1985-06-05,Mumbai,50429
7666,Sneha,Rao,user6665@example.com,9876506665,Female,1972-06-29,Chennai,42112
7669,Priya,Patel,user6668@example.com,9876506668,Other,2009-11-25,Ahmedabad,44930
7672,Arjun,Reddy,user6671@example.com,9876506671,Female,1970-05-12,Bangalore,88663
7673,Arjun,Gupta,user6672@example.com,9876506672,Male,1998-01-22,Hyderabad,33403
7675,Anjali,Mehta,user6674@example.com,9876506674,Other,2015-09-10,Kolkata,60831
7677,Sameer,Singh,user6676@example.com,9876506676,Other,1976-11-24,Mumbai,64366
7678,Vijay,Sharma,user6677@example.com,9876506677,Male,1986-09-26,Mumbai,58063
7680,Sameer,Verma,user6679@example.com,9876506679,Other,1985-06-18,Delhi,56920
7684,Neha,Sharma,user6683@example.com,9876506683,Other,1979-10-07,Mumbai,44820
7685,Neha,Kumar,user6684@example.com,9876506684,Other,1993-10-31,Kolkata,89981
7686,Kavya,Kumar,user6685@example.com,9876506685,Male,2001-09-20,Delhi,71298
7687,Rakesh,Mehta,user6686@example.com,9876506686,Other,1978-12-30,Delhi,79393
7689,Amit,Joshi,user6688@example.com,9876506688,Female,1998-06-07,Pune,18820
7690,Amit,Joshi,user6689@example.com,9876506689,Male,2005-03-04,Bangalore,99879
7692,Sameer,Joshi,user6691@example.com,9876506691,Other,2008-06-06,Mumbai,72272
7694,Arjun,Verma,user6693@example.com,9876506693,Other,1970-10-12,Kolkata,72980
7699,Sameer,Sharma,user6698@example.com,9876506698,Female,2011-11-17,Ahmedabad,40733
7702,Amit,Gupta,user6701@example.com,9876506701,Male,1993-05-29,Mumbai,59554
7703,Priya,Singh,user6702@example.com,9876506702,Female,1988-06-05,Ahmedabad,64006
7704,Anjali,Gupta,user6703@example.com,9876506703,Other,2009-12-30,Kolkata,55274
7705,Anjali,Rao,user6704@example.com,9876506704,Female,2013-03-15,Ahmedabad,74686
7707,Vijay,Reddy,user6706@example.com,9876506706,Other,2000-04-21,Mumbai,65983
7709,Kavya,Gupta,user6708@example.com,9876506708,Female,1970-07-16,Pune,75998
7710,Neha,Reddy,user6709@example.com,9876506709,Female,1985-12-18,Bangalore,45899
7711,Sameer,Reddy,user6710@example.com,9876506710,Male,2013-06-12,Mumbai,48065
7712,Arjun,Joshi,user6711@example.com,9876506711,Male,1988-04-15,Chennai,47055
7714,Amit,Patel,user6713@example.com,9876506713,Other,1972-07-26,Chennai,59422
7720,Amit,Sharma,user6719@example.com,9876506719,Male,1993-05-18,Chennai,55432
7725,Vijay,Sharma,user6724@example.com,9876506724,Female,1998-04-03,Ahmedabad,78535
7729,Vijay,Reddy,user6728@example.com,9876506728,Male,2009-01-25,Pune,18268
7731,Sameer,Gupta,user6730@example.com,9876506730,Male,2012-06-16,Kolkata,57638
7732,Sneha,Reddy,user6731@example.com,9876506731,Female,1998-02-12,Bangalore,87309
7733,Rakesh,Kumar,user6732@example.com,9876506732,Other,1997-01-27,Delhi,91914
7738,Kavya,Sharma,user6737@example.com,9876506737,Male,2018-07-22,Hyderabad,61174
7742,Amit,Reddy,user6741@example.com,9876506741,Female,2018-05-12,Ahmedabad,55006
7743,Arjun,Sharma,user6742@example.com,9876506742,Female,2017-02-07,Kolkata,91026
7748,Priya,Joshi,user6747@example.com,9876506747,Male,1999-06-03,Mumbai,51306
7752,Rakesh,Joshi,user6751@example.com,9876506751,Female,2017-04-13,Delhi,78066
7753,Arjun,Mehta,user6752@example.com,9876506752,Female,1981-01-21,Chennai,55376
7754,Arjun,Gupta,user6753@example.com,9876506753,Female,1980-08-30,Bangalore,114369
7755,Anjali,Joshi,user6754@example.com,9876506754,Other,1982-08-02,Hyderabad,78352
7757,Priya,Singh,user6756@example.com,9876506756,Female,1996-06-28,Pune,49821
7758,Kavya,Rao,user6757@example.com,9876506757,Female,2004-02-05,Bangalore,84299
7760,Amit,Rao,user6759@example.com,9876506759,Female,2016-04-24,Pune,96290
7762,Kavya,Verma,user6761@example.com,9876506761,Male,2004-11-22,Chennai,49388
7763,Sneha,Rao,user6762@example.com,9876506762,Female,1991-12-13,Kolkata,71727
7765,Kavya,Joshi,user6764@example.com,9876506764,Female,1986-10-26,Hyderabad,64099
7767,Neha,Sharma,user6766@example.com,9876506766,Female,1990-01-09,Chennai,68930
7769,Priya,Reddy,user6768@example.com,9876506768,Male,1996-01-17,Kolkata,64939
7770,Vijay,Sharma,user6769@example.com,9876506769,Male,1974-07-23,Chennai,64263
7771,Vijay,Singh,user6770@example.com,9876506770,Male,2019-01-13,Ahmedabad,83843
7772,Sneha,Reddy,user6771@example.com,9876506771,Other,2010-05-21,Kolkata,61919
7774,Sameer,Rao,user6773@example.com,9876506773,Other,2007-08-08,Pune,93068
7775,Kavya,Gupta,user6774@example.com,9876506774,Male,2017-11-10,Chennai,91941
7777,Neha,Mehta,user6776@example.com,9876506776,Female,2000-02-27,Mumbai,82501
7778,Amit,Sharma,user6777@example.com,9876506777,Other,1991-04-19,Hyderabad,34519
7780,Vijay,Gupta,user6779@example.com,9876506779,Male,2006-02-06,Ahmedabad,30716
7783,Amit,Rao,user6782@example.com,9876506782,Female,2017-03-06,Pune,56773
7785,Priya,Verma,user6784@example.com,9876506784,Other,1979-11-26,Mumbai,81478
7790,Arjun,Reddy,user6789@example.com,9876506789,Female,1978-03-14,Hyderabad,29898
7791,Amit,Kumar,user6790@example.com,9876506790,Other,1982-05-31,Kolkata,55307
7793,Anjali,Joshi,user6792@example.com,9876506792,Male,1974-09-22,Kolkata,96474
7794,Rakesh,Reddy,user6793@example.com,9876506793,Other,1996-09-18,Ahmedabad,54899
7795,Kavya,Verma,user6794@example.com,9876506794,Female,2009-05-28,Pune,104302
7797,Priya,Rao,user6796@example.com,9876506796,Female,2015-10-01,Kolkata,50767
7799,Kavya,Singh,user6798@example.com,9876506798,Male,1998-07-15,Mumbai,79713
7800,Kavya,Kumar,user6799@example.com,9876506799,Other,1977-04-20,Hyderabad,52197
7804,Neha,Reddy,user6803@example.com,9876506803,Other,2017-02-28,Pune,103249
7805,Amit,Mehta,user6804@example.com,9876506804,Female,2001-11-02,Hyderabad,72876
7807,Sameer,Sharma,user6806@example.com,9876506806,Male,2014-04-09,Ahmedabad,50071
7810,Amit,Reddy,user6809@example.com,9876506809,Female,1987-05-11,Delhi,76695
7812,Priya,Joshi,user6811@example.com,9876506811,Other,2005-05-16,Hyderabad,73411
7818,Priya,Mehta,user6817@example.com,9876506817,Male,1989-05-30,Delhi,74881
7819,Kavya,Singh,user6818@example.com,9876506818,Other,2005-08-19,Pune,51982
7820,Rakesh,Kumar,user6819@example.com,9876506819,Female,2017-06-20,Delhi,41727
7824,Priya,Reddy,user6823@example.com,9876506823,Other,1995-06-05,Bangalore,64540
7825,Priya,Joshi,user6824@example.com,9876506824,Other,1985-09-21,Kolkata,63555
7827,Sameer,Mehta,user6826@example.com,9876506826,Male,2016-05-11,Hyderabad,27752
7828,Sameer,Mehta,user6827@example.com,9876506827,Male,1975-01-14,Bangalore,82756
7830,Amit,Kumar,user6829@example.com,9876506829,Male,1995-04-30,Bangalore,59981
7832,Kavya,Rao,user6831@example.com,9876506831,Male,2001-12-26,Chennai,74999
7834,Anjali,Verma,user6833@example.com,9876506833,Male,2000-07-13,Delhi,105350
7835,Amit,Verma,user6834@example.com,9876506834,Male,2008-11-15,Kolkata,39900
7839,Priya,Verma,user6838@example.com,9876506838,Male,1975-11-24,Chennai,63654
7842,Anjali,Joshi,user6841@example.com,9876506841,Female,2015-07-27,Kolkata,66360
7843,Vijay,Rao,user6842@example.com,9876506842,Female,1996-07-23,Bangalore,48502
7848,Neha,Gupta,user6847@example.com,9876506847,Male,1974-03-14,Chennai,68095
7852,Neha,Gupta,user6851@example.com,9876506851,Female,1974-08-19,Bangalore,79382
7853,Vijay,Sharma,user6852@example.com,9876506852,Other,1993-04-29,Kolkata,75593
7854,Rakesh,Verma,user6853@example.com,9876506853,Other,1974-05-08,Hyderabad,71423
7855,Sneha,Verma,user6854@example.com,9876506854,Other,2015-02-15,Bangalore,49824
7859,Vijay,Rao,user6858@example.com,9876506858,Female,2009-09-20,Delhi,57075
7860,Sneha,Kumar,user6859@example.com,9876506859,Male,1992-01-18,Mumbai,57494
7863,Arjun,Rao,user6862@example.com,9876506862,Male,1985-08-14,Delhi,57920
7865,Sneha,Verma,user6864@example.com,9876506864,Other,1973-07-01,Ahmedabad,82929
7866,Arjun,Gupta,user6865@example.com,9876506865,Female,1999-11-08,Delhi,94022
7868,Arjun,Sharma,user6867@example.com,9876506867,Female,2016-04-11,Hyderabad,50008
7869,Vijay,Sharma,user6868@example.com,9876506868,Male,2002-01-28,Kolkata,81883
7872,Neha,Rao,user6871@example.com,9876506871,Other,1995-02-03,Delhi,46146
7873,Kavya,Reddy,user6872@example.com,9876506872,Other,1976-07-16,Chennai,61476
7874,Neha,Reddy,user6873@example.com,9876506873,Male,1980-06-24,Bangalore,97713
7877,Amit,Singh,user6876@example.com,9876506876,Other,1979-07-12,Mumbai,41037
7878,Sameer,Rao,user6877@example.com,9876506877,Other,1993-12-23,Delhi,86485
7879,Sameer,Singh,user6878@example.com,9876506878,Male,1975-04-20,Mumbai,82430
7880,Anjali,Kumar,user6879@example.com,9876506879,Other,1994-09-10,Chennai,55623
7882,Rakesh,Sharma,user6881@example.com,9876506881,Male,2015-10-25,Mumbai,84159
7883,Neha,Joshi,user6882@example.com,9876506882,Female,2015-02-16,Pune,60483
7884,Amit,Mehta,user6883@example.com,9876506883,Male,1974-12-10,Mumbai,51724
7887,Vijay,Patel,user6886@example.com,9876506886,Female,invalid,Hyderabad,79637
7888,Rakesh,Patel,user6887@example.com,9876506887,Male,2015-12-16,Kolkata,71463
7891,Arjun,Verma,user6890@example.com,9876506890,Female,2015-04-01,Ahmedabad,67911
7893,Sneha,Mehta,user6892@example.com,9876506892,Male,1970-08-09,Bangalore,59603
7895,Sameer,Rao,user6894@example.com,9876506894,Other,1989-03-03,Delhi,65843
7896,Sameer,Joshi,user6895@example.com,9876506895,Female,2003-08-28,Ahmedabad,57648
7899,Anjali,Gupta,user6898@example.com,9876506898,Female,2000-09-23,Mumbai,106732
7903,Anjali,Mehta,user6902@example.com,9876506902,Male,1974-11-07,Chennai,119692
7904,Anjali,Verma,user6903@example.com,9876506903,Other,1991-01-07,Kolkata,36921
7906,Kavya,Joshi,user6905@example.com,9876506905,Female,2016-04-09,Delhi,30738
7907,Sameer,Rao,user6906@example.com,9876506906,Other,1995-10-09,Hyderabad,21555
7909,Amit,Rao,user6908@example.com,9876506908,Other,1971-01-13,Kolkata,72180
7911,Priya,Sharma,user6910@example.com,9876506910,Female,1970-06-09,Mumbai,94862
7912,Vijay,Patel,user6911@example.com,9876506911,Female,2013-08-12,Mumbai,64039
7913,Neha,Rao,user6912@example.com,9876506912,Male,1981-06-06,Ahmedabad,81245
7915,Kavya,Patel,user6914@example.com,9876506914,Male,2005-07-16,Delhi,90900
7919,Amit,Patel,user6918@example.com,9876506918,Male,1987-03-09,Pune,51024
7920,Arjun,Gupta,user6919@example.com,9876506919,Other,1992-05-13,Pune,60590
7923,Priya,Rao,user6922@example.com,9876506922,Female,1983-06-17,Bangalore,30417
7925,Kavya,Verma,user6924@example.com,9876506924,Male,2014-03-24,Pune,53240
7928,Vijay,Joshi,user6927@example.com,9876506927,Female,2019-02-11,Kolkata,36722
7929,Arjun,Gupta,user6928@example.com,9876506928,Other,1981-01-30,Hyderabad,12412
7930,Sneha,Mehta,user6929@example.com,9876506929,Female,2015-03-21,Hyderabad,106723
7933,Neha,Sharma,user6932@example.com,9876506932,Male,1974-03-02,Delhi,85660
7935,Priya,Patel,user6934@example.com,9876506934,Other,1997-03-13,Mumbai,69267
7937,Rakesh,Sharma,user6936@example.com,9876506936,Female,2010-08-15,Pune,91175
7940,Priya,Sharma,user6939@example.com,9876506939,Other,2013-09-05,Bangalore,34314
7944,Sameer,Rao,user6943@example.com,9876506943,Male,2002-01-30,Mumbai,55903
7945,Anjali,Kumar,user6944@example.com,9876506944,Male,1981-06-26,Delhi,84464
7947,Kavya,Kumar,user6946@example.com,9876506946,Female,2016-02-05,Ahmedabad,64269
7948,Amit,Rao,user6947@example.com,9876506947,Male,1978-12-07,Hyderabad,66141
7950,Priya,Patel,user6949@example.com,9876506949,Male,1971-05-14,Hyderabad,71825
7952,Sameer,Verma,user6951@example.com,9876506951,Other,2015-03-30,Chennai,56907
7953,Kavya,Singh,user6952@example.com,9876506952,Other,2000-02-25,Chennai,57430
7955,Vijay,Rao,user6954@example.com,9876506954,Other,1979-08-07,Delhi,54989
7956,Rakesh,Sharma,user6955@example.com,9876506955,Female,1979-11-12,Bangalore,48429
7957,Amit,Patel,user6956@example.com,9876506956,Other,1994-12-10,Kolkata,90725
7959,Amit,Reddy,user6958@example.com,9876506958,Male,1999-07-23,Ahmedabad,55827
7960,Neha,Joshi,user6959@example.com,9876506959,Male,2001-10-25,Kolkata,89531
7963,Anjali,Kumar,user6962@example.com,9876506962,Male,1989-03-30,Delhi,73182
7964,Amit,Reddy,user6963@example.com,9876506963,Other,1980-03-07,Chennai,63195
7969,Amit,Reddy,user6968@example.com,9876506968,Male,1993-05-25,Bangalore,84924
7971,Rakesh,Patel,user6970@example.com,9876506970,Female,1972-07-29,Pune,25482
7972,Anjali,Patel,user6971@example.com,9876506971,Other,1991-04-28,Chennai,80388
7974,Vijay,Joshi,user6973@example.com,9876506973,Other,1993-01-21,Kolkata,53158
7975,Priya,Gupta,user6974@example.com,9876506974,Female,2001-12-18,Chennai,78151
7977,Sameer,Verma,user6976@example.com,9876506976,Other,1991-03-10,Pune,85178
7978,Amit,Singh,user6977@example.com,9876506977,Male,2015-07-05,Delhi,71817
7979,Neha,Verma,user6978@example.com,9876506978,Female,1980-04-30,Bangalore,59662
7983,Arjun,Kumar,user6982@example.com,9876506982,Female,2013-03-11,Delhi,54968
7985,Anjali,Rao,user6984@example.com,9876506984,Other,2000-11-26,Kolkata,73426
7989,Priya,Rao,user6988@example.com,9876506988,Male,1972-07-01,Chennai,84063
7990,Kavya,Rao,user6989@example.com,9876506989,Female,1982-03-04,Pune,50716
7992,Kavya,Mehta,user6991@example.com,9876506991,Other,1970-10-19,Ahmedabad,64717
7994,Sameer,Reddy,user6993@example.com,9876506993,Male,2011-09-06,Hyderabad,76601
7995,Sameer,Joshi,user6994@example.com,9876506994,Other,1971-04-13,Bangalore,65635
7997,Arjun,Singh,user6996@example.com,9876506996,Female,2010-02-01,Delhi,50297
7998,Vijay,Mehta,user6997@example.com,9876506997,Other,2001-03-10,Bangalore,38504
8000,Neha,Patel,user6999@example.com,9876506999,Male,1983-05-21,Hyderabad,74526
8003,Kavya,Verma,user7002@example.com,9876507002,Male,2005-11-24,Delhi,89256
8004,Kavya,Mehta,user7003@example.com,9876507003,Other,1998-01-23,Delhi,54489
8005,Anjali,Rao,user7004@example.com,9876507004,Female,invalid,Hyderabad,66285
8007,Vijay,Kumar,user7006@example.com,9876507006,Male,1970-01-04,Hyderabad,86031
8008,Kavya,Gupta,user7007@example.com,9876507007,Male,2050-01-01,Pune,51390
8011,Anjali,Patel,user7010@example.com,9876507010,Female,2002-12-28,Ahmedabad,35212
8012,Kavya,Sharma,user7011@example.com,9876507011,Female,2009-12-30,Pune,81671
8018,Arjun,Verma,user7017@example.com,9876507017,Other,1995-07-25,Ahmedabad,45260
8020,Anjali,Singh,user7019@example.com,9876507019,Male,1998-11-15,Kolkata,65930
8024,Anjali,Singh,user7023@example.com,9876507023,Male,2000-06-13,Kolkata,38182
8025,Priya,Sharma,user7024@example.com,9876507024,Other,2004-12-10,Mumbai,57671
8027,Sneha,Kumar,user7026@example.com,9876507026,Male,2006-08-22,Pune,39772
8028,Rakesh,Reddy,user7027@example.com,9876507027,Male,2011-05-19,Mumbai,33174
8031,Sameer,Patel,user7030@example.com,9876507030,Female,2011-06-05,Chennai,69370
8032,Neha,Singh,user7031@example.com,9876507031,Female,2014-09-12,Chennai,51340
8033,Sneha,Sharma,user7032@example.com,9876507032,Other,2007-12-03,Hyderabad,24256
8034,Amit,Patel,user7033@example.com,9876507033,Male,1982-03-21,Delhi,57559
8035,Rakesh,Rao,user7034@example.com,9876507034,Other,1975-07-30,Chennai,56205
8040,Anjali,Joshi,user7039@example.com,9876507039,Male,2008-04-20,Hyderabad,63603
8042,Vijay,Rao,user7041@example.com,9876507041,Male,2005-06-13,Bangalore,65684
8043,Sneha,Rao,user7042@example.com,9876507042,Female,2001-04-29,Mumbai,30104
8044,Sneha,Mehta,user7043@example.com,9876507043,Female,2015-04-20,Pune,79407
8046,Rakesh,Rao,user7045@example.com,9876507045,Other,2006-07-18,Chennai,66185
8047,Amit,Gupta,user7046@example.com,9876507046,Other,1977-03-19,Bangalore,49346
8049,Rakesh,Singh,user7048@example.com,9876507048,Female,2018-12-28,Bangalore,56301
8052,Priya,Singh,user7051@example.com,9876507051,Other,2004-01-29,Kolkata,21942
8055,Neha,Joshi,user7054@example.com,9876507054,Male,2014-11-02,Pune,38277
8056,Sneha,Kumar,user7055@example.com,9876507055,Female,2001-03-25,Pune,86943
8057,Anjali,Kumar,user7056@example.com,9876507056,Male,1981-07-13,Pune,73012
8058,Kavya,Patel,user7057@example.com,9876507057,Female,2015-12-06,Hyderabad,46621
8060,Vijay,Reddy,user7059@example.com,9876507059,Female,2001-11-10,Bangalore,70253
8062,Anjali,Kumar,user7061@example.com,9876507061,Male,1973-05-23,Delhi,34834
8064,Neha,Sharma,user7063@example.com,9876507063,Other,2003-09-29,Kolkata,55111
8065,Neha,Sharma,user7064@example.com,9876507064,Female,2000-03-19,Kolkata,74854
8067,Rakesh,Kumar,user7066@example.com,9876507066,Other,1971-01-04,Kolkata,82916
8068,Priya,Mehta,user7067@example.com,9876507067,Female,1998-08-25,Delhi,45210
8069,Amit,Patel,user7068@example.com,9876507068,Male,1983-06-11,Mumbai,105229
8071,Vijay,Verma,user7070@example.com,9876507070,Female,1995-06-09,Pune,82889
8073,Priya,Rao,user7072@example.com,9876507072,Female,2011-03-05,Chennai,66039
8075,Rakesh,Gupta,user7074@example.com,9876507074,Female,1986-12-29,Ahmedabad,74339
8078,Vijay,Rao,user7077@example.com,9876507077,Male,1995-11-30,Ahmedabad,47460
8082,Sameer,Sharma,user7081@example.com,9876507081,Female,1986-08-26,Mumbai,67174
8084,Sneha,Verma,user7083@example.com,9876507083,Male,1991-06-12,Bangalore,80178
8085,Amit,Joshi,user7084@example.com,9876507084,Male,2018-04-18,Kolkata,54871
8088,Amit,Gupta,user7087@example.com,9876507087,Other,2008-12-16,Delhi,45779
8090,Neha,Reddy,user7089@example.com,9876507089,Female,2005-09-02,Ahmedabad,83403
8092,Anjali,Kumar,user7091@example.com,9876507091,Other,1992-04-08,Chennai,79777
8093,Kavya,Reddy,user7092@example.com,9876507092,Other,1988-02-28,Mumbai,61623
8094,Vijay,Singh,user7093@example.com,9876507093,Male,2012-04-29,Chennai,20133
8095,Vijay,Singh,user7094@example.com,9876507094,Female,1990-04-04,Pune,31722
8100,Anjali,Sharma,user7099@example.com,9876507099,Male,1976-04-19,Bangalore,59506
8102,Vijay,Kumar,user7101@example.com,9876507101,Male,1980-12-05,Kolkata,85613
8103,Priya,Gupta,user7102@example.com,9876507102,Male,2016-04-06,Hyderabad,71926
8104,Sameer,Patel,user7103@example.com,9876507103,Other,1981-08-02,Chennai,69422
8106,Anjali,Verma,user7105@example.com,9876507105,Female,1987-12-10,Chennai,80223
8107,Priya,Sharma,user7106@example.com,9876507106,Female,1992-10-04,Hyderabad,69254
8108,Rakesh,Joshi,user7107@example.com,9876507107,Female,1996-07-16,Pune,62290
8109,Kavya,Joshi,user7108@example.com,9876507108,Other,1973-01-22,Chennai,77820
8112,Kavya,Verma,user7111@example.com,9876507111,Other,1991-07-11,Bangalore,83334
8113,Amit,Kumar,user7112@example.com,9876507112,Male,1976-02-17,Pune,63288
8115,Priya,Rao,user7114@example.com,9876507114,Male,2008-06-01,Kolkata,38687
8116,Rakesh,Rao,user7115@example.com,9876507115,Female,1976-08-30,Mumbai,39294
8117,Neha,Patel,user7116@example.com,9876507116,Male,1989-08-15,Hyderabad,35903
8118,Amit,Rao,user7117@example.com,9876507117,Other,1981-12-22,Kolkata,112861
8119,Sneha,Mehta,user7118@example.com,9876507118,Female,1992-04-21,Chennai,110366
8122,Arjun,Reddy,user7121@example.com,9876507121,Male,2018-10-08,Ahmedabad,54754
8128,Sameer,Reddy,user7127@example.com,9876507127,Other,2017-08-12,Kolkata,66118
8131,Priya,Mehta,user7130@example.com,9876507130,Other,2004-09-24,Kolkata,67137
8132,Anjali,Kumar,user7131@example.com,9876507131,Other,1977-11-01,Chennai,107400
8133,Arjun,Joshi,user7132@example.com,9876507132,Female,2016-08-09,Pune,67404
8134,Sneha,Reddy,user7133@example.com,9876507133,Female,1993-10-11,Chennai,43735
8137,Sneha,Rao,user7136@example.com,9876507136,Male,1974-01-25,Pune,77007
8139,Sneha,Singh,user7138@example.com,9876507138,Female,1984-04-18,Kolkata,31020
8140,Arjun,Gupta,user7139@example.com,9876507139,Other,2014-02-26,Ahmedabad,33810
8143,Vijay,Verma,user7142@example.com,9876507142,Other,1980-12-23,Chennai,48378
8144,Kavya,Singh,user7143@example.com,9876507143,Female,2011-05-01,Bangalore,94884
8146,Anjali,Gupta,user7145@example.com,9876507145,Male,1978-07-26,Kolkata,54636
8147,Sameer,Patel,user7146@example.com,9876507146,Other,1981-10-11,Bangalore,120604
8148,Neha,Mehta,user7147@example.com,9876507147,Female,1986-07-03,Hyderabad,55689
8149,Rakesh,Rao,user7148@example.com,9876507148,Female,2050-01-01,Kolkata,57611
8150,Sameer,Kumar,user7149@example.com,9876507149,Male,2003-07-12,Ahmedabad,56678
8154,Amit,Patel,user7153@example.com,9876507153,Male,1974-03-26,Delhi,82496
8155,Vijay,Reddy,user7154@example.com,9876507154,Male,2005-03-02,Chennai,78342
8158,Amit,Rao,user7157@example.com,9876507157,Female,2018-09-19,Bangalore,77261
8162,Amit,Verma,user7161@example.com,9876507161,Male,1983-06-10,Hyderabad,57104
8169,Amit,Reddy,user7168@example.com,9876507168,Male,1999-06-27,Pune,60930
8170,Neha,Gupta,user7169@example.com,9876507169,Male,1999-12-06,Hyderabad,54535
8172,Kavya,Mehta,user7171@example.com,9876507171,Female,1977-09-22,Kolkata,89230
8173,Rakesh,Reddy,user7172@example.com,9876507172,Male,2010-05-25,Kolkata,49313
8174,Neha,Rao,user7173@example.com,9876507173,Male,2013-11-16,Hyderabad,69844
8178,Priya,Verma,user7177@example.com,9876507177,Male,1980-11-05,Bangalore,81414
8179,Neha,Joshi,user7178@example.com,9876507178,Male,1977-02-27,Delhi,85818
8180,Vijay,Verma,user7179@example.com,9876507179,Male,2011-03-20,Chennai,72480
8185,Arjun,Rao,user7184@example.com,9876507184,Female,2004-09-28,Chennai,54710
8188,Priya,Gupta,user7187@example.com,9876507187,Other,2050-01-01,Chennai,88675
8189,Sneha,Sharma,user7188@example.com,9876507188,Female,1989-04-05,Chennai,39863
8190,Neha,Joshi,user7189@example.com,9876507189,Male,1996-05-21,Bangalore,62427
8192,Rakesh,Mehta,user7191@example.com,9876507191,Female,1997-10-26,Bangalore,88251
8193,Neha,Kumar,user7192@example.com,9876507192,Other,2017-11-10,Pune,96083
8194,Neha,Sharma,user7193@example.com,9876507193,Female,1973-04-19,Mumbai,41180
8197,Neha,Rao,user7196@example.com,9876507196,Male,2014-07-05,Ahmedabad,75241
8205,Rakesh,Verma,user7204@example.com,9876507204,Other,1979-10-09,Mumbai,81908
8207,Amit,Sharma,user7206@example.com,9876507206,Female,1992-09-20,Delhi,56504
8208,Amit,Gupta,user7207@example.com,9876507207,Male,1970-07-21,Kolkata,88085
8209,Priya,Patel,user7208@example.com,9876507208,Male,1991-10-14,Kolkata,98665
8212,Arjun,Reddy,user7211@example.com,9876507211,Other,1974-11-30,Delhi,62837
8218,Neha,Singh,user7217@example.com,9876507217,Other,1987-05-18,Bangalore,47959
8222,Amit,Singh,user7221@example.com,9876507221,Male,2015-01-13,Pune,80800
8225,Neha,Joshi,user7224@example.com,9876507224,Male,1987-07-09,Chennai,58091
8229,Sameer,Rao,user7228@example.com,9876507228,Male,1994-02-08,Ahmedabad,99449
8233,Amit,Rao,user7232@example.com,9876507232,Other,1983-01-16,Hyderabad,75613
8235,Sameer,Rao,user7234@example.com,9876507234,Male,2002-11-29,Ahmedabad,63642
8236,Rakesh,Mehta,user7235@example.com,9876507235,Male,1978-07-26,Chennai,61662
8237,Arjun,Patel,user7236@example.com,9876507236,Other,1983-12-04,Delhi,37521
8242,Rakesh,Verma,user7241@example.com,9876507241,Male,2008-05-24,Ahmedabad,85417
8243,Anjali,Gupta,user7242@example.com,9876507242,Female,2001-02-16,Hyderabad,74265
8248,Neha,Reddy,user7247@example.com,9876507247,Male,1974-07-12,Bangalore,71016
8250,Vijay,Verma,user7249@example.com,9876507249,Female,1995-12-27,Pune,71200
8252,Kavya,Sharma,user7251@example.com,9876507251,Other,2001-06-25,Delhi,87750
8254,Priya,Singh,user7253@example.com,9876507253,Male,1980-06-11,Bangalore,82636
8255,Sneha,Mehta,user7254@example.com,9876507254,Male,2004-04-01,Delhi,62609
8256,Anjali,Joshi,user7255@example.com,9876507255,Male,1983-10-18,Ahmedabad,95657
8257,Neha,Rao,user7256@example.com,9876507256,Other,2013-11-16,Kolkata,31059
8259,Kavya,Patel,user7258@example.com,9876507258,Male,1980-05-09,Pune,60382
8260,Vijay,Mehta,user7259@example.com,9876507259,Female,1975-05-13,Bangalore,59453
8262,Amit,Mehta,user7261@example.com,9876507261,Male,1987-05-13,Kolkata,78919
8263,Sameer,Sharma,user7262@example.com,9876507262,Male,1995-04-04,Mumbai,64956
8265,Kavya,Patel,user7264@example.com,9876507264,Male,1989-12-28,Hyderabad,93186
8268,Anjali,Patel,user7267@example.com,9876507267,Other,2018-11-24,Pune,59518
8269,Kavya,Patel,user7268@example.com,9876507268,Female,1976-08-04,Bangalore,59951
8270,Anjali,Kumar,user7269@example.com,9876507269,Male,2017-06-02,Chennai,49788
8271,Neha,Reddy,user7270@example.com,9876507270,Male,2006-04-07,Hyderabad,35893
8272,Anjali,Sharma,user7271@example.com,9876507271,Male,2000-07-21,Chennai,51771
8275,Priya,Rao,user7274@example.com,9876507274,Female,1987-12-30,Pune,58700
8280,Rakesh,Gupta,user7279@example.com,9876507279,Female,1974-07-06,Ahmedabad,82800
8282,Kavya,Mehta,user7281@example.com,9876507281,Male,1995-08-14,Pune,44304
8283,Rakesh,Verma,user7282@example.com,9876507282,Male,1992-02-27,Pune,76735
8284,Priya,Mehta,user7283@example.com,9876507283,Other,1978-11-19,Chennai,59235
8292,Anjali,Joshi,user7291@example.com,9876507291,Male,1983-07-19,Chennai,101625
8293,Vijay,Kumar,user7292@example.com,9876507292,Female,1990-06-22,Hyderabad,61742
8296,Kavya,Rao,user7295@example.com,9876507295,Male,2008-01-16,Ahmedabad,96606
8297,Sameer,Patel,user7296@example.com,9876507296,Male,1997-12-22,Hyderabad,65398
8299,Vijay,Gupta,user7298@example.com,9876507298,Female,1987-02-17,Bangalore,49514
8302,Sameer,Reddy,user7301@example.com,9876507301,Male,1993-03-23,Kolkata,51375
8303,Amit,Verma,user7302@example.com,9876507302,Other,1991-01-19,Bangalore,84502
8305,Vijay,Reddy,user7304@example.com,9876507304,Male,1984-11-14,Bangalore,52782
8307,Priya,Patel,user7306@example.com,9876507306,Male,1979-02-22,Pune,56646
8309,Kavya,Patel,user7308@example.com,9876507308,Other,2006-02-08,Chennai,47199
8310,Kavya,Gupta,user7309@example.com,9876507309,Female,1985-03-11,Hyderabad,62453
8311,Rakesh,Kumar,user7310@example.com,9876507310,Male,2015-05-30,Hyderabad,57355
8312,Anjali,Reddy,user7311@example.com,9876507311,Other,1989-05-28,Ahmedabad,72084
8314,Anjali,Reddy,user7313@example.com,9876507313,Other,1993-09-19,Chennai,51960
8315,Sneha,Patel,user7314@example.com,9876507314,Male,1991-10-01,Chennai,71347
8316,Vijay,Rao,user7315@example.com,9876507315,Other,1979-03-11,Pune,64693
8319,Amit,Joshi,user7318@example.com,9876507318,Female,2050-01-01,Kolkata,101395
8320,Priya,Verma,user7319@example.com,9876507319,Female,1999-07-03,Kolkata,63619
8322,Amit,Rao,user7321@example.com,9876507321,Male,1978-07-21,Mumbai,57424
8323,Sameer,Patel,user7322@example.com,9876507322,Other,2001-01-11,Kolkata,73307
8324,Sameer,Kumar,user7323@example.com,9876507323,Other,1986-06-09,Ahmedabad,45002
8329,Priya,Gupta,user7328@example.com,9876507328,Female,2002-04-11,Bangalore,96224
8330,Anjali,Mehta,user7329@example.com,9876507329,Male,2004-10-21,Ahmedabad,109953
8331,Arjun,Mehta,user7330@example.com,9876507330,Male,2007-08-22,Mumbai,76427
8333,Arjun,Reddy,user7332@example.com,9876507332,Female,1993-04-23,Delhi,63441
8334,Neha,Singh,user7333@example.com,9876507333,Female,1998-09-20,Hyderabad,66363
8337,Kavya,Sharma,user7336@example.com,9876507336,Male,2013-11-28,Mumbai,61983
8338,Anjali,Gupta,user7337@example.com,9876507337,Female,2012-12-11,Mumbai,76178
8342,Sneha,Rao,user7341@example.com,9876507341,Other,2000-06-09,Pune,80295
8343,Neha,Singh,user7342@example.com,9876507342,Female,2002-05-27,Bangalore,48967
8348,Kavya,Sharma,user7347@example.com,9876507347,Other,1995-11-11,Ahmedabad,86126
8350,Vijay,Patel,user7349@example.com,9876507349,Female,1995-12-24,Pune,36624
8353,Sneha,Verma,user7352@example.com,9876507352,Female,2014-06-12,Mumbai,72978
8354,Vijay,Singh,user7353@example.com,9876507353,Male,1973-08-22,Delhi,62097
8357,Sneha,Verma,user7356@example.com,9876507356,Female,2009-10-18,Mumbai,109136
8359,Amit,Gupta,user7358@example.com,9876507358,Other,1989-04-28,Kolkata,92347
8360,Sneha,Mehta,user7359@example.com,9876507359,Male,2001-11-05,Hyderabad,80897
8362,Sameer,Mehta,user7361@example.com,9876507361,Male,1981-10-04,Pune,59867
8367,Arjun,Patel,user7366@example.com,9876507366,Other,1973-01-28,Ahmedabad,54607
8368,Sameer,Verma,user7367@example.com,9876507367,Female,2018-12-07,Chennai,59684
8369,Rakesh,Sharma,user7368@example.com,9876507368,Female,2015-08-01,Pune,76402
8370,Sameer,Reddy,user7369@example.com,9876507369,Other,2012-01-27,Chennai,41240
8371,Arjun,Sharma,user7370@example.com,9876507370,Other,1988-10-27,Hyderabad,77852
8374,Anjali,Verma,user7373@example.com,9876507373,Female,1989-04-27,Pune,76047
8377,Anjali,Kumar,user7376@example.com,9876507376,Other,2000-05-21,Ahmedabad,78949
8378,Rakesh,Sharma,user7377@example.com,9876507377,Male,1991-06-29,Chennai,53358
8384,Arjun,Mehta,user7383@example.com,9876507383,Other,2018-02-07,Bangalore,101356
8393,Anjali,Verma,user7392@example.com,9876507392,Other,1992-12-20,Mumbai,58784
8395,Arjun,Kumar,user7394@example.com,9876507394,Male,2017-12-25,Bangalore,67250
8397,Kavya,Kumar,user7396@example.com,9876507396,Other,2017-12-04,Delhi,27148
8398,Arjun,Gupta,user7397@example.com,9876507397,Other,2003-11-03,Mumbai,59871
8400,Kavya,Joshi,user7399@example.com,9876507399,Female,2004-09-06,Chennai,66355
8403,Sneha,Gupta,user7402@example.com,9876507402,Other,1970-02-25,Pune,83050
8405,Vijay,Rao,user7404@example.com,9876507404,Female,1976-03-13,Pune,55215
8406,Sneha,Mehta,user7405@example.com,9876507405,Male,1993-03-23,Delhi,92274
8408,Arjun,Singh,user7407@example.com,9876507407,Female,2017-02-21,Chennai,97627
8412,Priya,Rao,user7411@example.com,9876507411,Male,2010-05-13,Hyderabad,65415
8414,Priya,Sharma,user7413@example.com,9876507413,Other,1999-07-21,Bangalore,71883
8415,Anjali,Reddy,user7414@example.com,9876507414,Female,1974-02-10,Ahmedabad,55202
8420,Amit,Patel,user7419@example.com,9876507419,Other,2010-04-06,Kolkata,70111
8422,Sneha,Rao,user7421@example.com,9876507421,Other,2017-09-07,Hyderabad,61323
8425,Rakesh,Kumar,user7424@example.com,9876507424,Male,2002-06-15,Hyderabad,83135
8428,Rakesh,Mehta,user7427@example.com,9876507427,Male,1998-11-28,Bangalore,43063
8429,Amit,Patel,user7428@example.com,9876507428,Other,2014-01-01,Bangalore,39381
8431,Neha,Verma,user7430@example.com,9876507430,Other,2017-07-04,Chennai,85008
8433,Vijay,Joshi,user7432@example.com,9876507432,Other,1979-09-18,Hyderabad,61150
8434,Kavya,Mehta,user7433@example.com,9876507433,Other,1978-04-04,Mumbai,82997
8435,Sameer,Verma,user7434@example.com,9876507434,Male,1975-07-17,Chennai,64464
8438,Sameer,Kumar,user7437@example.com,9876507437,Male,1979-02-07,Pune,74534
8439,Priya,Rao,user7438@example.com,9876507438,Other,1999-10-15,Kolkata,29475
8440,Sameer,Mehta,user7439@example.com,9876507439,Other,1980-01-24,Mumbai,70332
8443,Priya,Kumar,user7442@example.com,9876507442,Other,1985-02-24,Bangalore,19095
8445,Arjun,Verma,user7444@example.com,9876507444,Female,1984-03-03,Hyderabad,73988
8446,Sameer,Kumar,user7445@example.com,9876507445,Male,1980-08-14,Ahmedabad,43028
8450,Vijay,Singh,user7449@example.com,9876507449,Female,2000-12-13,Chennai,59633
8452,Rakesh,Kumar,user7451@example.com,9876507451,Female,1990-11-10,Bangalore,83021
8454,Vijay,Singh,user7453@example.com,9876507453,Male,invalid,Bangalore,66853
8459,Vijay,Joshi,user7458@example.com,9876507458,Female,1996-02-05,Ahmedabad,99489
8460,Kavya,Gupta,user7459@example.com,9876507459,Other,1982-06-23,Chennai,83297
8462,Sneha,Verma,user7461@example.com,9876507461,Other,1979-04-16,Pune,109208
8463,Sameer,Rao,user7462@example.com,9876507462,Female,2006-12-04,Mumbai,72042
8465,Neha,Verma,user7464@example.com,9876507464,Male,1986-10-06,Pune,36203
8466,Amit,Rao,user7465@example.com,9876507465,Other,1999-05-13,Bangalore,51009
8468,Sameer,Sharma,user7467@example.com,9876507467,Male,2017-10-26,Delhi,83627
8469,Priya,Rao,user7468@example.com,9876507468,Male,1988-03-06,Delhi,51922
8473,Arjun,Patel,user7472@example.com,9876507472,Other,1977-04-08,Chennai,73075
8474,Sameer,Mehta,user7473@example.com,9876507473,Other,2015-04-14,Hyderabad,67623
8475,Kavya,Verma,user7474@example.com,9876507474,Male,1978-05-28,Ahmedabad,74534
8477,Amit,Mehta,user7476@example.com,9876507476,Male,1990-12-25,Kolkata,77964
8479,Priya,Patel,user7478@example.com,9876507478,Female,1986-10-26,Pune,58988
8480,Sameer,Verma,user7479@example.com,9876507479,Male,1996-06-21,Hyderabad,48500
8487,Rakesh,Mehta,user7486@example.com,9876507486,Male,1986-10-05,Pune,71549
8488,Sameer,Joshi,user7487@example.com,9876507487,Other,2012-07-05,Bangalore,47552
8489,Priya,Gupta,user7488@example.com,9876507488,Other,1973-09-04,Hyderabad,100209
8490,Anjali,Reddy,user7489@example.com,9876507489,Female,1998-05-10,Ahmedabad,69339
8491,Kavya,Sharma,user7490@example.com,9876507490,Female,1999-12-11,Pune,100937
8492,Vijay,Joshi,user7491@example.com,9876507491,Other,2004-03-13,Pune,52985
8493,Priya,Mehta,user7492@example.com,9876507492,Male,1975-01-19,Pune,56160
8495,Rakesh,Joshi,user7494@example.com,9876507494,Other,2016-02-14,Chennai,59326
8496,Vijay,Patel,user7495@example.com,9876507495,Male,1970-07-20,Ahmedabad,78411
8497,Arjun,Kumar,user7496@example.com,9876507496,Other,2016-04-08,Delhi,24033
8499,Anjali,Verma,user7498@example.com,9876507498,Other,2007-01-04,Mumbai,49386
8503,Arjun,Rao,user7502@example.com,9876507502,Other,1975-07-10,Chennai,82261
8508,Amit,Reddy,user7507@example.com,9876507507,Female,1970-07-29,Kolkata,76982
8510,Sneha,Kumar,user7509@example.com,9876507509,Male,1996-10-31,Mumbai,72984
8513,Rakesh,Patel,user7512@example.com,9876507512,Male,1990-04-08,Chennai,74670
8515,Rakesh,Verma,user7514@example.com,9876507514,Female,2017-03-19,Pune,82283
8517,Sameer,Rao,user7516@example.com,9876507516,Male,2001-11-27,Chennai,102981
8519,Kavya,Gupta,user7518@example.com,9876507518,Other,1986-04-26,Kolkata,74423
8520,Sneha,Singh,user7519@example.com,9876507519,Male,1976-10-10,Bangalore,50748
8522,Amit,Singh,user7521@example.com,9876507521,Female,1976-07-05,Kolkata,78705
8523,Rakesh,Sharma,user7522@example.com,9876507522,Female,1981-09-15,Kolkata,60959
8524,Sameer,Mehta,user7523@example.com,9876507523,Female,2004-02-26,Chennai,62348
8527,Kavya,Kumar,user7526@example.com,9876507526,Female,2012-05-25,Mumbai,73965
8528,Sneha,Patel,user7527@example.com,9876507527,Female,1972-02-12,Hyderabad,52505
8533,Rakesh,Verma,user7532@example.com,9876507532,Other,2013-05-28,Pune,87591
8536,Rakesh,Gupta,user7535@example.com,9876507535,Male,1984-02-20,Hyderabad,53110
8537,Neha,Reddy,user7536@example.com,9876507536,Male,2003-03-23,Kolkata,69526
8538,Rakesh,Sharma,user7537@example.com,9876507537,Female,1975-01-14,Chennai,72968
8539,Neha,Kumar,user7538@example.com,9876507538,Male,1982-07-31,Pune,38502
8540,Priya,Reddy,user7539@example.com,9876507539,Male,2017-01-20,Delhi,45152
8543,Vijay,Singh,user7542@example.com,9876507542,Female,2014-10-16,Delhi,31914
8544,Kavya,Sharma,user7543@example.com,9876507543,Other,1982-09-01,Delhi,70163
8545,Vijay,Reddy,user7544@example.com,9876507544,Female,2002-10-30,Mumbai,65957
8547,Priya,Kumar,user7546@example.com,9876507546,Female,2050-01-01,Kolkata,74927
8548,Vijay,Singh,user7547@example.com,9876507547,Male,1990-04-04,Pune,81581
8550,Sameer,Patel,user7549@example.com,9876507549,Other,1975-08-15,Bangalore,64857
8553,Sameer,Reddy,user7552@example.com,9876507552,Other,1993-01-07,Bangalore,40479
8555,Sameer,Kumar,user7554@example.com,9876507554,Male,1989-02-09,Hyderabad,71668
8556,Vijay,Gupta,user7555@example.com,9876507555,Other,1974-06-24,Chennai,77618
8559,Sameer,Singh,user7558@example.com,9876507558,Other,1998-09-22,Chennai,46359
8560,Rakesh,Singh,user7559@example.com,9876507559,Male,2002-09-14,Hyderabad,36348
8563,Amit,Rao,user7562@example.com,9876507562,Male,1983-09-14,Hyderabad,75635
8564,Vijay,Kumar,user7563@example.com,9876507563,Other,1990-05-21,Delhi,51845
8565,Priya,Verma,user7564@example.com,9876507564,Female,1970-10-12,Chennai,53421
8566,Sameer,Verma,user7565@example.com,9876507565,Other,2002-03-27,Delhi,51796
8569,Rakesh,Kumar,user7568@example.com,9876507568,Other,1989-10-23,Pune,69783
8571,Sneha,Reddy,user7570@example.com,9876507570,Female,1987-05-07,Delhi,41587
8572,Priya,Singh,user7571@example.com,9876507571,Female,2016-08-14,Pune,74973
8575,Sneha,Mehta,user7574@example.com,9876507574,Other,2013-09-18,Hyderabad,44132
8577,Neha,Patel,user7576@example.com,9876507576,Female,1983-03-01,Mumbai,81464
8579,Neha,Gupta,user7578@example.com,9876507578,Male,1987-05-08,Kolkata,56817
8582,Vijay,Reddy,user7581@example.com,9876507581,Female,1985-09-01,Pune,45690
8584,Vijay,Mehta,user7583@example.com,9876507583,Other,1994-12-31,Chennai,79258
8586,Kavya,Gupta,user7585@example.com,9876507585,Other,2011-10-18,Bangalore,51443
8592,Rakesh,Gupta,user7591@example.com,9876507591,Other,2010-01-08,Ahmedabad,80877
8593,Priya,Reddy,user7592@example.com,9876507592,Male,2017-12-27,Kolkata,47313
8594,Vijay,Reddy,user7593@example.com,9876507593,Other,1991-05-08,Mumbai,53045
8597,Kavya,Gupta,user7596@example.com,9876507596,Male,1977-07-07,Hyderabad,38316
8599,Kavya,Joshi,user7598@example.com,9876507598,Female,2050-01-01,Chennai,47502
8600,Amit,Kumar,user7599@example.com,9876507599,Female,1997-01-15,Chennai,61169
8602,Anjali,Mehta,user7601@example.com,9876507601,Male,1995-01-30,Ahmedabad,58537
8603,Rakesh,Singh,user7602@example.com,9876507602,Other,1986-11-25,Kolkata,49933
8604,Amit,Verma,user7603@example.com,9876507603,Male,1986-03-28,Kolkata,79952
8605,Sameer,Sharma,user7604@example.com,9876507604,Male,1980-06-05,Ahmedabad,67598
8607,Kavya,Verma,user7606@example.com,9876507606,Female,2001-07-04,Pune,70293
8608,Amit,Sharma,user7607@example.com,9876507607,Other,2010-02-16,Ahmedabad,40704
8609,Rakesh,Mehta,user7608@example.com,9876507608,Male,1982-12-22,Bangalore,91103
8610,Arjun,Mehta,user7609@example.com,9876507609,Other,2017-11-18,Pune,61021
8612,Vijay,Kumar,user7611@example.com,9876507611,Male,2007-10-22,Pune,57997
8613,Rakesh,Verma,user7612@example.com,9876507612,Male,1999-04-16,Pune,76314
8614,Arjun,Verma,user7613@example.com,9876507613,Male,2005-09-08,Pune,85216
8617,Arjun,Sharma,user7616@example.com,9876507616,Female,2013-12-02,Mumbai,58209
8619,Neha,Singh,user7618@example.com,9876507618,Other,2015-09-29,Bangalore,40244
8622,Amit,Rao,user7621@example.com,9876507621,Male,1993-06-02,Chennai,81084
8623,Sneha,Patel,user7622@example.com,9876507622,Female,2005-07-04,Chennai,83287
8625,Amit,Singh,user7624@example.com,9876507624,Male,2006-05-12,Delhi,72824
8627,Amit,Rao,user7626@example.com,9876507626,Female,2018-11-21,Kolkata,38012
8629,Kavya,Gupta,user7628@example.com,9876507628,Other,1999-01-27,Pune,98056
8630,Vijay,Singh,user7629@example.com,9876507629,Female,2013-04-22,Hyderabad,92495
8632,Priya,Kumar,user7631@example.com,9876507631,Male,1992-08-25,Hyderabad,90887
8635,Priya,Rao,user7634@example.com,9876507634,Female,2002-09-01,Pune,96744
8637,Sneha,Sharma,user7636@example.com,9876507636,Other,1989-09-22,Bangalore,80432
8638,Rakesh,Rao,user7637@example.com,9876507637,Female,2005-09-02,Chennai,33211
8639,Kavya,Mehta,user7638@example.com,9876507638,Male,1993-04-26,Mumbai,91990
8640,Neha,Joshi,user7639@example.com,9876507639,Male,1976-06-19,Bangalore,59643
8644,Anjali,Joshi,user7643@example.com,9876507643,Male,1983-06-14,Chennai,65934
8645,Sneha,Patel,user7644@example.com,9876507644,Other,1972-01-17,Delhi,119578
8647,Anjali,Joshi,user7646@example.com,9876507646,Other,1983-06-10,Kolkata,39839
8649,Amit,Mehta,user7648@example.com,9876507648,Female,2001-12-21,Chennai,31681
8652,Sneha,Patel,user7651@example.com,9876507651,Female,1986-07-02,Ahmedabad,12757
8654,Arjun,Reddy,user7653@example.com,9876507653,Male,2008-07-13,Ahmedabad,72008
8658,Arjun,Mehta,user7657@example.com,9876507657,Male,2009-11-27,Hyderabad,70660
8662,Neha,Rao,user7661@example.com,9876507661,Female,2008-12-21,Mumbai,69582
8663,Vijay,Singh,user7662@example.com,9876507662,Other,2011-10-19,Chennai,72878
8667,Priya,Mehta,user7666@example.com,9876507666,Other,invalid,Delhi,72048
8668,Sameer,Gupta,user7667@example.com,9876507667,Other,1976-05-31,Kolkata,72580
8669,Neha,Rao,user7668@example.com,9876507668,Male,1992-02-26,Chennai,36824
8671,Amit,Joshi,user7670@example.com,9876507670,Female,2001-04-29,Chennai,88167
8672,Arjun,Reddy,user7671@example.com,9876507671,Male,2007-08-30,Hyderabad,62439
8673,Amit,Patel,user7672@example.com,9876507672,Other,2015-10-03,Chennai,55546
8674,Arjun,Joshi,user7673@example.com,9876507673,Female,1996-02-17,Kolkata,84370
8677,Kavya,Verma,user7676@example.com,9876507676,Other,2001-02-01,Kolkata,47772
8679,Vijay,Patel,user7678@example.com,9876507678,Other,2018-09-18,Delhi,51768
8680,Anjali,Reddy,user7679@example.com,9876507679,Female,1996-07-25,Hyderabad,83029
8682,Amit,Verma,user7681@example.com,9876507681,Female,1987-07-18,Ahmedabad,70565
8685,Anjali,Sharma,user7684@example.com,9876507684,Other,2007-03-19,Bangalore,96394
8686,Arjun,Kumar,user7685@example.com,9876507685,Female,1978-11-14,Bangalore,37948
8687,Sneha,Kumar,user7686@example.com,9876507686,Male,2018-05-02,Hyderabad,77158
8689,Anjali,Kumar,user7688@example.com,9876507688,Male,2004-05-29,Pune,43272
8691,Priya,Kumar,user7690@example.com,9876507690,Other,1970-03-09,Ahmedabad,56608
8692,Vijay,Reddy,user7691@example.com,9876507691,Male,1997-01-02,Pune,93039
8693,Neha,Kumar,user7692@example.com,9876507692,Other,1975-07-06,Bangalore,53629
8695,Kavya,Mehta,user7694@example.com,9876507694,Male,1987-04-14,Ahmedabad,57392
8698,Vijay,Joshi,user7697@example.com,9876507697,Female,1970-12-19,Bangalore,48344
8699,Sameer,Singh,user7698@example.com,9876507698,Male,2018-04-26,Pune,67877
8700,Sneha,Joshi,user7699@example.com,9876507699,Male,1981-12-27,Delhi,70647
8702,Priya,Singh,user7701@example.com,9876507701,Female,1979-04-22,Ahmedabad,85996
8703,Anjali,Reddy,user7702@example.com,9876507702,Male,1978-03-26,Ahmedabad,73012
8705,Sameer,Mehta,user7704@example.com,9876507704,Other,2010-07-22,Pune,75481
8707,Sameer,Joshi,user7706@example.com,9876507706,Female,1987-08-08,Kolkata,72627
8712,Sameer,Mehta,user7711@example.com,9876507711,Other,1991-09-15,Chennai,60963
8713,Rakesh,Sharma,user7712@example.com,9876507712,Other,1976-09-10,Chennai,84835
8714,Rakesh,Rao,user7713@example.com,9876507713,Male,2015-10-12,Bangalore,71823
8715,Kavya,Reddy,user7714@example.com,9876507714,Other,1995-01-29,Mumbai,82483
8716,Anjali,Kumar,user7715@example.com,9876507715,Other,1994-04-08,Mumbai,90129
8717,Kavya,Kumar,user7716@example.com,9876507716,Male,2005-09-30,Hyderabad,57084
8720,Neha,Joshi,user7719@example.com,9876507719,Female,1992-06-01,Hyderabad,49608
8724,Amit,Rao,user7723@example.com,9876507723,Female,2017-03-02,Chennai,74958
8725,Anjali,Kumar,user7724@example.com,9876507724,Other,1974-06-14,Delhi,59649
8727,Sneha,Verma,user7726@example.com,9876507726,Male,1993-05-22,Pune,83503
8728,Kavya,Gupta,user7727@example.com,9876507727,Female,2013-06-04,Ahmedabad,38510
8729,Sneha,Kumar,user7728@example.com,9876507728,Female,1978-05-01,Chennai,62044
8731,Kavya,Verma,user7730@example.com,9876507730,Male,1998-01-07,Ahmedabad,83300
8732,Amit,Reddy,user7731@example.com,9876507731,Male,2018-02-23,Mumbai,73550
8733,Kavya,Sharma,user7732@example.com,9876507732,Female,2000-08-01,Pune,47398
8734,Priya,Gupta,user7733@example.com,9876507733,Male,2008-07-13,Chennai,68210
8735,Anjali,Sharma,user7734@example.com,9876507734,Male,1998-12-07,Pune,72112
8737,Vijay,Gupta,user7736@example.com,9876507736,Male,2012-09-28,Ahmedabad,72531
8738,Sameer,Patel,user7737@example.com,9876507737,Other,2013-10-29,Hyderabad,35445
8739,Sameer,Sharma,user7738@example.com,9876507738,Male,1996-10-12,Ahmedabad,29931
8744,Vijay,Reddy,user7743@example.com,9876507743,Other,1985-07-29,Kolkata,94357
8746,Anjali,Patel,user7745@example.com,9876507745,Female,1997-01-07,Hyderabad,34029
8747,Sameer,Patel,user7746@example.com,9876507746,Male,2006-10-15,Chennai,71071
8748,Priya,Rao,user7747@example.com,9876507747,Other,1990-10-28,Delhi,90444
8749,Rakesh,Reddy,user7748@example.com,9876507748,Other,2002-05-20,Ahmedabad,55304
8750,Neha,Patel,user7749@example.com,9876507749,Female,2005-07-21,Ahmedabad,84541
8752,Amit,Joshi,user7751@example.com,9876507751,Female,1992-12-05,Ahmedabad,65810
8753,Rakesh,Sharma,user7752@example.com,9876507752,Female,2015-10-26,Mumbai,50095
8754,Neha,Verma,user7753@example.com,9876507753,Female,1985-04-16,Mumbai,88406
8755,Sneha,Rao,user7754@example.com,9876507754,Other,2005-07-01,Kolkata,88336
8757,Vijay,Mehta,user7756@example.com,9876507756,Other,2003-04-17,Chennai,62965
8759,Sameer,Mehta,user7758@example.com,9876507758,Female,2008-08-19,Mumbai,80523
8760,Rakesh,Rao,user7759@example.com,9876507759,Other,2010-11-26,Pune,59216
8762,Anjali,Mehta,user7761@example.com,9876507761,Other,1979-07-21,Ahmedabad,96413
8763,Kavya,Gupta,user7762@example.com,9876507762,Male,1975-03-11,Bangalore,66787
8764,Arjun,Reddy,user7763@example.com,9876507763,Male,1977-12-18,Bangalore,61427
8765,Sneha,Verma,user7764@example.com,9876507764,Female,1973-11-12,Delhi,53235
8767,Arjun,Verma,user7766@example.com,9876507766,Female,2001-09-09,Bangalore,33507
8773,Neha,Patel,user7772@example.com,9876507772,Male,2017-12-27,Chennai,62154
8774,Kavya,Gupta,user7773@example.com,9876507773,Male,2015-12-12,Bangalore,49224
8777,Arjun,Verma,user7776@example.com,9876507776,Other,2000-01-08,Kolkata,67209
8780,Priya,Gupta,user7779@example.com,9876507779,Other,1987-09-22,Delhi,53478
8782,Sneha,Joshi,user7781@example.com,9876507781,Female,1982-02-02,Pune,50901
8783,Priya,Joshi,user7782@example.com,9876507782,Other,2013-05-23,Mumbai,52440
8784,Kavya,Sharma,user7783@example.com,9876507783,Female,1993-11-01,Kolkata,59192
8785,Sneha,Kumar,user7784@example.com,9876507784,Male,1999-04-23,Bangalore,52843
8790,Kavya,Joshi,user7789@example.com,9876507789,Female,2006-03-01,Chennai,46937
8791,Sneha,Patel,user7790@example.com,9876507790,Other,1975-01-19,Bangalore,57709
8792,Priya,Sharma,user7791@example.com,9876507791,Other,2011-10-10,Chennai,84151
8794,Sneha,Joshi,user7793@example.com,9876507793,Female,1995-06-13,Chennai,34733
8798,Sneha,Mehta,user7797@example.com,9876507797,Other,2004-11-03,Chennai,35751
8800,Amit,Reddy,user7799@example.com,9876507799,Other,2007-02-27,Ahmedabad,73940
8802,Kavya,Patel,user7801@example.com,9876507801,Female,1970-01-10,Bangalore,34123
8803,Priya,Patel,user7802@example.com,9876507802,Male,2013-10-09,Mumbai,35781
8805,Sameer,Joshi,user7804@example.com,9876507804,Other,2011-08-17,Mumbai,81063
8806,Neha,Mehta,user7805@example.com,9876507805,Female,2000-03-07,Bangalore,85831
8808,Kavya,Mehta,user7807@example.com,9876507807,Female,1998-06-01,Pune,79983
8809,Kavya,Kumar,user7808@example.com,9876507808,Female,2014-01-09,Chennai,73149
8811,Sneha,Reddy,user7810@example.com,9876507810,Male,1997-12-24,Bangalore,54090
8812,Anjali,Rao,user7811@example.com,9876507811,Male,1973-12-27,Chennai,62986
8815,Sneha,Gupta,user7814@example.com,9876507814,Female,1997-08-13,Hyderabad,60930
8817,Neha,Rao,user7816@example.com,9876507816,Male,2010-10-10,Bangalore,53011
8818,Rakesh,Kumar,user7817@example.com,9876507817,Other,1992-06-14,Bangalore,49100
8819,Arjun,Gupta,user7818@example.com,9876507818,Female,1985-06-03,Chennai,61621
8823,Amit,Patel,user7822@example.com,9876507822,Female,1982-11-25,Ahmedabad,52597
8824,Anjali,Joshi,user7823@example.com,9876507823,Female,1976-09-23,Chennai,55720
8825,Vijay,Gupta,user7824@example.com,9876507824,Male,2000-08-27,Ahmedabad,24022
8829,Sneha,Singh,user7828@example.com,9876507828,Other,1993-02-28,Delhi,47000
8830,Amit,Patel,user7829@example.com,9876507829,Female,1989-08-06,Delhi,85079
8832,Rakesh,Gupta,user7831@example.com,9876507831,Male,1977-06-07,Mumbai,88336
8833,Kavya,Patel,user7832@example.com,9876507832,Male,1990-03-01,Pune,45365
8834,Priya,Patel,user7833@example.com,9876507833,Male,2011-10-09,Mumbai,75389
8835,Neha,Rao,user7834@example.com,9876507834,Other,2002-11-07,Ahmedabad,45709
8837,Kavya,Mehta,user7836@example.com,9876507836,Male,1995-05-24,Chennai,49832
8838,Vijay,Gupta,user7837@example.com,9876507837,Male,2003-08-07,Chennai,67722
8839,Amit,Kumar,user7838@example.com,9876507838,Male,1977-10-06,Mumbai,47521
8840,Priya,Kumar,user7839@example.com,9876507839,Other,1991-12-10,Kolkata,65773
8844,Anjali,Verma,user7843@example.com,9876507843,Female,1975-11-25,Mumbai,52197
8845,Neha,Rao,user7844@example.com,9876507844,Female,1998-11-06,Bangalore,93559
8848,Sameer,Patel,user7847@example.com,9876507847,Other,1989-11-19,Hyderabad,44090
8856,Anjali,Joshi,user7855@example.com,9876507855,Other,2010-04-04,Mumbai,40224
8858,Sameer,Gupta,user7857@example.com,9876507857,Male,1991-05-22,Chennai,59280
8859,Kavya,Patel,user7858@example.com,9876507858,Male,1998-09-18,Mumbai,48263
8860,Vijay,Sharma,user7859@example.com,9876507859,Male,1998-06-12,Delhi,50290
8862,Vijay,Joshi,user7861@example.com,9876507861,Female,2012-01-26,Chennai,49680
8863,Neha,Reddy,user7862@example.com,9876507862,Other,2011-08-10,Ahmedabad,62535
8864,Vijay,Patel,user7863@example.com,9876507863,Female,2019-04-08,Bangalore,74734
8868,Sneha,Reddy,user7867@example.com,9876507867,Male,2000-05-22,Kolkata,70259
8871,Sameer,Gupta,user7870@example.com,9876507870,Male,2001-06-19,Delhi,62674
8872,Sameer,Sharma,user7871@example.com,9876507871,Other,2016-10-03,Bangalore,22208
8877,Priya,Reddy,user7876@example.com,9876507876,Female,2000-07-25,Pune,67503
8878,Sameer,Rao,user7877@example.com,9876507877,Other,2018-02-17,Delhi,62376
8882,Kavya,Sharma,user7881@example.com,9876507881,Male,1985-06-19,Hyderabad,91551
8883,Priya,Singh,user7882@example.com,9876507882,Male,invalid,Mumbai,94306
8884,Priya,Reddy,user7883@example.com,9876507883,Male,1993-01-18,Pune,74137
8886,Kavya,Mehta,user7885@example.com,9876507885,Male,1974-12-13,Pune,60233
8888,Kavya,Singh,user7887@example.com,9876507887,Female,2012-12-31,Pune,70187
8889,Arjun,Singh,user7888@example.com,9876507888,Female,1971-02-23,Ahmedabad,56316
8890,Anjali,Patel,user7889@example.com,9876507889,Female,2014-02-21,Pune,54102
8892,Amit,Reddy,user7891@example.com,9876507891,Female,1994-12-11,Mumbai,83386
8893,Sneha,Gupta,user7892@example.com,9876507892,Male,2004-02-15,Mumbai,55966
8898,Sneha,Joshi,user7897@example.com,9876507897,Other,1975-01-04,Ahmedabad,60252
8900,Arjun,Sharma,user7899@example.com,9876507899,Male,invalid,Delhi,92743
8903,Sneha,Mehta,user7902@example.com,9876507902,Male,2017-04-14,Delhi,79436
8911,Sneha,Rao,user7910@example.com,9876507910,Female,2006-07-03,Ahmedabad,46172
8913,Sameer,Sharma,user7912@example.com,9876507912,Male,2015-01-04,Ahmedabad,62970
8918,Neha,Singh,user7917@example.com,9876507917,Other,2013-01-27,Delhi,76123
8919,Kavya,Kumar,user7918@example.com,9876507918,Female,1991-08-24,Kolkata,44420
8920,Vijay,Singh,user7919@example.com,9876507919,Male,1974-11-17,Mumbai,56351
8922,Amit,Reddy,user7921@example.com,9876507921,Male,2017-07-26,Kolkata,42510
8923,Sneha,Mehta,user7922@example.com,9876507922,Male,2001-02-03,Mumbai,66529
8925,Priya,Reddy,user7924@example.com,9876507924,Female,1986-07-21,Kolkata,105074
8928,Sameer,Patel,user7927@example.com,9876507927,Other,2005-05-23,Chennai,87293
8930,Priya,Rao,user7929@example.com,9876507929,Female,2003-10-31,Mumbai,54274
8934,Sneha,Kumar,user7933@example.com,9876507933,Male,2004-07-25,Ahmedabad,50977
8935,Kavya,Gupta,user7934@example.com,9876507934,Male,invalid,Chennai,60687
8937,Arjun,Rao,user7936@example.com,9876507936,Male,2002-10-25,Kolkata,74426
8942,Arjun,Reddy,user7941@example.com,9876507941,Male,1995-11-14,Ahmedabad,52814
8943,Rakesh,Singh,user7942@example.com,9876507942,Other,1978-07-10,Kolkata,46708
8944,Anjali,Mehta,user7943@example.com,9876507943,Other,2014-08-15,Pune,10447
8945,Rakesh,Gupta,user7944@example.com,9876507944,Male,1990-05-13,Mumbai,62698
8946,Rakesh,Verma,user7945@example.com,9876507945,Female,1982-06-01,Ahmedabad,42138
8948,Priya,Rao,user7947@example.com,9876507947,Other,1986-11-24,Pune,58989
8950,Sameer,Singh,user7949@example.com,9876507949,Female,2018-12-09,Hyderabad,75952
8952,Arjun,Patel,user7951@example.com,9876507951,Female,1987-06-30,Kolkata,97535
8953,Neha,Joshi,user7952@example.com,9876507952,Female,1988-03-08,Bangalore,108881
8957,Vijay,Sharma,user7956@example.com,9876507956,Other,1984-01-27,Pune,101556
8958,Arjun,Joshi,user7957@example.com,9876507957,Male,2000-07-19,Bangalore,50521
8959,Vijay,Verma,user7958@example.com,9876507958,Male,2005-02-18,Ahmedabad,54194
8960,Sameer,Rao,user7959@example.com,9876507959,Other,2011-05-15,Delhi,51007
8962,Vijay,Singh,user7961@example.com,9876507961,Other,1980-02-10,Bangalore,55461
8963,Arjun,Patel,user7962@example.com,9876507962,Other,1992-06-19,Mumbai,81535
8965,Vijay,Sharma,user7964@example.com,9876507964,Other,2050-01-01,Hyderabad,61247
8967,Neha,Kumar,user7966@example.com,9876507966,Male,1993-03-03,Hyderabad,51192
8969,Rakesh,Reddy,user7968@example.com,9876507968,Other,2016-04-15,Hyderabad,66790
8970,Anjali,Rao,user7969@example.com,9876507969,Other,1977-09-18,Bangalore,50644
8973,Sneha,Gupta,user7972@example.com,9876507972,Other,2009-03-30,Delhi,71366
8974,Arjun,Mehta,user7973@example.com,9876507973,Other,1990-07-06,Ahmedabad,50187
8975,Sneha,Patel,user7974@example.com,9876507974,Female,1991-12-11,Bangalore,80197
8977,Neha,Singh,user7976@example.com,9876507976,Male,1971-03-19,Mumbai,85688
8979,Sameer,Mehta,user7978@example.com,9876507978,Male,1995-10-10,Pune,94599
8984,Neha,Joshi,user7983@example.com,9876507983,Male,2004-10-04,Mumbai,60215
8985,Amit,Singh,user7984@example.com,9876507984,Other,1972-06-13,Chennai,97303
8987,Sneha,Sharma,user7986@example.com,9876507986,Female,1976-03-03,Hyderabad,80650
8991,Amit,Reddy,user7990@example.com,9876507990,Other,1999-06-10,Chennai,107578
8992,Amit,Joshi,user7991@example.com,9876507991,Female,2000-03-22,Delhi,54878
8993,Amit,Rao,user7992@example.com,9876507992,Male,1995-04-17,Kolkata,91609
8995,Anjali,Joshi,user7994@example.com,9876507994,Other,2011-03-01,Kolkata,82200
8998,Vijay,Singh,user7997@example.com,9876507997,Male,1971-01-07,Mumbai,47921
9002,Neha,Sharma,user8001@example.com,9876508001,Other,2018-09-13,Bangalore,74889
9005,Arjun,Verma,user8004@example.com,9876508004,Other,1999-05-01,Mumbai,55319
9006,Kavya,Rao,user8005@example.com,9876508005,Other,2017-08-13,Bangalore,50571
9007,Kavya,Verma,user8006@example.com,9876508006,Other,1971-10-30,Hyderabad,44298
9008,Sneha,Reddy,user8007@example.com,9876508007,Male,2014-09-12,Delhi,43100
9012,Rakesh,Joshi,user8011@example.com,9876508011,Male,1984-07-23,Ahmedabad,45036
9015,Sneha,Gupta,user8014@example.com,9876508014,Female,2005-08-30,Ahmedabad,54281
9018,Rakesh,Verma,user8017@example.com,9876508017,Male,1982-04-17,Ahmedabad,70773
9019,Rakesh,Singh,user8018@example.com,9876508018,Other,2005-11-28,Pune,67025
9020,Anjali,Verma,user8019@example.com,9876508019,Female,invalid,Chennai,88675
9024,Sameer,Kumar,user8023@example.com,9876508023,Female,1995-11-09,Mumbai,63534
9025,Sameer,Reddy,user8024@example.com,9876508024,Other,1991-01-19,Hyderabad,35341
9027,Amit,Patel,user8026@example.com,9876508026,Male,1994-06-10,Kolkata,62184
9029,Sameer,Verma,user8028@example.com,9876508028,Male,2015-04-27,Ahmedabad,94695
9030,Amit,Gupta,user8029@example.com,9876508029,Other,2007-12-02,Mumbai,42655
9031,Rakesh,Kumar,user8030@example.com,9876508030,Female,1995-07-29,Delhi,56389
9032,Amit,Mehta,user8031@example.com,9876508031,Other,1993-04-01,Bangalore,68250
9033,Kavya,Patel,user8032@example.com,9876508032,Female,2001-07-10,Mumbai,71078
9035,Sneha,Sharma,user8034@example.com,9876508034,Male,1971-06-06,Pune,99049
9037,Neha,Verma,user8036@example.com,9876508036,Female,2002-03-30,Delhi,72377
9038,Arjun,Reddy,user8037@example.com,9876508037,Male,2005-01-10,Hyderabad,58414
9039,Arjun,Sharma,user8038@example.com,9876508038,Male,1994-03-20,Bangalore,58512
9042,Amit,Gupta,user8041@example.com,9876508041,Female,1974-08-09,Bangalore,78614
9043,Anjali,Mehta,user8042@example.com,9876508042,Female,2005-11-29,Kolkata,47336
9045,Kavya,Patel,user8044@example.com,9876508044,Other,1980-02-24,Mumbai,118206
9046,Neha,Kumar,user8045@example.com,9876508045,Female,2014-03-18,Hyderabad,71139
9047,Arjun,Sharma,user8046@example.com,9876508046,Female,2050-01-01,Bangalore,47042
9048,Sameer,Patel,user8047@example.com,9876508047,Male,1972-04-23,Pune,83844
9049,Sneha,Joshi,user8048@example.com,9876508048,Male,2015-06-16,Chennai,46882
9050,Sneha,Singh,user8049@example.com,9876508049,Female,1994-05-10,Delhi,104368
9052,Priya,Joshi,user8051@example.com,9876508051,Other,2006-04-13,Chennai,82177
9053,Priya,Gupta,user8052@example.com,9876508052,Male,2003-06-26,Mumbai,64102
9054,Rakesh,Patel,user8053@example.com,9876508053,Male,1983-12-28,Kolkata,34517
9055,Vijay,Sharma,user8054@example.com,9876508054,Other,2003-04-09,Delhi,45321
9058,Amit,Singh,user8057@example.com,9876508057,Male,invalid,Chennai,68749
9059,Arjun,Joshi,user8058@example.com,9876508058,Male,1975-03-28,Bangalore,16363
9060,Vijay,Mehta,user8059@example.com,9876508059,Female,1981-07-23,Mumbai,68885
9063,Vijay,Rao,user8062@example.com,9876508062,Female,2010-03-21,Hyderabad,48989
9065,Kavya,Reddy,user8064@example.com,9876508064,Other,2019-01-19,Pune,38320
9068,Neha,Sharma,user8067@example.com,9876508067,Other,1981-07-30,Ahmedabad,40075
9070,Kavya,Singh,user8069@example.com,9876508069,Male,2011-07-29,Delhi,93556
9072,Sneha,Joshi,user8071@example.com,9876508071,Other,1971-12-12,Delhi,58228
9074,Vijay,Verma,user8073@example.com,9876508073,Male,1993-08-30,Kolkata,66609
9075,Rakesh,Verma,user8074@example.com,9876508074,Other,1973-08-16,Pune,53481
9078,Vijay,Reddy,user8077@example.com,9876508077,Female,1978-05-10,Ahmedabad,54843
9079,Anjali,Verma,user8078@example.com,9876508078,Female,1998-11-13,Pune,32090
9080,Neha,Kumar,user8079@example.com,9876508079,Male,1985-07-16,Delhi,64096
9083,Sneha,Singh,user8082@example.com,9876508082,Male,2003-09-22,Pune,67531
9084,Vijay,Gupta,user8083@example.com,9876508083,Male,2050-01-01,Hyderabad,60742
9087,Neha,Reddy,user8086@example.com,9876508086,Other,1984-09-06,Hyderabad,49583
9088,Rakesh,Verma,user8087@example.com,9876508087,Other,1971-11-26,Delhi,80431
9089,Amit,Singh,user8088@example.com,9876508088,Other,1998-06-08,Hyderabad,114906
9090,Vijay,Patel,user8089@example.com,9876508089,Male,2011-08-15,Hyderabad,111777
9092,Priya,Sharma,user8091@example.com,9876508091,Male,2004-07-17,Bangalore,57988
9093,Priya,Sharma,user8092@example.com,9876508092,Female,1970-06-21,Ahmedabad,54319
9094,Sneha,Rao,user8093@example.com,9876508093,Female,1977-07-12,Mumbai,57258
9095,Neha,Kumar,user8094@example.com,9876508094,Other,1978-06-30,Delhi,30175
9097,Amit,Singh,user8096@example.com,9876508096,Other,2009-12-29,Bangalore,91427
9098,Rakesh,Patel,user8097@example.com,9876508097,Other,1984-04-11,Kolkata,62299
9099,Kavya,Gupta,user8098@example.com,9876508098,Male,1970-03-18,Kolkata,106858
9100,Kavya,Rao,user8099@example.com,9876508099,Other,1981-08-08,Mumbai,119521
9105,Kavya,Rao,user8104@example.com,9876508104,Other,1976-12-19,Delhi,86065
9110,Priya,Verma,user8109@example.com,9876508109,Female,2004-05-18,Chennai,56636
9111,Amit,Patel,user8110@example.com,9876508110,Male,1995-01-23,Mumbai,86809
9112,Sneha,Reddy,user8111@example.com,9876508111,Male,1974-06-16,Pune,53545
9114,Priya,Sharma,user8113@example.com,9876508113,Female,1972-12-10,Kolkata,51895
9115,Vijay,Singh,user8114@example.com,9876508114,Female,2008-04-21,Ahmedabad,58337
9117,Priya,Mehta,user8116@example.com,9876508116,Female,2016-08-18,Pune,13330
9118,Neha,Verma,user8117@example.com,9876508117,Other,2005-08-30,Mumbai,58177
9120,Arjun,Kumar,user8119@example.com,9876508119,Other,1984-07-09,Bangalore,55676
9123,Sameer,Joshi,user8122@example.com,9876508122,Other,2005-11-20,Ahmedabad,68064
9125,Kavya,Verma,user8124@example.com,9876508124,Other,1996-07-18,Ahmedabad,42330
9127,Neha,Joshi,user8126@example.com,9876508126,Female,2000-04-07,Delhi,78421
9129,Anjali,Kumar,user8128@example.com,9876508128,Male,1996-02-11,Kolkata,74726
9132,Vijay,Gupta,user8131@example.com,9876508131,Male,2009-12-07,Kolkata,45951
9134,Neha,Rao,user8133@example.com,9876508133,Female,2009-01-26,Chennai,63105
9135,Rakesh,Verma,user8134@example.com,9876508134,Other,2012-01-16,Chennai,104803
9136,Arjun,Verma,user8135@example.com,9876508135,Female,1985-04-27,Mumbai,25048
9137,Sneha,Singh,user8136@example.com,9876508136,Female,2013-04-02,Hyderabad,98720
9138,Sneha,Verma,user8137@example.com,9876508137,Female,1999-11-28,Bangalore,10698
9139,Priya,Kumar,user8138@example.com,9876508138,Male,1996-04-13,Mumbai,74981
9142,Sameer,Patel,user8141@example.com,9876508141,Male,1987-06-09,Delhi,48741
9143,Sameer,Sharma,user8142@example.com,9876508142,Female,1995-10-03,Delhi,79362
9145,Rakesh,Kumar,user8144@example.com,9876508144,Male,2050-01-01,Pune,74865
9147,Sameer,Patel,user8146@example.com,9876508146,Female,1998-02-04,Mumbai,89162
9148,Priya,Rao,user8147@example.com,9876508147,Male,1976-07-05,Bangalore,61115
9152,Amit,Verma,user8151@example.com,9876508151,Male,1983-09-30,Chennai,83611
9153,Arjun,Mehta,user8152@example.com,9876508152,Male,2004-05-10,Bangalore,65717
9155,Anjali,Rao,user8154@example.com,9876508154,Other,1980-04-29,Pune,45415
9156,Amit,Joshi,user8155@example.com,9876508155,Male,2010-09-21,Kolkata,80612
9159,Arjun,Verma,user8158@example.com,9876508158,Female,1981-04-17,Ahmedabad,52712
9160,Neha,Gupta,user8159@example.com,9876508159,Other,2003-03-06,Hyderabad,60237
9163,Neha,Mehta,user8162@example.com,9876508162,Female,1984-02-24,Hyderabad,43507
9165,Amit,Verma,user8164@example.com,9876508164,Female,2016-05-09,Mumbai,100408
9166,Vijay,Sharma,user8165@example.com,9876508165,Other,1997-03-23,Ahmedabad,92929
9168,Anjali,Kumar,user8167@example.com,9876508167,Female,1978-07-13,Ahmedabad,77184
9169,Arjun,Sharma,user8168@example.com,9876508168,Other,1970-08-07,Delhi,70113
9170,Amit,Rao,user8169@example.com,9876508169,Other,1970-05-06,Bangalore,63581
9171,Arjun,Patel,user8170@example.com,9876508170,Male,2006-01-21,Bangalore,47242
9173,Anjali,Verma,user8172@example.com,9876508172,Male,2007-06-26,Hyderabad,101986
9174,Sneha,Verma,user8173@example.com,9876508173,Other,2004-07-07,Pune,53545
9178,Neha,Joshi,user8177@example.com,9876508177,Female,1996-09-27,Bangalore,55621
9182,Anjali,Verma,user8181@example.com,9876508181,Female,1973-06-08,Hyderabad,81315
9186,Arjun,Verma,user8185@example.com,9876508185,Other,2010-08-03,Chennai,38131
9188,Amit,Mehta,user8187@example.com,9876508187,Female,2050-01-01,Ahmedabad,66370
9189,Kavya,Singh,user8188@example.com,9876508188,Male,2005-12-01,Pune,54996
9190,Amit,Singh,user8189@example.com,9876508189,Male,2002-08-12,Pune,45664
9192,Kavya,Patel,user8191@example.com,9876508191,Male,1996-01-14,Bangalore,71366
9195,Kavya,Mehta,user8194@example.com,9876508194,Female,2050-01-01,Mumbai,67857
9196,Amit,Kumar,user8195@example.com,9876508195,Other,1992-03-10,Mumbai,74890
9197,Rakesh,Gupta,user8196@example.com,9876508196,Other,2008-11-03,Delhi,92550
9198,Arjun,Rao,user8197@example.com,9876508197,Male,1993-05-29,Ahmedabad,47812
9202,Priya,Rao,user8201@example.com,9876508201,Female,1980-10-13,Hyderabad,33688
9203,Sneha,Mehta,user8202@example.com,9876508202,Other,2019-01-03,Delhi,21259
9204,Rakesh,Patel,user8203@example.com,9876508203,Male,1994-01-06,Chennai,46259
9205,Kavya,Sharma,user8204@example.com,9876508204,Female,2004-07-10,Chennai,86718
9209,Anjali,Kumar,user8208@example.com,9876508208,Other,2002-10-01,Bangalore,65311
9213,Sameer,Gupta,user8212@example.com,9876508212,Female,1991-05-20,Bangalore,51597
9217,Sameer,Patel,user8216@example.com,9876508216,Male,1975-01-13,Kolkata,60066
9219,Anjali,Verma,user8218@example.com,9876508218,Other,1986-03-11,Mumbai,61401
9223,Rakesh,Mehta,user8222@example.com,9876508222,Female,1998-01-09,Hyderabad,115251
9224,Amit,Mehta,user8223@example.com,9876508223,Male,2013-01-18,Kolkata,72439
9225,Vijay,Mehta,user8224@example.com,9876508224,Other,2010-02-06,Bangalore,95632
9228,Arjun,Verma,user8227@example.com,9876508227,Other,2002-05-22,Ahmedabad,83148
9229,Sameer,Gupta,user8228@example.com,9876508228,Male,1979-06-21,Hyderabad,75223
9230,Priya,Verma,user8229@example.com,9876508229,Male,1982-01-15,Delhi,40425
9232,Anjali,Kumar,user8231@example.com,9876508231,Male,2010-08-02,Delhi,74001
9234,Arjun,Patel,user8233@example.com,9876508233,Female,1990-04-12,Delhi,72450
9235,Rakesh,Verma,user8234@example.com,9876508234,Other,1989-05-12,Hyderabad,55464
9237,Arjun,Kumar,user8236@example.com,9876508236,Female,2014-02-03,Mumbai,51894
9238,Neha,Sharma,user8237@example.com,9876508237,Female,1983-09-17,Delhi,74005
9239,Sameer,Sharma,user8238@example.com,9876508238,Female,1996-03-12,Chennai,44829
9242,Arjun,Mehta,user8241@example.com,9876508241,Other,2001-05-07,Pune,46963
9243,Amit,Rao,user8242@example.com,9876508242,Other,2000-08-14,Bangalore,52165
9244,Neha,Gupta,user8243@example.com,9876508243,Female,2003-10-24,Kolkata,70601
9245,Rakesh,Reddy,user8244@example.com,9876508244,Other,1995-08-15,Chennai,79156
9247,Rakesh,Rao,user8246@example.com,9876508246,Other,1990-11-06,Hyderabad,75135
9248,Arjun,Kumar,user8247@example.com,9876508247,Female,1976-06-16,Kolkata,66716
9249,Priya,Singh,user8248@example.com,9876508248,Other,invalid,Kolkata,51102
9250,Vijay,Kumar,user8249@example.com,9876508249,Male,2013-12-02,Delhi,30462
9253,Priya,Sharma,user8252@example.com,9876508252,Male,2002-06-21,Pune,52444
9254,Rakesh,Verma,user8253@example.com,9876508253,Other,2005-01-12,Ahmedabad,96057
9256,Neha,Reddy,user8255@example.com,9876508255,Male,1989-11-14,Bangalore,63169
9258,Neha,Gupta,user8257@example.com,9876508257,Male,1992-12-07,Pune,105449
9262,Amit,Patel,user8261@example.com,9876508261,Female,2003-04-04,Mumbai,42014
9263,Vijay,Singh,user8262@example.com,9876508262,Other,2004-02-21,Kolkata,45932
9264,Anjali,Gupta,user8263@example.com,9876508263,Female,1992-08-15,Pune,93480
9265,Amit,Sharma,user8264@example.com,9876508264,Female,1971-07-10,Bangalore,90916
9269,Sneha,Joshi,user8268@example.com,9876508268,Male,2006-08-08,Mumbai,48827
9270,Neha,Kumar,user8269@example.com,9876508269,Other,1975-03-28,Ahmedabad,91460
9272,Rakesh,Sharma,user8271@example.com,9876508271,Other,2012-04-12,Delhi,49001
9273,Sneha,Mehta,user8272@example.com,9876508272,Male,2009-07-04,Delhi,61201
9274,Neha,Rao,user8273@example.com,9876508273,Male,invalid,Pune,76540
9278,Vijay,Rao,user8277@example.com,9876508277,Male,2012-05-11,Bangalore,63583
9284,Kavya,Reddy,user8283@example.com,9876508283,Other,2013-11-10,Kolkata,51589
9285,Priya,Gupta,user8284@example.com,9876508284,Female,2007-01-20,Bangalore,51030
9286,Arjun,Kumar,user8285@example.com,9876508285,Male,2000-03-06,Bangalore,75738
9287,Arjun,Rao,user8286@example.com,9876508286,Male,2011-11-19,Chennai,59501
9288,Rakesh,Gupta,user8287@example.com,9876508287,Other,2017-07-21,Bangalore,103886
9289,Anjali,Joshi,user8288@example.com,9876508288,Female,1987-09-12,Ahmedabad,69943
9290,Vijay,Sharma,user8289@example.com,9876508289,Other,2007-04-29,Kolkata,47560
9291,Sneha,Reddy,user8290@example.com,9876508290,Female,2017-10-20,Delhi,45147
9299,Rakesh,Sharma,user8298@example.com,9876508298,Other,2015-05-18,Ahmedabad,72235
9300,Vijay,Sharma,user8299@example.com,9876508299,Male,1998-11-03,Delhi,56894
9308,Priya,Kumar,user8307@example.com,9876508307,Other,1990-10-12,Ahmedabad,78574
9310,Sneha,Singh,user8309@example.com,9876508309,Other,2011-09-01,Hyderabad,63422
9312,Amit,Sharma,user8311@example.com,9876508311,Other,1977-02-13,Mumbai,69226
9317,Arjun,Reddy,user8316@example.com,9876508316,Other,2001-12-04,Pune,52081
9318,Priya,Sharma,user8317@example.com,9876508317,Female,1970-03-07,Ahmedabad,86060
9320,Priya,Patel,user8319@example.com,9876508319,Other,1996-07-14,Ahmedabad,78739
9322,Sneha,Mehta,user8321@example.com,9876508321,Other,1989-09-11,Hyderabad,53548
9324,Anjali,Gupta,user8323@example.com,9876508323,Female,1994-11-09,Delhi,111399
9329,Priya,Gupta,user8328@example.com,9876508328,Male,2007-05-07,Ahmedabad,43047
9330,Priya,Kumar,user8329@example.com,9876508329,Female,2013-11-03,Ahmedabad,65124
9331,Sameer,Singh,user8330@example.com,9876508330,Other,1986-02-09,Pune,64424
9332,Anjali,Sharma,user8331@example.com,9876508331,Other,2016-09-30,Bangalore,68764
9335,Anjali,Singh,user8334@example.com,9876508334,Female,1992-09-23,Bangalore,53452
9337,Anjali,Rao,user8336@example.com,9876508336,Female,1994-03-04,Pune,55877
9339,Amit,Sharma,user8338@example.com,9876508338,Other,1971-09-19,Hyderabad,76201
9340,Amit,Verma,user8339@example.com,9876508339,Male,1970-03-11,Delhi,71034
9342,Neha,Rao,user8341@example.com,9876508341,Other,1997-06-30,Ahmedabad,81013
9343,Arjun,Patel,user8342@example.com,9876508342,Female,invalid,Pune,77385
9344,Kavya,Kumar,user8343@example.com,9876508343,Female,2001-08-10,Bangalore,37370
9345,Vijay,Reddy,user8344@example.com,9876508344,Female,1992-01-25,Bangalore,59375
9348,Sneha,Verma,user8347@example.com,9876508347,Female,2001-12-12,Hyderabad,94302
9350,Amit,Singh,user8349@example.com,9876508349,Male,2014-02-17,Bangalore,45174
9353,Kavya,Gupta,user8352@example.com,9876508352,Male,1972-02-08,Chennai,63328
9358,Sneha,Joshi,user8357@example.com,9876508357,Male,1997-12-25,Kolkata,36279
9359,Neha,Sharma,user8358@example.com,9876508358,Female,2016-03-12,Hyderabad,76248
9360,Anjali,Reddy,user8359@example.com,9876508359,Female,1992-05-24,Hyderabad,70643
9362,Vijay,Mehta,user8361@example.com,9876508361,Male,2016-04-04,Hyderabad,64664
9363,Kavya,Patel,user8362@example.com,9876508362,Female,1972-01-05,Mumbai,43875
9365,Amit,Singh,user8364@example.com,9876508364,Other,1979-01-23,Mumbai,87789
9366,Kavya,Kumar,user8365@example.com,9876508365,Female,2010-04-29,Kolkata,66164
9367,Kavya,Reddy,user8366@example.com,9876508366,Female,1982-11-15,Hyderabad,97853
9369,Vijay,Mehta,user8368@example.com,9876508368,Other,1997-06-10,Hyderabad,104353
9370,Sneha,Joshi,user8369@example.com,9876508369,Male,1991-02-19,Pune,105979
9372,Sneha,Patel,user8371@example.com,9876508371,Other,1972-07-05,Delhi,52065
9373,Neha,Rao,user8372@example.com,9876508372,Male,1988-04-17,Chennai,55858
9374,Kavya,Rao,user8373@example.com,9876508373,Female,2001-02-14,Hyderabad,30841
9377,Priya,Mehta,user8376@example.com,9876508376,Other,2013-05-30,Kolkata,68842
9379,Rakesh,Rao,user8378@example.com,9876508378,Male,2016-12-10,Delhi,96769
9380,Arjun,Reddy,user8379@example.com,9876508379,Other,1999-10-28,Chennai,27391
9385,Kavya,Singh,user8384@example.com,9876508384,Male,2010-10-21,Pune,66099
9387,Neha,Reddy,user8386@example.com,9876508386,Other,1977-05-25,Ahmedabad,88552
9388,Amit,Reddy,user8387@example.com,9876508387,Female,1996-06-20,Chennai,40674
9389,Rakesh,Reddy,user8388@example.com,9876508388,Other,1985-06-15,Mumbai,70837
9390,Sneha,Mehta,user8389@example.com,9876508389,Male,2050-01-01,Chennai,86575
9392,Priya,Reddy,user8391@example.com,9876508391,Other,1975-10-30,Hyderabad,63968
9393,Neha,Singh,user8392@example.com,9876508392,Female,2012-04-29,Bangalore,63820
9394,Kavya,Singh,user8393@example.com,9876508393,Other,1988-06-13,Bangalore,32728
9396,Arjun,Joshi,user8395@example.com,9876508395,Female,2050-01-01,Kolkata,72037
9399,Rakesh,Singh,user8398@example.com,9876508398,Male,1971-12-23,Delhi,73755
9400,Sneha,Patel,user8399@example.com,9876508399,Other,1995-01-13,Ahmedabad,94444
9404,Priya,Verma,user8403@example.com,9876508403,Male,1997-04-17,Mumbai,61055
9405,Anjali,Sharma,user8404@example.com,9876508404,Other,2011-05-04,Bangalore,63183
9406,Kavya,Joshi,user8405@example.com,9876508405,Male,1994-05-05,Hyderabad,56540
9409,Arjun,Rao,user8408@example.com,9876508408,Female,2012-12-24,Mumbai,64591
9412,Rakesh,Reddy,user8411@example.com,9876508411,Male,1987-08-11,Mumbai,105127
9413,Arjun,Gupta,user8412@example.com,9876508412,Female,1972-09-15,Delhi,70850
9414,Anjali,Kumar,user8413@example.com,9876508413,Female,2016-04-24,Mumbai,65370
9415,Priya,Verma,user8414@example.com,9876508414,Other,1977-12-27,Hyderabad,42986
9417,Anjali,Mehta,user8416@example.com,9876508416,Other,1979-11-29,Kolkata,90172
9418,Sameer,Gupta,user8417@example.com,9876508417,Other,invalid,Bangalore,11689
9419,Neha,Joshi,user8418@example.com,9876508418,Other,2007-03-02,Mumbai,29095
9420,Anjali,Mehta,user8419@example.com,9876508419,Female,1987-12-22,Mumbai,32762
9423,Anjali,Kumar,user8422@example.com,9876508422,Female,2011-09-14,Mumbai,44739
9427,Sneha,Sharma,user8426@example.com,9876508426,Other,2005-06-10,Ahmedabad,44738
9429,Anjali,Rao,user8428@example.com,9876508428,Other,1973-01-05,Mumbai,58114
9430,Kavya,Sharma,user8429@example.com,9876508429,Female,invalid,Kolkata,62940
9433,Amit,Reddy,user8432@example.com,9876508432,Female,2010-12-29,Ahmedabad,49351
9434,Amit,Rao,user8433@example.com,9876508433,Female,1995-04-13,Chennai,66909
9435,Neha,Gupta,user8434@example.com,9876508434,Other,2001-01-05,Chennai,96249
9437,Priya,Sharma,user8436@example.com,9876508436,Other,1981-06-06,Hyderabad,92796
9438,Kavya,Joshi,user8437@example.com,9876508437,Other,1985-02-21,Chennai,71328
9439,Arjun,Gupta,user8438@example.com,9876508438,Female,2011-05-04,Ahmedabad,87656
9440,Arjun,Reddy,user8439@example.com,9876508439,Other,2001-01-02,Ahmedabad,28955
9443,Rakesh,Patel,user8442@example.com,9876508442,Other,2008-06-30,Chennai,46279
9444,Sameer,Rao,user8443@example.com,9876508443,Other,2007-10-13,Chennai,85958
9448,Vijay,Gupta,user8447@example.com,9876508447,Other,1988-06-18,Mumbai,67739
9449,Vijay,Rao,user8448@example.com,9876508448,Male,1977-05-16,Delhi,82500
9452,Anjali,Singh,user8451@example.com,9876508451,Other,1978-11-22,Mumbai,82743
9455,Priya,Singh,user8454@example.com,9876508454,Male,2015-06-18,Kolkata,76399
9456,Sameer,Kumar,user8455@example.com,9876508455,Female,2050-01-01,Kolkata,57592
9457,Amit,Rao,user8456@example.com,9876508456,Other,invalid,Bangalore,82213
9459,Arjun,Rao,user8458@example.com,9876508458,Female,1988-02-02,Mumbai,96247
9462,Amit,Verma,user8461@example.com,9876508461,Female,1991-06-08,Pune,35783
9463,Sameer,Reddy,user8462@example.com,9876508462,Male,2004-10-15,Chennai,42598
9464,Priya,Reddy,user8463@example.com,9876508463,Other,invalid,Pune,48767
9465,Rakesh,Joshi,user8464@example.com,9876508464,Female,1982-12-25,Mumbai,42440
9466,Arjun,Sharma,user8465@example.com,9876508465,Female,2012-08-10,Chennai,41349
9468,Priya,Singh,user8467@example.com,9876508467,Female,1995-08-19,Pune,77022
9469,Sneha,Patel,user8468@example.com,9876508468,Other,1984-09-01,Delhi,70591
9471,Kavya,Sharma,user8470@example.com,9876508470,Male,1997-05-01,Ahmedabad,44170
9472,Neha,Patel,user8471@example.com,9876508471,Male,1993-08-03,Chennai,87741
9473,Kavya,Gupta,user8472@example.com,9876508472,Other,1978-05-14,Hyderabad,38126
9475,Anjali,Mehta,user8474@example.com,9876508474,Other,2004-04-22,Hyderabad,43076
9480,Neha,Gupta,user8479@example.com,9876508479,Male,1986-12-01,Hyderabad,16482
9482,Kavya,Singh,user8481@example.com,9876508481,Other,1981-06-22,Delhi,26616
9483,Sneha,Mehta,user8482@example.com,9876508482,Male,2009-11-07,Kolkata,46734
9484,Kavya,Gupta,user8483@example.com,9876508483,Female,1995-09-27,Kolkata,102317
9487,Sameer,Kumar,user8486@example.com,9876508486,Male,2002-07-17,Hyderabad,47171
9490,Vijay,Singh,user8489@example.com,9876508489,Other,2013-04-09,Bangalore,56555
9494,Anjali,Singh,user8493@example.com,9876508493,Female,1998-09-28,Mumbai,73128
9495,Rakesh,Verma,user8494@example.com,9876508494,Female,1972-11-28,Ahmedabad,30767
9497,Sameer,Reddy,user8496@example.com,9876508496,Female,1996-03-19,Pune,80315
9498,Vijay,Singh,user8497@example.com,9876508497,Male,2010-04-14,Kolkata,49725
9500,Vijay,Gupta,user8499@example.com,9876508499,Other,1985-07-25,Hyderabad,43912
9502,Priya,Mehta,user8501@example.com,9876508501,Other,1988-09-21,Hyderabad,97831
9509,Vijay,Mehta,user8508@example.com,9876508508,Female,2005-03-27,Hyderabad,77112
9512,Kavya,Sharma,user8511@example.com,9876508511,Male,1980-03-23,Delhi,55921
9513,Vijay,Patel,user8512@example.com,9876508512,Female,2018-04-04,Kolkata,40671
9514,Arjun,Rao,user8513@example.com,9876508513,Male,1979-08-02,Delhi,38919
9516,Sameer,Kumar,user8515@example.com,9876508515,Female,invalid,Chennai,57148
9519,Kavya,Verma,user8518@example.com,9876508518,Male,1983-03-19,Pune,95806
9520,Vijay,Gupta,user8519@example.com,9876508519,Male,1975-06-05,Ahmedabad,78803
9524,Rakesh,Singh,user8523@example.com,9876508523,Other,1984-05-22,Pune,57946
9528,Rakesh,Singh,user8527@example.com,9876508527,Female,1992-02-06,Bangalore,40834
9529,Neha,Singh,user8528@example.com,9876508528,Male,1989-02-10,Pune,32141
9532,Sneha,Gupta,user8531@example.com,9876508531,Male,2011-08-28,Kolkata,54293
9533,Priya,Verma,user8532@example.com,9876508532,Other,1997-12-19,Hyderabad,96631
9537,Anjali,Rao,user8536@example.com,9876508536,Male,2017-04-01,Pune,88046
9538,Anjali,Sharma,user8537@example.com,9876508537,Male,2002-06-04,Hyderabad,81771
9539,Amit,Mehta,user8538@example.com,9876508538,Female,2005-07-18,Pune,90362
9542,Amit,Verma,user8541@example.com,9876508541,Female,1980-08-17,Pune,97909
9543,Rakesh,Kumar,user8542@example.com,9876508542,Other,1996-07-24,Chennai,57203
9548,Amit,Singh,user8547@example.com,9876508547,Other,1990-01-13,Delhi,31681
9549,Vijay,Rao,user8548@example.com,9876508548,Female,2017-09-08,Chennai,90335
9553,Amit,Rao,user8552@example.com,9876508552,Female,1985-01-30,Mumbai,43845
9555,Priya,Joshi,user8554@example.com,9876508554,Other,1992-03-28,Pune,70986
9556,Neha,Gupta,user8555@example.com,9876508555,Other,2000-11-07,Chennai,66840
9557,Arjun,Verma,user8556@example.com,9876508556,Male,2009-06-23,Delhi,71798
9559,Rakesh,Mehta,user8558@example.com,9876508558,Female,1981-02-14,Hyderabad,24778
9560,Arjun,Joshi,user8559@example.com,9876508559,Female,2008-06-16,Pune,67704
9563,Arjun,Sharma,user8562@example.com,9876508562,Female,1991-10-03,Ahmedabad,42993
9565,Anjali,Reddy,user8564@example.com,9876508564,Male,2004-10-08,Kolkata,64779
9567,Arjun,Sharma,user8566@example.com,9876508566,Male,2019-03-26,Pune,73101
9568,Vijay,Gupta,user8567@example.com,9876508567,Other,1976-08-25,Ahmedabad,95375
9569,Anjali,Verma,user8568@example.com,9876508568,Female,2000-08-18,Ahmedabad,96296
9570,Sneha,Mehta,user8569@example.com,9876508569,Male,2011-05-31,Bangalore,43179
9571,Rakesh,Mehta,user8570@example.com,9876508570,Male,2015-09-18,Kolkata,41256
9575,Arjun,Singh,user8574@example.com,9876508574,Other,1989-05-02,Mumbai,38842
9579,Rakesh,Reddy,user8578@example.com,9876508578,Other,1976-07-08,Kolkata,74275
9580,Arjun,Patel,user8579@example.com,9876508579,Other,2018-03-29,Pune,68193
9582,Neha,Patel,user8581@example.com,9876508581,Female,2005-05-11,Kolkata,63978
9583,Priya,Sharma,user8582@example.com,9876508582,Male,2000-09-25,Kolkata,44068
9586,Sameer,Singh,user8585@example.com,9876508585,Male,1986-06-27,Mumbai,53041
9587,Vijay,Verma,user8586@example.com,9876508586,Other,1988-06-09,Bangalore,83051
9589,Amit,Mehta,user8588@example.com,9876508588,Male,1976-06-27,Mumbai,46282
9591,Kavya,Verma,user8590@example.com,9876508590,Other,1997-09-22,Chennai,100905
9595,Kavya,Rao,user8594@example.com,9876508594,Other,1975-08-17,Mumbai,75327
9599,Arjun,Kumar,user8598@example.com,9876508598,Other,1999-09-23,Chennai,63934
9604,Sneha,Verma,user8603@example.com,9876508603,Male,1988-06-19,Delhi,45261
9605,Anjali,Singh,user8604@example.com,9876508604,Other,1975-04-25,Ahmedabad,60863
9606,Rakesh,Gupta,user8605@example.com,9876508605,Other,2015-01-21,Chennai,39663
9607,Kavya,Mehta,user8606@example.com,9876508606,Female,2007-07-06,Chennai,70253
9609,Priya,Sharma,user8608@example.com,9876508608,Female,1973-09-07,Chennai,91362
9612,Neha,Reddy,user8611@example.com,9876508611,Male,1995-04-03,Kolkata,56572
9613,Rakesh,Rao,user8612@example.com,9876508612,Male,1995-10-19,Kolkata,77914
9614,Kavya,Patel,user8613@example.com,9876508613,Male,1993-07-21,Ahmedabad,51378
9615,Vijay,Rao,user8614@example.com,9876508614,Male,1998-09-28,Kolkata,68065
9616,Kavya,Mehta,user8615@example.com,9876508615,Male,2009-08-05,Bangalore,84073
9617,Anjali,Singh,user8616@example.com,9876508616,Male,1978-06-20,Kolkata,105496
9618,Kavya,Patel,user8617@example.com,9876508617,Male,1977-02-04,Ahmedabad,88111
9619,Anjali,Singh,user8618@example.com,9876508618,Male,1976-11-07,Chennai,54491
9620,Vijay,Singh,user8619@example.com,9876508619,Male,1994-03-29,Kolkata,50073
9622,Anjali,Mehta,user8621@example.com,9876508621,Male,2014-04-01,Chennai,60723
9624,Neha,Reddy,user8623@example.com,9876508623,Male,2006-07-25,Kolkata,116846
9627,Anjali,Mehta,user8626@example.com,9876508626,Male,1990-01-04,Kolkata,58330
9628,Amit,Sharma,user8627@example.com,9876508627,Male,2001-11-11,Mumbai,64372
9631,Sameer,Joshi,user8630@example.com,9876508630,Female,1970-11-22,Chennai,49814
9632,Arjun,Reddy,user8631@example.com,9876508631,Other,2007-08-04,Bangalore,108950
9634,Vijay,Mehta,user8633@example.com,9876508633,Male,1995-02-26,Mumbai,33440
9635,Sneha,Sharma,user8634@example.com,9876508634,Other,1980-01-22,Delhi,67034
9636,Amit,Gupta,user8635@example.com,9876508635,Male,2000-10-02,Pune,36224
9637,Anjali,Gupta,user8636@example.com,9876508636,Female,1991-09-23,Kolkata,48086
9638,Sneha,Verma,user8637@example.com,9876508637,Female,1972-07-17,Mumbai,67136
9640,Vijay,Joshi,user8639@example.com,9876508639,Other,2011-01-18,Chennai,14536
9642,Anjali,Sharma,user8641@example.com,9876508641,Female,1991-11-17,Kolkata,51823
9643,Anjali,Reddy,user8642@example.com,9876508642,Male,2001-05-05,Kolkata,60508
9646,Amit,Patel,user8645@example.com,9876508645,Female,2007-08-29,Mumbai,52609
9647,Vijay,Joshi,user8646@example.com,9876508646,Female,1984-01-04,Ahmedabad,86264
9649,Kavya,Sharma,user8648@example.com,9876508648,Male,1995-12-05,Pune,118090
9650,Vijay,Mehta,user8649@example.com,9876508649,Other,1994-04-23,Ahmedabad,51533
9655,Kavya,Sharma,user8654@example.com,9876508654,Other,1977-07-31,Ahmedabad,32188
9658,Kavya,Joshi,user8657@example.com,9876508657,Other,2016-06-05,Kolkata,59938
9659,Priya,Mehta,user8658@example.com,9876508658,Male,2019-02-22,Pune,83328
9662,Anjali,Rao,user8661@example.com,9876508661,Other,2016-01-20,Bangalore,30255
9665,Arjun,Joshi,user8664@example.com,9876508664,Other,1979-10-30,Pune,48289
9666,Vijay,Kumar,user8665@example.com,9876508665,Other,1973-10-30,Chennai,53165
9667,Anjali,Verma,user8666@example.com,9876508666,Other,1996-09-07,Bangalore,97440
9669,Neha,Joshi,user8668@example.com,9876508668,Male,2013-01-27,Bangalore,47691
9674,Sameer,Singh,user8673@example.com,9876508673,Other,1978-12-11,Mumbai,102072
9675,Kavya,Rao,user8674@example.com,9876508674,Female,1987-07-19,Mumbai,59163
9677,Sameer,Mehta,user8676@example.com,9876508676,Female,2000-06-28,Pune,78958
9678,Kavya,Verma,user8677@example.com,9876508677,Male,1979-07-30,Pune,75610
9679,Neha,Mehta,user8678@example.com,9876508678,Male,1975-05-29,Chennai,25232
9682,Priya,Sharma,user8681@example.com,9876508681,Male,1984-10-24,Kolkata,69271
9683,Anjali,Kumar,user8682@example.com,9876508682,Female,1976-12-09,Kolkata,80084
9684,Sneha,Sharma,user8683@example.com,9876508683,Female,invalid,Chennai,75691
9685,Anjali,Verma,user8684@example.com,9876508684,Other,1978-10-23,Chennai,65755
9687,Kavya,Sharma,user8686@example.com,9876508686,Other,2008-10-24,Hyderabad,88888
9689,Sameer,Joshi,user8688@example.com,9876508688,Male,2015-08-12,Hyderabad,76163
9690,Sneha,Verma,user8689@example.com,9876508689,Other,1978-06-17,Delhi,72680
9691,Sneha,Reddy,user8690@example.com,9876508690,Other,2010-05-14,Bangalore,81126
9693,Sameer,Kumar,user8692@example.com,9876508692,Female,1975-12-13,Delhi,70281
9694,Priya,Gupta,user8693@example.com,9876508693,Female,2015-04-11,Delhi,52912
9696,Neha,Rao,user8695@example.com,9876508695,Female,1991-02-24,Delhi,58205
9698,Sameer,Patel,user8697@example.com,9876508697,Female,1975-01-01,Mumbai,70999
9700,Rakesh,Kumar,user8699@example.com,9876508699,Female,2002-02-21,Bangalore,64139
9702,Neha,Verma,user8701@example.com,9876508701,Other,1985-11-29,Pune,53752
9703,Sameer,Verma,user8702@example.com,9876508702,Female,1974-08-19,Kolkata,93106
9705,Neha,Joshi,user8704@example.com,9876508704,Other,1999-09-02,Hyderabad,59062
9706,Sneha,Patel,user8705@example.com,9876508705,Male,invalid,Chennai,84946
9707,Neha,Singh,user8706@example.com,9876508706,Female,1998-09-04,Hyderabad,33371
9708,Sneha,Mehta,user8707@example.com,9876508707,Male,1997-01-01,Mumbai,41367
9709,Priya,Kumar,user8708@example.com,9876508708,Male,1970-02-06,Hyderabad,63778
9711,Neha,Mehta,user8710@example.com,9876508710,Male,1976-05-28,Kolkata,72512
9712,Neha,Mehta,user8711@example.com,9876508711,Male,2009-06-30,Hyderabad,70750
9719,Anjali,Joshi,user8718@example.com,9876508718,Female,2016-12-09,Pune,104004
9724,Sameer,Sharma,user8723@example.com,9876508723,Female,1972-09-23,Chennai,58775
9725,Arjun,Verma,user8724@example.com,9876508724,Other,1989-07-28,Delhi,79869
9727,Rakesh,Kumar,user8726@example.com,9876508726,Male,1999-10-27,Bangalore,98408
9732,Vijay,Sharma,user8731@example.com,9876508731,Female,2000-11-27,Hyderabad,33398
9735,Arjun,Verma,user8734@example.com,9876508734,Other,1980-12-22,Kolkata,91088
9736,Arjun,Kumar,user8735@example.com,9876508735,Female,1990-03-10,Pune,40151
9738,Kavya,Patel,user8737@example.com,9876508737,Male,2012-03-28,Hyderabad,76077
9742,Sameer,Verma,user8741@example.com,9876508741,Male,2016-05-01,Pune,55861
9743,Neha,Joshi,user8742@example.com,9876508742,Female,2008-04-25,Kolkata,88333
9745,Arjun,Singh,user8744@example.com,9876508744,Female,2002-01-31,Hyderabad,32542
9748,Priya,Reddy,user8747@example.com,9876508747,Female,2014-03-16,Kolkata,54032
9752,Arjun,Kumar,user8751@example.com,9876508751,Female,2013-05-11,Bangalore,87937
9753,Amit,Gupta,user8752@example.com,9876508752,Other,1989-06-07,Chennai,69867
9755,Anjali,Kumar,user8754@example.com,9876508754,Other,1983-06-03,Mumbai,82850
9756,Priya,Verma,user8755@example.com,9876508755,Female,1976-04-23,Pune,44969
9759,Priya,Mehta,user8758@example.com,9876508758,Female,2006-11-12,Chennai,111869
9762,Priya,Sharma,user8761@example.com,9876508761,Female,2008-05-13,Chennai,39109
9763,Sneha,Singh,user8762@example.com,9876508762,Male,1987-03-12,Hyderabad,80042
9764,Vijay,Sharma,user8763@example.com,9876508763,Other,1996-09-04,Chennai,79996
9765,Sameer,Mehta,user8764@example.com,9876508764,Female,1977-03-17,Bangalore,51046
9766,Kavya,Gupta,user8765@example.com,9876508765,Male,1973-06-22,Hyderabad,40155
9768,Neha,Patel,user8767@example.com,9876508767,Other,2000-11-20,Bangalore,51042
9769,Arjun,Sharma,user8768@example.com,9876508768,Female,2050-01-01,Kolkata,66281
9770,Sneha,Mehta,user8769@example.com,9876508769,Female,1979-12-07,Ahmedabad,97395
9773,Kavya,Verma,user8772@example.com,9876508772,Male,1974-03-31,Kolkata,64915
9774,Vijay,Kumar,user8773@example.com,9876508773,Male,1985-01-24,Ahmedabad,117871
9775,Amit,Patel,user8774@example.com,9876508774,Male,1987-08-02,Delhi,67330
9777,Amit,Reddy,user8776@example.com,9876508776,Other,1989-07-05,Chennai,86972
9778,Vijay,Kumar,user8777@example.com,9876508777,Female,2002-06-08,Hyderabad,63977
9779,Sneha,Rao,user8778@example.com,9876508778,Other,1994-02-16,Bangalore,69149
9782,Arjun,Joshi,user8781@example.com,9876508781,Other,1992-11-23,Pune,94268
9783,Priya,Joshi,user8782@example.com,9876508782,Male,2000-01-15,Kolkata,88278
9785,Priya,Patel,user8784@example.com,9876508784,Other,2050-01-01,Chennai,83206
9786,Priya,Patel,user8785@example.com,9876508785,Female,2013-03-27,Delhi,64251
9787,Neha,Kumar,user8786@example.com,9876508786,Male,1972-07-27,Hyderabad,83963
9788,Kavya,Gupta,user8787@example.com,9876508787,Other,2007-06-08,Ahmedabad,61953
9790,Kavya,Verma,user8789@example.com,9876508789,Female,1978-09-13,Hyderabad,101648
9795,Arjun,Joshi,user8794@example.com,9876508794,Female,2018-05-05,Chennai,63543
9798,Rakesh,Joshi,user8797@example.com,9876508797,Male,1990-05-06,Chennai,60416
9800,Sameer,Mehta,user8799@example.com,9876508799,Male,1995-11-15,Pune,69666
9808,Sameer,Mehta,user8807@example.com,9876508807,Female,1971-03-13,Kolkata,67522
9810,Anjali,Rao,user8809@example.com,9876508809,Female,2005-12-01,Mumbai,92048
9813,Anjali,Joshi,user8812@example.com,9876508812,Other,1989-03-10,Pune,53383
9814,Kavya,Sharma,user8813@example.com,9876508813,Female,2007-02-25,Bangalore,58002
9815,Amit,Mehta,user8814@example.com,9876508814,Other,1994-03-02,Pune,64693
9816,Amit,Reddy,user8815@example.com,9876508815,Female,1977-04-29,Chennai,42981
9817,Rakesh,Joshi,user8816@example.com,9876508816,Other,2050-01-01,Bangalore,82062
9818,Vijay,Reddy,user8817@example.com,9876508817,Other,1980-06-13,Delhi,90186
9819,Sameer,Verma,user8818@example.com,9876508818,Female,1976-03-31,Delhi,99181
9823,Neha,Joshi,user8822@example.com,9876508822,Male,2009-03-21,Kolkata,52358
9824,Arjun,Reddy,user8823@example.com,9876508823,Female,2001-05-31,Mumbai,44924
9827,Vijay,Kumar,user8826@example.com,9876508826,Other,1992-02-02,Hyderabad,50321
9829,Amit,Mehta,user8828@example.com,9876508828,Female,2011-07-03,Kolkata,37281
9835,Vijay,Rao,user8834@example.com,9876508834,Female,1979-08-22,Chennai,56398
9837,Neha,Patel,user8836@example.com,9876508836,Male,1983-12-29,Pune,44868
9838,Neha,Mehta,user8837@example.com,9876508837,Other,2006-12-20,Pune,91897
9839,Vijay,Reddy,user8838@example.com,9876508838,Female,1993-02-25,Chennai,70963
9847,Kavya,Mehta,user8846@example.com,9876508846,Female,1999-11-01,Kolkata,51148
9850,Neha,Singh,user8849@example.com,9876508849,Other,1982-04-21,Mumbai,85582
9852,Arjun,Singh,user8851@example.com,9876508851,Male,1986-10-19,Delhi,34817
9853,Arjun,Joshi,user8852@example.com,9876508852,Female,2002-05-16,Pune,40086
9854,Vijay,Patel,user8853@example.com,9876508853,Other,2013-12-10,Ahmedabad,74481
9855,Sneha,Verma,user8854@example.com,9876508854,Male,2018-10-07,Chennai,67035
9857,Rakesh,Patel,user8856@example.com,9876508856,Male,2014-07-26,Mumbai,58153
9858,Vijay,Joshi,user8857@example.com,9876508857,Other,2007-11-25,Ahmedabad,102995
9860,Sameer,Rao,user8859@example.com,9876508859,Female,2009-06-08,Chennai,94972
9862,Vijay,Patel,user8861@example.com,9876508861,Male,1974-12-29,Bangalore,98407
9863,Priya,Singh,user8862@example.com,9876508862,Male,1998-08-30,Mumbai,54596
9864,Kavya,Rao,user8863@example.com,9876508863,Other,2000-06-27,Delhi,96444
9865,Arjun,Mehta,user8864@example.com,9876508864,Other,1971-05-16,Delhi,72166
9868,Anjali,Kumar,user8867@example.com,9876508867,Other,2007-10-03,Pune,66975
9870,Vijay,Singh,user8869@example.com,9876508869,Female,1982-12-20,Bangalore,44623
9871,Anjali,Sharma,user8870@example.com,9876508870,Female,1971-09-01,Pune,62421
9873,Amit,Verma,user8872@example.com,9876508872,Male,2008-01-09,Mumbai,67177
9874,Sameer,Rao,user8873@example.com,9876508873,Male,1979-01-08,Mumbai,57984
9875,Sneha,Sharma,user8874@example.com,9876508874,Male,2011-07-18,Ahmedabad,69675
9879,Sameer,Gupta,user8878@example.com,9876508878,Female,1980-02-24,Bangalore,64500
9882,Sneha,Mehta,user8881@example.com,9876508881,Male,1996-12-16,Hyderabad,55618
9884,Neha,Joshi,user8883@example.com,9876508883,Other,2003-10-23,Pune,51221
9885,Rakesh,Singh,user8884@example.com,9876508884,Other,2007-02-14,Kolkata,98694
9886,Anjali,Verma,user8885@example.com,9876508885,Male,1980-06-15,Pune,60802
9887,Arjun,Singh,user8886@example.com,9876508886,Male,1992-02-22,Mumbai,60094
9894,Amit,Gupta,user8893@example.com,9876508893,Other,1991-09-18,Chennai,31132
9897,Sameer,Gupta,user8896@example.com,9876508896,Other,2014-05-13,Hyderabad,38775
9898,Sneha,Sharma,user8897@example.com,9876508897,Male,1987-02-27,Chennai,98828
9899,Sneha,Sharma,user8898@example.com,9876508898,Male,1998-11-29,Hyderabad,68347
9905,Arjun,Kumar,user8904@example.com,9876508904,Other,1976-01-13,Hyderabad,46709
9906,Arjun,Patel,user8905@example.com,9876508905,Female,2016-11-30,Kolkata,74646
9907,Anjali,Rao,user8906@example.com,9876508906,Male,1975-10-13,Bangalore,51817
9908,Rakesh,Sharma,user8907@example.com,9876508907,Female,1989-12-03,Pune,61728
9909,Kavya,Rao,user8908@example.com,9876508908,Female,2016-05-09,Ahmedabad,68163
9910,Priya,Sharma,user8909@example.com,9876508909,Female,2009-12-08,Pune,91401
9912,Arjun,Patel,user8911@example.com,9876508911,Female,1988-01-11,Ahmedabad,98993
9913,Priya,Kumar,user8912@example.com,9876508912,Other,1997-03-29,Kolkata,26635
9917,Anjali,Sharma,user8916@example.com,9876508916,Other,2008-08-11,Bangalore,65725
9918,Priya,Verma,user8917@example.com,9876508917,Other,2018-07-10,Delhi,75436
9919,Neha,Singh,user8918@example.com,9876508918,Male,1989-03-03,Bangalore,74234
9920,Amit,Kumar,user8919@example.com,9876508919,Female,1991-10-06,Kolkata,61409
9923,Anjali,Patel,user8922@example.com,9876508922,Female,1995-02-13,Hyderabad,66869
9927,Amit,Patel,user8926@example.com,9876508926,Other,2050-01-01,Pune,44499
9928,Sameer,Rao,user8927@example.com,9876508927,Other,1996-02-23,Mumbai,73526
9929,Kavya,Singh,user8928@example.com,9876508928,Other,2008-11-15,Mumbai,74229
9930,Rakesh,Joshi,user8929@example.com,9876508929,Female,1975-05-17,Ahmedabad,100352
9933,Sneha,Kumar,user8932@example.com,9876508932,Male,1995-09-07,Pune,57364
9934,Neha,Kumar,user8933@example.com,9876508933,Other,1986-05-02,Ahmedabad,14149
9935,Vijay,Rao,user8934@example.com,9876508934,Male,1977-05-02,Kolkata,63457
9938,Amit,Rao,user8937@example.com,9876508937,Male,1984-07-13,Pune,49407
9945,Arjun,Gupta,user8944@example.com,9876508944,Other,2001-09-27,Delhi,64905
9946,Priya,Verma,user8945@example.com,9876508945,Male,1997-11-02,Chennai,53296
9947,Arjun,Reddy,user8946@example.com,9876508946,Female,1973-07-31,Ahmedabad,39471
9948,Vijay,Kumar,user8947@example.com,9876508947,Female,2012-07-14,Hyderabad,72352
9949,Kavya,Joshi,user8948@example.com,9876508948,Female,2010-12-02,Pune,80993
9952,Kavya,Joshi,user8951@example.com,9876508951,Male,1999-01-30,Hyderabad,78293
9955,Priya,Patel,user8954@example.com,9876508954,Male,1979-11-28,Hyderabad,61829
9959,Anjali,Sharma,user8958@example.com,9876508958,Other,1979-11-01,Pune,37988
9962,Amit,Sharma,user8961@example.com,9876508961,Other,1982-10-12,Ahmedabad,42562
9964,Anjali,Sharma,user8963@example.com,9876508963,Female,2013-02-21,Kolkata,102257
9965,Sameer,Patel,user8964@example.com,9876508964,Other,1992-09-15,Delhi,68264
9966,Sameer,Reddy,user8965@example.com,9876508965,Other,2011-12-24,Pune,55307
9967,Arjun,Singh,user8966@example.com,9876508966,Male,1976-03-19,Kolkata,85640
9968,Rakesh,Kumar,user8967@example.com,9876508967,Other,2018-03-07,Hyderabad,33407
9970,Kavya,Reddy,user8969@example.com,9876508969,Other,1996-10-27,Ahmedabad,105410
9975,Rakesh,Sharma,user8974@example.com,9876508974,Male,1974-03-26,Kolkata,62193
9978,Sameer,Verma,user8977@example.com,9876508977,Other,1981-03-07,Hyderabad,88067
9982,Kavya,Verma,user8981@example.com,9876508981,Male,1989-06-22,Kolkata,25951
9985,Neha,Reddy,user8984@example.com,9876508984,Female,1988-04-06,Chennai,94903
9989,Kavya,Gupta,user8988@example.com,9876508988,Female,2017-02-02,Delhi,85925
9990,Priya,Mehta,user8989@example.com,9876508989,Female,2015-01-14,Bangalore,38945
9992,Kavya,Mehta,user8991@example.com,9876508991,Male,1975-08-14,Chennai,64189
9993,Amit,Singh,user8992@example.com,9876508992,Female,1970-01-03,Hyderabad,75724
9994,Sameer,Verma,user8993@example.com,9876508993,Other,2008-05-27,Mumbai,56162
10002,Sameer,Joshi,user9001@example.com,9876509001,Male,2006-08-09,Pune,86629
10006,Sneha,Kumar,user9005@example.com,9876509005,Other,2001-09-16,Delhi,91632
10007,Anjali,Patel,user9006@example.com,9876509006,Female,1979-06-06,Bangalore,78334
10014,Neha,Reddy,user9013@example.com,9876509013,Other,1971-05-30,Chennai,101263
10015,Anjali,Singh,user9014@example.com,9876509014,Female,1978-04-28,Mumbai,51960
10017,Sameer,Verma,user9016@example.com,9876509016,Female,1987-05-08,Bangalore,60905
10022,Priya,Patel,user9021@example.com,9876509021,Female,2019-02-01,Kolkata,42742
10025,Sameer,Gupta,user9024@example.com,9876509024,Male,1997-03-21,Bangalore,52917
10028,Priya,Singh,user9027@example.com,9876509027,Female,1992-08-11,Bangalore,103231
10032,Amit,Patel,user9031@example.com,9876509031,Male,2001-02-28,Ahmedabad,68655
10033,Neha,Verma,user9032@example.com,9876509032,Female,2013-12-17,Kolkata,61924
10037,Sneha,Patel,user9036@example.com,9876509036,Other,2050-01-01,Hyderabad,55286
10042,Anjali,Sharma,user9041@example.com,9876509041,Male,2004-03-22,Mumbai,87141
10043,Amit,Kumar,user9042@example.com,9876509042,Female,2017-12-04,Mumbai,51788
10048,Sameer,Gupta,user9047@example.com,9876509047,Other,2009-04-22,Chennai,78314
10049,Rakesh,Gupta,user9048@example.com,9876509048,Female,2016-11-07,Hyderabad,61931
10052,Sameer,Patel,user9051@example.com,9876509051,Other,1971-01-06,Mumbai,96235
10054,Anjali,Gupta,user9053@example.com,9876509053,Female,1995-01-09,Chennai,41080
10055,Amit,Gupta,user9054@example.com,9876509054,Other,2017-12-03,Pune,49364
10057,Kavya,Mehta,user9056@example.com,9876509056,Male,1976-08-19,Bangalore,45784
10058,Vijay,Reddy,user9057@example.com,9876509057,Female,invalid,Delhi,88971
10059,Amit,Verma,user9058@example.com,9876509058,Other,2006-11-03,Chennai,60969
10062,Priya,Joshi,user9061@example.com,9876509061,Other,2007-01-28,Kolkata,59572
10064,Neha,Reddy,user9063@example.com,9876509063,Other,1996-08-02,Chennai,52535
10065,Rakesh,Joshi,user9064@example.com,9876509064,Female,1985-12-13,Ahmedabad,89618
10067,Arjun,Gupta,user9066@example.com,9876509066,Female,1997-10-17,Bangalore,108327
10073,Sneha,Kumar,user9072@example.com,9876509072,Other,1972-02-27,Kolkata,63203
10077,Arjun,Singh,user9076@example.com,9876509076,Other,1986-08-16,Ahmedabad,62865
10078,Sneha,Verma,user9077@example.com,9876509077,Male,2014-10-05,Kolkata,102836
10079,Kavya,Joshi,user9078@example.com,9876509078,Male,1974-09-06,Mumbai,33680
10080,Arjun,Patel,user9079@example.com,9876509079,Other,2014-07-10,Kolkata,92040
10082,Anjali,Joshi,user9081@example.com,9876509081,Other,2004-06-13,Chennai,82831
10083,Vijay,Sharma,user9082@example.com,9876509082,Female,2012-09-07,Mumbai,96435
10084,Vijay,Reddy,user9083@example.com,9876509083,Female,1974-02-19,Mumbai,57975
10086,Priya,Reddy,user9085@example.com,9876509085,Male,2009-05-10,Kolkata,41137
10087,Amit,Gupta,user9086@example.com,9876509086,Other,1979-08-08,Pune,47920
10088,Anjali,Kumar,user9087@example.com,9876509087,Female,1979-12-13,Chennai,16417
10090,Kavya,Verma,user9089@example.com,9876509089,Male,1987-05-24,Delhi,77995
10092,Amit,Rao,user9091@example.com,9876509091,Male,2006-04-24,Mumbai,57439
10093,Neha,Kumar,user9092@example.com,9876509092,Female,1993-07-13,Ahmedabad,47262
10094,Kavya,Mehta,user9093@example.com,9876509093,Female,1993-03-16,Pune,53581
10095,Sneha,Singh,user9094@example.com,9876509094,Male,1993-02-01,Chennai,70674
10096,Rakesh,Verma,user9095@example.com,9876509095,Female,1982-10-01,Ahmedabad,81505
10097,Priya,Joshi,user9096@example.com,9876509096,Male,1998-06-10,Kolkata,35093
10099,Anjali,Reddy,user9098@example.com,9876509098,Female,invalid,Bangalore,70301
10100,Arjun,Mehta,user9099@example.com,9876509099,Other,1981-12-09,Bangalore,46130
10102,Neha,Patel,user9101@example.com,9876509101,Male,1989-04-17,Delhi,83669
10103,Vijay,Kumar,user9102@example.com,9876509102,Other,1976-01-16,Pune,53598
10105,Kavya,Singh,user9104@example.com,9876509104,Other,2012-12-02,Ahmedabad,108110
10107,Anjali,Verma,user9106@example.com,9876509106,Female,2016-02-17,Chennai,68595
10108,Arjun,Rao,user9107@example.com,9876509107,Other,1984-12-28,Delhi,51514
10109,Neha,Rao,user9108@example.com,9876509108,Other,1996-07-04,Ahmedabad,49544
10110,Sneha,Rao,user9109@example.com,9876509109,Male,1989-01-26,Mumbai,76462
10111,Anjali,Gupta,user9110@example.com,9876509110,Female,1972-03-09,Ahmedabad,48549
10112,Rakesh,Reddy,user9111@example.com,9876509111,Male,1979-03-10,Kolkata,47684
10113,Vijay,Patel,user9112@example.com,9876509112,Female,2004-05-11,Delhi,62301
10115,Arjun,Verma,user9114@example.com,9876509114,Other,2009-03-31,Chennai,100279
10116,Priya,Joshi,user9115@example.com,9876509115,Female,2009-03-15,Pune,69808
10117,Priya,Joshi,user9116@example.com,9876509116,Other,1991-01-19,Hyderabad,48568
10118,Priya,Verma,user9117@example.com,9876509117,Other,1998-04-21,Pune,59645
10120,Priya,Gupta,user9119@example.com,9876509119,Male,invalid,Hyderabad,89063
10124,Anjali,Kumar,user9123@example.com,9876509123,Male,2010-08-31,Kolkata,69148
10127,Neha,Patel,user9126@example.com,9876509126,Other,1992-11-03,Mumbai,69659
10128,Kavya,Kumar,user9127@example.com,9876509127,Male,2007-10-06,Bangalore,70452
10130,Anjali,Rao,user9129@example.com,9876509129,Female,2001-03-31,Ahmedabad,52499
10131,Anjali,Gupta,user9130@example.com,9876509130,Female,1978-04-10,Bangalore,33696
10133,Arjun,Kumar,user9132@example.com,9876509132,Other,1987-07-05,Mumbai,86236
10134,Rakesh,Mehta,user9133@example.com,9876509133,Other,2011-11-15,Hyderabad,60755
10138,Priya,Gupta,user9137@example.com,9876509137,Female,1982-03-10,Mumbai,62884
10140,Anjali,Verma,user9139@example.com,9876509139,Male,1977-07-02,Mumbai,91550
10142,Rakesh,Rao,user9141@example.com,9876509141,Male,1988-08-05,Mumbai,91946
10143,Vijay,Mehta,user9142@example.com,9876509142,Female,1988-10-20,Mumbai,58441
10144,Vijay,Reddy,user9143@example.com,9876509143,Female,1994-12-09,Kolkata,53103
10145,Arjun,Mehta,user9144@example.com,9876509144,Male,1980-10-18,Bangalore,46765
10146,Sneha,Verma,user9145@example.com,9876509145,Other,2012-07-02,Bangalore,35222
10147,Arjun,Singh,user9146@example.com,9876509146,Male,1979-06-23,Ahmedabad,46342
10148,Sneha,Gupta,user9147@example.com,9876509147,Female,1974-02-01,Pune,48026
10152,Priya,Verma,user9151@example.com,9876509151,Female,2005-09-27,Chennai,63979
10154,Arjun,Kumar,user9153@example.com,9876509153,Other,2015-02-05,Ahmedabad,72045
10155,Vijay,Joshi,user9154@example.com,9876509154,Other,2016-05-25,Kolkata,54566
10156,Arjun,Mehta,user9155@example.com,9876509155,Male,1973-06-22,Ahmedabad,58025
10159,Sameer,Joshi,user9158@example.com,9876509158,Female,2000-11-10,Mumbai,76235
10160,Arjun,Joshi,user9159@example.com,9876509159,Male,1982-09-29,Pune,45752
10167,Neha,Mehta,user9166@example.com,9876509166,Other,1988-05-09,Bangalore,79739
10168,Arjun,Verma,user9167@example.com,9876509167,Male,2001-02-04,Delhi,41857
10169,Arjun,Gupta,user9168@example.com,9876509168,Other,1999-08-03,Kolkata,73930
10171,Kavya,Verma,user9170@example.com,9876509170,Female,1989-06-04,Pune,50859
10173,Vijay,Rao,user9172@example.com,9876509172,Male,2014-05-29,Ahmedabad,50378
10174,Kavya,Reddy,user9173@example.com,9876509173,Female,2007-09-07,Kolkata,61717
10178,Rakesh,Patel,user9177@example.com,9876509177,Female,1975-10-06,Hyderabad,26124
10179,Anjali,Reddy,user9178@example.com,9876509178,Female,1984-01-07,Pune,61251
10185,Priya,Gupta,user9184@example.com,9876509184,Other,2008-02-17,Ahmedabad,46877
10187,Arjun,Sharma,user9186@example.com,9876509186,Female,2015-01-10,Chennai,107889
10188,Sneha,Gupta,user9187@example.com,9876509187,Male,1982-07-29,Ahmedabad,83361
10189,Sneha,Singh,user9188@example.com,9876509188,Female,2009-05-27,Ahmedabad,76889
10190,Vijay,Mehta,user9189@example.com,9876509189,Female,2013-05-04,Chennai,61591
10192,Arjun,Reddy,user9191@example.com,9876509191,Female,1997-03-05,Ahmedabad,53958
10193,Vijay,Mehta,user9192@example.com,9876509192,Female,invalid,Chennai,87559
10194,Sameer,Joshi,user9193@example.com,9876509193,Other,1980-08-05,Pune,50516
10195,Priya,Patel,user9194@example.com,9876509194,Other,1984-03-28,Kolkata,60031
10197,Anjali,Mehta,user9196@example.com,9876509196,Other,1975-08-02,Chennai,58130
10198,Vijay,Kumar,user9197@example.com,9876509197,Other,2005-10-23,Pune,55840
10199,Sameer,Singh,user9198@example.com,9876509198,Male,1973-07-31,Kolkata,24672
10202,Anjali,Gupta,user9201@example.com,9876509201,Other,1982-11-04,Chennai,38809
10205,Neha,Gupta,user9204@example.com,9876509204,Female,2017-06-08,Kolkata,29521
10206,Amit,Mehta,user9205@example.com,9876509205,Female,1989-06-02,Chennai,61786
10208,Neha,Mehta,user9207@example.com,9876509207,Male,1997-05-24,Pune,56351
10209,Neha,Singh,user9208@example.com,9876509208,Male,1978-05-20,Hyderabad,94248
10212,Amit,Rao,user9211@example.com,9876509211,Male,1980-04-21,Pune,64517
10213,Arjun,Kumar,user9212@example.com,9876509212,Female,2004-01-24,Bangalore,65134
10214,Sameer,Gupta,user9213@example.com,9876509213,Male,1977-11-28,Hyderabad,74798
10215,Vijay,Patel,user9214@example.com,9876509214,Male,1997-02-22,Pune,104979
10217,Priya,Sharma,user9216@example.com,9876509216,Male,2017-10-31,Delhi,94769
10218,Rakesh,Singh,user9217@example.com,9876509217,Other,1987-10-18,Mumbai,41818
10219,Sameer,Sharma,user9218@example.com,9876509218,Other,1973-07-28,Hyderabad,54194
10222,Sameer,Patel,user9221@example.com,9876509221,Female,2004-05-26,Chennai,29169
10224,Rakesh,Joshi,user9223@example.com,9876509223,Male,1995-07-07,Bangalore,64994
10225,Anjali,Reddy,user9224@example.com,9876509224,Other,1998-03-29,Hyderabad,88559
10229,Anjali,Singh,user9228@example.com,9876509228,Male,2008-04-16,Chennai,61133
10231,Anjali,Reddy,user9230@example.com,9876509230,Other,2019-01-21,Ahmedabad,72692
10232,Priya,Patel,user9231@example.com,9876509231,Female,1974-01-02,Pune,76921
10234,Anjali,Rao,user9233@example.com,9876509233,Other,1975-02-09,Delhi,73325
10235,Sneha,Mehta,user9234@example.com,9876509234,Female,1980-12-23,Mumbai,72614
10236,Arjun,Reddy,user9235@example.com,9876509235,Female,2000-12-31,Ahmedabad,89662
10238,Rakesh,Kumar,user9237@example.com,9876509237,Other,invalid,Hyderabad,52036
10239,Kavya,Reddy,user9238@example.com,9876509238,Female,1978-09-13,Pune,79448
10242,Priya,Kumar,user9241@example.com,9876509241,Other,2008-04-17,Delhi,95150
10244,Vijay,Singh,user9243@example.com,9876509243,Other,1993-10-19,Ahmedabad,33225
10246,Anjali,Reddy,user9245@example.com,9876509245,Female,2050-01-01,Pune,53954
10247,Sneha,Gupta,user9246@example.com,9876509246,Female,1974-11-11,Bangalore,68987
10248,Anjali,Singh,user9247@example.com,9876509247,Other,1971-08-30,Hyderabad,90810
10250,Arjun,Joshi,user9249@example.com,9876509249,Male,1972-03-30,Pune,67778
10252,Sneha,Mehta,user9251@example.com,9876509251,Male,1972-02-23,Mumbai,61275
10253,Sameer,Sharma,user9252@example.com,9876509252,Other,2050-01-01,Delhi,41664
10254,Neha,Patel,user9253@example.com,9876509253,Male,1971-01-27,Delhi,74666
10255,Sameer,Mehta,user9254@example.com,9876509254,Other,1973-02-06,Pune,35994
10257,Vijay,Kumar,user9256@example.com,9876509256,Male,1982-03-04,Delhi,53658
10260,Sneha,Gupta,user9259@example.com,9876509259,Other,1998-06-11,Delhi,43518
10262,Kavya,Patel,user9261@example.com,9876509261,Female,1984-07-24,Bangalore,68840
10264,Kavya,Sharma,user9263@example.com,9876509263,Male,1987-02-12,Mumbai,28876
10266,Kavya,Gupta,user9265@example.com,9876509265,Male,2001-01-21,Delhi,80133
10267,Arjun,Mehta,user9266@example.com,9876509266,Female,1979-02-07,Bangalore,98276
10269,Amit,Patel,user9268@example.com,9876509268,Female,1983-10-13,Pune,36988
10270,Rakesh,Verma,user9269@example.com,9876509269,Other,1988-07-08,Mumbai,64742
10274,Priya,Joshi,user9273@example.com,9876509273,Male,2017-02-26,Bangalore,41553
10275,Arjun,Gupta,user9274@example.com,9876509274,Other,1982-11-01,Mumbai,86937
10278,Arjun,Gupta,user9277@example.com,9876509277,Other,2018-09-15,Bangalore,70236
10280,Priya,Mehta,user9279@example.com,9876509279,Male,2014-11-15,Pune,90805
10283,Neha,Verma,user9282@example.com,9876509282,Female,1977-10-13,Kolkata,43295
10284,Neha,Verma,user9283@example.com,9876509283,Female,1985-01-26,Chennai,92751
10285,Sameer,Mehta,user9284@example.com,9876509284,Male,1993-09-06,Hyderabad,65944
10287,Sneha,Sharma,user9286@example.com,9876509286,Female,1989-12-10,Pune,15855
10289,Vijay,Sharma,user9288@example.com,9876509288,Male,1975-05-28,Delhi,48151
10290,Arjun,Reddy,user9289@example.com,9876509289,Other,2010-08-12,Delhi,56136
10291,Amit,Rao,user9290@example.com,9876509290,Other,1990-09-27,Bangalore,60861
10292,Anjali,Joshi,user9291@example.com,9876509291,Female,1992-04-18,Pune,90926
10294,Amit,Gupta,user9293@example.com,9876509293,Female,2013-03-06,Hyderabad,109657
10296,Rakesh,Kumar,user9295@example.com,9876509295,Female,2015-07-07,Kolkata,77591
10297,Sameer,Singh,user9296@example.com,9876509296,Other,1978-01-31,Hyderabad,36966
10299,Neha,Mehta,user9298@example.com,9876509298,Other,2017-03-14,Chennai,33445
10302,Sameer,Singh,user9301@example.com,9876509301,Male,2000-02-18,Ahmedabad,103847
10303,Arjun,Singh,user9302@example.com,9876509302,Other,1997-08-04,Kolkata,72683
10304,Anjali,Mehta,user9303@example.com,9876509303,Other,2007-04-09,Ahmedabad,60879
10305,Sneha,Reddy,user9304@example.com,9876509304,Male,2000-06-29,Pune,55975
10311,Sameer,Singh,user9310@example.com,9876509310,Female,1977-05-17,Kolkata,41753
10312,Rakesh,Mehta,user9311@example.com,9876509311,Other,1975-05-26,Hyderabad,75419
10314,Arjun,Verma,user9313@example.com,9876509313,Female,1993-10-18,Kolkata,82332
10317,Anjali,Patel,user9316@example.com,9876509316,Other,1991-08-28,Delhi,24332
10320,Kavya,Joshi,user9319@example.com,9876509319,Male,1975-08-30,Chennai,78018
10323,Rakesh,Reddy,user9322@example.com,9876509322,Male,1995-07-05,Mumbai,68509
10324,Anjali,Rao,user9323@example.com,9876509323,Other,2015-08-30,Delhi,25794
10327,Sameer,Patel,user9326@example.com,9876509326,Other,1989-04-15,Chennai,76501
10332,Neha,Rao,user9331@example.com,9876509331,Male,1979-09-05,Kolkata,78783
10333,Anjali,Sharma,user9332@example.com,9876509332,Male,1975-08-16,Bangalore,53050
10335,Neha,Joshi,user9334@example.com,9876509334,Other,1997-03-09,Delhi,49855
10336,Arjun,Rao,user9335@example.com,9876509335,Other,1997-09-18,Chennai,76765
10337,Kavya,Mehta,user9336@example.com,9876509336,Other,1988-09-15,Chennai,64918
10338,Arjun,Mehta,user9337@example.com,9876509337,Female,1993-06-10,Bangalore,51855
10339,Priya,Patel,user9338@example.com,9876509338,Other,1980-03-28,Kolkata,91349
10340,Sameer,Kumar,user9339@example.com,9876509339,Male,1970-12-06,Pune,43940
10342,Rakesh,Gupta,user9341@example.com,9876509341,Other,2016-07-15,Hyderabad,15061
10343,Vijay,Verma,user9342@example.com,9876509342,Male,2017-11-17,Hyderabad,71456
10344,Amit,Gupta,user9343@example.com,9876509343,Female,1994-08-07,Bangalore,89445
10345,Neha,Sharma,user9344@example.com,9876509344,Male,1992-08-11,Chennai,62023
10347,Rakesh,Patel,user9346@example.com,9876509346,Male,1982-05-09,Mumbai,99119
10348,Rakesh,Sharma,user9347@example.com,9876509347,Female,1990-01-08,Bangalore,86147
10349,Anjali,Gupta,user9348@example.com,9876509348,Other,2005-02-25,Kolkata,20481
10350,Vijay,Joshi,user9349@example.com,9876509349,Female,invalid,Bangalore,54110
10352,Sameer,Joshi,user9351@example.com,9876509351,Other,1984-08-31,Ahmedabad,71247
10356,Amit,Patel,user9355@example.com,9876509355,Female,1978-05-10,Chennai,36216
10358,Arjun,Joshi,user9357@example.com,9876509357,Other,1998-11-29,Pune,81812
10359,Neha,Rao,user9358@example.com,9876509358,Female,1993-02-02,Chennai,44035
10363,Priya,Mehta,user9362@example.com,9876509362,Male,1991-05-18,Delhi,84202
10364,Arjun,Reddy,user9363@example.com,9876509363,Female,1989-12-29,Pune,88259
10366,Arjun,Mehta,user9365@example.com,9876509365,Other,1997-08-24,Mumbai,63708
10368,Arjun,Singh,user9367@example.com,9876509367,Female,1993-12-29,Kolkata,56628
10369,Amit,Rao,user9368@example.com,9876509368,Female,2010-05-11,Chennai,71596
10370,Sameer,Gupta,user9369@example.com,9876509369,Female,1979-12-21,Bangalore,87629
10371,Priya,Sharma,user9370@example.com,9876509370,Female,1971-10-19,Ahmedabad,84914
10373,Arjun,Reddy,user9372@example.com,9876509372,Male,invalid,Bangalore,54308
10374,Arjun,Joshi,user9373@example.com,9876509373,Other,2000-09-14,Kolkata,41954
10375,Rakesh,Joshi,user9374@example.com,9876509374,Other,1989-09-25,Chennai,30256
10377,Vijay,Mehta,user9376@example.com,9876509376,Female,1970-11-03,Mumbai,64983
10378,Arjun,Sharma,user9377@example.com,9876509377,Female,1994-05-11,Delhi,65168
10379,Neha,Singh,user9378@example.com,9876509378,Female,1994-04-14,Delhi,113922
10380,Anjali,Singh,user9379@example.com,9876509379,Male,2000-05-27,Bangalore,96745
10384,Sameer,Rao,user9383@example.com,9876509383,Male,1979-06-23,Delhi,77911
10385,Kavya,Mehta,user9384@example.com,9876509384,Female,1981-12-02,Kolkata,69580
10388,Arjun,Verma,user9387@example.com,9876509387,Other,1991-01-07,Ahmedabad,85845
10389,Sameer,Joshi,user9388@example.com,9876509388,Male,1982-06-11,Hyderabad,106353
10393,Arjun,Kumar,user9392@example.com,9876509392,Other,1977-04-09,Ahmedabad,69605
10394,Sneha,Reddy,user9393@example.com,9876509393,Female,1998-04-21,Chennai,98621
10395,Rakesh,Kumar,user9394@example.com,9876509394,Female,2004-11-27,Hyderabad,89568
10397,Sameer,Rao,user9396@example.com,9876509396,Male,1999-10-06,Chennai,56543
10398,Amit,Patel,user9397@example.com,9876509397,Female,1995-05-03,Hyderabad,34625
10399,Sneha,Joshi,user9398@example.com,9876509398,Female,1990-08-09,Kolkata,38896
10400,Priya,Kumar,user9399@example.com,9876509399,Other,2007-02-09,Pune,76673
10402,Kavya,Rao,user9401@example.com,9876509401,Other,1981-07-24,Bangalore,98195
10405,Amit,Rao,user9404@example.com,9876509404,Male,1973-10-14,Hyderabad,54183
10407,Rakesh,Singh,user9406@example.com,9876509406,Male,1981-05-30,Delhi,47041
10408,Arjun,Gupta,user9407@example.com,9876509407,Other,1985-03-08,Hyderabad,69326
10409,Sneha,Kumar,user9408@example.com,9876509408,Female,2012-08-29,Mumbai,37174
10410,Neha,Rao,user9409@example.com,9876509409,Male,2013-09-05,Bangalore,93954
10412,Kavya,Reddy,user9411@example.com,9876509411,Other,1999-08-19,Bangalore,51055
10414,Arjun,Sharma,user9413@example.com,9876509413,Female,2018-09-15,Kolkata,70276
10415,Vijay,Rao,user9414@example.com,9876509414,Other,1986-12-23,Hyderabad,48644
10416,Rakesh,Sharma,user9415@example.com,9876509415,Male,2010-06-01,Chennai,87930
10417,Priya,Patel,user9416@example.com,9876509416,Other,2006-06-20,Kolkata,74124
10418,Kavya,Patel,user9417@example.com,9876509417,Female,2012-09-07,Ahmedabad,90341
10422,Neha,Joshi,user9421@example.com,9876509421,Female,1993-01-10,Kolkata,98794
10423,Amit,Singh,user9422@example.com,9876509422,Other,1990-05-06,Hyderabad,46284
10424,Priya,Sharma,user9423@example.com,9876509423,Female,invalid,Hyderabad,74221
10425,Anjali,Verma,user9424@example.com,9876509424,Female,2008-01-20,Chennai,51748
10429,Neha,Patel,user9428@example.com,9876509428,Male,2005-07-24,Delhi,87412
10430,Rakesh,Patel,user9429@example.com,9876509429,Male,2015-01-21,Hyderabad,38113
10431,Amit,Reddy,user9430@example.com,9876509430,Other,1986-10-01,Ahmedabad,77045
10432,Sneha,Mehta,user9431@example.com,9876509431,Male,1983-10-22,Mumbai,57848
10434,Amit,Rao,user9433@example.com,9876509433,Female,2016-08-01,Delhi,72379
10437,Anjali,Gupta,user9436@example.com,9876509436,Male,1996-05-26,Ahmedabad,28251
10438,Arjun,Kumar,user9437@example.com,9876509437,Other,1976-12-15,Mumbai,82400
10439,Anjali,Sharma,user9438@example.com,9876509438,Other,1970-03-23,Delhi,102996
10440,Vijay,Sharma,user9439@example.com,9876509439,Female,2018-07-03,Mumbai,54130
10442,Sameer,Singh,user9441@example.com,9876509441,Male,1991-10-13,Bangalore,96448
10443,Anjali,Gupta,user9442@example.com,9876509442,Female,2013-08-06,Delhi,29111
10445,Anjali,Mehta,user9444@example.com,9876509444,Female,2050-01-01,Hyderabad,98474
10446,Sameer,Kumar,user9445@example.com,9876509445,Male,1996-01-16,Delhi,52403
10447,Sneha,Sharma,user9446@example.com,9876509446,Other,1971-08-03,Hyderabad,54160
10448,Kavya,Reddy,user9447@example.com,9876509447,Other,2004-06-18,Kolkata,91569
10449,Sameer,Gupta,user9448@example.com,9876509448,Other,1971-10-08,Ahmedabad,43175
10452,Kavya,Gupta,user9451@example.com,9876509451,Male,2013-08-11,Delhi,87706
10453,Sneha,Gupta,user9452@example.com,9876509452,Female,1999-08-20,Pune,62450
10454,Vijay,Sharma,user9453@example.com,9876509453,Other,1993-04-09,Pune,95715
10455,Kavya,Patel,user9454@example.com,9876509454,Female,1970-08-22,Hyderabad,57300
10457,Rakesh,Rao,user9456@example.com,9876509456,Female,invalid,Pune,34181
10460,Priya,Joshi,user9459@example.com,9876509459,Other,1984-01-09,Hyderabad,49978
10463,Amit,Patel,user9462@example.com,9876509462,Male,1981-09-17,Chennai,49505
10464,Neha,Kumar,user9463@example.com,9876509463,Male,1972-07-30,Mumbai,68126
10467,Rakesh,Gupta,user9466@example.com,9876509466,Other,1990-06-09,Chennai,83369
10468,Vijay,Joshi,user9467@example.com,9876509467,Female,2006-12-26,Chennai,57456
10470,Vijay,Rao,user9469@example.com,9876509469,Other,1974-03-26,Mumbai,66942
10473,Sameer,Verma,user9472@example.com,9876509472,Male,2002-05-17,Delhi,52159
10475,Anjali,Kumar,user9474@example.com,9876509474,Female,1981-09-28,Kolkata,45874
10477,Anjali,Kumar,user9476@example.com,9876509476,Male,1988-09-18,Ahmedabad,64388
10479,Arjun,Sharma,user9478@example.com,9876509478,Other,2050-01-01,Pune,64199
10480,Vijay,Joshi,user9479@example.com,9876509479,Female,2008-02-25,Ahmedabad,52822
10482,Neha,Patel,user9481@example.com,9876509481,Other,1984-02-22,Chennai,86612
10483,Neha,Mehta,user9482@example.com,9876509482,Male,1999-04-06,Kolkata,102643
10486,Sameer,Kumar,user9485@example.com,9876509485,Other,1993-10-21,Mumbai,40441
10487,Kavya,Rao,user9486@example.com,9876509486,Other,invalid,Ahmedabad,29813
10491,Sneha,Singh,user9490@example.com,9876509490,Male,1999-07-11,Hyderabad,78167
10495,Arjun,Reddy,user9494@example.com,9876509494,Male,1999-09-17,Mumbai,43787
10500,Sameer,Singh,user9499@example.com,9876509499,Female,1973-04-25,Delhi,91081
10502,Amit,Kumar,user9501@example.com,9876509501,Other,1999-11-14,Mumbai,57671
10503,Arjun,Rao,user9502@example.com,9876509502,Female,1988-09-07,Bangalore,53267
10506,Sneha,Gupta,user9505@example.com,9876509505,Male,2000-11-08,Ahmedabad,53448
10512,Neha,Singh,user9511@example.com,9876509511,Female,1988-08-21,Pune,32434
10514,Sneha,Singh,user9513@example.com,9876509513,Female,1970-06-19,Pune,52268
10515,Arjun,Sharma,user9514@example.com,9876509514,Male,2005-06-15,Pune,33042
10517,Neha,Patel,user9516@example.com,9876509516,Other,2006-02-20,Kolkata,66956
10518,Neha,Patel,user9517@example.com,9876509517,Female,2009-08-20,Pune,29429
10519,Arjun,Rao,user9518@example.com,9876509518,Male,1994-02-27,Delhi,62439
10520,Sameer,Sharma,user9519@example.com,9876509519,Male,1994-08-19,Delhi,64215
10524,Vijay,Gupta,user9523@example.com,9876509523,Other,2006-06-29,Hyderabad,71196
10527,Vijay,Gupta,user9526@example.com,9876509526,Female,1989-07-10,Mumbai,66203
10528,Sneha,Kumar,user9527@example.com,9876509527,Other,2011-05-10,Hyderabad,68628
10529,Kavya,Mehta,user9528@example.com,9876509528,Male,1980-08-05,Delhi,52794
10531,Arjun,Reddy,user9530@example.com,9876509530,Other,2003-10-08,Bangalore,63336
10532,Priya,Gupta,user9531@example.com,9876509531,Female,1999-06-01,Hyderabad,75079
10534,Amit,Singh,user9533@example.com,9876509533,Other,1979-03-11,Ahmedabad,58917
10535,Rakesh,Joshi,user9534@example.com,9876509534,Male,1990-08-06,Mumbai,71851
10538,Kavya,Rao,user9537@example.com,9876509537,Female,2003-02-13,Hyderabad,40376
10539,Arjun,Sharma,user9538@example.com,9876509538,Male,1988-05-06,Delhi,82625
10542,Sneha,Reddy,user9541@example.com,9876509541,Male,2014-07-02,Mumbai,84657
10544,Anjali,Rao,user9543@example.com,9876509543,Female,2012-01-23,Kolkata,67898
10546,Anjali,Gupta,user9545@example.com,9876509545,Male,2006-04-15,Delhi,80201
10547,Rakesh,Gupta,user9546@example.com,9876509546,Other,2003-05-13,Mumbai,26264
10548,Amit,Rao,user9547@example.com,9876509547,Male,1989-03-05,Hyderabad,47582
10553,Rakesh,Rao,user9552@example.com,9876509552,Male,1996-09-25,Pune,88496
10554,Arjun,Reddy,user9553@example.com,9876509553,Female,2050-01-01,Mumbai,77119
10555,Kavya,Patel,user9554@example.com,9876509554,Male,2016-03-28,Kolkata,89817
10557,Amit,Patel,user9556@example.com,9876509556,Other,2015-12-18,Ahmedabad,54925
10558,Priya,Reddy,user9557@example.com,9876509557,Other,1996-11-11,Pune,59792
10560,Amit,Sharma,user9559@example.com,9876509559,Other,2002-05-01,Pune,42548
10563,Priya,Rao,user9562@example.com,9876509562,Female,1970-05-20,Ahmedabad,81136
10564,Priya,Gupta,user9563@example.com,9876509563,Female,1982-10-28,Mumbai,40551
10566,Arjun,Verma,user9565@example.com,9876509565,Other,2000-07-18,Hyderabad,69297
10567,Rakesh,Singh,user9566@example.com,9876509566,Male,1983-11-11,Pune,69302
10568,Vijay,Sharma,user9567@example.com,9876509567,Female,1975-12-13,Pune,69877
10570,Sneha,Rao,user9569@example.com,9876509569,Male,1987-03-10,Kolkata,63724
10573,Sameer,Kumar,user9572@example.com,9876509572,Female,1977-05-21,Delhi,76033
10574,Sameer,Rao,user9573@example.com,9876509573,Male,1977-07-16,Mumbai,55949
10575,Arjun,Mehta,user9574@example.com,9876509574,Male,2010-10-21,Pune,92764
10577,Priya,Verma,user9576@example.com,9876509576,Male,1980-08-20,Chennai,50954
10578,Kavya,Singh,user9577@example.com,9876509577,Female,1989-11-11,Mumbai,61972
10583,Kavya,Reddy,user9582@example.com,9876509582,Other,2005-09-14,Kolkata,63783
10584,Amit,Joshi,user9583@example.com,9876509583,Other,1985-10-29,Chennai,63127
10585,Neha,Reddy,user9584@example.com,9876509584,Female,2012-01-02,Pune,56838
10587,Sneha,Patel,user9586@example.com,9876509586,Other,1976-04-20,Pune,60134
10588,Kavya,Verma,user9587@example.com,9876509587,Other,1987-01-16,Hyderabad,70290
10592,Amit,Reddy,user9591@example.com,9876509591,Other,1986-01-08,Pune,60393
10595,Amit,Sharma,user9594@example.com,9876509594,Female,2000-06-23,Mumbai,80545
10596,Priya,Joshi,user9595@example.com,9876509595,Other,1973-08-25,Chennai,74825
10597,Anjali,Gupta,user9596@example.com,9876509596,Male,2010-05-09,Bangalore,89198
10598,Vijay,Kumar,user9597@example.com,9876509597,Other,2001-04-26,Pune,66653
10599,Vijay,Verma,user9598@example.com,9876509598,Other,2013-11-22,Ahmedabad,93092
10600,Kavya,Patel,user9599@example.com,9876509599,Female,2010-02-21,Ahmedabad,85997
10602,Rakesh,Verma,user9601@example.com,9876509601,Male,1979-08-27,Chennai,80748
10603,Priya,Joshi,user9602@example.com,9876509602,Male,1974-12-02,Chennai,27869
10604,Arjun,Kumar,user9603@example.com,9876509603,Female,2007-08-29,Chennai,89044
10606,Priya,Reddy,user9605@example.com,9876509605,Male,1975-12-18,Bangalore,49459
10609,Vijay,Singh,user9608@example.com,9876509608,Female,1985-11-27,Chennai,89307
10611,Kavya,Gupta,user9610@example.com,9876509610,Male,1986-05-13,Delhi,57077
10612,Sneha,Rao,user9611@example.com,9876509611,Male,2009-04-04,Kolkata,61200
10617,Arjun,Rao,user9616@example.com,9876509616,Other,1977-12-30,Mumbai,80868
10623,Amit,Mehta,user9622@example.com,9876509622,Female,1979-05-04,Mumbai,76982
10624,Sneha,Verma,user9623@example.com,9876509623,Male,1971-07-17,Hyderabad,50800
10627,Arjun,Singh,user9626@example.com,9876509626,Male,2003-06-15,Hyderabad,64823
10628,Vijay,Rao,user9627@example.com,9876509627,Other,1991-05-07,Kolkata,66212
10630,Vijay,Verma,user9629@example.com,9876509629,Male,2015-10-20,Mumbai,60257
10633,Kavya,Mehta,user9632@example.com,9876509632,Other,1985-07-01,Ahmedabad,83262
10635,Rakesh,Mehta,user9634@example.com,9876509634,Other,2000-12-28,Kolkata,67589
10638,Sneha,Sharma,user9637@example.com,9876509637,Male,1976-03-12,Ahmedabad,79664
10639,Neha,Sharma,user9638@example.com,9876509638,Other,2016-11-21,Ahmedabad,39258
10640,Anjali,Rao,user9639@example.com,9876509639,Other,1999-02-22,Chennai,65044
10642,Arjun,Joshi,user9641@example.com,9876509641,Male,2000-01-04,Mumbai,63558
10643,Rakesh,Joshi,user9642@example.com,9876509642,Other,1990-01-26,Delhi,30586
10645,Amit,Mehta,user9644@example.com,9876509644,Other,1972-02-22,Bangalore,47629
10647,Sameer,Singh,user9646@example.com,9876509646,Male,1994-01-13,Hyderabad,47699
10648,Sameer,Reddy,user9647@example.com,9876509647,Female,2006-08-14,Ahmedabad,77562
10652,Sneha,Kumar,user9651@example.com,9876509651,Male,2003-11-16,Delhi,59352
10653,Sameer,Mehta,user9652@example.com,9876509652,Other,2007-05-13,Ahmedabad,57038
10654,Amit,Gupta,user9653@example.com,9876509653,Other,1976-10-24,Hyderabad,45333
10656,Arjun,Verma,user9655@example.com,9876509655,Male,2014-11-09,Hyderabad,71239
10657,Priya,Sharma,user9656@example.com,9876509656,Female,1990-04-02,Delhi,41181
10659,Arjun,Sharma,user9658@example.com,9876509658,Other,1983-01-22,Hyderabad,54498
10664,Neha,Sharma,user9663@example.com,9876509663,Male,2000-10-08,Ahmedabad,70590
10665,Arjun,Patel,user9664@example.com,9876509664,Other,1970-07-23,Pune,54802
10666,Vijay,Kumar,user9665@example.com,9876509665,Other,1991-08-14,Ahmedabad,72358
10668,Anjali,Singh,user9667@example.com,9876509667,Female,2008-06-16,Pune,57998
10669,Neha,Patel,user9668@example.com,9876509668,Other,2050-01-01,Kolkata,11637
10672,Arjun,Gupta,user9671@example.com,9876509671,Other,1977-04-17,Ahmedabad,71263
10673,Rakesh,Sharma,user9672@example.com,9876509672,Male,1993-08-11,Kolkata,93281
10679,Neha,Rao,user9678@example.com,9876509678,Other,1986-12-09,Ahmedabad,65322
10680,Sameer,Sharma,user9679@example.com,9876509679,Male,2004-01-02,Mumbai,74539
10683,Sameer,Sharma,user9682@example.com,9876509682,Male,1980-04-29,Delhi,60703
10684,Vijay,Rao,user9683@example.com,9876509683,Other,2011-12-03,Chennai,65286
10685,Rakesh,Kumar,user9684@example.com,9876509684,Female,1985-03-01,Kolkata,90720
10687,Priya,Sharma,user9686@example.com,9876509686,Female,1978-12-02,Chennai,14089
10689,Rakesh,Verma,user9688@example.com,9876509688,Other,2007-09-19,Hyderabad,65169
10690,Amit,Patel,user9689@example.com,9876509689,Other,2007-08-18,Hyderabad,94716
10692,Anjali,Sharma,user9691@example.com,9876509691,Other,2013-12-05,Delhi,74712
10693,Kavya,Mehta,user9692@example.com,9876509692,Male,2010-06-12,Ahmedabad,57804
10694,Sameer,Reddy,user9693@example.com,9876509693,Male,1991-08-19,Bangalore,83962
10696,Sameer,Rao,user9695@example.com,9876509695,Male,2001-07-02,Bangalore,59707
10698,Sneha,Sharma,user9697@example.com,9876509697,Male,2003-08-15,Mumbai,49111
10699,Priya,Mehta,user9698@example.com,9876509698,Male,1971-10-20,Hyderabad,63908
10700,Kavya,Kumar,user9699@example.com,9876509699,Male,2000-07-19,Ahmedabad,65996
10702,Priya,Kumar,user9701@example.com,9876509701,Other,2004-07-17,Pune,43214
10704,Arjun,Sharma,user9703@example.com,9876509703,Male,2008-04-28,Mumbai,74893
10705,Amit,Verma,user9704@example.com,9876509704,Male,1982-06-02,Pune,79884
10708,Priya,Verma,user9707@example.com,9876509707,Other,2002-05-11,Delhi,66877
10710,Sneha,Sharma,user9709@example.com,9876509709,Other,1980-01-18,Ahmedabad,69031
10711,Vijay,Sharma,user9710@example.com,9876509710,Female,2009-02-12,Mumbai,41389
10712,Anjali,Sharma,user9711@example.com,9876509711,Other,1972-07-26,Delhi,42520
10714,Priya,Mehta,user9713@example.com,9876509713,Other,1982-10-15,Bangalore,31820
10715,Rakesh,Rao,user9714@example.com,9876509714,Female,1990-04-27,Kolkata,80847
10716,Rakesh,Joshi,user9715@example.com,9876509715,Female,2013-04-19,Hyderabad,46442
10717,Anjali,Reddy,user9716@example.com,9876509716,Male,2005-06-19,Pune,41876
10718,Sameer,Rao,user9717@example.com,9876509717,Female,1974-02-25,Ahmedabad,98758
10727,Vijay,Patel,user9726@example.com,9876509726,Female,1992-09-15,Delhi,24554
10732,Anjali,Rao,user9731@example.com,9876509731,Female,2014-12-24,Chennai,27912
10734,Neha,Singh,user9733@example.com,9876509733,Other,1976-12-18,Bangalore,82249
10737,Neha,Rao,user9736@example.com,9876509736,Other,2012-02-13,Kolkata,93636
10742,Priya,Reddy,user9741@example.com,9876509741,Female,2004-07-30,Delhi,52457
10749,Amit,Reddy,user9748@example.com,9876509748,Male,1991-02-21,Bangalore,65881
10750,Vijay,Sharma,user9749@example.com,9876509749,Female,1992-06-03,Hyderabad,67120
10752,Arjun,Gupta,user9751@example.com,9876509751,Other,2007-02-22,Chennai,73259
10753,Kavya,Joshi,user9752@example.com,9876509752,Female,1975-12-19,Pune,42754
10754,Priya,Gupta,user9753@example.com,9876509753,Male,1972-04-18,Hyderabad,71130
10755,Amit,Sharma,user9754@example.com,9876509754,Female,2007-06-24,Bangalore,34633
10756,Sameer,Patel,user9755@example.com,9876509755,Male,1996-09-08,Delhi,41121
10757,Vijay,Patel,user9756@example.com,9876509756,Male,1996-05-09,Pune,50650
10759,Priya,Patel,user9758@example.com,9876509758,Female,2011-01-04,Chennai,69716
10760,Priya,Joshi,user9759@example.com,9876509759,Other,1990-02-03,Pune,47986
10763,Anjali,Patel,user9762@example.com,9876509762,Female,1972-08-05,Hyderabad,66334
10765,Amit,Kumar,user9764@example.com,9876509764,Male,2001-01-01,Ahmedabad,72281
10767,Sameer,Reddy,user9766@example.com,9876509766,Male,1977-03-12,Mumbai,86418
10768,Rakesh,Sharma,user9767@example.com,9876509767,Male,2014-06-11,Kolkata,76520
10769,Amit,Mehta,user9768@example.com,9876509768,Other,2015-04-19,Kolkata,59332
10771,Anjali,Kumar,user9770@example.com,9876509770,Other,2002-09-06,Hyderabad,60205
10773,Priya,Singh,user9772@example.com,9876509772,Male,1992-12-07,Hyderabad,73625
10775,Neha,Verma,user9774@example.com,9876509774,Other,2001-06-14,Hyderabad,66383
10777,Sneha,Kumar,user9776@example.com,9876509776,Other,2016-11-11,Bangalore,102582
10779,Amit,Reddy,user9778@example.com,9876509778,Female,1971-08-01,Ahmedabad,69386
10780,Sameer,Reddy,user9779@example.com,9876509779,Other,1993-06-18,Ahmedabad,106227
10785,Arjun,Gupta,user9784@example.com,9876509784,Other,2003-10-15,Mumbai,60190
10786,Neha,Patel,user9785@example.com,9876509785,Other,1999-08-24,Pune,66678
10788,Sameer,Joshi,user9787@example.com,9876509787,Other,2018-09-23,Ahmedabad,60879
10790,Vijay,Kumar,user9789@example.com,9876509789,Male,1984-05-03,Kolkata,66289
10794,Amit,Singh,user9793@example.com,9876509793,Male,1985-10-29,Pune,42271
10797,Arjun,Singh,user9796@example.com,9876509796,Other,1987-03-25,Chennai,50149
10800,Vijay,Patel,user9799@example.com,9876509799,Male,2002-11-03,Delhi,65118
10802,Rakesh,Singh,user9801@example.com,9876509801,Other,1976-01-27,Ahmedabad,56520
10804,Kavya,Rao,user9803@example.com,9876509803,Male,2015-01-01,Hyderabad,92948
10808,Amit,Gupta,user9807@example.com,9876509807,Male,1998-02-18,Chennai,70128
10809,Arjun,Patel,user9808@example.com,9876509808,Male,2012-01-12,Ahmedabad,76968
10810,Sameer,Sharma,user9809@example.com,9876509809,Other,2014-09-02,Kolkata,58415
10813,Vijay,Mehta,user9812@example.com,9876509812,Other,2006-02-18,Mumbai,56028
10814,Sneha,Verma,user9813@example.com,9876509813,Other,1992-12-08,Kolkata,77527
10819,Kavya,Kumar,user9818@example.com,9876509818,Male,1996-04-18,Delhi,79971
10820,Arjun,Kumar,user9819@example.com,9876509819,Female,2011-10-14,Hyderabad,63622
10822,Amit,Singh,user9821@example.com,9876509821,Female,1990-10-19,Chennai,72793
10823,Amit,Gupta,user9822@example.com,9876509822,Other,1982-06-04,Pune,71393
10824,Anjali,Kumar,user9823@example.com,9876509823,Other,2008-02-23,Chennai,76423
10829,Vijay,Mehta,user9828@example.com,9876509828,Female,1982-02-13,Ahmedabad,59179
10830,Neha,Mehta,user9829@example.com,9876509829,Other,1973-09-20,Ahmedabad,69635
10831,Vijay,Kumar,user9830@example.com,9876509830,Female,2006-10-02,Delhi,36152
10833,Kavya,Kumar,user9832@example.com,9876509832,Female,2007-07-31,Hyderabad,26837
10834,Neha,Mehta,user9833@example.com,9876509833,Female,2018-02-14,Pune,55641
10836,Priya,Patel,user9835@example.com,9876509835,Female,1987-02-28,Chennai,76389
10837,Rakesh,Gupta,user9836@example.com,9876509836,Female,1983-04-19,Hyderabad,63815
10838,Arjun,Rao,user9837@example.com,9876509837,Female,2012-03-20,Hyderabad,70719
10839,Sameer,Sharma,user9838@example.com,9876509838,Male,2017-09-17,Kolkata,31281
10840,Rakesh,Kumar,user9839@example.com,9876509839,Other,1993-01-17,Kolkata,68118
10842,Arjun,Singh,user9841@example.com,9876509841,Female,1988-06-30,Mumbai,74276
10846,Sameer,Sharma,user9845@example.com,9876509845,Other,2050-01-01,Bangalore,76390
10848,Sneha,Verma,user9847@example.com,9876509847,Female,1982-12-10,Chennai,49275
10849,Sameer,Singh,user9848@example.com,9876509848,Other,2014-08-04,Pune,57752
10852,Amit,Joshi,user9851@example.com,9876509851,Other,1971-02-09,Mumbai,46748
10853,Neha,Reddy,user9852@example.com,9876509852,Other,1991-05-22,Hyderabad,70192
10857,Amit,Sharma,user9856@example.com,9876509856,Female,1994-09-04,Delhi,58477
10858,Sneha,Singh,user9857@example.com,9876509857,Female,1989-04-01,Bangalore,103551
10859,Sameer,Verma,user9858@example.com,9876509858,Other,2002-06-28,Delhi,59637
10862,Anjali,Singh,user9861@example.com,9876509861,Male,1986-12-29,Kolkata,67567
10863,Amit,Patel,user9862@example.com,9876509862,Male,1978-11-07,Ahmedabad,38984
10864,Sneha,Joshi,user9863@example.com,9876509863,Other,2012-10-04,Hyderabad,84590
10865,Vijay,Verma,user9864@example.com,9876509864,Other,2019-02-08,Ahmedabad,57045
10869,Sneha,Patel,user9868@example.com,9876509868,Other,1995-04-05,Ahmedabad,66346
10872,Anjali,Mehta,user9871@example.com,9876509871,Other,1974-07-17,Delhi,76166
10873,Kavya,Reddy,user9872@example.com,9876509872,Male,2006-06-16,Kolkata,83480
10875,Neha,Rao,user9874@example.com,9876509874,Female,1988-03-22,Delhi,78188
10882,Sneha,Patel,user9881@example.com,9876509881,Female,1994-09-18,Mumbai,68680
10883,Sameer,Reddy,user9882@example.com,9876509882,Other,1973-04-05,Bangalore,64848
10884,Arjun,Verma,user9883@example.com,9876509883,Male,1982-07-01,Pune,64469
10885,Kavya,Gupta,user9884@example.com,9876509884,Male,1993-10-11,Kolkata,84356
10888,Priya,Gupta,user9887@example.com,9876509887,Female,1992-07-27,Pune,68461
10890,Vijay,Patel,user9889@example.com,9876509889,Male,1979-12-26,Kolkata,31901
10891,Neha,Reddy,user9890@example.com,9876509890,Female,2007-11-15,Chennai,53455
10892,Priya,Sharma,user9891@example.com,9876509891,Male,2001-09-21,Kolkata,83327
10895,Anjali,Joshi,user9894@example.com,9876509894,Female,1984-11-01,Delhi,86192
10896,Arjun,Kumar,user9895@example.com,9876509895,Other,1982-01-04,Pune,107406
10898,Sameer,Singh,user9897@example.com,9876509897,Female,1973-10-21,Hyderabad,85017
10900,Sameer,Reddy,user9899@example.com,9876509899,Male,2010-02-17,Hyderabad,82096
10905,Amit,Sharma,user9904@example.com,9876509904,Male,2018-06-22,Chennai,55496
10906,Sameer,Reddy,user9905@example.com,9876509905,Female,2014-08-22,Mumbai,61220
10908,Priya,Reddy,user9907@example.com,9876509907,Male,1982-03-04,Hyderabad,74074
10912,Vijay,Mehta,user9911@example.com,9876509911,Other,1993-07-11,Mumbai,71861
10913,Rakesh,Patel,user9912@example.com,9876509912,Other,invalid,Mumbai,51215
10915,Sameer,Singh,user9914@example.com,9876509914,Female,1985-04-26,Kolkata,88010
10918,Sameer,Mehta,user9917@example.com,9876509917,Other,2018-09-28,Mumbai,34751
10920,Amit,Mehta,user9919@example.com,9876509919,Other,1997-12-15,Hyderabad,62496
10923,Sameer,Patel,user9922@example.com,9876509922,Female,1994-08-28,Hyderabad,91687
10924,Sneha,Sharma,user9923@example.com,9876509923,Other,2012-12-31,Hyderabad,52576
10925,Vijay,Verma,user9924@example.com,9876509924,Other,1978-09-05,Hyderabad,79115
10930,Sameer,Rao,user9929@example.com,9876509929,Other,2013-04-06,Mumbai,44845
10932,Amit,Gupta,user9931@example.com,9876509931,Other,2014-05-22,Bangalore,78929
10933,Arjun,Reddy,user9932@example.com,9876509932,Other,1972-05-05,Bangalore,64772
10934,Arjun,Reddy,user9933@example.com,9876509933,Male,1995-08-16,Ahmedabad,51929
10935,Vijay,Rao,user9934@example.com,9876509934,Other,1981-01-21,Bangalore,73101
10936,Anjali,Joshi,user9935@example.com,9876509935,Other,1997-10-30,Kolkata,84010
10938,Neha,Rao,user9937@example.com,9876509937,Other,2001-08-26,Ahmedabad,56410
10939,Priya,Joshi,user9938@example.com,9876509938,Other,1972-01-04,Kolkata,39796
10942,Priya,Rao,user9941@example.com,9876509941,Other,2005-01-26,Bangalore,93599
10944,Amit,Mehta,user9943@example.com,9876509943,Male,2007-06-22,Bangalore,36977
10947,Neha,Joshi,user9946@example.com,9876509946,Female,1982-12-01,Delhi,81442
10948,Sameer,Singh,user9947@example.com,9876509947,Female,1983-04-17,Mumbai,44325
10949,Arjun,Joshi,user9948@example.com,9876509948,Male,1975-02-02,Bangalore,104533
10950,Kavya,Verma,user9949@example.com,9876509949,Female,1998-09-14,Hyderabad,43353
10952,Sneha,Joshi,user9951@example.com,9876509951,Female,1976-11-18,Chennai,75061
10953,Arjun,Gupta,user9952@example.com,9876509952,Female,2012-09-01,Delhi,63411
10955,Neha,Patel,user9954@example.com,9876509954,Female,1979-08-17,Hyderabad,65270
10956,Rakesh,Kumar,user9955@example.com,9876509955,Male,1999-06-30,Ahmedabad,85508
10957,Amit,Singh,user9956@example.com,9876509956,Other,2010-02-09,Ahmedabad,103460
10958,Sneha,Singh,user9957@example.com,9876509957,Other,1975-12-08,Pune,71070
10959,Priya,Sharma,user9958@example.com,9876509958,Other,1981-08-02,Pune,52427
10960,Arjun,Joshi,user9959@example.com,9876509959,Male,1990-08-05,Chennai,67102
10962,Sameer,Kumar,user9961@example.com,9876509961,Other,2050-01-01,Pune,81243
10963,Priya,Sharma,user9962@example.com,9876509962,Female,1992-08-21,Ahmedabad,91790
10964,Sneha,Verma,user9963@example.com,9876509963,Other,1990-11-03,Mumbai,81612
10966,Anjali,Joshi,user9965@example.com,9876509965,Male,2016-06-05,Pune,65936
10969,Vijay,Verma,user9968@example.com,9876509968,Male,2009-09-10,Mumbai,76380
10970,Arjun,Gupta,user9969@example.com,9876509969,Other,1986-07-21,Delhi,74573
10973,Sneha,Singh,user9972@example.com,9876509972,Other,1997-05-11,Mumbai,76893
10978,Neha,Patel,user9977@example.com,9876509977,Other,2009-07-24,Hyderabad,77568
10979,Sameer,Mehta,user9978@example.com,9876509978,Female,1999-09-10,Delhi,63370
10980,Amit,Gupta,user9979@example.com,9876509979,Female,2050-01-01,Hyderabad,84545
10985,Priya,Joshi,user9984@example.com,9876509984,Other,1980-05-22,Bangalore,55728
10990,Neha,Patel,user9989@example.com,9876509989,Female,1982-03-09,Ahmedabad,99339
10993,Amit,Reddy,user9992@example.com,9876509992,Male,1986-08-14,Bangalore,59277
10995,Rakesh,Rao,user9994@example.com,9876509994,Other,2006-05-25,Bangalore,18256
10996,Amit,Kumar,user9995@example.com,9876509995,Female,1970-10-06,Delhi,14329
10997,Anjali,Kumar,user9996@example.com,9876509996,Male,1977-02-04,Chennai,50546
10998,Sameer,Rao,user9997@example.com,9876509997,Female,1970-12-21,Mumbai,71957
10999,Anjali,Kumar,user9998@example.com,9876509998,Other,2012-12-04,Kolkata,43710
11000,Rakesh,Kumar,user9999@example.com,9876509999,Male,1983-06-01,Chennai,40859
