count,mean,std,min,25%,50%,75%,max,column_name
1500.0,226082.074,418333.7573350995,-50.0,100.0,100.0,250.0,999999.0,UNITSCONSUMED
1500.0,2740435.726,4461308.779646173,-200.0,325.0,1500.0,9999999.0,9999999.0,BILLAMOUNT
