count,mean,std,min,25%,50%,75%,max,column_name
20.0,1010.5,5.916079783099616,1001.0,1005.75,1010.5,1015.25,1020.0,CUSTOMER_ID
20.0,36.85,21.726227177501876,5.0,28.75,32.0,38.75,120.0,AGE
19.0,117157.8947368421,214534.96559299677,10000.0,61000.0,70000.0,81000.0,1000000.0,SALARY
20.0,-9.209027260854776e+17,2.8393845944816737e+18,-9.223372036854776e+18,1525629600000000.0,1591185600000000.0,1630281600000000.0,1676851200000000.0,JOIN_DATE
